AÑO,MES,DEPARTAMENTO,SEXO,RANGO DE EDADES,TOTAL EMITIDOS
2022,ENERO,ALEMANIA,FEMENINO,18 a 25,2
2022,ENERO,ALEMANIA,FEMENINO,26 a 35,1
2022,ENERO,ALEMANIA,FEMENINO,36 a 45,9
2022,ENERO,ALEMANIA,FEMENINO,46 a 55,2
2022,ENERO,ALEMANIA,FEMENINO,56 a mas,4
2022,ENERO,ALEMANIA,MASCULINO,18 a 25,1
2022,ENERO,ALEMANIA,MASCULINO,26 a 35,6
2022,ENERO,ALEMANIA,MASCULINO,36 a 45,1
2022,ENERO,ALEMANIA,MASCULINO,46 a 55,2
2022,ENERO,AMAZONAS,FEMENINO,18 a 25,167
2022,ENERO,AMAZONAS,FEMENINO,26 a 35,149
2022,ENERO,AMAZONAS,FEMENINO,36 a 45,53
2022,ENERO,AMAZONAS,FEMENINO,46 a 55,56
2022,ENERO,AMAZONAS,FEMENINO,56 a mas,44
2022,ENERO,AMAZONAS,MASCULINO,18 a 25,334
2022,ENERO,AMAZONAS,MASCULINO,26 a 35,295
2022,ENERO,AMAZONAS,MASCULINO,36 a 45,212
2022,ENERO,AMAZONAS,MASCULINO,46 a 55,97
2022,ENERO,AMAZONAS,MASCULINO,56 a mas,82
2022,ENERO,ANCASH,FEMENINO,18 a 25,548
2022,ENERO,ANCASH,FEMENINO,26 a 35,711
2022,ENERO,ANCASH,FEMENINO,36 a 45,455
2022,ENERO,ANCASH,FEMENINO,46 a 55,328
2022,ENERO,ANCASH,FEMENINO,56 a mas,395
2022,ENERO,ANCASH,MASCULINO,18 a 25,768
2022,ENERO,ANCASH,MASCULINO,26 a 35,1079
2022,ENERO,ANCASH,MASCULINO,36 a 45,713
2022,ENERO,ANCASH,MASCULINO,46 a 55,496
2022,ENERO,ANCASH,MASCULINO,56 a mas,477
2022,ENERO,ANTILLAS HOLANDESAS,MASCULINO,36 a 45,1
2022,ENERO,ANTILLAS HOLANDESAS,MASCULINO,46 a 55,1
2022,ENERO,APURIMAC,FEMENINO,18 a 25,201
2022,ENERO,APURIMAC,FEMENINO,26 a 35,179
2022,ENERO,APURIMAC,FEMENINO,36 a 45,120
2022,ENERO,APURIMAC,FEMENINO,46 a 55,80
2022,ENERO,APURIMAC,FEMENINO,56 a mas,88
2022,ENERO,APURIMAC,MASCULINO,18 a 25,380
2022,ENERO,APURIMAC,MASCULINO,26 a 35,421
2022,ENERO,APURIMAC,MASCULINO,36 a 45,236
2022,ENERO,APURIMAC,MASCULINO,46 a 55,137
2022,ENERO,APURIMAC,MASCULINO,56 a mas,121
2022,ENERO,AREQUIPA,FEMENINO,18 a 25,611
2022,ENERO,AREQUIPA,FEMENINO,26 a 35,835
2022,ENERO,AREQUIPA,FEMENINO,36 a 45,530
2022,ENERO,AREQUIPA,FEMENINO,46 a 55,354
2022,ENERO,AREQUIPA,FEMENINO,56 a mas,345
2022,ENERO,AREQUIPA,MASCULINO,18 a 25,892
2022,ENERO,AREQUIPA,MASCULINO,26 a 35,1452
2022,ENERO,AREQUIPA,MASCULINO,36 a 45,930
2022,ENERO,AREQUIPA,MASCULINO,46 a 55,555
2022,ENERO,AREQUIPA,MASCULINO,56 a mas,441
2022,ENERO,ARGENTINA,FEMENINO,18 a 25,4
2022,ENERO,ARGENTINA,FEMENINO,26 a 35,22
2022,ENERO,ARGENTINA,FEMENINO,36 a 45,20
2022,ENERO,ARGENTINA,FEMENINO,46 a 55,27
2022,ENERO,ARGENTINA,FEMENINO,56 a mas,32
2022,ENERO,ARGENTINA,MASCULINO,18 a 25,13
2022,ENERO,ARGENTINA,MASCULINO,26 a 35,24
2022,ENERO,ARGENTINA,MASCULINO,36 a 45,20
2022,ENERO,ARGENTINA,MASCULINO,46 a 55,13
2022,ENERO,ARGENTINA,MASCULINO,56 a mas,12
2022,ENERO,AUSTRALIA,FEMENINO,46 a 55,1
2022,ENERO,AUSTRALIA,MASCULINO,36 a 45,1
2022,ENERO,AUSTRIA,FEMENINO,36 a 45,1
2022,ENERO,AUSTRIA,FEMENINO,46 a 55,1
2022,ENERO,AUSTRIA,MASCULINO,36 a 45,2
2022,ENERO,AYACUCHO,FEMENINO,18 a 25,416
2022,ENERO,AYACUCHO,FEMENINO,26 a 35,372
2022,ENERO,AYACUCHO,FEMENINO,36 a 45,246
2022,ENERO,AYACUCHO,FEMENINO,46 a 55,143
2022,ENERO,AYACUCHO,FEMENINO,56 a mas,142
2022,ENERO,AYACUCHO,MASCULINO,18 a 25,703
2022,ENERO,AYACUCHO,MASCULINO,26 a 35,705
2022,ENERO,AYACUCHO,MASCULINO,36 a 45,394
2022,ENERO,AYACUCHO,MASCULINO,46 a 55,258
2022,ENERO,AYACUCHO,MASCULINO,56 a mas,179
2022,ENERO,BELGICA,FEMENINO,56 a mas,3
2022,ENERO,BELGICA,MASCULINO,46 a 55,1
2022,ENERO,BOLIVIA,FEMENINO,26 a 35,1
2022,ENERO,BOLIVIA,MASCULINO,18 a 25,1
2022,ENERO,BOLIVIA,MASCULINO,26 a 35,1
2022,ENERO,BOLIVIA,MASCULINO,46 a 55,1
2022,ENERO,BRASIL,FEMENINO,18 a 25,1
2022,ENERO,BRASIL,FEMENINO,26 a 35,3
2022,ENERO,BRASIL,FEMENINO,36 a 45,4
2022,ENERO,BRASIL,FEMENINO,46 a 55,2
2022,ENERO,BRASIL,MASCULINO,18 a 25,1
2022,ENERO,BRASIL,MASCULINO,26 a 35,10
2022,ENERO,BRASIL,MASCULINO,36 a 45,12
2022,ENERO,BRASIL,MASCULINO,46 a 55,8
2022,ENERO,BRASIL,MASCULINO,56 a mas,3
2022,ENERO,CAJAMARCA,FEMENINO,18 a 25,582
2022,ENERO,CAJAMARCA,FEMENINO,26 a 35,494
2022,ENERO,CAJAMARCA,FEMENINO,36 a 45,295
2022,ENERO,CAJAMARCA,FEMENINO,46 a 55,202
2022,ENERO,CAJAMARCA,FEMENINO,56 a mas,210
2022,ENERO,CAJAMARCA,MASCULINO,18 a 25,818
2022,ENERO,CAJAMARCA,MASCULINO,26 a 35,937
2022,ENERO,CAJAMARCA,MASCULINO,36 a 45,521
2022,ENERO,CAJAMARCA,MASCULINO,46 a 55,338
2022,ENERO,CAJAMARCA,MASCULINO,56 a mas,272
2022,ENERO,CALLAO,FEMENINO,18 a 25,835
2022,ENERO,CALLAO,FEMENINO,26 a 35,972
2022,ENERO,CALLAO,FEMENINO,36 a 45,579
2022,ENERO,CALLAO,FEMENINO,46 a 55,416
2022,ENERO,CALLAO,FEMENINO,56 a mas,374
2022,ENERO,CALLAO,MASCULINO,18 a 25,1082
2022,ENERO,CALLAO,MASCULINO,26 a 35,1399
2022,ENERO,CALLAO,MASCULINO,36 a 45,941
2022,ENERO,CALLAO,MASCULINO,46 a 55,531
2022,ENERO,CALLAO,MASCULINO,56 a mas,458
2022,ENERO,CANADA,FEMENINO,26 a 35,4
2022,ENERO,CANADA,FEMENINO,36 a 45,7
2022,ENERO,CANADA,FEMENINO,46 a 55,5
2022,ENERO,CANADA,FEMENINO,56 a mas,6
2022,ENERO,CANADA,MASCULINO,26 a 35,1
2022,ENERO,CANADA,MASCULINO,36 a 45,8
2022,ENERO,CANADA,MASCULINO,56 a mas,6
2022,ENERO,CHILE,FEMENINO,18 a 25,6
2022,ENERO,CHILE,FEMENINO,26 a 35,21
2022,ENERO,CHILE,FEMENINO,36 a 45,38
2022,ENERO,CHILE,FEMENINO,46 a 55,30
2022,ENERO,CHILE,FEMENINO,56 a mas,24
2022,ENERO,CHILE,MASCULINO,18 a 25,13
2022,ENERO,CHILE,MASCULINO,26 a 35,65
2022,ENERO,CHILE,MASCULINO,36 a 45,43
2022,ENERO,CHILE,MASCULINO,46 a 55,26
2022,ENERO,CHILE,MASCULINO,56 a mas,7
2022,ENERO,COLOMBIA,FEMENINO,36 a 45,1
2022,ENERO,COLOMBIA,FEMENINO,46 a 55,1
2022,ENERO,COSTA RICA,FEMENINO,46 a 55,1
2022,ENERO,COSTA RICA,MASCULINO,56 a mas,1
2022,ENERO,CUBA,MASCULINO,26 a 35,1
2022,ENERO,CUSCO,FEMENINO,18 a 25,958
2022,ENERO,CUSCO,FEMENINO,26 a 35,1137
2022,ENERO,CUSCO,FEMENINO,36 a 45,702
2022,ENERO,CUSCO,FEMENINO,46 a 55,511
2022,ENERO,CUSCO,FEMENINO,56 a mas,484
2022,ENERO,CUSCO,MASCULINO,18 a 25,1469
2022,ENERO,CUSCO,MASCULINO,26 a 35,1872
2022,ENERO,CUSCO,MASCULINO,36 a 45,1142
2022,ENERO,CUSCO,MASCULINO,46 a 55,720
2022,ENERO,CUSCO,MASCULINO,56 a mas,584
2022,ENERO,DINAMARCA,FEMENINO,36 a 45,1
2022,ENERO,ECUADOR,FEMENINO,26 a 35,1
2022,ENERO,ECUADOR,FEMENINO,36 a 45,1
2022,ENERO,ECUADOR,FEMENINO,56 a mas,2
2022,ENERO,ECUADOR,MASCULINO,18 a 25,1
2022,ENERO,ECUADOR,MASCULINO,26 a 35,1
2022,ENERO,ECUADOR,MASCULINO,36 a 45,2
2022,ENERO,ECUADOR,MASCULINO,46 a 55,1
2022,ENERO,EL SALVADOR,MASCULINO,46 a 55,1
2022,ENERO,EMIRATOS ARABES UNIDOS,MASCULINO,36 a 45,2
2022,ENERO,ESPAÑA,FEMENINO,18 a 25,3
2022,ENERO,ESPAÑA,FEMENINO,26 a 35,27
2022,ENERO,ESPAÑA,FEMENINO,36 a 45,32
2022,ENERO,ESPAÑA,FEMENINO,46 a 55,32
2022,ENERO,ESPAÑA,FEMENINO,56 a mas,28
2022,ENERO,ESPAÑA,MASCULINO,18 a 25,8
2022,ENERO,ESPAÑA,MASCULINO,26 a 35,17
2022,ENERO,ESPAÑA,MASCULINO,36 a 45,37
2022,ENERO,ESPAÑA,MASCULINO,46 a 55,39
2022,ENERO,ESPAÑA,MASCULINO,56 a mas,25
2022,ENERO,ESTADOS UNIDOS DE AMERICA,FEMENINO,18 a 25,5
2022,ENERO,ESTADOS UNIDOS DE AMERICA,FEMENINO,26 a 35,26
2022,ENERO,ESTADOS UNIDOS DE AMERICA,FEMENINO,36 a 45,52
2022,ENERO,ESTADOS UNIDOS DE AMERICA,FEMENINO,46 a 55,63
2022,ENERO,ESTADOS UNIDOS DE AMERICA,FEMENINO,56 a mas,97
2022,ENERO,ESTADOS UNIDOS DE AMERICA,MASCULINO,18 a 25,10
2022,ENERO,ESTADOS UNIDOS DE AMERICA,MASCULINO,26 a 35,26
2022,ENERO,ESTADOS UNIDOS DE AMERICA,MASCULINO,36 a 45,38
2022,ENERO,ESTADOS UNIDOS DE AMERICA,MASCULINO,46 a 55,50
2022,ENERO,ESTADOS UNIDOS DE AMERICA,MASCULINO,56 a mas,106
2022,ENERO,FRANCIA,FEMENINO,18 a 25,1
2022,ENERO,FRANCIA,FEMENINO,26 a 35,3
2022,ENERO,FRANCIA,FEMENINO,36 a 45,6
2022,ENERO,FRANCIA,FEMENINO,46 a 55,4
2022,ENERO,FRANCIA,FEMENINO,56 a mas,3
2022,ENERO,FRANCIA,MASCULINO,18 a 25,3
2022,ENERO,FRANCIA,MASCULINO,26 a 35,3
2022,ENERO,FRANCIA,MASCULINO,36 a 45,2
2022,ENERO,FRANCIA,MASCULINO,46 a 55,6
2022,ENERO,FRANCIA,MASCULINO,56 a mas,1
2022,ENERO,GRAN BRETAÑA,FEMENINO,26 a 35,1
2022,ENERO,GRAN BRETAÑA,FEMENINO,36 a 45,3
2022,ENERO,GRAN BRETAÑA,FEMENINO,56 a mas,1
2022,ENERO,GRAN BRETAÑA,MASCULINO,36 a 45,1
2022,ENERO,GRAN BRETAÑA,MASCULINO,46 a 55,1
2022,ENERO,GRAN BRETAÑA,MASCULINO,56 a mas,1
2022,ENERO,GUATEMALA,MASCULINO,36 a 45,1
2022,ENERO,GUAYANA FRANCESA,FEMENINO,26 a 35,1
2022,ENERO,GUAYANA FRANCESA,FEMENINO,56 a mas,1
2022,ENERO,HOLANDA,FEMENINO,26 a 35,1
2022,ENERO,HOLANDA,FEMENINO,36 a 45,1
2022,ENERO,HOLANDA,FEMENINO,56 a mas,1
2022,ENERO,HOLANDA,MASCULINO,36 a 45,1
2022,ENERO,HONDURAS,FEMENINO,56 a mas,1
2022,ENERO,HUANCAVELICA,FEMENINO,18 a 25,429
2022,ENERO,HUANCAVELICA,FEMENINO,26 a 35,245
2022,ENERO,HUANCAVELICA,FEMENINO,36 a 45,124
2022,ENERO,HUANCAVELICA,FEMENINO,46 a 55,92
2022,ENERO,HUANCAVELICA,FEMENINO,56 a mas,77
2022,ENERO,HUANCAVELICA,MASCULINO,18 a 25,700
2022,ENERO,HUANCAVELICA,MASCULINO,26 a 35,477
2022,ENERO,HUANCAVELICA,MASCULINO,36 a 45,245
2022,ENERO,HUANCAVELICA,MASCULINO,46 a 55,169
2022,ENERO,HUANCAVELICA,MASCULINO,56 a mas,120
2022,ENERO,HUANUCO,FEMENINO,18 a 25,389
2022,ENERO,HUANUCO,FEMENINO,26 a 35,378
2022,ENERO,HUANUCO,FEMENINO,36 a 45,219
2022,ENERO,HUANUCO,FEMENINO,46 a 55,133
2022,ENERO,HUANUCO,FEMENINO,56 a mas,130
2022,ENERO,HUANUCO,MASCULINO,18 a 25,760
2022,ENERO,HUANUCO,MASCULINO,26 a 35,762
2022,ENERO,HUANUCO,MASCULINO,36 a 45,463
2022,ENERO,HUANUCO,MASCULINO,46 a 55,311
2022,ENERO,HUANUCO,MASCULINO,56 a mas,222
2022,ENERO,ICA,FEMENINO,18 a 25,611
2022,ENERO,ICA,FEMENINO,26 a 35,805
2022,ENERO,ICA,FEMENINO,36 a 45,447
2022,ENERO,ICA,FEMENINO,46 a 55,285
2022,ENERO,ICA,FEMENINO,56 a mas,299
2022,ENERO,ICA,MASCULINO,18 a 25,974
2022,ENERO,ICA,MASCULINO,26 a 35,1215
2022,ENERO,ICA,MASCULINO,36 a 45,748
2022,ENERO,ICA,MASCULINO,46 a 55,457
2022,ENERO,ICA,MASCULINO,56 a mas,383
2022,ENERO,ISRAEL,FEMENINO,46 a 55,1
2022,ENERO,ISRAEL,FEMENINO,56 a mas,1
2022,ENERO,ITALIA,FEMENINO,18 a 25,4
2022,ENERO,ITALIA,FEMENINO,26 a 35,10
2022,ENERO,ITALIA,FEMENINO,36 a 45,23
2022,ENERO,ITALIA,FEMENINO,46 a 55,38
2022,ENERO,ITALIA,FEMENINO,56 a mas,37
2022,ENERO,ITALIA,MASCULINO,18 a 25,3
2022,ENERO,ITALIA,MASCULINO,26 a 35,13
2022,ENERO,ITALIA,MASCULINO,36 a 45,20
2022,ENERO,ITALIA,MASCULINO,46 a 55,22
2022,ENERO,ITALIA,MASCULINO,56 a mas,19
2022,ENERO,JAPON,FEMENINO,18 a 25,1
2022,ENERO,JAPON,FEMENINO,26 a 35,3
2022,ENERO,JAPON,FEMENINO,36 a 45,7
2022,ENERO,JAPON,FEMENINO,46 a 55,2
2022,ENERO,JAPON,FEMENINO,56 a mas,8
2022,ENERO,JAPON,MASCULINO,18 a 25,1
2022,ENERO,JAPON,MASCULINO,26 a 35,3
2022,ENERO,JAPON,MASCULINO,36 a 45,6
2022,ENERO,JAPON,MASCULINO,46 a 55,9
2022,ENERO,JAPON,MASCULINO,56 a mas,8
2022,ENERO,JUNIN,FEMENINO,18 a 25,884
2022,ENERO,JUNIN,FEMENINO,26 a 35,912
2022,ENERO,JUNIN,FEMENINO,36 a 45,661
2022,ENERO,JUNIN,FEMENINO,46 a 55,441
2022,ENERO,JUNIN,FEMENINO,56 a mas,507
2022,ENERO,JUNIN,MASCULINO,18 a 25,1448
2022,ENERO,JUNIN,MASCULINO,26 a 35,1600
2022,ENERO,JUNIN,MASCULINO,36 a 45,1010
2022,ENERO,JUNIN,MASCULINO,46 a 55,604
2022,ENERO,JUNIN,MASCULINO,56 a mas,542
2022,ENERO,LA LIBERTAD,FEMENINO,18 a 25,1004
2022,ENERO,LA LIBERTAD,FEMENINO,26 a 35,1170
2022,ENERO,LA LIBERTAD,FEMENINO,36 a 45,765
2022,ENERO,LA LIBERTAD,FEMENINO,46 a 55,488
2022,ENERO,LA LIBERTAD,FEMENINO,56 a mas,536
2022,ENERO,LA LIBERTAD,MASCULINO,18 a 25,1429
2022,ENERO,LA LIBERTAD,MASCULINO,26 a 35,1877
2022,ENERO,LA LIBERTAD,MASCULINO,36 a 45,1134
2022,ENERO,LA LIBERTAD,MASCULINO,46 a 55,724
2022,ENERO,LA LIBERTAD,MASCULINO,56 a mas,662
2022,ENERO,LAMBAYEQUE,FEMENINO,18 a 25,835
2022,ENERO,LAMBAYEQUE,FEMENINO,26 a 35,868
2022,ENERO,LAMBAYEQUE,FEMENINO,36 a 45,553
2022,ENERO,LAMBAYEQUE,FEMENINO,46 a 55,376
2022,ENERO,LAMBAYEQUE,FEMENINO,56 a mas,396
2022,ENERO,LAMBAYEQUE,MASCULINO,18 a 25,1241
2022,ENERO,LAMBAYEQUE,MASCULINO,26 a 35,1399
2022,ENERO,LAMBAYEQUE,MASCULINO,36 a 45,833
2022,ENERO,LAMBAYEQUE,MASCULINO,46 a 55,507
2022,ENERO,LAMBAYEQUE,MASCULINO,56 a mas,465
2022,ENERO,LIMA,FEMENINO,18 a 25,6449
2022,ENERO,LIMA,FEMENINO,26 a 35,8253
2022,ENERO,LIMA,FEMENINO,36 a 45,5461
2022,ENERO,LIMA,FEMENINO,46 a 55,3580
2022,ENERO,LIMA,FEMENINO,56 a mas,3798
2022,ENERO,LIMA,MASCULINO,18 a 25,8536
2022,ENERO,LIMA,MASCULINO,26 a 35,12581
2022,ENERO,LIMA,MASCULINO,36 a 45,8384
2022,ENERO,LIMA,MASCULINO,46 a 55,5227
2022,ENERO,LIMA,MASCULINO,56 a mas,4720
2022,ENERO,LORETO,FEMENINO,18 a 25,478
2022,ENERO,LORETO,FEMENINO,26 a 35,573
2022,ENERO,LORETO,FEMENINO,36 a 45,335
2022,ENERO,LORETO,FEMENINO,46 a 55,234
2022,ENERO,LORETO,FEMENINO,56 a mas,189
2022,ENERO,LORETO,MASCULINO,18 a 25,920
2022,ENERO,LORETO,MASCULINO,26 a 35,1120
2022,ENERO,LORETO,MASCULINO,36 a 45,689
2022,ENERO,LORETO,MASCULINO,46 a 55,394
2022,ENERO,LORETO,MASCULINO,56 a mas,335
2022,ENERO,MADRE DE DIOS,FEMENINO,18 a 25,161
2022,ENERO,MADRE DE DIOS,FEMENINO,26 a 35,242
2022,ENERO,MADRE DE DIOS,FEMENINO,36 a 45,162
2022,ENERO,MADRE DE DIOS,FEMENINO,46 a 55,73
2022,ENERO,MADRE DE DIOS,FEMENINO,56 a mas,48
2022,ENERO,MADRE DE DIOS,MASCULINO,18 a 25,223
2022,ENERO,MADRE DE DIOS,MASCULINO,26 a 35,387
2022,ENERO,MADRE DE DIOS,MASCULINO,36 a 45,252
2022,ENERO,MADRE DE DIOS,MASCULINO,46 a 55,156
2022,ENERO,MADRE DE DIOS,MASCULINO,56 a mas,133
2022,ENERO,MEXICO,FEMENINO,26 a 35,1
2022,ENERO,MEXICO,FEMENINO,36 a 45,3
2022,ENERO,MEXICO,FEMENINO,46 a 55,1
2022,ENERO,MEXICO,FEMENINO,56 a mas,1
2022,ENERO,MEXICO,MASCULINO,18 a 25,1
2022,ENERO,MEXICO,MASCULINO,26 a 35,1
2022,ENERO,MEXICO,MASCULINO,46 a 55,1
2022,ENERO,MEXICO,MASCULINO,56 a mas,2
2022,ENERO,MOQUEGUA,FEMENINO,18 a 25,90
2022,ENERO,MOQUEGUA,FEMENINO,26 a 35,133
2022,ENERO,MOQUEGUA,FEMENINO,36 a 45,103
2022,ENERO,MOQUEGUA,FEMENINO,46 a 55,46
2022,ENERO,MOQUEGUA,FEMENINO,56 a mas,49
2022,ENERO,MOQUEGUA,MASCULINO,18 a 25,121
2022,ENERO,MOQUEGUA,MASCULINO,26 a 35,181
2022,ENERO,MOQUEGUA,MASCULINO,36 a 45,141
2022,ENERO,MOQUEGUA,MASCULINO,46 a 55,92
2022,ENERO,MOQUEGUA,MASCULINO,56 a mas,89
2022,ENERO,PARAGUAY,MASCULINO,18 a 25,1
2022,ENERO,PARAGUAY,MASCULINO,46 a 55,1
2022,ENERO,PARAGUAY,MASCULINO,56 a mas,2
2022,ENERO,PASCO,FEMENINO,18 a 25,129
2022,ENERO,PASCO,FEMENINO,26 a 35,142
2022,ENERO,PASCO,FEMENINO,36 a 45,87
2022,ENERO,PASCO,FEMENINO,46 a 55,48
2022,ENERO,PASCO,FEMENINO,56 a mas,35
2022,ENERO,PASCO,MASCULINO,18 a 25,271
2022,ENERO,PASCO,MASCULINO,26 a 35,310
2022,ENERO,PASCO,MASCULINO,36 a 45,214
2022,ENERO,PASCO,MASCULINO,46 a 55,82
2022,ENERO,PASCO,MASCULINO,56 a mas,84
2022,ENERO,PIURA,FEMENINO,18 a 25,952
2022,ENERO,PIURA,FEMENINO,26 a 35,1140
2022,ENERO,PIURA,FEMENINO,36 a 45,804
2022,ENERO,PIURA,FEMENINO,46 a 55,504
2022,ENERO,PIURA,FEMENINO,56 a mas,565
2022,ENERO,PIURA,MASCULINO,18 a 25,1414
2022,ENERO,PIURA,MASCULINO,26 a 35,1731
2022,ENERO,PIURA,MASCULINO,36 a 45,1181
2022,ENERO,PIURA,MASCULINO,46 a 55,697
2022,ENERO,PIURA,MASCULINO,56 a mas,609
2022,ENERO,PRINCIPADO DE MONACO,FEMENINO,46 a 55,1
2022,ENERO,PUERTO RICO,FEMENINO,36 a 45,1
2022,ENERO,PUERTO RICO,FEMENINO,46 a 55,1
2022,ENERO,PUNO,FEMENINO,18 a 25,671
2022,ENERO,PUNO,FEMENINO,26 a 35,771
2022,ENERO,PUNO,FEMENINO,36 a 45,461
2022,ENERO,PUNO,FEMENINO,46 a 55,304
2022,ENERO,PUNO,FEMENINO,56 a mas,293
2022,ENERO,PUNO,MASCULINO,18 a 25,1122
2022,ENERO,PUNO,MASCULINO,26 a 35,1404
2022,ENERO,PUNO,MASCULINO,36 a 45,767
2022,ENERO,PUNO,MASCULINO,46 a 55,426
2022,ENERO,PUNO,MASCULINO,56 a mas,324
2022,ENERO,REPUBLICA DE PANAMA,FEMENINO,18 a 25,1
2022,ENERO,REPUBLICA DE PANAMA,FEMENINO,26 a 35,1
2022,ENERO,REPUBLICA DE PANAMA,FEMENINO,36 a 45,1
2022,ENERO,REPUBLICA DE PANAMA,FEMENINO,46 a 55,1
2022,ENERO,REPUBLICA DOMINICANA,FEMENINO,46 a 55,1
2022,ENERO,SAN MARTIN,FEMENINO,18 a 25,253
2022,ENERO,SAN MARTIN,FEMENINO,26 a 35,289
2022,ENERO,SAN MARTIN,FEMENINO,36 a 45,144
2022,ENERO,SAN MARTIN,FEMENINO,46 a 55,101
2022,ENERO,SAN MARTIN,FEMENINO,56 a mas,95
2022,ENERO,SAN MARTIN,MASCULINO,18 a 25,486
2022,ENERO,SAN MARTIN,MASCULINO,26 a 35,507
2022,ENERO,SAN MARTIN,MASCULINO,36 a 45,264
2022,ENERO,SAN MARTIN,MASCULINO,46 a 55,174
2022,ENERO,SAN MARTIN,MASCULINO,56 a mas,160
2022,ENERO,SINGAPUR,FEMENINO,36 a 45,1
2022,ENERO,SINGAPUR,MASCULINO,46 a 55,1
2022,ENERO,SUECIA,FEMENINO,36 a 45,2
2022,ENERO,SUECIA,FEMENINO,56 a mas,3
2022,ENERO,SUECIA,MASCULINO,26 a 35,1
2022,ENERO,SUECIA,MASCULINO,46 a 55,1
2022,ENERO,SUIZA,FEMENINO,18 a 25,5
2022,ENERO,SUIZA,FEMENINO,46 a 55,3
2022,ENERO,SUIZA,FEMENINO,56 a mas,8
2022,ENERO,SUIZA,MASCULINO,26 a 35,1
2022,ENERO,SUIZA,MASCULINO,36 a 45,2
2022,ENERO,SUIZA,MASCULINO,46 a 55,1
2022,ENERO,TACNA,FEMENINO,18 a 25,154
2022,ENERO,TACNA,FEMENINO,26 a 35,197
2022,ENERO,TACNA,FEMENINO,36 a 45,171
2022,ENERO,TACNA,FEMENINO,46 a 55,102
2022,ENERO,TACNA,FEMENINO,56 a mas,125
2022,ENERO,TACNA,MASCULINO,18 a 25,205
2022,ENERO,TACNA,MASCULINO,26 a 35,383
2022,ENERO,TACNA,MASCULINO,36 a 45,244
2022,ENERO,TACNA,MASCULINO,46 a 55,145
2022,ENERO,TACNA,MASCULINO,56 a mas,131
2022,ENERO,TUMBES,FEMENINO,18 a 25,104
2022,ENERO,TUMBES,FEMENINO,26 a 35,137
2022,ENERO,TUMBES,FEMENINO,36 a 45,90
2022,ENERO,TUMBES,FEMENINO,46 a 55,68
2022,ENERO,TUMBES,FEMENINO,56 a mas,104
2022,ENERO,TUMBES,MASCULINO,18 a 25,217
2022,ENERO,TUMBES,MASCULINO,26 a 35,210
2022,ENERO,TUMBES,MASCULINO,36 a 45,170
2022,ENERO,TUMBES,MASCULINO,46 a 55,92
2022,ENERO,TUMBES,MASCULINO,56 a mas,128
2022,ENERO,TURQUIA,MASCULINO,56 a mas,2
2022,ENERO,UCAYALI,FEMENINO,18 a 25,365
2022,ENERO,UCAYALI,FEMENINO,26 a 35,406
2022,ENERO,UCAYALI,FEMENINO,36 a 45,255
2022,ENERO,UCAYALI,FEMENINO,46 a 55,171
2022,ENERO,UCAYALI,FEMENINO,56 a mas,117
2022,ENERO,UCAYALI,MASCULINO,18 a 25,566
2022,ENERO,UCAYALI,MASCULINO,26 a 35,673
2022,ENERO,UCAYALI,MASCULINO,36 a 45,445
2022,ENERO,UCAYALI,MASCULINO,46 a 55,287
2022,ENERO,UCAYALI,MASCULINO,56 a mas,223
2022,ENERO,URUGUAY,FEMENINO,36 a 45,1
2022,ENERO,URUGUAY,FEMENINO,46 a 55,2
2022,ENERO,URUGUAY,MASCULINO,36 a 45,1
2022,ENERO,VENEZUELA,FEMENINO,46 a 55,1
2022,ENERO,VENEZUELA,FEMENINO,56 a mas,3
2022,ENERO,VENEZUELA,MASCULINO,18 a 25,2
2022,ENERO,VENEZUELA,MASCULINO,26 a 35,2
2022,ENERO,VENEZUELA,MASCULINO,36 a 45,3
2022,ENERO,VENEZUELA,MASCULINO,56 a mas,7
2022,FEBRERO,ALEMANIA,FEMENINO,26 a 35,3
2022,FEBRERO,ALEMANIA,FEMENINO,56 a mas,5
2022,FEBRERO,ALEMANIA,MASCULINO,18 a 25,1
2022,FEBRERO,ALEMANIA,MASCULINO,26 a 35,4
2022,FEBRERO,ALEMANIA,MASCULINO,36 a 45,1
2022,FEBRERO,ALEMANIA,MASCULINO,56 a mas,1
2022,FEBRERO,AMAZONAS,FEMENINO,18 a 25,100
2022,FEBRERO,AMAZONAS,FEMENINO,26 a 35,110
2022,FEBRERO,AMAZONAS,FEMENINO,36 a 45,50
2022,FEBRERO,AMAZONAS,FEMENINO,46 a 55,24
2022,FEBRERO,AMAZONAS,FEMENINO,56 a mas,25
2022,FEBRERO,AMAZONAS,MASCULINO,18 a 25,234
2022,FEBRERO,AMAZONAS,MASCULINO,26 a 35,180
2022,FEBRERO,AMAZONAS,MASCULINO,36 a 45,113
2022,FEBRERO,AMAZONAS,MASCULINO,46 a 55,79
2022,FEBRERO,AMAZONAS,MASCULINO,56 a mas,63
2022,FEBRERO,ANCASH,FEMENINO,18 a 25,329
2022,FEBRERO,ANCASH,FEMENINO,26 a 35,413
2022,FEBRERO,ANCASH,FEMENINO,36 a 45,244
2022,FEBRERO,ANCASH,FEMENINO,46 a 55,207
2022,FEBRERO,ANCASH,FEMENINO,56 a mas,192
2022,FEBRERO,ANCASH,MASCULINO,18 a 25,431
2022,FEBRERO,ANCASH,MASCULINO,26 a 35,598
2022,FEBRERO,ANCASH,MASCULINO,36 a 45,412
2022,FEBRERO,ANCASH,MASCULINO,46 a 55,241
2022,FEBRERO,ANCASH,MASCULINO,56 a mas,202
2022,FEBRERO,ANTILLAS HOLANDESAS,FEMENINO,26 a 35,1
2022,FEBRERO,ANTILLAS HOLANDESAS,MASCULINO,36 a 45,1
2022,FEBRERO,ANTILLAS HOLANDESAS,MASCULINO,46 a 55,1
2022,FEBRERO,APURIMAC,FEMENINO,18 a 25,108
2022,FEBRERO,APURIMAC,FEMENINO,26 a 35,147
2022,FEBRERO,APURIMAC,FEMENINO,36 a 45,90
2022,FEBRERO,APURIMAC,FEMENINO,46 a 55,61
2022,FEBRERO,APURIMAC,FEMENINO,56 a mas,60
2022,FEBRERO,APURIMAC,MASCULINO,18 a 25,244
2022,FEBRERO,APURIMAC,MASCULINO,26 a 35,231
2022,FEBRERO,APURIMAC,MASCULINO,36 a 45,154
2022,FEBRERO,APURIMAC,MASCULINO,46 a 55,77
2022,FEBRERO,APURIMAC,MASCULINO,56 a mas,55
2022,FEBRERO,AREQUIPA,FEMENINO,18 a 25,340
2022,FEBRERO,AREQUIPA,FEMENINO,26 a 35,505
2022,FEBRERO,AREQUIPA,FEMENINO,36 a 45,329
2022,FEBRERO,AREQUIPA,FEMENINO,46 a 55,242
2022,FEBRERO,AREQUIPA,FEMENINO,56 a mas,242
2022,FEBRERO,AREQUIPA,MASCULINO,18 a 25,556
2022,FEBRERO,AREQUIPA,MASCULINO,26 a 35,976
2022,FEBRERO,AREQUIPA,MASCULINO,36 a 45,608
2022,FEBRERO,AREQUIPA,MASCULINO,46 a 55,314
2022,FEBRERO,AREQUIPA,MASCULINO,56 a mas,269
2022,FEBRERO,ARGENTINA,FEMENINO,18 a 25,8
2022,FEBRERO,ARGENTINA,FEMENINO,26 a 35,13
2022,FEBRERO,ARGENTINA,FEMENINO,36 a 45,17
2022,FEBRERO,ARGENTINA,FEMENINO,46 a 55,32
2022,FEBRERO,ARGENTINA,FEMENINO,56 a mas,27
2022,FEBRERO,ARGENTINA,MASCULINO,18 a 25,10
2022,FEBRERO,ARGENTINA,MASCULINO,26 a 35,24
2022,FEBRERO,ARGENTINA,MASCULINO,36 a 45,22
2022,FEBRERO,ARGENTINA,MASCULINO,46 a 55,15
2022,FEBRERO,ARGENTINA,MASCULINO,56 a mas,21
2022,FEBRERO,AUSTRALIA,FEMENINO,36 a 45,3
2022,FEBRERO,AUSTRALIA,MASCULINO,36 a 45,2
2022,FEBRERO,AUSTRALIA,MASCULINO,46 a 55,2
2022,FEBRERO,AUSTRALIA,MASCULINO,56 a mas,2
2022,FEBRERO,AYACUCHO,FEMENINO,18 a 25,264
2022,FEBRERO,AYACUCHO,FEMENINO,26 a 35,232
2022,FEBRERO,AYACUCHO,FEMENINO,36 a 45,137
2022,FEBRERO,AYACUCHO,FEMENINO,46 a 55,98
2022,FEBRERO,AYACUCHO,FEMENINO,56 a mas,87
2022,FEBRERO,AYACUCHO,MASCULINO,18 a 25,412
2022,FEBRERO,AYACUCHO,MASCULINO,26 a 35,433
2022,FEBRERO,AYACUCHO,MASCULINO,36 a 45,277
2022,FEBRERO,AYACUCHO,MASCULINO,46 a 55,163
2022,FEBRERO,AYACUCHO,MASCULINO,56 a mas,109
2022,FEBRERO,BELGICA,FEMENINO,46 a 55,2
2022,FEBRERO,BELGICA,FEMENINO,56 a mas,1
2022,FEBRERO,BELICE,MASCULINO,46 a 55,1
2022,FEBRERO,BOLIVIA,FEMENINO,56 a mas,1
2022,FEBRERO,BOLIVIA,MASCULINO,26 a 35,1
2022,FEBRERO,BOLIVIA,MASCULINO,46 a 55,3
2022,FEBRERO,BOLIVIA,MASCULINO,56 a mas,1
2022,FEBRERO,BRASIL,FEMENINO,18 a 25,1
2022,FEBRERO,BRASIL,FEMENINO,26 a 35,3
2022,FEBRERO,BRASIL,FEMENINO,36 a 45,4
2022,FEBRERO,BRASIL,FEMENINO,46 a 55,3
2022,FEBRERO,BRASIL,MASCULINO,26 a 35,3
2022,FEBRERO,BRASIL,MASCULINO,36 a 45,3
2022,FEBRERO,BRASIL,MASCULINO,46 a 55,5
2022,FEBRERO,BRASIL,MASCULINO,56 a mas,5
2022,FEBRERO,CAJAMARCA,FEMENINO,18 a 25,276
2022,FEBRERO,CAJAMARCA,FEMENINO,26 a 35,263
2022,FEBRERO,CAJAMARCA,FEMENINO,36 a 45,164
2022,FEBRERO,CAJAMARCA,FEMENINO,46 a 55,105
2022,FEBRERO,CAJAMARCA,FEMENINO,56 a mas,123
2022,FEBRERO,CAJAMARCA,MASCULINO,18 a 25,511
2022,FEBRERO,CAJAMARCA,MASCULINO,26 a 35,543
2022,FEBRERO,CAJAMARCA,MASCULINO,36 a 45,331
2022,FEBRERO,CAJAMARCA,MASCULINO,46 a 55,177
2022,FEBRERO,CAJAMARCA,MASCULINO,56 a mas,160
2022,FEBRERO,CALLAO,FEMENINO,18 a 25,522
2022,FEBRERO,CALLAO,FEMENINO,26 a 35,643
2022,FEBRERO,CALLAO,FEMENINO,36 a 45,424
2022,FEBRERO,CALLAO,FEMENINO,46 a 55,281
2022,FEBRERO,CALLAO,FEMENINO,56 a mas,203
2022,FEBRERO,CALLAO,MASCULINO,18 a 25,785
2022,FEBRERO,CALLAO,MASCULINO,26 a 35,925
2022,FEBRERO,CALLAO,MASCULINO,36 a 45,575
2022,FEBRERO,CALLAO,MASCULINO,46 a 55,346
2022,FEBRERO,CALLAO,MASCULINO,56 a mas,274
2022,FEBRERO,CANADA,FEMENINO,26 a 35,2
2022,FEBRERO,CANADA,FEMENINO,36 a 45,3
2022,FEBRERO,CANADA,FEMENINO,46 a 55,6
2022,FEBRERO,CANADA,FEMENINO,56 a mas,4
2022,FEBRERO,CANADA,MASCULINO,26 a 35,1
2022,FEBRERO,CANADA,MASCULINO,36 a 45,3
2022,FEBRERO,CANADA,MASCULINO,46 a 55,1
2022,FEBRERO,CANADA,MASCULINO,56 a mas,5
2022,FEBRERO,CHILE,FEMENINO,18 a 25,3
2022,FEBRERO,CHILE,FEMENINO,26 a 35,29
2022,FEBRERO,CHILE,FEMENINO,36 a 45,27
2022,FEBRERO,CHILE,FEMENINO,46 a 55,30
2022,FEBRERO,CHILE,FEMENINO,56 a mas,14
2022,FEBRERO,CHILE,MASCULINO,18 a 25,4
2022,FEBRERO,CHILE,MASCULINO,26 a 35,22
2022,FEBRERO,CHILE,MASCULINO,36 a 45,24
2022,FEBRERO,CHILE,MASCULINO,46 a 55,27
2022,FEBRERO,CHILE,MASCULINO,56 a mas,12
2022,FEBRERO,COLOMBIA,FEMENINO,36 a 45,1
2022,FEBRERO,COLOMBIA,FEMENINO,46 a 55,2
2022,FEBRERO,COLOMBIA,MASCULINO,36 a 45,4
2022,FEBRERO,COLOMBIA,MASCULINO,46 a 55,1
2022,FEBRERO,COSTA RICA,FEMENINO,46 a 55,1
2022,FEBRERO,COSTA RICA,FEMENINO,56 a mas,1
2022,FEBRERO,COSTA RICA,MASCULINO,46 a 55,1
2022,FEBRERO,CROACIA,FEMENINO,46 a 55,1
2022,FEBRERO,CUSCO,FEMENINO,18 a 25,513
2022,FEBRERO,CUSCO,FEMENINO,26 a 35,679
2022,FEBRERO,CUSCO,FEMENINO,36 a 45,350
2022,FEBRERO,CUSCO,FEMENINO,46 a 55,250
2022,FEBRERO,CUSCO,FEMENINO,56 a mas,211
2022,FEBRERO,CUSCO,MASCULINO,18 a 25,851
2022,FEBRERO,CUSCO,MASCULINO,26 a 35,1196
2022,FEBRERO,CUSCO,MASCULINO,36 a 45,675
2022,FEBRERO,CUSCO,MASCULINO,46 a 55,367
2022,FEBRERO,CUSCO,MASCULINO,56 a mas,324
2022,FEBRERO,DINAMARCA,FEMENINO,26 a 35,2
2022,FEBRERO,DINAMARCA,FEMENINO,56 a mas,1
2022,FEBRERO,DINAMARCA,MASCULINO,56 a mas,1
2022,FEBRERO,ECUADOR,FEMENINO,36 a 45,1
2022,FEBRERO,ECUADOR,FEMENINO,46 a 55,1
2022,FEBRERO,ECUADOR,FEMENINO,56 a mas,1
2022,FEBRERO,ECUADOR,MASCULINO,36 a 45,1
2022,FEBRERO,ESPAÑA,FEMENINO,26 a 35,15
2022,FEBRERO,ESPAÑA,FEMENINO,36 a 45,18
2022,FEBRERO,ESPAÑA,FEMENINO,46 a 55,28
2022,FEBRERO,ESPAÑA,FEMENINO,56 a mas,26
2022,FEBRERO,ESPAÑA,MASCULINO,18 a 25,5
2022,FEBRERO,ESPAÑA,MASCULINO,26 a 35,16
2022,FEBRERO,ESPAÑA,MASCULINO,36 a 45,25
2022,FEBRERO,ESPAÑA,MASCULINO,46 a 55,22
2022,FEBRERO,ESPAÑA,MASCULINO,56 a mas,20
2022,FEBRERO,ESTADOS UNIDOS DE AMERICA,FEMENINO,18 a 25,2
2022,FEBRERO,ESTADOS UNIDOS DE AMERICA,FEMENINO,26 a 35,18
2022,FEBRERO,ESTADOS UNIDOS DE AMERICA,FEMENINO,36 a 45,45
2022,FEBRERO,ESTADOS UNIDOS DE AMERICA,FEMENINO,46 a 55,47
2022,FEBRERO,ESTADOS UNIDOS DE AMERICA,FEMENINO,56 a mas,87
2022,FEBRERO,ESTADOS UNIDOS DE AMERICA,MASCULINO,18 a 25,5
2022,FEBRERO,ESTADOS UNIDOS DE AMERICA,MASCULINO,26 a 35,24
2022,FEBRERO,ESTADOS UNIDOS DE AMERICA,MASCULINO,36 a 45,33
2022,FEBRERO,ESTADOS UNIDOS DE AMERICA,MASCULINO,46 a 55,49
2022,FEBRERO,ESTADOS UNIDOS DE AMERICA,MASCULINO,56 a mas,81
2022,FEBRERO,FINLANDIA,MASCULINO,56 a mas,1
2022,FEBRERO,FRANCIA,FEMENINO,36 a 45,1
2022,FEBRERO,FRANCIA,FEMENINO,46 a 55,1
2022,FEBRERO,FRANCIA,FEMENINO,56 a mas,1
2022,FEBRERO,FRANCIA,MASCULINO,46 a 55,1
2022,FEBRERO,GRAN BRETAÑA,FEMENINO,46 a 55,1
2022,FEBRERO,GRAN BRETAÑA,FEMENINO,56 a mas,3
2022,FEBRERO,GRAN BRETAÑA,MASCULINO,36 a 45,1
2022,FEBRERO,HOLANDA,FEMENINO,26 a 35,1
2022,FEBRERO,HOLANDA,FEMENINO,36 a 45,2
2022,FEBRERO,HOLANDA,FEMENINO,56 a mas,1
2022,FEBRERO,HONDURAS,MASCULINO,56 a mas,1
2022,FEBRERO,HUANCAVELICA,FEMENINO,18 a 25,163
2022,FEBRERO,HUANCAVELICA,FEMENINO,26 a 35,131
2022,FEBRERO,HUANCAVELICA,FEMENINO,36 a 45,65
2022,FEBRERO,HUANCAVELICA,FEMENINO,46 a 55,43
2022,FEBRERO,HUANCAVELICA,FEMENINO,56 a mas,45
2022,FEBRERO,HUANCAVELICA,MASCULINO,18 a 25,323
2022,FEBRERO,HUANCAVELICA,MASCULINO,26 a 35,298
2022,FEBRERO,HUANCAVELICA,MASCULINO,36 a 45,140
2022,FEBRERO,HUANCAVELICA,MASCULINO,46 a 55,85
2022,FEBRERO,HUANCAVELICA,MASCULINO,56 a mas,60
2022,FEBRERO,HUANUCO,FEMENINO,18 a 25,211
2022,FEBRERO,HUANUCO,FEMENINO,26 a 35,226
2022,FEBRERO,HUANUCO,FEMENINO,36 a 45,123
2022,FEBRERO,HUANUCO,FEMENINO,46 a 55,81
2022,FEBRERO,HUANUCO,FEMENINO,56 a mas,60
2022,FEBRERO,HUANUCO,MASCULINO,18 a 25,414
2022,FEBRERO,HUANUCO,MASCULINO,26 a 35,472
2022,FEBRERO,HUANUCO,MASCULINO,36 a 45,273
2022,FEBRERO,HUANUCO,MASCULINO,46 a 55,157
2022,FEBRERO,HUANUCO,MASCULINO,56 a mas,127
2022,FEBRERO,ICA,FEMENINO,18 a 25,379
2022,FEBRERO,ICA,FEMENINO,26 a 35,503
2022,FEBRERO,ICA,FEMENINO,36 a 45,276
2022,FEBRERO,ICA,FEMENINO,46 a 55,185
2022,FEBRERO,ICA,FEMENINO,56 a mas,161
2022,FEBRERO,ICA,MASCULINO,18 a 25,634
2022,FEBRERO,ICA,MASCULINO,26 a 35,825
2022,FEBRERO,ICA,MASCULINO,36 a 45,499
2022,FEBRERO,ICA,MASCULINO,46 a 55,308
2022,FEBRERO,ICA,MASCULINO,56 a mas,250
2022,FEBRERO,ISRAEL,FEMENINO,26 a 35,1
2022,FEBRERO,ISRAEL,MASCULINO,46 a 55,1
2022,FEBRERO,ISRAEL,MASCULINO,56 a mas,1
2022,FEBRERO,ITALIA,FEMENINO,18 a 25,1
2022,FEBRERO,ITALIA,FEMENINO,26 a 35,12
2022,FEBRERO,ITALIA,FEMENINO,36 a 45,13
2022,FEBRERO,ITALIA,FEMENINO,46 a 55,18
2022,FEBRERO,ITALIA,FEMENINO,56 a mas,20
2022,FEBRERO,ITALIA,MASCULINO,26 a 35,9
2022,FEBRERO,ITALIA,MASCULINO,36 a 45,17
2022,FEBRERO,ITALIA,MASCULINO,46 a 55,14
2022,FEBRERO,ITALIA,MASCULINO,56 a mas,14
2022,FEBRERO,JAPON,FEMENINO,26 a 35,2
2022,FEBRERO,JAPON,FEMENINO,36 a 45,4
2022,FEBRERO,JAPON,FEMENINO,46 a 55,2
2022,FEBRERO,JAPON,FEMENINO,56 a mas,7
2022,FEBRERO,JAPON,MASCULINO,36 a 45,9
2022,FEBRERO,JAPON,MASCULINO,46 a 55,2
2022,FEBRERO,JAPON,MASCULINO,56 a mas,5
2022,FEBRERO,JUNIN,FEMENINO,18 a 25,482
2022,FEBRERO,JUNIN,FEMENINO,26 a 35,590
2022,FEBRERO,JUNIN,FEMENINO,36 a 45,342
2022,FEBRERO,JUNIN,FEMENINO,46 a 55,213
2022,FEBRERO,JUNIN,FEMENINO,56 a mas,225
2022,FEBRERO,JUNIN,MASCULINO,18 a 25,805
2022,FEBRERO,JUNIN,MASCULINO,26 a 35,1035
2022,FEBRERO,JUNIN,MASCULINO,36 a 45,603
2022,FEBRERO,JUNIN,MASCULINO,46 a 55,319
2022,FEBRERO,JUNIN,MASCULINO,56 a mas,290
2022,FEBRERO,LA LIBERTAD,FEMENINO,18 a 25,518
2022,FEBRERO,LA LIBERTAD,FEMENINO,26 a 35,706
2022,FEBRERO,LA LIBERTAD,FEMENINO,36 a 45,399
2022,FEBRERO,LA LIBERTAD,FEMENINO,46 a 55,328
2022,FEBRERO,LA LIBERTAD,FEMENINO,56 a mas,323
2022,FEBRERO,LA LIBERTAD,MASCULINO,18 a 25,832
2022,FEBRERO,LA LIBERTAD,MASCULINO,26 a 35,1082
2022,FEBRERO,LA LIBERTAD,MASCULINO,36 a 45,654
2022,FEBRERO,LA LIBERTAD,MASCULINO,46 a 55,406
2022,FEBRERO,LA LIBERTAD,MASCULINO,56 a mas,376
2022,FEBRERO,LAMBAYEQUE,FEMENINO,18 a 25,550
2022,FEBRERO,LAMBAYEQUE,FEMENINO,26 a 35,602
2022,FEBRERO,LAMBAYEQUE,FEMENINO,36 a 45,352
2022,FEBRERO,LAMBAYEQUE,FEMENINO,46 a 55,220
2022,FEBRERO,LAMBAYEQUE,FEMENINO,56 a mas,176
2022,FEBRERO,LAMBAYEQUE,MASCULINO,18 a 25,1066
2022,FEBRERO,LAMBAYEQUE,MASCULINO,26 a 35,1111
2022,FEBRERO,LAMBAYEQUE,MASCULINO,36 a 45,607
2022,FEBRERO,LAMBAYEQUE,MASCULINO,46 a 55,350
2022,FEBRERO,LAMBAYEQUE,MASCULINO,56 a mas,296
2022,FEBRERO,LIMA,FEMENINO,18 a 25,4061
2022,FEBRERO,LIMA,FEMENINO,26 a 35,5234
2022,FEBRERO,LIMA,FEMENINO,36 a 45,3374
2022,FEBRERO,LIMA,FEMENINO,46 a 55,2370
2022,FEBRERO,LIMA,FEMENINO,56 a mas,2431
2022,FEBRERO,LIMA,MASCULINO,18 a 25,5844
2022,FEBRERO,LIMA,MASCULINO,26 a 35,8459
2022,FEBRERO,LIMA,MASCULINO,36 a 45,5639
2022,FEBRERO,LIMA,MASCULINO,46 a 55,3536
2022,FEBRERO,LIMA,MASCULINO,56 a mas,3001
2022,FEBRERO,LORETO,FEMENINO,18 a 25,294
2022,FEBRERO,LORETO,FEMENINO,26 a 35,345
2022,FEBRERO,LORETO,FEMENINO,36 a 45,263
2022,FEBRERO,LORETO,FEMENINO,46 a 55,168
2022,FEBRERO,LORETO,FEMENINO,56 a mas,119
2022,FEBRERO,LORETO,MASCULINO,18 a 25,569
2022,FEBRERO,LORETO,MASCULINO,26 a 35,616
2022,FEBRERO,LORETO,MASCULINO,36 a 45,372
2022,FEBRERO,LORETO,MASCULINO,46 a 55,252
2022,FEBRERO,LORETO,MASCULINO,56 a mas,184
2022,FEBRERO,MADRE DE DIOS,FEMENINO,18 a 25,96
2022,FEBRERO,MADRE DE DIOS,FEMENINO,26 a 35,176
2022,FEBRERO,MADRE DE DIOS,FEMENINO,36 a 45,92
2022,FEBRERO,MADRE DE DIOS,FEMENINO,46 a 55,54
2022,FEBRERO,MADRE DE DIOS,FEMENINO,56 a mas,26
2022,FEBRERO,MADRE DE DIOS,MASCULINO,18 a 25,147
2022,FEBRERO,MADRE DE DIOS,MASCULINO,26 a 35,255
2022,FEBRERO,MADRE DE DIOS,MASCULINO,36 a 45,180
2022,FEBRERO,MADRE DE DIOS,MASCULINO,46 a 55,95
2022,FEBRERO,MADRE DE DIOS,MASCULINO,56 a mas,53
2022,FEBRERO,MEXICO,MASCULINO,26 a 35,1
2022,FEBRERO,MEXICO,MASCULINO,36 a 45,1
2022,FEBRERO,MEXICO,MASCULINO,46 a 55,1
2022,FEBRERO,MEXICO,MASCULINO,56 a mas,1
2022,FEBRERO,MOQUEGUA,FEMENINO,18 a 25,61
2022,FEBRERO,MOQUEGUA,FEMENINO,26 a 35,80
2022,FEBRERO,MOQUEGUA,FEMENINO,36 a 45,60
2022,FEBRERO,MOQUEGUA,FEMENINO,46 a 55,50
2022,FEBRERO,MOQUEGUA,FEMENINO,56 a mas,40
2022,FEBRERO,MOQUEGUA,MASCULINO,18 a 25,83
2022,FEBRERO,MOQUEGUA,MASCULINO,26 a 35,139
2022,FEBRERO,MOQUEGUA,MASCULINO,36 a 45,104
2022,FEBRERO,MOQUEGUA,MASCULINO,46 a 55,55
2022,FEBRERO,MOQUEGUA,MASCULINO,56 a mas,51
2022,FEBRERO,NORUEGA,MASCULINO,46 a 55,1
2022,FEBRERO,NUEVA ZELANDA,MASCULINO,26 a 35,1
2022,FEBRERO,PARAGUAY,FEMENINO,46 a 55,1
2022,FEBRERO,PARAGUAY,MASCULINO,46 a 55,1
2022,FEBRERO,PARAGUAY,MASCULINO,56 a mas,1
2022,FEBRERO,PASCO,FEMENINO,18 a 25,82
2022,FEBRERO,PASCO,FEMENINO,26 a 35,86
2022,FEBRERO,PASCO,FEMENINO,36 a 45,47
2022,FEBRERO,PASCO,FEMENINO,46 a 55,33
2022,FEBRERO,PASCO,FEMENINO,56 a mas,21
2022,FEBRERO,PASCO,MASCULINO,18 a 25,150
2022,FEBRERO,PASCO,MASCULINO,26 a 35,232
2022,FEBRERO,PASCO,MASCULINO,36 a 45,128
2022,FEBRERO,PASCO,MASCULINO,46 a 55,63
2022,FEBRERO,PASCO,MASCULINO,56 a mas,49
2022,FEBRERO,PIURA,FEMENINO,18 a 25,618
2022,FEBRERO,PIURA,FEMENINO,26 a 35,726
2022,FEBRERO,PIURA,FEMENINO,36 a 45,454
2022,FEBRERO,PIURA,FEMENINO,46 a 55,304
2022,FEBRERO,PIURA,FEMENINO,56 a mas,292
2022,FEBRERO,PIURA,MASCULINO,18 a 25,795
2022,FEBRERO,PIURA,MASCULINO,26 a 35,916
2022,FEBRERO,PIURA,MASCULINO,36 a 45,560
2022,FEBRERO,PIURA,MASCULINO,46 a 55,311
2022,FEBRERO,PIURA,MASCULINO,56 a mas,246
2022,FEBRERO,PUERTO RICO,MASCULINO,46 a 55,2
2022,FEBRERO,PUNO,FEMENINO,18 a 25,356
2022,FEBRERO,PUNO,FEMENINO,26 a 35,449
2022,FEBRERO,PUNO,FEMENINO,36 a 45,235
2022,FEBRERO,PUNO,FEMENINO,46 a 55,153
2022,FEBRERO,PUNO,FEMENINO,56 a mas,130
2022,FEBRERO,PUNO,MASCULINO,18 a 25,671
2022,FEBRERO,PUNO,MASCULINO,26 a 35,876
2022,FEBRERO,PUNO,MASCULINO,36 a 45,437
2022,FEBRERO,PUNO,MASCULINO,46 a 55,219
2022,FEBRERO,PUNO,MASCULINO,56 a mas,171
2022,FEBRERO,REPUBLICA DE COREA,FEMENINO,36 a 45,1
2022,FEBRERO,REPUBLICA DE COREA,MASCULINO,36 a 45,1
2022,FEBRERO,REPUBLICA DE PANAMA,MASCULINO,56 a mas,2
2022,FEBRERO,REPUBLICA DOMINICANA,MASCULINO,36 a 45,1
2022,FEBRERO,REPUBLICA POPULAR CHINA,FEMENINO,18 a 25,1
2022,FEBRERO,SAN MARTIN,FEMENINO,18 a 25,142
2022,FEBRERO,SAN MARTIN,FEMENINO,26 a 35,160
2022,FEBRERO,SAN MARTIN,FEMENINO,36 a 45,78
2022,FEBRERO,SAN MARTIN,FEMENINO,46 a 55,59
2022,FEBRERO,SAN MARTIN,FEMENINO,56 a mas,43
2022,FEBRERO,SAN MARTIN,MASCULINO,18 a 25,259
2022,FEBRERO,SAN MARTIN,MASCULINO,26 a 35,290
2022,FEBRERO,SAN MARTIN,MASCULINO,36 a 45,173
2022,FEBRERO,SAN MARTIN,MASCULINO,46 a 55,106
2022,FEBRERO,SAN MARTIN,MASCULINO,56 a mas,90
2022,FEBRERO,SUDAFRICA,MASCULINO,56 a mas,1
2022,FEBRERO,SUECIA,FEMENINO,36 a 45,1
2022,FEBRERO,SUECIA,MASCULINO,36 a 45,1
2022,FEBRERO,SUIZA,FEMENINO,26 a 35,1
2022,FEBRERO,SUIZA,FEMENINO,36 a 45,1
2022,FEBRERO,SUIZA,FEMENINO,56 a mas,3
2022,FEBRERO,SUIZA,MASCULINO,36 a 45,1
2022,FEBRERO,SUIZA,MASCULINO,46 a 55,2
2022,FEBRERO,SUIZA,MASCULINO,56 a mas,2
2022,FEBRERO,TACNA,FEMENINO,18 a 25,113
2022,FEBRERO,TACNA,FEMENINO,26 a 35,146
2022,FEBRERO,TACNA,FEMENINO,36 a 45,111
2022,FEBRERO,TACNA,FEMENINO,46 a 55,79
2022,FEBRERO,TACNA,FEMENINO,56 a mas,103
2022,FEBRERO,TACNA,MASCULINO,18 a 25,165
2022,FEBRERO,TACNA,MASCULINO,26 a 35,254
2022,FEBRERO,TACNA,MASCULINO,36 a 45,183
2022,FEBRERO,TACNA,MASCULINO,46 a 55,114
2022,FEBRERO,TACNA,MASCULINO,56 a mas,119
2022,FEBRERO,TUMBES,FEMENINO,18 a 25,96
2022,FEBRERO,TUMBES,FEMENINO,26 a 35,86
2022,FEBRERO,TUMBES,FEMENINO,36 a 45,45
2022,FEBRERO,TUMBES,FEMENINO,46 a 55,50
2022,FEBRERO,TUMBES,FEMENINO,56 a mas,36
2022,FEBRERO,TUMBES,MASCULINO,18 a 25,134
2022,FEBRERO,TUMBES,MASCULINO,26 a 35,121
2022,FEBRERO,TUMBES,MASCULINO,36 a 45,67
2022,FEBRERO,TUMBES,MASCULINO,46 a 55,53
2022,FEBRERO,TUMBES,MASCULINO,56 a mas,71
2022,FEBRERO,UCAYALI,FEMENINO,18 a 25,194
2022,FEBRERO,UCAYALI,FEMENINO,26 a 35,278
2022,FEBRERO,UCAYALI,FEMENINO,36 a 45,140
2022,FEBRERO,UCAYALI,FEMENINO,46 a 55,89
2022,FEBRERO,UCAYALI,FEMENINO,56 a mas,71
2022,FEBRERO,UCAYALI,MASCULINO,18 a 25,382
2022,FEBRERO,UCAYALI,MASCULINO,26 a 35,417
2022,FEBRERO,UCAYALI,MASCULINO,36 a 45,256
2022,FEBRERO,UCAYALI,MASCULINO,46 a 55,171
2022,FEBRERO,UCAYALI,MASCULINO,56 a mas,113
2022,FEBRERO,URUGUAY,FEMENINO,26 a 35,1
2022,FEBRERO,URUGUAY,MASCULINO,36 a 45,1
2022,FEBRERO,URUGUAY,MASCULINO,56 a mas,2
2022,FEBRERO,VENEZUELA,FEMENINO,18 a 25,1
2022,FEBRERO,VENEZUELA,FEMENINO,36 a 45,1
2022,FEBRERO,VENEZUELA,FEMENINO,46 a 55,2
2022,FEBRERO,VENEZUELA,FEMENINO,56 a mas,4
2022,FEBRERO,VENEZUELA,MASCULINO,26 a 35,1
2022,FEBRERO,VENEZUELA,MASCULINO,36 a 45,2
2022,FEBRERO,VENEZUELA,MASCULINO,46 a 55,1
2022,FEBRERO,VENEZUELA,MASCULINO,56 a mas,3
2022,MARZO,ALEMANIA,FEMENINO,36 a 45,1
2022,MARZO,ALEMANIA,FEMENINO,46 a 55,1
2022,MARZO,ALEMANIA,FEMENINO,56 a mas,3
2022,MARZO,ALEMANIA,MASCULINO,26 a 35,1
2022,MARZO,ALEMANIA,MASCULINO,36 a 45,2
2022,MARZO,AMAZONAS,FEMENINO,18 a 25,92
2022,MARZO,AMAZONAS,FEMENINO,26 a 35,82
2022,MARZO,AMAZONAS,FEMENINO,36 a 45,42
2022,MARZO,AMAZONAS,FEMENINO,46 a 55,35
2022,MARZO,AMAZONAS,FEMENINO,56 a mas,31
2022,MARZO,AMAZONAS,MASCULINO,18 a 25,225
2022,MARZO,AMAZONAS,MASCULINO,26 a 35,177
2022,MARZO,AMAZONAS,MASCULINO,36 a 45,114
2022,MARZO,AMAZONAS,MASCULINO,46 a 55,62
2022,MARZO,AMAZONAS,MASCULINO,56 a mas,61
2022,MARZO,ANCASH,FEMENINO,18 a 25,369
2022,MARZO,ANCASH,FEMENINO,26 a 35,398
2022,MARZO,ANCASH,FEMENINO,36 a 45,239
2022,MARZO,ANCASH,FEMENINO,46 a 55,156
2022,MARZO,ANCASH,FEMENINO,56 a mas,170
2022,MARZO,ANCASH,MASCULINO,18 a 25,585
2022,MARZO,ANCASH,MASCULINO,26 a 35,725
2022,MARZO,ANCASH,MASCULINO,36 a 45,436
2022,MARZO,ANCASH,MASCULINO,46 a 55,241
2022,MARZO,ANCASH,MASCULINO,56 a mas,244
2022,MARZO,ANTILLAS HOLANDESAS,FEMENINO,36 a 45,1
2022,MARZO,ANTILLAS HOLANDESAS,FEMENINO,46 a 55,1
2022,MARZO,ANTILLAS HOLANDESAS,MASCULINO,46 a 55,2
2022,MARZO,ANTILLAS HOLANDESAS,MASCULINO,56 a mas,1
2022,MARZO,APURIMAC,FEMENINO,18 a 25,132
2022,MARZO,APURIMAC,FEMENINO,26 a 35,186
2022,MARZO,APURIMAC,FEMENINO,36 a 45,104
2022,MARZO,APURIMAC,FEMENINO,46 a 55,65
2022,MARZO,APURIMAC,FEMENINO,56 a mas,49
2022,MARZO,APURIMAC,MASCULINO,18 a 25,352
2022,MARZO,APURIMAC,MASCULINO,26 a 35,373
2022,MARZO,APURIMAC,MASCULINO,36 a 45,219
2022,MARZO,APURIMAC,MASCULINO,46 a 55,114
2022,MARZO,APURIMAC,MASCULINO,56 a mas,109
2022,MARZO,ARABIA SAUDITA,MASCULINO,46 a 55,1
2022,MARZO,AREQUIPA,FEMENINO,18 a 25,489
2022,MARZO,AREQUIPA,FEMENINO,26 a 35,653
2022,MARZO,AREQUIPA,FEMENINO,36 a 45,368
2022,MARZO,AREQUIPA,FEMENINO,46 a 55,287
2022,MARZO,AREQUIPA,FEMENINO,56 a mas,286
2022,MARZO,AREQUIPA,MASCULINO,18 a 25,762
2022,MARZO,AREQUIPA,MASCULINO,26 a 35,1221
2022,MARZO,AREQUIPA,MASCULINO,36 a 45,698
2022,MARZO,AREQUIPA,MASCULINO,46 a 55,396
2022,MARZO,AREQUIPA,MASCULINO,56 a mas,359
2022,MARZO,ARGENTINA,FEMENINO,18 a 25,3
2022,MARZO,ARGENTINA,FEMENINO,26 a 35,14
2022,MARZO,ARGENTINA,FEMENINO,36 a 45,12
2022,MARZO,ARGENTINA,FEMENINO,46 a 55,25
2022,MARZO,ARGENTINA,FEMENINO,56 a mas,15
2022,MARZO,ARGENTINA,MASCULINO,18 a 25,9
2022,MARZO,ARGENTINA,MASCULINO,26 a 35,22
2022,MARZO,ARGENTINA,MASCULINO,36 a 45,21
2022,MARZO,ARGENTINA,MASCULINO,46 a 55,16
2022,MARZO,ARGENTINA,MASCULINO,56 a mas,16
2022,MARZO,AUSTRALIA,FEMENINO,46 a 55,1
2022,MARZO,AUSTRALIA,MASCULINO,26 a 35,1
2022,MARZO,AUSTRALIA,MASCULINO,36 a 45,2
2022,MARZO,AUSTRALIA,MASCULINO,56 a mas,2
2022,MARZO,AYACUCHO,FEMENINO,18 a 25,247
2022,MARZO,AYACUCHO,FEMENINO,26 a 35,280
2022,MARZO,AYACUCHO,FEMENINO,36 a 45,153
2022,MARZO,AYACUCHO,FEMENINO,46 a 55,127
2022,MARZO,AYACUCHO,FEMENINO,56 a mas,92
2022,MARZO,AYACUCHO,MASCULINO,18 a 25,460
2022,MARZO,AYACUCHO,MASCULINO,26 a 35,517
2022,MARZO,AYACUCHO,MASCULINO,36 a 45,291
2022,MARZO,AYACUCHO,MASCULINO,46 a 55,178
2022,MARZO,AYACUCHO,MASCULINO,56 a mas,152
2022,MARZO,BELGICA,FEMENINO,36 a 45,1
2022,MARZO,BELGICA,MASCULINO,18 a 25,1
2022,MARZO,BELGICA,MASCULINO,36 a 45,1
2022,MARZO,BIELORRUSIA,MASCULINO,36 a 45,1
2022,MARZO,BOLIVIA,FEMENINO,26 a 35,1
2022,MARZO,BOLIVIA,FEMENINO,36 a 45,1
2022,MARZO,BOLIVIA,FEMENINO,46 a 55,2
2022,MARZO,BOLIVIA,MASCULINO,26 a 35,1
2022,MARZO,BOLIVIA,MASCULINO,36 a 45,2
2022,MARZO,BOLIVIA,MASCULINO,46 a 55,5
2022,MARZO,BOLIVIA,MASCULINO,56 a mas,2
2022,MARZO,BRASIL,FEMENINO,18 a 25,2
2022,MARZO,BRASIL,FEMENINO,26 a 35,1
2022,MARZO,BRASIL,FEMENINO,36 a 45,2
2022,MARZO,BRASIL,FEMENINO,46 a 55,2
2022,MARZO,BRASIL,FEMENINO,56 a mas,2
2022,MARZO,BRASIL,MASCULINO,26 a 35,1
2022,MARZO,BRASIL,MASCULINO,36 a 45,6
2022,MARZO,BRASIL,MASCULINO,46 a 55,2
2022,MARZO,BRASIL,MASCULINO,56 a mas,8
2022,MARZO,CAJAMARCA,FEMENINO,18 a 25,374
2022,MARZO,CAJAMARCA,FEMENINO,26 a 35,298
2022,MARZO,CAJAMARCA,FEMENINO,36 a 45,136
2022,MARZO,CAJAMARCA,FEMENINO,46 a 55,112
2022,MARZO,CAJAMARCA,FEMENINO,56 a mas,113
2022,MARZO,CAJAMARCA,MASCULINO,18 a 25,564
2022,MARZO,CAJAMARCA,MASCULINO,26 a 35,646
2022,MARZO,CAJAMARCA,MASCULINO,36 a 45,335
2022,MARZO,CAJAMARCA,MASCULINO,46 a 55,208
2022,MARZO,CAJAMARCA,MASCULINO,56 a mas,148
2022,MARZO,CALLAO,FEMENINO,18 a 25,648
2022,MARZO,CALLAO,FEMENINO,26 a 35,719
2022,MARZO,CALLAO,FEMENINO,36 a 45,511
2022,MARZO,CALLAO,FEMENINO,46 a 55,309
2022,MARZO,CALLAO,FEMENINO,56 a mas,259
2022,MARZO,CALLAO,MASCULINO,18 a 25,936
2022,MARZO,CALLAO,MASCULINO,26 a 35,1208
2022,MARZO,CALLAO,MASCULINO,36 a 45,688
2022,MARZO,CALLAO,MASCULINO,46 a 55,426
2022,MARZO,CALLAO,MASCULINO,56 a mas,295
2022,MARZO,CANADA,FEMENINO,36 a 45,3
2022,MARZO,CANADA,FEMENINO,46 a 55,7
2022,MARZO,CANADA,FEMENINO,56 a mas,7
2022,MARZO,CANADA,MASCULINO,26 a 35,2
2022,MARZO,CANADA,MASCULINO,36 a 45,3
2022,MARZO,CANADA,MASCULINO,46 a 55,1
2022,MARZO,CANADA,MASCULINO,56 a mas,1
2022,MARZO,CHILE,FEMENINO,18 a 25,7
2022,MARZO,CHILE,FEMENINO,26 a 35,18
2022,MARZO,CHILE,FEMENINO,36 a 45,17
2022,MARZO,CHILE,FEMENINO,46 a 55,27
2022,MARZO,CHILE,FEMENINO,56 a mas,11
2022,MARZO,CHILE,MASCULINO,18 a 25,6
2022,MARZO,CHILE,MASCULINO,26 a 35,30
2022,MARZO,CHILE,MASCULINO,36 a 45,31
2022,MARZO,CHILE,MASCULINO,46 a 55,30
2022,MARZO,CHILE,MASCULINO,56 a mas,10
2022,MARZO,COLOMBIA,FEMENINO,36 a 45,2
2022,MARZO,COLOMBIA,FEMENINO,46 a 55,1
2022,MARZO,COLOMBIA,FEMENINO,56 a mas,2
2022,MARZO,COLOMBIA,MASCULINO,46 a 55,1
2022,MARZO,COLOMBIA,MASCULINO,56 a mas,1
2022,MARZO,COSTA RICA,FEMENINO,36 a 45,1
2022,MARZO,COSTA RICA,MASCULINO,36 a 45,1
2022,MARZO,COSTA RICA,MASCULINO,46 a 55,1
2022,MARZO,CROACIA,FEMENINO,46 a 55,1
2022,MARZO,CUSCO,FEMENINO,18 a 25,606
2022,MARZO,CUSCO,FEMENINO,26 a 35,794
2022,MARZO,CUSCO,FEMENINO,36 a 45,471
2022,MARZO,CUSCO,FEMENINO,46 a 55,283
2022,MARZO,CUSCO,FEMENINO,56 a mas,247
2022,MARZO,CUSCO,MASCULINO,18 a 25,1167
2022,MARZO,CUSCO,MASCULINO,26 a 35,1458
2022,MARZO,CUSCO,MASCULINO,36 a 45,851
2022,MARZO,CUSCO,MASCULINO,46 a 55,485
2022,MARZO,CUSCO,MASCULINO,56 a mas,346
2022,MARZO,DINAMARCA,MASCULINO,46 a 55,1
2022,MARZO,ECUADOR,FEMENINO,18 a 25,1
2022,MARZO,ECUADOR,FEMENINO,46 a 55,2
2022,MARZO,ECUADOR,FEMENINO,56 a mas,4
2022,MARZO,ECUADOR,MASCULINO,26 a 35,2
2022,MARZO,ECUADOR,MASCULINO,46 a 55,1
2022,MARZO,ECUADOR,MASCULINO,56 a mas,1
2022,MARZO,ESPAÑA,FEMENINO,18 a 25,5
2022,MARZO,ESPAÑA,FEMENINO,26 a 35,15
2022,MARZO,ESPAÑA,FEMENINO,36 a 45,31
2022,MARZO,ESPAÑA,FEMENINO,46 a 55,32
2022,MARZO,ESPAÑA,FEMENINO,56 a mas,35
2022,MARZO,ESPAÑA,MASCULINO,18 a 25,1
2022,MARZO,ESPAÑA,MASCULINO,26 a 35,16
2022,MARZO,ESPAÑA,MASCULINO,36 a 45,33
2022,MARZO,ESPAÑA,MASCULINO,46 a 55,24
2022,MARZO,ESPAÑA,MASCULINO,56 a mas,26
2022,MARZO,ESTADOS UNIDOS DE AMERICA,FEMENINO,18 a 25,5
2022,MARZO,ESTADOS UNIDOS DE AMERICA,FEMENINO,26 a 35,19
2022,MARZO,ESTADOS UNIDOS DE AMERICA,FEMENINO,36 a 45,33
2022,MARZO,ESTADOS UNIDOS DE AMERICA,FEMENINO,46 a 55,65
2022,MARZO,ESTADOS UNIDOS DE AMERICA,FEMENINO,56 a mas,97
2022,MARZO,ESTADOS UNIDOS DE AMERICA,MASCULINO,18 a 25,8
2022,MARZO,ESTADOS UNIDOS DE AMERICA,MASCULINO,26 a 35,28
2022,MARZO,ESTADOS UNIDOS DE AMERICA,MASCULINO,36 a 45,34
2022,MARZO,ESTADOS UNIDOS DE AMERICA,MASCULINO,46 a 55,68
2022,MARZO,ESTADOS UNIDOS DE AMERICA,MASCULINO,56 a mas,87
2022,MARZO,FRANCIA,FEMENINO,26 a 35,2
2022,MARZO,FRANCIA,FEMENINO,36 a 45,1
2022,MARZO,FRANCIA,FEMENINO,46 a 55,1
2022,MARZO,FRANCIA,FEMENINO,56 a mas,6
2022,MARZO,FRANCIA,MASCULINO,26 a 35,3
2022,MARZO,FRANCIA,MASCULINO,46 a 55,1
2022,MARZO,FRANCIA,MASCULINO,56 a mas,3
2022,MARZO,GRAN BRETAÑA,FEMENINO,36 a 45,1
2022,MARZO,GRAN BRETAÑA,FEMENINO,46 a 55,1
2022,MARZO,GRAN BRETAÑA,FEMENINO,56 a mas,2
2022,MARZO,GRAN BRETAÑA,MASCULINO,26 a 35,1
2022,MARZO,GRAN BRETAÑA,MASCULINO,36 a 45,1
2022,MARZO,GRAN BRETAÑA,MASCULINO,46 a 55,2
2022,MARZO,GRAN DUCADO DE LUXEMBURGO,FEMENINO,56 a mas,1
2022,MARZO,GRECIA,MASCULINO,46 a 55,1
2022,MARZO,HOLANDA,FEMENINO,46 a 55,1
2022,MARZO,HOLANDA,FEMENINO,56 a mas,1
2022,MARZO,HUANCAVELICA,FEMENINO,18 a 25,167
2022,MARZO,HUANCAVELICA,FEMENINO,26 a 35,151
2022,MARZO,HUANCAVELICA,FEMENINO,36 a 45,66
2022,MARZO,HUANCAVELICA,FEMENINO,46 a 55,44
2022,MARZO,HUANCAVELICA,FEMENINO,56 a mas,50
2022,MARZO,HUANCAVELICA,MASCULINO,18 a 25,295
2022,MARZO,HUANCAVELICA,MASCULINO,26 a 35,274
2022,MARZO,HUANCAVELICA,MASCULINO,36 a 45,156
2022,MARZO,HUANCAVELICA,MASCULINO,46 a 55,93
2022,MARZO,HUANCAVELICA,MASCULINO,56 a mas,66
2022,MARZO,HUANUCO,FEMENINO,18 a 25,278
2022,MARZO,HUANUCO,FEMENINO,26 a 35,245
2022,MARZO,HUANUCO,FEMENINO,36 a 45,138
2022,MARZO,HUANUCO,FEMENINO,46 a 55,78
2022,MARZO,HUANUCO,FEMENINO,56 a mas,89
2022,MARZO,HUANUCO,MASCULINO,18 a 25,490
2022,MARZO,HUANUCO,MASCULINO,26 a 35,515
2022,MARZO,HUANUCO,MASCULINO,36 a 45,286
2022,MARZO,HUANUCO,MASCULINO,46 a 55,158
2022,MARZO,HUANUCO,MASCULINO,56 a mas,148
2022,MARZO,ICA,FEMENINO,18 a 25,523
2022,MARZO,ICA,FEMENINO,26 a 35,628
2022,MARZO,ICA,FEMENINO,36 a 45,365
2022,MARZO,ICA,FEMENINO,46 a 55,209
2022,MARZO,ICA,FEMENINO,56 a mas,171
2022,MARZO,ICA,MASCULINO,18 a 25,941
2022,MARZO,ICA,MASCULINO,26 a 35,1159
2022,MARZO,ICA,MASCULINO,36 a 45,611
2022,MARZO,ICA,MASCULINO,46 a 55,414
2022,MARZO,ICA,MASCULINO,56 a mas,308
2022,MARZO,ISRAEL,FEMENINO,56 a mas,1
2022,MARZO,ITALIA,FEMENINO,18 a 25,3
2022,MARZO,ITALIA,FEMENINO,26 a 35,7
2022,MARZO,ITALIA,FEMENINO,36 a 45,24
2022,MARZO,ITALIA,FEMENINO,46 a 55,30
2022,MARZO,ITALIA,FEMENINO,56 a mas,28
2022,MARZO,ITALIA,MASCULINO,18 a 25,3
2022,MARZO,ITALIA,MASCULINO,26 a 35,17
2022,MARZO,ITALIA,MASCULINO,36 a 45,15
2022,MARZO,ITALIA,MASCULINO,46 a 55,19
2022,MARZO,ITALIA,MASCULINO,56 a mas,19
2022,MARZO,JAPON,FEMENINO,18 a 25,1
2022,MARZO,JAPON,FEMENINO,26 a 35,7
2022,MARZO,JAPON,FEMENINO,36 a 45,5
2022,MARZO,JAPON,FEMENINO,46 a 55,4
2022,MARZO,JAPON,FEMENINO,56 a mas,2
2022,MARZO,JAPON,MASCULINO,36 a 45,3
2022,MARZO,JAPON,MASCULINO,46 a 55,4
2022,MARZO,JAPON,MASCULINO,56 a mas,9
2022,MARZO,JUNIN,FEMENINO,18 a 25,530
2022,MARZO,JUNIN,FEMENINO,26 a 35,548
2022,MARZO,JUNIN,FEMENINO,36 a 45,354
2022,MARZO,JUNIN,FEMENINO,46 a 55,241
2022,MARZO,JUNIN,FEMENINO,56 a mas,222
2022,MARZO,JUNIN,MASCULINO,18 a 25,815
2022,MARZO,JUNIN,MASCULINO,26 a 35,1003
2022,MARZO,JUNIN,MASCULINO,36 a 45,565
2022,MARZO,JUNIN,MASCULINO,46 a 55,345
2022,MARZO,JUNIN,MASCULINO,56 a mas,270
2022,MARZO,LA LIBERTAD,FEMENINO,18 a 25,649
2022,MARZO,LA LIBERTAD,FEMENINO,26 a 35,776
2022,MARZO,LA LIBERTAD,FEMENINO,36 a 45,424
2022,MARZO,LA LIBERTAD,FEMENINO,46 a 55,303
2022,MARZO,LA LIBERTAD,FEMENINO,56 a mas,309
2022,MARZO,LA LIBERTAD,MASCULINO,18 a 25,1091
2022,MARZO,LA LIBERTAD,MASCULINO,26 a 35,1370
2022,MARZO,LA LIBERTAD,MASCULINO,36 a 45,744
2022,MARZO,LA LIBERTAD,MASCULINO,46 a 55,456
2022,MARZO,LA LIBERTAD,MASCULINO,56 a mas,403
2022,MARZO,LAMBAYEQUE,FEMENINO,18 a 25,622
2022,MARZO,LAMBAYEQUE,FEMENINO,26 a 35,624
2022,MARZO,LAMBAYEQUE,FEMENINO,36 a 45,376
2022,MARZO,LAMBAYEQUE,FEMENINO,46 a 55,232
2022,MARZO,LAMBAYEQUE,FEMENINO,56 a mas,209
2022,MARZO,LAMBAYEQUE,MASCULINO,18 a 25,1188
2022,MARZO,LAMBAYEQUE,MASCULINO,26 a 35,1280
2022,MARZO,LAMBAYEQUE,MASCULINO,36 a 45,686
2022,MARZO,LAMBAYEQUE,MASCULINO,46 a 55,427
2022,MARZO,LAMBAYEQUE,MASCULINO,56 a mas,331
2022,MARZO,LIMA,FEMENINO,18 a 25,4619
2022,MARZO,LIMA,FEMENINO,26 a 35,5670
2022,MARZO,LIMA,FEMENINO,36 a 45,3859
2022,MARZO,LIMA,FEMENINO,46 a 55,2573
2022,MARZO,LIMA,FEMENINO,56 a mas,2644
2022,MARZO,LIMA,MASCULINO,18 a 25,7220
2022,MARZO,LIMA,MASCULINO,26 a 35,10089
2022,MARZO,LIMA,MASCULINO,36 a 45,6814
2022,MARZO,LIMA,MASCULINO,46 a 55,3866
2022,MARZO,LIMA,MASCULINO,56 a mas,3474
2022,MARZO,LORETO,FEMENINO,18 a 25,325
2022,MARZO,LORETO,FEMENINO,26 a 35,381
2022,MARZO,LORETO,FEMENINO,36 a 45,226
2022,MARZO,LORETO,FEMENINO,46 a 55,147
2022,MARZO,LORETO,FEMENINO,56 a mas,123
2022,MARZO,LORETO,MASCULINO,18 a 25,762
2022,MARZO,LORETO,MASCULINO,26 a 35,794
2022,MARZO,LORETO,MASCULINO,36 a 45,442
2022,MARZO,LORETO,MASCULINO,46 a 55,237
2022,MARZO,LORETO,MASCULINO,56 a mas,201
2022,MARZO,MADRE DE DIOS,FEMENINO,18 a 25,126
2022,MARZO,MADRE DE DIOS,FEMENINO,26 a 35,187
2022,MARZO,MADRE DE DIOS,FEMENINO,36 a 45,108
2022,MARZO,MADRE DE DIOS,FEMENINO,46 a 55,65
2022,MARZO,MADRE DE DIOS,FEMENINO,56 a mas,31
2022,MARZO,MADRE DE DIOS,MASCULINO,18 a 25,183
2022,MARZO,MADRE DE DIOS,MASCULINO,26 a 35,311
2022,MARZO,MADRE DE DIOS,MASCULINO,36 a 45,190
2022,MARZO,MADRE DE DIOS,MASCULINO,46 a 55,96
2022,MARZO,MADRE DE DIOS,MASCULINO,56 a mas,80
2022,MARZO,MALASIA,MASCULINO,56 a mas,1
2022,MARZO,MEXICO,FEMENINO,26 a 35,1
2022,MARZO,MEXICO,FEMENINO,36 a 45,1
2022,MARZO,MEXICO,FEMENINO,56 a mas,2
2022,MARZO,MEXICO,MASCULINO,26 a 35,1
2022,MARZO,MEXICO,MASCULINO,36 a 45,1
2022,MARZO,MEXICO,MASCULINO,46 a 55,1
2022,MARZO,MEXICO,MASCULINO,56 a mas,2
2022,MARZO,MOQUEGUA,FEMENINO,18 a 25,91
2022,MARZO,MOQUEGUA,FEMENINO,26 a 35,107
2022,MARZO,MOQUEGUA,FEMENINO,36 a 45,95
2022,MARZO,MOQUEGUA,FEMENINO,46 a 55,70
2022,MARZO,MOQUEGUA,FEMENINO,56 a mas,50
2022,MARZO,MOQUEGUA,MASCULINO,18 a 25,122
2022,MARZO,MOQUEGUA,MASCULINO,26 a 35,186
2022,MARZO,MOQUEGUA,MASCULINO,36 a 45,105
2022,MARZO,MOQUEGUA,MASCULINO,46 a 55,85
2022,MARZO,MOQUEGUA,MASCULINO,56 a mas,67
2022,MARZO,NORUEGA,MASCULINO,36 a 45,1
2022,MARZO,NUEVA ZELANDA,MASCULINO,56 a mas,1
2022,MARZO,PARAGUAY,FEMENINO,56 a mas,1
2022,MARZO,PARAGUAY,MASCULINO,56 a mas,2
2022,MARZO,PASCO,FEMENINO,18 a 25,79
2022,MARZO,PASCO,FEMENINO,26 a 35,86
2022,MARZO,PASCO,FEMENINO,36 a 45,55
2022,MARZO,PASCO,FEMENINO,46 a 55,32
2022,MARZO,PASCO,FEMENINO,56 a mas,23
2022,MARZO,PASCO,MASCULINO,18 a 25,190
2022,MARZO,PASCO,MASCULINO,26 a 35,263
2022,MARZO,PASCO,MASCULINO,36 a 45,110
2022,MARZO,PASCO,MASCULINO,46 a 55,65
2022,MARZO,PASCO,MASCULINO,56 a mas,45
2022,MARZO,PIURA,FEMENINO,18 a 25,687
2022,MARZO,PIURA,FEMENINO,26 a 35,890
2022,MARZO,PIURA,FEMENINO,36 a 45,529
2022,MARZO,PIURA,FEMENINO,46 a 55,342
2022,MARZO,PIURA,FEMENINO,56 a mas,299
2022,MARZO,PIURA,MASCULINO,18 a 25,1107
2022,MARZO,PIURA,MASCULINO,26 a 35,1212
2022,MARZO,PIURA,MASCULINO,36 a 45,631
2022,MARZO,PIURA,MASCULINO,46 a 55,315
2022,MARZO,PIURA,MASCULINO,56 a mas,266
2022,MARZO,PORTUGAL,MASCULINO,46 a 55,1
2022,MARZO,PORTUGAL,MASCULINO,56 a mas,1
2022,MARZO,PUNO,FEMENINO,18 a 25,436
2022,MARZO,PUNO,FEMENINO,26 a 35,447
2022,MARZO,PUNO,FEMENINO,36 a 45,257
2022,MARZO,PUNO,FEMENINO,46 a 55,177
2022,MARZO,PUNO,FEMENINO,56 a mas,159
2022,MARZO,PUNO,MASCULINO,18 a 25,833
2022,MARZO,PUNO,MASCULINO,26 a 35,1001
2022,MARZO,PUNO,MASCULINO,36 a 45,518
2022,MARZO,PUNO,MASCULINO,46 a 55,238
2022,MARZO,PUNO,MASCULINO,56 a mas,172
2022,MARZO,REPUBLICA DE COREA,FEMENINO,26 a 35,1
2022,MARZO,REPUBLICA DE COREA,MASCULINO,26 a 35,1
2022,MARZO,REPUBLICA DE PANAMA,FEMENINO,26 a 35,1
2022,MARZO,REPUBLICA DE PANAMA,FEMENINO,36 a 45,1
2022,MARZO,REPUBLICA DE PANAMA,MASCULINO,26 a 35,1
2022,MARZO,REPUBLICA DE PANAMA,MASCULINO,36 a 45,1
2022,MARZO,REPUBLICA DE PANAMA,MASCULINO,56 a mas,1
2022,MARZO,REPUBLICA DOMINICANA,MASCULINO,18 a 25,1
2022,MARZO,REPUBLICA DOMINICANA,MASCULINO,46 a 55,1
2022,MARZO,REPUBLICA POPULAR CHINA,MASCULINO,26 a 35,1
2022,MARZO,REPUBLICA POPULAR CHINA,MASCULINO,56 a mas,1
2022,MARZO,SAN MARTIN,FEMENINO,18 a 25,157
2022,MARZO,SAN MARTIN,FEMENINO,26 a 35,175
2022,MARZO,SAN MARTIN,FEMENINO,36 a 45,89
2022,MARZO,SAN MARTIN,FEMENINO,46 a 55,67
2022,MARZO,SAN MARTIN,FEMENINO,56 a mas,54
2022,MARZO,SAN MARTIN,MASCULINO,18 a 25,321
2022,MARZO,SAN MARTIN,MASCULINO,26 a 35,333
2022,MARZO,SAN MARTIN,MASCULINO,36 a 45,186
2022,MARZO,SAN MARTIN,MASCULINO,46 a 55,89
2022,MARZO,SAN MARTIN,MASCULINO,56 a mas,95
2022,MARZO,SUECIA,FEMENINO,36 a 45,2
2022,MARZO,SUECIA,FEMENINO,56 a mas,1
2022,MARZO,SUECIA,MASCULINO,56 a mas,2
2022,MARZO,SUIZA,FEMENINO,36 a 45,2
2022,MARZO,SUIZA,FEMENINO,46 a 55,4
2022,MARZO,SUIZA,FEMENINO,56 a mas,2
2022,MARZO,SUIZA,MASCULINO,26 a 35,1
2022,MARZO,SUIZA,MASCULINO,56 a mas,5
2022,MARZO,TACNA,FEMENINO,18 a 25,111
2022,MARZO,TACNA,FEMENINO,26 a 35,192
2022,MARZO,TACNA,FEMENINO,36 a 45,122
2022,MARZO,TACNA,FEMENINO,46 a 55,89
2022,MARZO,TACNA,FEMENINO,56 a mas,80
2022,MARZO,TACNA,MASCULINO,18 a 25,195
2022,MARZO,TACNA,MASCULINO,26 a 35,293
2022,MARZO,TACNA,MASCULINO,36 a 45,206
2022,MARZO,TACNA,MASCULINO,46 a 55,150
2022,MARZO,TACNA,MASCULINO,56 a mas,124
2022,MARZO,TUMBES,FEMENINO,18 a 25,126
2022,MARZO,TUMBES,FEMENINO,26 a 35,110
2022,MARZO,TUMBES,FEMENINO,36 a 45,72
2022,MARZO,TUMBES,FEMENINO,46 a 55,31
2022,MARZO,TUMBES,FEMENINO,56 a mas,45
2022,MARZO,TUMBES,MASCULINO,18 a 25,250
2022,MARZO,TUMBES,MASCULINO,26 a 35,225
2022,MARZO,TUMBES,MASCULINO,36 a 45,123
2022,MARZO,TUMBES,MASCULINO,46 a 55,105
2022,MARZO,TUMBES,MASCULINO,56 a mas,80
2022,MARZO,UCAYALI,FEMENINO,18 a 25,288
2022,MARZO,UCAYALI,FEMENINO,26 a 35,293
2022,MARZO,UCAYALI,FEMENINO,36 a 45,174
2022,MARZO,UCAYALI,FEMENINO,46 a 55,102
2022,MARZO,UCAYALI,FEMENINO,56 a mas,74
2022,MARZO,UCAYALI,MASCULINO,18 a 25,400
2022,MARZO,UCAYALI,MASCULINO,26 a 35,453
2022,MARZO,UCAYALI,MASCULINO,36 a 45,304
2022,MARZO,UCAYALI,MASCULINO,46 a 55,178
2022,MARZO,UCAYALI,MASCULINO,56 a mas,102
2022,MARZO,URUGUAY,FEMENINO,18 a 25,1
2022,MARZO,URUGUAY,FEMENINO,56 a mas,1
2022,MARZO,URUGUAY,MASCULINO,36 a 45,1
2022,MARZO,URUGUAY,MASCULINO,46 a 55,1
2022,MARZO,URUGUAY,MASCULINO,56 a mas,1
2022,MARZO,VENEZUELA,FEMENINO,46 a 55,1
2022,MARZO,VENEZUELA,FEMENINO,56 a mas,2
2022,MARZO,VENEZUELA,MASCULINO,18 a 25,1
2022,MARZO,VENEZUELA,MASCULINO,26 a 35,1
2022,MARZO,VENEZUELA,MASCULINO,36 a 45,4
2022,MARZO,VENEZUELA,MASCULINO,46 a 55,1
2022,MARZO,VENEZUELA,MASCULINO,56 a mas,6
2022,MARZO,VIETNAM,MASCULINO,46 a 55,1
2022,ABRIL,MOQUEGUA,MASCULINO,46 a 55,47
2022,ABRIL,MOQUEGUA,MASCULINO,56 a mas,44
2022,ABRIL,NUEVA ZELANDA,MASCULINO,46 a 55,1
2022,ABRIL,PARAGUAY,FEMENINO,56 a mas,1
2022,ABRIL,PARAGUAY,MASCULINO,36 a 45,1
2022,ABRIL,PARAGUAY,MASCULINO,56 a mas,1
2022,ABRIL,PASCO,FEMENINO,18 a 25,39
2022,ABRIL,PASCO,FEMENINO,26 a 35,46
2022,ABRIL,PASCO,FEMENINO,36 a 45,33
2022,ABRIL,PASCO,FEMENINO,46 a 55,10
2022,ABRIL,PASCO,FEMENINO,56 a mas,18
2022,ABRIL,PASCO,MASCULINO,18 a 25,101
2022,ABRIL,PASCO,MASCULINO,26 a 35,149
2022,ABRIL,PASCO,MASCULINO,36 a 45,76
2022,ABRIL,PASCO,MASCULINO,46 a 55,38
2022,ABRIL,PASCO,MASCULINO,56 a mas,23
2022,ABRIL,PIURA,FEMENINO,18 a 25,460
2022,ABRIL,PIURA,FEMENINO,26 a 35,863
2022,ABRIL,PIURA,FEMENINO,36 a 45,538
2022,ABRIL,PIURA,FEMENINO,46 a 55,342
2022,ABRIL,PIURA,FEMENINO,56 a mas,278
2022,ABRIL,PIURA,MASCULINO,18 a 25,633
2022,ABRIL,PIURA,MASCULINO,26 a 35,723
2022,ABRIL,PIURA,MASCULINO,36 a 45,419
2022,ABRIL,PIURA,MASCULINO,46 a 55,242
2022,ABRIL,PIURA,MASCULINO,56 a mas,207
2022,ABRIL,PORTUGAL,MASCULINO,26 a 35,1
2022,ABRIL,PUERTO RICO,MASCULINO,56 a mas,1
2022,ABRIL,PUNO,FEMENINO,18 a 25,287
2022,ABRIL,PUNO,FEMENINO,26 a 35,331
2022,ABRIL,PUNO,FEMENINO,36 a 45,192
2022,ABRIL,PUNO,FEMENINO,46 a 55,127
2022,ABRIL,PUNO,FEMENINO,56 a mas,80
2022,ABRIL,PUNO,MASCULINO,18 a 25,556
2022,ABRIL,PUNO,MASCULINO,26 a 35,691
2022,ABRIL,PUNO,MASCULINO,36 a 45,336
2022,ABRIL,PUNO,MASCULINO,46 a 55,167
2022,ABRIL,PUNO,MASCULINO,56 a mas,127
2022,ABRIL,REPUBLICA DE PANAMA,FEMENINO,56 a mas,1
2022,ABRIL,REPUBLICA DE PANAMA,MASCULINO,36 a 45,1
2022,ABRIL,REPUBLICA DE PANAMA,MASCULINO,56 a mas,2
2022,ABRIL,ESTADOS UNIDOS DE AMERICA,FEMENINO,36 a 45,26
2022,ABRIL,ESTADOS UNIDOS DE AMERICA,FEMENINO,46 a 55,45
2022,ABRIL,ESTADOS UNIDOS DE AMERICA,FEMENINO,56 a mas,77
2022,ABRIL,ESTADOS UNIDOS DE AMERICA,MASCULINO,18 a 25,4
2022,ABRIL,ESTADOS UNIDOS DE AMERICA,MASCULINO,26 a 35,11
2022,ABRIL,ESTADOS UNIDOS DE AMERICA,MASCULINO,36 a 45,29
2022,ABRIL,ESTADOS UNIDOS DE AMERICA,MASCULINO,46 a 55,35
2022,ABRIL,ESTADOS UNIDOS DE AMERICA,MASCULINO,56 a mas,86
2022,ABRIL,FRANCIA,FEMENINO,36 a 45,4
2022,ABRIL,FRANCIA,FEMENINO,46 a 55,1
2022,ABRIL,FRANCIA,FEMENINO,56 a mas,2
2022,ABRIL,FRANCIA,MASCULINO,18 a 25,1
2022,ABRIL,FRANCIA,MASCULINO,26 a 35,1
2022,ABRIL,FRANCIA,MASCULINO,46 a 55,1
2022,ABRIL,GRAN BRETAÑA,FEMENINO,18 a 25,1
2022,ABRIL,GRAN BRETAÑA,FEMENINO,26 a 35,2
2022,ABRIL,GRAN BRETAÑA,FEMENINO,36 a 45,2
2022,ABRIL,GRAN BRETAÑA,FEMENINO,56 a mas,1
2022,ABRIL,GRAN BRETAÑA,MASCULINO,18 a 25,1
2022,ABRIL,GRAN BRETAÑA,MASCULINO,26 a 35,3
2022,ABRIL,GRAN BRETAÑA,MASCULINO,36 a 45,2
2022,ABRIL,GRAN BRETAÑA,MASCULINO,46 a 55,1
2022,ABRIL,GRAN BRETAÑA,MASCULINO,56 a mas,2
2022,ABRIL,GRAN DUCADO DE LUXEMBURGO,FEMENINO,56 a mas,1
2022,ABRIL,GUATEMALA,MASCULINO,26 a 35,1
2022,ABRIL,GUATEMALA,MASCULINO,56 a mas,1
2022,ABRIL,GUAYANA FRANCESA,MASCULINO,56 a mas,1
2022,ABRIL,HOLANDA,FEMENINO,36 a 45,1
2022,ABRIL,HOLANDA,MASCULINO,46 a 55,1
2022,ABRIL,HUANCAVELICA,FEMENINO,18 a 25,101
2022,ABRIL,HUANCAVELICA,FEMENINO,26 a 35,94
2022,ABRIL,HUANCAVELICA,FEMENINO,36 a 45,50
2022,ABRIL,HUANCAVELICA,FEMENINO,46 a 55,29
2022,ABRIL,HUANCAVELICA,FEMENINO,56 a mas,32
2022,ABRIL,HUANCAVELICA,MASCULINO,18 a 25,221
2022,ABRIL,ALEMANIA,FEMENINO,36 a 45,3
2022,ABRIL,ALEMANIA,FEMENINO,46 a 55,3
2022,ABRIL,ALEMANIA,FEMENINO,56 a mas,3
2022,ABRIL,ALEMANIA,MASCULINO,26 a 35,2
2022,ABRIL,ALEMANIA,MASCULINO,36 a 45,1
2022,ABRIL,ALEMANIA,MASCULINO,46 a 55,2
2022,ABRIL,ALEMANIA,MASCULINO,56 a mas,2
2022,ABRIL,AMAZONAS,FEMENINO,18 a 25,57
2022,ABRIL,AMAZONAS,FEMENINO,26 a 35,51
2022,ABRIL,AMAZONAS,FEMENINO,36 a 45,31
2022,ABRIL,AMAZONAS,FEMENINO,46 a 55,8
2022,ABRIL,AMAZONAS,FEMENINO,56 a mas,23
2022,ABRIL,AMAZONAS,MASCULINO,18 a 25,137
2022,ABRIL,AMAZONAS,MASCULINO,26 a 35,125
2022,ABRIL,AMAZONAS,MASCULINO,36 a 45,58
2022,ABRIL,AMAZONAS,MASCULINO,46 a 55,39
2022,ABRIL,AMAZONAS,MASCULINO,56 a mas,31
2022,ABRIL,ANCASH,FEMENINO,18 a 25,218
2022,ABRIL,ANCASH,FEMENINO,26 a 35,268
2022,ABRIL,ANCASH,FEMENINO,36 a 45,149
2022,ABRIL,ANCASH,FEMENINO,46 a 55,100
2022,ABRIL,ANCASH,FEMENINO,56 a mas,89
2022,ABRIL,ANCASH,MASCULINO,18 a 25,392
2022,ABRIL,ANCASH,MASCULINO,26 a 35,488
2022,ABRIL,ANCASH,MASCULINO,36 a 45,288
2022,ABRIL,ANCASH,MASCULINO,46 a 55,178
2022,ABRIL,ANCASH,MASCULINO,56 a mas,160
2022,ABRIL,ANTILLAS HOLANDESAS,FEMENINO,46 a 55,1
2022,ABRIL,ANTILLAS HOLANDESAS,MASCULINO,46 a 55,1
2022,ABRIL,APURIMAC,FEMENINO,18 a 25,99
2022,ABRIL,APURIMAC,FEMENINO,26 a 35,126
2022,ABRIL,APURIMAC,FEMENINO,36 a 45,59
2022,ABRIL,APURIMAC,FEMENINO,46 a 55,44
2022,ABRIL,APURIMAC,FEMENINO,56 a mas,40
2022,ABRIL,APURIMAC,MASCULINO,18 a 25,257
2022,ABRIL,APURIMAC,MASCULINO,26 a 35,266
2022,ABRIL,APURIMAC,MASCULINO,36 a 45,133
2022,ABRIL,APURIMAC,MASCULINO,46 a 55,82
2022,ABRIL,APURIMAC,MASCULINO,56 a mas,58
2022,ABRIL,AREQUIPA,FEMENINO,18 a 25,329
2022,ABRIL,REPUBLICA POPULAR CHINA,FEMENINO,56 a mas,1
2022,ABRIL,REPUBLICA POPULAR CHINA,MASCULINO,56 a mas,1
2022,ABRIL,REPUBLICA TUNECINA,FEMENINO,46 a 55,1
2022,ABRIL,SAN MARTIN,FEMENINO,18 a 25,126
2022,ABRIL,SAN MARTIN,FEMENINO,26 a 35,106
2022,ABRIL,SAN MARTIN,FEMENINO,36 a 45,71
2022,ABRIL,SAN MARTIN,FEMENINO,46 a 55,43
2022,ABRIL,SAN MARTIN,FEMENINO,56 a mas,57
2022,ABRIL,SAN MARTIN,MASCULINO,18 a 25,175
2022,ABRIL,SAN MARTIN,MASCULINO,26 a 35,240
2022,ABRIL,SAN MARTIN,MASCULINO,36 a 45,137
2022,ABRIL,SAN MARTIN,MASCULINO,46 a 55,76
2022,ABRIL,SAN MARTIN,MASCULINO,56 a mas,91
2022,ABRIL,SUECIA,FEMENINO,46 a 55,1
2022,ABRIL,SUECIA,FEMENINO,56 a mas,1
2022,ABRIL,SUECIA,MASCULINO,26 a 35,2
2022,ABRIL,SUECIA,MASCULINO,36 a 45,1
2022,ABRIL,SUIZA,FEMENINO,26 a 35,1
2022,ABRIL,SUIZA,FEMENINO,36 a 45,2
2022,ABRIL,SUIZA,FEMENINO,46 a 55,2
2022,ABRIL,SUIZA,FEMENINO,56 a mas,2
2022,ABRIL,SUIZA,MASCULINO,46 a 55,1
2022,ABRIL,SUIZA,MASCULINO,56 a mas,1
2022,ABRIL,TACNA,FEMENINO,18 a 25,91
2022,ABRIL,TACNA,FEMENINO,26 a 35,95
2022,ABRIL,TACNA,FEMENINO,36 a 45,86
2022,ABRIL,TACNA,FEMENINO,46 a 55,58
2022,ABRIL,TACNA,FEMENINO,56 a mas,59
2022,ABRIL,TACNA,MASCULINO,18 a 25,120
2022,ABRIL,TACNA,MASCULINO,26 a 35,206
2022,ABRIL,TACNA,MASCULINO,36 a 45,139
2022,ABRIL,TACNA,MASCULINO,46 a 55,99
2022,ABRIL,TACNA,MASCULINO,56 a mas,77
2022,ABRIL,TUMBES,FEMENINO,18 a 25,53
2022,ABRIL,TUMBES,FEMENINO,26 a 35,56
2022,ABRIL,TUMBES,FEMENINO,36 a 45,49
2022,ABRIL,TUMBES,FEMENINO,46 a 55,27
2022,ABRIL,TUMBES,FEMENINO,56 a mas,25
2022,ABRIL,TUMBES,MASCULINO,18 a 25,158
2022,ABRIL,TUMBES,MASCULINO,26 a 35,138
2022,ABRIL,HUANCAVELICA,MASCULINO,26 a 35,210
2022,ABRIL,HUANCAVELICA,MASCULINO,36 a 45,101
2022,ABRIL,HUANCAVELICA,MASCULINO,46 a 55,63
2022,ABRIL,HUANCAVELICA,MASCULINO,56 a mas,54
2022,ABRIL,HUANUCO,FEMENINO,18 a 25,165
2022,ABRIL,HUANUCO,FEMENINO,26 a 35,150
2022,ABRIL,HUANUCO,FEMENINO,36 a 45,83
2022,ABRIL,HUANUCO,FEMENINO,46 a 55,61
2022,ABRIL,HUANUCO,FEMENINO,56 a mas,59
2022,ABRIL,HUANUCO,MASCULINO,18 a 25,286
2022,ABRIL,HUANUCO,MASCULINO,26 a 35,349
2022,ABRIL,HUANUCO,MASCULINO,36 a 45,195
2022,ABRIL,HUANUCO,MASCULINO,46 a 55,101
2022,ABRIL,HUANUCO,MASCULINO,56 a mas,103
2022,ABRIL,HUNGRIA,FEMENINO,26 a 35,1
2022,ABRIL,ICA,FEMENINO,18 a 25,279
2022,ABRIL,ICA,FEMENINO,26 a 35,357
2022,ABRIL,ICA,FEMENINO,36 a 45,230
2022,ABRIL,ICA,FEMENINO,46 a 55,109
2022,ABRIL,ICA,FEMENINO,56 a mas,130
2022,ABRIL,ICA,MASCULINO,18 a 25,546
2022,ABRIL,ICA,MASCULINO,26 a 35,700
2022,ABRIL,ICA,MASCULINO,36 a 45,429
2022,ABRIL,ICA,MASCULINO,46 a 55,228
2022,ABRIL,ICA,MASCULINO,56 a mas,210
2022,ABRIL,IRLANDA,MASCULINO,36 a 45,2
2022,ABRIL,ITALIA,FEMENINO,18 a 25,2
2022,ABRIL,ITALIA,FEMENINO,26 a 35,6
2022,ABRIL,ITALIA,FEMENINO,36 a 45,9
2022,ABRIL,ITALIA,FEMENINO,46 a 55,20
2022,ABRIL,ITALIA,FEMENINO,56 a mas,21
2022,ABRIL,ITALIA,MASCULINO,18 a 25,1
2022,ABRIL,ITALIA,MASCULINO,26 a 35,9
2022,ABRIL,ITALIA,MASCULINO,36 a 45,8
2022,ABRIL,ITALIA,MASCULINO,46 a 55,17
2022,ABRIL,ITALIA,MASCULINO,56 a mas,7
2022,ABRIL,JAPON,FEMENINO,18 a 25,1
2022,ABRIL,JAPON,FEMENINO,26 a 35,2
2022,ABRIL,JAPON,FEMENINO,36 a 45,3
2022,ABRIL,JAPON,FEMENINO,46 a 55,7
2022,ABRIL,JAPON,FEMENINO,56 a mas,5
2022,ABRIL,JAPON,MASCULINO,26 a 35,5
2022,ABRIL,AREQUIPA,FEMENINO,26 a 35,522
2022,ABRIL,AREQUIPA,FEMENINO,36 a 45,307
2022,ABRIL,AREQUIPA,FEMENINO,46 a 55,173
2022,ABRIL,AREQUIPA,FEMENINO,56 a mas,214
2022,ABRIL,AREQUIPA,MASCULINO,18 a 25,770
2022,ABRIL,AREQUIPA,MASCULINO,26 a 35,1177
2022,ABRIL,AREQUIPA,MASCULINO,36 a 45,670
2022,ABRIL,AREQUIPA,MASCULINO,46 a 55,347
2022,ABRIL,AREQUIPA,MASCULINO,56 a mas,281
2022,ABRIL,ARGENTINA,FEMENINO,18 a 25,3
2022,ABRIL,ARGENTINA,FEMENINO,26 a 35,9
2022,ABRIL,ARGENTINA,FEMENINO,36 a 45,7
2022,ABRIL,ARGENTINA,FEMENINO,46 a 55,17
2022,ABRIL,ARGENTINA,FEMENINO,56 a mas,11
2022,ABRIL,ARGENTINA,MASCULINO,18 a 25,7
2022,ABRIL,ARGENTINA,MASCULINO,26 a 35,20
2022,ABRIL,ARGENTINA,MASCULINO,36 a 45,14
2022,ABRIL,ARGENTINA,MASCULINO,46 a 55,11
2022,ABRIL,ARGENTINA,MASCULINO,56 a mas,6
2022,ABRIL,AUSTRALIA,FEMENINO,36 a 45,2
2022,ABRIL,AUSTRALIA,FEMENINO,46 a 55,1
2022,ABRIL,AUSTRALIA,FEMENINO,56 a mas,2
2022,ABRIL,AUSTRALIA,MASCULINO,26 a 35,1
2022,ABRIL,AUSTRALIA,MASCULINO,36 a 45,1
2022,ABRIL,AUSTRALIA,MASCULINO,46 a 55,1
2022,ABRIL,AUSTRALIA,MASCULINO,56 a mas,3
2022,ABRIL,AYACUCHO,FEMENINO,18 a 25,201
2022,ABRIL,AYACUCHO,FEMENINO,26 a 35,219
2022,ABRIL,AYACUCHO,FEMENINO,36 a 45,125
2022,ABRIL,AYACUCHO,FEMENINO,46 a 55,84
2022,ABRIL,AYACUCHO,FEMENINO,56 a mas,74
2022,ABRIL,AYACUCHO,MASCULINO,18 a 25,384
2022,ABRIL,AYACUCHO,MASCULINO,26 a 35,405
2022,ABRIL,AYACUCHO,MASCULINO,36 a 45,215
2022,ABRIL,AYACUCHO,MASCULINO,46 a 55,120
2022,ABRIL,AYACUCHO,MASCULINO,56 a mas,102
2022,ABRIL,BELGICA,FEMENINO,36 a 45,4
2022,ABRIL,BELGICA,FEMENINO,46 a 55,1
2022,ABRIL,BELGICA,FEMENINO,56 a mas,2
2022,ABRIL,JAPON,MASCULINO,36 a 45,4
2022,ABRIL,JAPON,MASCULINO,46 a 55,6
2022,ABRIL,JAPON,MASCULINO,56 a mas,2
2022,ABRIL,JUNIN,FEMENINO,18 a 25,330
2022,ABRIL,JUNIN,FEMENINO,26 a 35,365
2022,ABRIL,JUNIN,FEMENINO,36 a 45,203
2022,ABRIL,JUNIN,FEMENINO,46 a 55,142
2022,ABRIL,JUNIN,FEMENINO,56 a mas,150
2022,ABRIL,JUNIN,MASCULINO,18 a 25,584
2022,ABRIL,JUNIN,MASCULINO,26 a 35,784
2022,ABRIL,JUNIN,MASCULINO,36 a 45,393
2022,ABRIL,JUNIN,MASCULINO,46 a 55,271
2022,ABRIL,JUNIN,MASCULINO,56 a mas,207
2022,ABRIL,LA LIBERTAD,FEMENINO,18 a 25,435
2022,ABRIL,LA LIBERTAD,FEMENINO,26 a 35,510
2022,ABRIL,LA LIBERTAD,FEMENINO,36 a 45,299
2022,ABRIL,LA LIBERTAD,FEMENINO,46 a 55,225
2022,ABRIL,LA LIBERTAD,FEMENINO,56 a mas,229
2022,ABRIL,LA LIBERTAD,MASCULINO,18 a 25,713
2022,ABRIL,LA LIBERTAD,MASCULINO,26 a 35,896
2022,ABRIL,LA LIBERTAD,MASCULINO,36 a 45,502
2022,ABRIL,LA LIBERTAD,MASCULINO,46 a 55,332
2022,ABRIL,LA LIBERTAD,MASCULINO,56 a mas,286
2022,ABRIL,LAMBAYEQUE,FEMENINO,18 a 25,354
2022,ABRIL,LAMBAYEQUE,FEMENINO,26 a 35,380
2022,ABRIL,LAMBAYEQUE,FEMENINO,36 a 45,190
2022,ABRIL,LAMBAYEQUE,FEMENINO,46 a 55,137
2022,ABRIL,LAMBAYEQUE,FEMENINO,56 a mas,139
2022,ABRIL,LAMBAYEQUE,MASCULINO,18 a 25,542
2022,ABRIL,LAMBAYEQUE,MASCULINO,26 a 35,672
2022,ABRIL,LAMBAYEQUE,MASCULINO,36 a 45,390
2022,ABRIL,LAMBAYEQUE,MASCULINO,46 a 55,225
2022,ABRIL,LAMBAYEQUE,MASCULINO,56 a mas,213
2022,ABRIL,LIMA,FEMENINO,18 a 25,3016
2022,ABRIL,LIMA,FEMENINO,26 a 35,4030
2022,ABRIL,LIMA,FEMENINO,36 a 45,2550
2022,ABRIL,LIMA,FEMENINO,46 a 55,1816
2022,ABRIL,LIMA,FEMENINO,56 a mas,1859
2022,ABRIL,LIMA,MASCULINO,18 a 25,4740
2022,ABRIL,LIMA,MASCULINO,26 a 35,7036
2022,ABRIL,BOLIVIA,MASCULINO,26 a 35,1
2022,ABRIL,BOLIVIA,MASCULINO,36 a 45,1
2022,ABRIL,BOLIVIA,MASCULINO,46 a 55,3
2022,ABRIL,BRASIL,FEMENINO,26 a 35,1
2022,ABRIL,BRASIL,FEMENINO,56 a mas,1
2022,ABRIL,BRASIL,MASCULINO,18 a 25,2
2022,ABRIL,BRASIL,MASCULINO,26 a 35,5
2022,ABRIL,BRASIL,MASCULINO,36 a 45,7
2022,ABRIL,BRASIL,MASCULINO,46 a 55,2
2022,ABRIL,BRASIL,MASCULINO,56 a mas,2
2022,ABRIL,CAJAMARCA,FEMENINO,18 a 25,202
2022,ABRIL,CAJAMARCA,FEMENINO,26 a 35,204
2022,ABRIL,CAJAMARCA,FEMENINO,36 a 45,116
2022,ABRIL,CAJAMARCA,FEMENINO,46 a 55,99
2022,ABRIL,CAJAMARCA,FEMENINO,56 a mas,81
2022,ABRIL,CAJAMARCA,MASCULINO,18 a 25,339
2022,ABRIL,CAJAMARCA,MASCULINO,26 a 35,439
2022,ABRIL,CAJAMARCA,MASCULINO,36 a 45,225
2022,ABRIL,CAJAMARCA,MASCULINO,46 a 55,148
2022,ABRIL,CAJAMARCA,MASCULINO,56 a mas,156
2022,ABRIL,CALLAO,FEMENINO,18 a 25,411
2022,ABRIL,CALLAO,FEMENINO,26 a 35,482
2022,ABRIL,CALLAO,FEMENINO,36 a 45,346
2022,ABRIL,CALLAO,FEMENINO,46 a 55,174
2022,ABRIL,CALLAO,FEMENINO,56 a mas,178
2022,ABRIL,CALLAO,MASCULINO,18 a 25,626
2022,ABRIL,CALLAO,MASCULINO,26 a 35,831
2022,ABRIL,CALLAO,MASCULINO,36 a 45,478
2022,ABRIL,CALLAO,MASCULINO,46 a 55,265
2022,ABRIL,CALLAO,MASCULINO,56 a mas,202
2022,ABRIL,CANADA,FEMENINO,26 a 35,1
2022,ABRIL,CANADA,FEMENINO,46 a 55,2
2022,ABRIL,CANADA,FEMENINO,56 a mas,5
2022,ABRIL,CANADA,MASCULINO,26 a 35,4
2022,ABRIL,CANADA,MASCULINO,36 a 45,1
2022,ABRIL,CANADA,MASCULINO,46 a 55,6
2022,ABRIL,CANADA,MASCULINO,56 a mas,4
2022,ABRIL,CHILE,FEMENINO,18 a 25,3
2022,ABRIL,CHILE,FEMENINO,26 a 35,10
2022,ABRIL,CHILE,FEMENINO,36 a 45,6
2022,ABRIL,CHILE,FEMENINO,46 a 55,15
2022,ABRIL,TUMBES,MASCULINO,36 a 45,101
2022,ABRIL,TUMBES,MASCULINO,46 a 55,74
2022,ABRIL,TUMBES,MASCULINO,56 a mas,46
2022,ABRIL,UCAYALI,FEMENINO,18 a 25,138
2022,ABRIL,UCAYALI,FEMENINO,26 a 35,174
2022,ABRIL,UCAYALI,FEMENINO,36 a 45,115
2022,ABRIL,UCAYALI,FEMENINO,46 a 55,65
2022,ABRIL,UCAYALI,FEMENINO,56 a mas,40
2022,ABRIL,UCAYALI,MASCULINO,18 a 25,266
2022,ABRIL,UCAYALI,MASCULINO,26 a 35,314
2022,ABRIL,UCAYALI,MASCULINO,36 a 45,188
2022,ABRIL,UCAYALI,MASCULINO,46 a 55,112
2022,ABRIL,UCAYALI,MASCULINO,56 a mas,94
2022,ABRIL,UCRANIA,MASCULINO,26 a 35,1
2022,ABRIL,VENEZUELA,FEMENINO,18 a 25,1
2022,ABRIL,VENEZUELA,FEMENINO,36 a 45,1
2022,ABRIL,VENEZUELA,MASCULINO,18 a 25,1
2022,ABRIL,VENEZUELA,MASCULINO,26 a 35,1
2022,ABRIL,VENEZUELA,MASCULINO,36 a 45,4
2022,ABRIL,VENEZUELA,MASCULINO,46 a 55,2
2022,ABRIL,VENEZUELA,MASCULINO,56 a mas,4
2022,ABRIL,LIMA,MASCULINO,36 a 45,4714
2022,ABRIL,LIMA,MASCULINO,46 a 55,2729
2022,ABRIL,LIMA,MASCULINO,56 a mas,2477
2022,ABRIL,LORETO,FEMENINO,18 a 25,224
2022,ABRIL,LORETO,FEMENINO,26 a 35,309
2022,ABRIL,LORETO,FEMENINO,36 a 45,182
2022,ABRIL,LORETO,FEMENINO,46 a 55,73
2022,ABRIL,LORETO,FEMENINO,56 a mas,84
2022,ABRIL,LORETO,MASCULINO,18 a 25,434
2022,ABRIL,LORETO,MASCULINO,26 a 35,522
2022,ABRIL,LORETO,MASCULINO,36 a 45,312
2022,ABRIL,LORETO,MASCULINO,46 a 55,165
2022,ABRIL,LORETO,MASCULINO,56 a mas,104
2022,ABRIL,MADRE DE DIOS,FEMENINO,18 a 25,87
2022,ABRIL,MADRE DE DIOS,FEMENINO,26 a 35,119
2022,ABRIL,MADRE DE DIOS,FEMENINO,36 a 45,90
2022,ABRIL,MADRE DE DIOS,FEMENINO,46 a 55,45
2022,ABRIL,MADRE DE DIOS,FEMENINO,56 a mas,40
2022,ABRIL,MADRE DE DIOS,MASCULINO,18 a 25,117
2022,ABRIL,MADRE DE DIOS,MASCULINO,26 a 35,223
2022,ABRIL,MADRE DE DIOS,MASCULINO,36 a 45,168
2022,ABRIL,MADRE DE DIOS,MASCULINO,46 a 55,74
2022,ABRIL,MADRE DE DIOS,MASCULINO,56 a mas,53
2022,ABRIL,MEXICO,FEMENINO,36 a 45,1
2022,ABRIL,MEXICO,MASCULINO,18 a 25,1
2022,ABRIL,MEXICO,MASCULINO,36 a 45,2
2022,ABRIL,MEXICO,MASCULINO,46 a 55,2
2022,ABRIL,MEXICO,MASCULINO,56 a mas,2
2022,ABRIL,MOQUEGUA,FEMENINO,18 a 25,52
2022,ABRIL,MOQUEGUA,FEMENINO,26 a 35,70
2022,ABRIL,MOQUEGUA,FEMENINO,36 a 45,68
2022,ABRIL,MOQUEGUA,FEMENINO,46 a 55,30
2022,ABRIL,MOQUEGUA,FEMENINO,56 a mas,23
2022,ABRIL,MOQUEGUA,MASCULINO,18 a 25,63
2022,ABRIL,MOQUEGUA,MASCULINO,26 a 35,105
2022,ABRIL,MOQUEGUA,MASCULINO,36 a 45,80
2022,ABRIL,CHILE,FEMENINO,56 a mas,10
2022,ABRIL,CHILE,MASCULINO,18 a 25,6
2022,ABRIL,CHILE,MASCULINO,26 a 35,20
2022,ABRIL,CHILE,MASCULINO,36 a 45,15
2022,ABRIL,CHILE,MASCULINO,46 a 55,23
2022,ABRIL,CHILE,MASCULINO,56 a mas,7
2022,ABRIL,COLOMBIA,FEMENINO,56 a mas,1
2022,ABRIL,COLOMBIA,MASCULINO,56 a mas,1
2022,ABRIL,CUSCO,FEMENINO,18 a 25,453
2022,ABRIL,CUSCO,FEMENINO,26 a 35,529
2022,ABRIL,CUSCO,FEMENINO,36 a 45,328
2022,ABRIL,CUSCO,FEMENINO,46 a 55,226
2022,ABRIL,CUSCO,FEMENINO,56 a mas,180
2022,ABRIL,CUSCO,MASCULINO,18 a 25,888
2022,ABRIL,CUSCO,MASCULINO,26 a 35,1062
2022,ABRIL,CUSCO,MASCULINO,36 a 45,625
2022,ABRIL,CUSCO,MASCULINO,46 a 55,333
2022,ABRIL,CUSCO,MASCULINO,56 a mas,238
2022,ABRIL,DINAMARCA,FEMENINO,36 a 45,1
2022,ABRIL,DINAMARCA,FEMENINO,46 a 55,1
2022,ABRIL,ECUADOR,FEMENINO,18 a 25,1
2022,ABRIL,ECUADOR,FEMENINO,26 a 35,1
2022,ABRIL,ECUADOR,FEMENINO,56 a mas,1
2022,ABRIL,ECUADOR,MASCULINO,18 a 25,1
2022,ABRIL,ECUADOR,MASCULINO,36 a 45,1
2022,ABRIL,EMIRATOS ARABES UNIDOS,MASCULINO,26 a 35,1
2022,ABRIL,ESPAÑA,FEMENINO,26 a 35,9
2022,ABRIL,ESPAÑA,FEMENINO,36 a 45,26
2022,ABRIL,ESPAÑA,FEMENINO,46 a 55,25
2022,ABRIL,ESPAÑA,FEMENINO,56 a mas,20
2022,ABRIL,ESPAÑA,MASCULINO,18 a 25,3
2022,ABRIL,ESPAÑA,MASCULINO,26 a 35,9
2022,ABRIL,ESPAÑA,MASCULINO,36 a 45,21
2022,ABRIL,ESPAÑA,MASCULINO,46 a 55,18
2022,ABRIL,ESPAÑA,MASCULINO,56 a mas,14
2022,ABRIL,ESTADOS UNIDOS DE AMERICA,FEMENINO,18 a 25,6
2022,ABRIL,ESTADOS UNIDOS DE AMERICA,FEMENINO,26 a 35,14
2022,MAYO,ALEMANIA,FEMENINO,18 a 25,1
2022,MAYO,ALEMANIA,FEMENINO,26 a 35,1
2022,MAYO,ALEMANIA,FEMENINO,36 a 45,1
2022,MAYO,ALEMANIA,FEMENINO,46 a 55,2
2022,MAYO,ALEMANIA,FEMENINO,56 a mas,1
2022,MAYO,ALEMANIA,MASCULINO,18 a 25,1
2022,MAYO,ALEMANIA,MASCULINO,36 a 45,2
2022,MAYO,AMAZONAS,FEMENINO,18 a 25,68
2022,MAYO,AMAZONAS,FEMENINO,26 a 35,53
2022,MAYO,AMAZONAS,FEMENINO,36 a 45,31
2022,MAYO,AMAZONAS,FEMENINO,46 a 55,27
2022,MAYO,AMAZONAS,FEMENINO,56 a mas,25
2022,MAYO,AMAZONAS,MASCULINO,18 a 25,120
2022,MAYO,AMAZONAS,MASCULINO,26 a 35,112
2022,MAYO,AMAZONAS,MASCULINO,36 a 45,53
2022,MAYO,AMAZONAS,MASCULINO,46 a 55,39
2022,MAYO,AMAZONAS,MASCULINO,56 a mas,34
2022,MAYO,ANCASH,FEMENINO,18 a 25,192
2022,MAYO,ANCASH,FEMENINO,26 a 35,242
2022,MAYO,ANCASH,FEMENINO,36 a 45,141
2022,MAYO,ANCASH,FEMENINO,46 a 55,107
2022,MAYO,ANCASH,FEMENINO,56 a mas,102
2022,MAYO,ANCASH,MASCULINO,18 a 25,336
2022,MAYO,ANCASH,MASCULINO,26 a 35,466
2022,MAYO,ANCASH,MASCULINO,36 a 45,275
2022,MAYO,ANCASH,MASCULINO,46 a 55,176
2022,MAYO,ANCASH,MASCULINO,56 a mas,152
2022,MAYO,ANTILLAS HOLANDESAS,MASCULINO,36 a 45,1
2022,MAYO,APURIMAC,FEMENINO,18 a 25,93
2022,MAYO,APURIMAC,FEMENINO,26 a 35,118
2022,MAYO,APURIMAC,FEMENINO,36 a 45,90
2022,MAYO,APURIMAC,FEMENINO,46 a 55,37
2022,MAYO,APURIMAC,FEMENINO,56 a mas,43
2022,MAYO,APURIMAC,MASCULINO,18 a 25,224
2022,MAYO,APURIMAC,MASCULINO,26 a 35,297
2022,MAYO,APURIMAC,MASCULINO,36 a 45,145
2022,MAYO,APURIMAC,MASCULINO,46 a 55,103
2022,MAYO,APURIMAC,MASCULINO,56 a mas,65
2022,MAYO,AREQUIPA,FEMENINO,18 a 25,341
2022,MAYO,AREQUIPA,FEMENINO,26 a 35,458
2022,MAYO,AREQUIPA,FEMENINO,36 a 45,303
2022,MAYO,AREQUIPA,FEMENINO,46 a 55,210
2022,MAYO,AREQUIPA,FEMENINO,56 a mas,166
2022,MAYO,AREQUIPA,MASCULINO,18 a 25,585
2022,MAYO,AREQUIPA,MASCULINO,26 a 35,978
2022,MAYO,AREQUIPA,MASCULINO,36 a 45,636
2022,MAYO,AREQUIPA,MASCULINO,46 a 55,341
2022,MAYO,AREQUIPA,MASCULINO,56 a mas,293
2022,MAYO,ARGENTINA,FEMENINO,18 a 25,3
2022,MAYO,ARGENTINA,FEMENINO,26 a 35,5
2022,MAYO,ARGENTINA,FEMENINO,36 a 45,8
2022,MAYO,ARGENTINA,FEMENINO,46 a 55,10
2022,MAYO,ARGENTINA,FEMENINO,56 a mas,16
2022,MAYO,ARGENTINA,MASCULINO,18 a 25,5
2022,MAYO,ARGENTINA,MASCULINO,26 a 35,9
2022,MAYO,ARGENTINA,MASCULINO,36 a 45,23
2022,MAYO,ARGENTINA,MASCULINO,46 a 55,8
2022,MAYO,ARGENTINA,MASCULINO,56 a mas,10
2022,MAYO,AUSTRALIA,FEMENINO,36 a 45,1
2022,MAYO,AUSTRIA,FEMENINO,46 a 55,1
2022,MAYO,AYACUCHO,FEMENINO,18 a 25,212
2022,MAYO,AYACUCHO,FEMENINO,26 a 35,213
2022,MAYO,AYACUCHO,FEMENINO,36 a 45,100
2022,MAYO,AYACUCHO,FEMENINO,46 a 55,86
2022,MAYO,AYACUCHO,FEMENINO,56 a mas,82
2022,MAYO,AYACUCHO,MASCULINO,18 a 25,347
2022,MAYO,AYACUCHO,MASCULINO,26 a 35,410
2022,MAYO,AYACUCHO,MASCULINO,36 a 45,279
2022,MAYO,AYACUCHO,MASCULINO,46 a 55,113
2022,MAYO,AYACUCHO,MASCULINO,56 a mas,110
2022,MAYO,BELGICA,FEMENINO,46 a 55,1
2022,MAYO,BOLIVIA,FEMENINO,26 a 35,1
2022,MAYO,BOLIVIA,FEMENINO,56 a mas,1
2022,MAYO,BOLIVIA,MASCULINO,36 a 45,1
2022,MAYO,BOLIVIA,MASCULINO,56 a mas,2
2022,MAYO,BRASIL,FEMENINO,26 a 35,1
2022,MAYO,BRASIL,FEMENINO,36 a 45,1
2022,MAYO,BRASIL,FEMENINO,46 a 55,3
2022,MAYO,BRASIL,FEMENINO,56 a mas,2
2022,MAYO,BRASIL,MASCULINO,36 a 45,1
2022,MAYO,BRASIL,MASCULINO,46 a 55,3
2022,MAYO,BRASIL,MASCULINO,56 a mas,4
2022,MAYO,CAJAMARCA,FEMENINO,18 a 25,191
2022,MAYO,CAJAMARCA,FEMENINO,26 a 35,233
2022,MAYO,CAJAMARCA,FEMENINO,36 a 45,128
2022,MAYO,CAJAMARCA,FEMENINO,46 a 55,86
2022,MAYO,CAJAMARCA,FEMENINO,56 a mas,93
2022,MAYO,CAJAMARCA,MASCULINO,18 a 25,349
2022,MAYO,CAJAMARCA,MASCULINO,26 a 35,440
2022,MAYO,CAJAMARCA,MASCULINO,36 a 45,248
2022,MAYO,CAJAMARCA,MASCULINO,46 a 55,159
2022,MAYO,CAJAMARCA,MASCULINO,56 a mas,141
2022,MAYO,CALLAO,FEMENINO,18 a 25,344
2022,MAYO,CALLAO,FEMENINO,26 a 35,471
2022,MAYO,CALLAO,FEMENINO,36 a 45,322
2022,MAYO,CALLAO,FEMENINO,46 a 55,202
2022,MAYO,CALLAO,FEMENINO,56 a mas,180
2022,MAYO,CALLAO,MASCULINO,18 a 25,642
2022,MAYO,CALLAO,MASCULINO,26 a 35,847
2022,MAYO,CALLAO,MASCULINO,36 a 45,481
2022,MAYO,CALLAO,MASCULINO,46 a 55,251
2022,MAYO,CALLAO,MASCULINO,56 a mas,225
2022,MAYO,CANADA,FEMENINO,18 a 25,1
2022,MAYO,CANADA,FEMENINO,46 a 55,8
2022,MAYO,CANADA,FEMENINO,56 a mas,2
2022,MAYO,CANADA,MASCULINO,18 a 25,1
2022,MAYO,CANADA,MASCULINO,26 a 35,1
2022,MAYO,CANADA,MASCULINO,36 a 45,2
2022,MAYO,CANADA,MASCULINO,46 a 55,1
2022,MAYO,CANADA,MASCULINO,56 a mas,6
2022,MAYO,CHILE,FEMENINO,26 a 35,12
2022,MAYO,CHILE,FEMENINO,36 a 45,6
2022,MAYO,CHILE,FEMENINO,46 a 55,16
2022,MAYO,CHILE,FEMENINO,56 a mas,15
2022,MAYO,CHILE,MASCULINO,18 a 25,13
2022,MAYO,CHILE,MASCULINO,26 a 35,7
2022,MAYO,CHILE,MASCULINO,36 a 45,16
2022,MAYO,CHILE,MASCULINO,46 a 55,13
2022,MAYO,CHILE,MASCULINO,56 a mas,12
2022,MAYO,COLOMBIA,FEMENINO,36 a 45,1
2022,MAYO,COSTA RICA,MASCULINO,56 a mas,1
2022,MAYO,CUSCO,FEMENINO,18 a 25,361
2022,MAYO,CUSCO,FEMENINO,26 a 35,468
2022,MAYO,CUSCO,FEMENINO,36 a 45,304
2022,MAYO,CUSCO,FEMENINO,46 a 55,217
2022,MAYO,CUSCO,FEMENINO,56 a mas,175
2022,MAYO,CUSCO,MASCULINO,18 a 25,737
2022,MAYO,CUSCO,MASCULINO,26 a 35,994
2022,MAYO,CUSCO,MASCULINO,36 a 45,575
2022,MAYO,CUSCO,MASCULINO,46 a 55,308
2022,MAYO,CUSCO,MASCULINO,56 a mas,235
2022,MAYO,ECUADOR,FEMENINO,36 a 45,1
2022,MAYO,ECUADOR,MASCULINO,18 a 25,2
2022,MAYO,ECUADOR,MASCULINO,26 a 35,1
2022,MAYO,ECUADOR,MASCULINO,36 a 45,1
2022,MAYO,ECUADOR,MASCULINO,46 a 55,1
2022,MAYO,ESPAÑA,FEMENINO,18 a 25,3
2022,MAYO,ESPAÑA,FEMENINO,26 a 35,12
2022,MAYO,ESPAÑA,FEMENINO,36 a 45,18
2022,MAYO,ESPAÑA,FEMENINO,46 a 55,32
2022,MAYO,ESPAÑA,FEMENINO,56 a mas,24
2022,MAYO,ESPAÑA,MASCULINO,18 a 25,1
2022,MAYO,ESPAÑA,MASCULINO,26 a 35,3
2022,MAYO,ESPAÑA,MASCULINO,36 a 45,19
2022,MAYO,ESPAÑA,MASCULINO,46 a 55,23
2022,MAYO,ESPAÑA,MASCULINO,56 a mas,15
2022,MAYO,ESTADOS UNIDOS DE AMERICA,FEMENINO,26 a 35,16
2022,MAYO,ESTADOS UNIDOS DE AMERICA,FEMENINO,36 a 45,31
2022,MAYO,ESTADOS UNIDOS DE AMERICA,FEMENINO,46 a 55,33
2022,MAYO,ESTADOS UNIDOS DE AMERICA,FEMENINO,56 a mas,85
2022,MAYO,ESTADOS UNIDOS DE AMERICA,MASCULINO,18 a 25,3
2022,MAYO,ESTADOS UNIDOS DE AMERICA,MASCULINO,26 a 35,17
2022,MAYO,ESTADOS UNIDOS DE AMERICA,MASCULINO,36 a 45,26
2022,MAYO,ESTADOS UNIDOS DE AMERICA,MASCULINO,46 a 55,41
2022,MAYO,ESTADOS UNIDOS DE AMERICA,MASCULINO,56 a mas,77
2022,MAYO,FRANCIA,FEMENINO,18 a 25,1
2022,MAYO,FRANCIA,FEMENINO,26 a 35,1
2022,MAYO,FRANCIA,FEMENINO,36 a 45,3
2022,MAYO,FRANCIA,FEMENINO,46 a 55,1
2022,MAYO,FRANCIA,FEMENINO,56 a mas,2
2022,MAYO,FRANCIA,MASCULINO,26 a 35,1
2022,MAYO,FRANCIA,MASCULINO,36 a 45,1
2022,MAYO,FRANCIA,MASCULINO,46 a 55,1
2022,MAYO,FRANCIA,MASCULINO,56 a mas,1
2022,MAYO,GRAN BRETAÑA,FEMENINO,26 a 35,1
2022,MAYO,GRAN BRETAÑA,FEMENINO,36 a 45,2
2022,MAYO,GRAN BRETAÑA,FEMENINO,46 a 55,1
2022,MAYO,GRAN BRETAÑA,FEMENINO,56 a mas,2
2022,MAYO,GRAN BRETAÑA,MASCULINO,36 a 45,3
2022,MAYO,GRAN BRETAÑA,MASCULINO,56 a mas,1
2022,MAYO,HOLANDA,MASCULINO,36 a 45,1
2022,MAYO,HUANCAVELICA,FEMENINO,18 a 25,90
2022,MAYO,HUANCAVELICA,FEMENINO,26 a 35,71
2022,MAYO,HUANCAVELICA,FEMENINO,36 a 45,29
2022,MAYO,HUANCAVELICA,FEMENINO,46 a 55,43
2022,MAYO,HUANCAVELICA,FEMENINO,56 a mas,38
2022,MAYO,HUANCAVELICA,MASCULINO,18 a 25,197
2022,MAYO,HUANCAVELICA,MASCULINO,26 a 35,198
2022,MAYO,HUANCAVELICA,MASCULINO,36 a 45,114
2022,MAYO,HUANCAVELICA,MASCULINO,46 a 55,53
2022,MAYO,HUANCAVELICA,MASCULINO,56 a mas,52
2022,MAYO,HUANUCO,FEMENINO,18 a 25,167
2022,MAYO,HUANUCO,FEMENINO,26 a 35,190
2022,MAYO,HUANUCO,FEMENINO,36 a 45,93
2022,MAYO,HUANUCO,FEMENINO,46 a 55,61
2022,MAYO,HUANUCO,FEMENINO,56 a mas,64
2022,MAYO,HUANUCO,MASCULINO,18 a 25,309
2022,MAYO,HUANUCO,MASCULINO,26 a 35,420
2022,MAYO,HUANUCO,MASCULINO,36 a 45,260
2022,MAYO,HUANUCO,MASCULINO,46 a 55,137
2022,MAYO,HUANUCO,MASCULINO,56 a mas,132
2022,MAYO,ICA,FEMENINO,18 a 25,268
2022,MAYO,ICA,FEMENINO,26 a 35,384
2022,MAYO,ICA,FEMENINO,36 a 45,241
2022,MAYO,ICA,FEMENINO,46 a 55,143
2022,MAYO,ICA,FEMENINO,56 a mas,128
2022,MAYO,ICA,MASCULINO,18 a 25,569
2022,MAYO,ICA,MASCULINO,26 a 35,786
2022,MAYO,ICA,MASCULINO,36 a 45,518
2022,MAYO,ICA,MASCULINO,46 a 55,314
2022,MAYO,ICA,MASCULINO,56 a mas,265
2022,MAYO,ITALIA,FEMENINO,18 a 25,3
2022,MAYO,ITALIA,FEMENINO,26 a 35,3
2022,MAYO,ITALIA,FEMENINO,36 a 45,17
2022,MAYO,ITALIA,FEMENINO,46 a 55,25
2022,MAYO,ITALIA,FEMENINO,56 a mas,22
2022,MAYO,ITALIA,MASCULINO,26 a 35,7
2022,MAYO,ITALIA,MASCULINO,36 a 45,9
2022,MAYO,ITALIA,MASCULINO,46 a 55,10
2022,MAYO,ITALIA,MASCULINO,56 a mas,14
2022,MAYO,JAPON,FEMENINO,26 a 35,3
2022,MAYO,JAPON,FEMENINO,36 a 45,4
2022,MAYO,JAPON,FEMENINO,46 a 55,2
2022,MAYO,JAPON,FEMENINO,56 a mas,2
2022,MAYO,JAPON,MASCULINO,26 a 35,1
2022,MAYO,JAPON,MASCULINO,36 a 45,6
2022,MAYO,JAPON,MASCULINO,46 a 55,2
2022,MAYO,JAPON,MASCULINO,56 a mas,5
2022,MAYO,JUNIN,FEMENINO,18 a 25,331
2022,MAYO,JUNIN,FEMENINO,26 a 35,329
2022,MAYO,JUNIN,FEMENINO,36 a 45,212
2022,MAYO,JUNIN,FEMENINO,46 a 55,150
2022,MAYO,JUNIN,FEMENINO,56 a mas,189
2022,MAYO,JUNIN,MASCULINO,18 a 25,537
2022,MAYO,JUNIN,MASCULINO,26 a 35,737
2022,MAYO,JUNIN,MASCULINO,36 a 45,468
2022,MAYO,JUNIN,MASCULINO,46 a 55,289
2022,MAYO,JUNIN,MASCULINO,56 a mas,212
2022,MAYO,LA LIBERTAD,FEMENINO,18 a 25,402
2022,MAYO,LA LIBERTAD,FEMENINO,26 a 35,506
2022,MAYO,LA LIBERTAD,FEMENINO,36 a 45,323
2022,MAYO,LA LIBERTAD,FEMENINO,46 a 55,227
2022,MAYO,LA LIBERTAD,FEMENINO,56 a mas,259
2022,MAYO,LA LIBERTAD,MASCULINO,18 a 25,697
2022,MAYO,LA LIBERTAD,MASCULINO,26 a 35,938
2022,MAYO,LA LIBERTAD,MASCULINO,36 a 45,602
2022,MAYO,LA LIBERTAD,MASCULINO,46 a 55,365
2022,MAYO,LA LIBERTAD,MASCULINO,56 a mas,385
2022,MAYO,LAMBAYEQUE,FEMENINO,18 a 25,357
2022,MAYO,LAMBAYEQUE,FEMENINO,26 a 35,367
2022,MAYO,LAMBAYEQUE,FEMENINO,36 a 45,212
2022,MAYO,LAMBAYEQUE,FEMENINO,46 a 55,141
2022,MAYO,LAMBAYEQUE,FEMENINO,56 a mas,168
2022,MAYO,LAMBAYEQUE,MASCULINO,18 a 25,574
2022,MAYO,LAMBAYEQUE,MASCULINO,26 a 35,671
2022,MAYO,LAMBAYEQUE,MASCULINO,36 a 45,410
2022,MAYO,LAMBAYEQUE,MASCULINO,46 a 55,235
2022,MAYO,LAMBAYEQUE,MASCULINO,56 a mas,242
2022,MAYO,LIMA,FEMENINO,18 a 25,2916
2022,MAYO,LIMA,FEMENINO,26 a 35,4041
2022,MAYO,LIMA,FEMENINO,36 a 45,2611
2022,MAYO,LIMA,FEMENINO,46 a 55,1856
2022,MAYO,LIMA,FEMENINO,56 a mas,2083
2022,MAYO,LIMA,MASCULINO,18 a 25,4615
2022,MAYO,LIMA,MASCULINO,26 a 35,7153
2022,MAYO,LIMA,MASCULINO,36 a 45,4784
2022,MAYO,LIMA,MASCULINO,46 a 55,2971
2022,MAYO,LIMA,MASCULINO,56 a mas,2608
2022,MAYO,LORETO,FEMENINO,18 a 25,254
2022,MAYO,LORETO,FEMENINO,26 a 35,298
2022,MAYO,LORETO,FEMENINO,36 a 45,186
2022,MAYO,LORETO,FEMENINO,46 a 55,112
2022,MAYO,LORETO,FEMENINO,56 a mas,95
2022,MAYO,LORETO,MASCULINO,18 a 25,459
2022,MAYO,LORETO,MASCULINO,26 a 35,582
2022,MAYO,LORETO,MASCULINO,36 a 45,334
2022,MAYO,LORETO,MASCULINO,46 a 55,191
2022,MAYO,LORETO,MASCULINO,56 a mas,156
2022,MAYO,MADRE DE DIOS,FEMENINO,18 a 25,75
2022,MAYO,MADRE DE DIOS,FEMENINO,26 a 35,107
2022,MAYO,MADRE DE DIOS,FEMENINO,36 a 45,86
2022,MAYO,MADRE DE DIOS,FEMENINO,46 a 55,45
2022,MAYO,MADRE DE DIOS,FEMENINO,56 a mas,29
2022,MAYO,MADRE DE DIOS,MASCULINO,18 a 25,116
2022,MAYO,MADRE DE DIOS,MASCULINO,26 a 35,218
2022,MAYO,MADRE DE DIOS,MASCULINO,36 a 45,113
2022,MAYO,MADRE DE DIOS,MASCULINO,46 a 55,69
2022,MAYO,MADRE DE DIOS,MASCULINO,56 a mas,55
2022,MAYO,MEXICO,FEMENINO,46 a 55,2
2022,MAYO,MEXICO,FEMENINO,56 a mas,2
2022,MAYO,MEXICO,MASCULINO,46 a 55,1
2022,MAYO,MEXICO,MASCULINO,56 a mas,1
2022,MAYO,MOQUEGUA,FEMENINO,18 a 25,50
2022,MAYO,MOQUEGUA,FEMENINO,26 a 35,71
2022,MAYO,MOQUEGUA,FEMENINO,36 a 45,47
2022,MAYO,MOQUEGUA,FEMENINO,46 a 55,34
2022,MAYO,MOQUEGUA,FEMENINO,56 a mas,29
2022,MAYO,MOQUEGUA,MASCULINO,18 a 25,65
2022,MAYO,MOQUEGUA,MASCULINO,26 a 35,114
2022,MAYO,MOQUEGUA,MASCULINO,36 a 45,91
2022,MAYO,MOQUEGUA,MASCULINO,46 a 55,51
2022,MAYO,MOQUEGUA,MASCULINO,56 a mas,52
2022,MAYO,NORUEGA,FEMENINO,56 a mas,1
2022,MAYO,NUEVA ZELANDA,FEMENINO,46 a 55,1
2022,MAYO,PARAGUAY,MASCULINO,26 a 35,1
2022,MAYO,PASCO,FEMENINO,18 a 25,50
2022,MAYO,PASCO,FEMENINO,26 a 35,46
2022,MAYO,PASCO,FEMENINO,36 a 45,43
2022,MAYO,PASCO,FEMENINO,46 a 55,21
2022,MAYO,PASCO,FEMENINO,56 a mas,27
2022,MAYO,PASCO,MASCULINO,18 a 25,120
2022,MAYO,PASCO,MASCULINO,26 a 35,149
2022,MAYO,PASCO,MASCULINO,36 a 45,75
2022,MAYO,PASCO,MASCULINO,46 a 55,41
2022,MAYO,PASCO,MASCULINO,56 a mas,38
2022,MAYO,PIURA,FEMENINO,18 a 25,466
2022,MAYO,PIURA,FEMENINO,26 a 35,866
2022,MAYO,PIURA,FEMENINO,36 a 45,569
2022,MAYO,PIURA,FEMENINO,46 a 55,377
2022,MAYO,PIURA,FEMENINO,56 a mas,273
2022,MAYO,PIURA,MASCULINO,18 a 25,655
2022,MAYO,PIURA,MASCULINO,26 a 35,785
2022,MAYO,PIURA,MASCULINO,36 a 45,437
2022,MAYO,PIURA,MASCULINO,46 a 55,254
2022,MAYO,PIURA,MASCULINO,56 a mas,234
2022,MAYO,PUNO,FEMENINO,18 a 25,290
2022,MAYO,PUNO,FEMENINO,26 a 35,288
2022,MAYO,PUNO,FEMENINO,36 a 45,146
2022,MAYO,PUNO,FEMENINO,46 a 55,103
2022,MAYO,PUNO,FEMENINO,56 a mas,94
2022,MAYO,PUNO,MASCULINO,18 a 25,467
2022,MAYO,PUNO,MASCULINO,26 a 35,639
2022,MAYO,PUNO,MASCULINO,36 a 45,302
2022,MAYO,PUNO,MASCULINO,46 a 55,180
2022,MAYO,PUNO,MASCULINO,56 a mas,113
2022,MAYO,REPUBLICA DE PANAMA,FEMENINO,36 a 45,1
2022,MAYO,REPUBLICA DE PANAMA,MASCULINO,56 a mas,1
2022,MAYO,REPUBLICA DOMINICANA,FEMENINO,18 a 25,1
2022,MAYO,REPUBLICA DOMINICANA,FEMENINO,56 a mas,1
2022,MAYO,REPUBLICA DOMINICANA,MASCULINO,46 a 55,2
2022,MAYO,REPUBLICA POPULAR CHINA,FEMENINO,46 a 55,1
2022,MAYO,REPUBLICA POPULAR CHINA,MASCULINO,36 a 45,1
2022,MAYO,REPUBLICA POPULAR CHINA,MASCULINO,56 a mas,1
2022,MAYO,SAN MARTIN,FEMENINO,18 a 25,106
2022,MAYO,SAN MARTIN,FEMENINO,26 a 35,115
2022,MAYO,SAN MARTIN,FEMENINO,36 a 45,67
2022,MAYO,SAN MARTIN,FEMENINO,46 a 55,45
2022,MAYO,SAN MARTIN,FEMENINO,56 a mas,38
2022,MAYO,SAN MARTIN,MASCULINO,18 a 25,174
2022,MAYO,SAN MARTIN,MASCULINO,26 a 35,243
2022,MAYO,SAN MARTIN,MASCULINO,36 a 45,123
2022,MAYO,SAN MARTIN,MASCULINO,46 a 55,72
2022,MAYO,SAN MARTIN,MASCULINO,56 a mas,83
2022,MAYO,SUECIA,FEMENINO,46 a 55,1
2022,MAYO,SUIZA,FEMENINO,36 a 45,1
2022,MAYO,SUIZA,FEMENINO,46 a 55,3
2022,MAYO,SUIZA,FEMENINO,56 a mas,4
2022,MAYO,SUIZA,MASCULINO,46 a 55,2
2022,MAYO,SUIZA,MASCULINO,56 a mas,3
2022,MAYO,TACNA,FEMENINO,18 a 25,87
2022,MAYO,TACNA,FEMENINO,26 a 35,97
2022,MAYO,TACNA,FEMENINO,36 a 45,79
2022,MAYO,TACNA,FEMENINO,46 a 55,65
2022,MAYO,TACNA,FEMENINO,56 a mas,75
2022,MAYO,TACNA,MASCULINO,18 a 25,107
2022,MAYO,TACNA,MASCULINO,26 a 35,226
2022,MAYO,TACNA,MASCULINO,36 a 45,145
2022,MAYO,TACNA,MASCULINO,46 a 55,122
2022,MAYO,TACNA,MASCULINO,56 a mas,122
2022,MAYO,TUMBES,FEMENINO,18 a 25,42
2022,MAYO,TUMBES,FEMENINO,26 a 35,86
2022,MAYO,TUMBES,FEMENINO,36 a 45,45
2022,MAYO,TUMBES,FEMENINO,46 a 55,31
2022,MAYO,TUMBES,FEMENINO,56 a mas,21
2022,MAYO,TUMBES,MASCULINO,18 a 25,156
2022,MAYO,TUMBES,MASCULINO,26 a 35,171
2022,MAYO,TUMBES,MASCULINO,36 a 45,109
2022,MAYO,TUMBES,MASCULINO,46 a 55,47
2022,MAYO,TUMBES,MASCULINO,56 a mas,43
2022,MAYO,UCAYALI,FEMENINO,18 a 25,159
2022,MAYO,UCAYALI,FEMENINO,26 a 35,199
2022,MAYO,UCAYALI,FEMENINO,36 a 45,127
2022,MAYO,UCAYALI,FEMENINO,46 a 55,73
2022,MAYO,UCAYALI,FEMENINO,56 a mas,63
2022,MAYO,UCAYALI,MASCULINO,18 a 25,285
2022,MAYO,UCAYALI,MASCULINO,26 a 35,372
2022,MAYO,UCAYALI,MASCULINO,36 a 45,181
2022,MAYO,UCAYALI,MASCULINO,46 a 55,125
2022,MAYO,UCAYALI,MASCULINO,56 a mas,104
2022,MAYO,VENEZUELA,FEMENINO,36 a 45,1
2022,MAYO,VENEZUELA,MASCULINO,36 a 45,1
2022,MAYO,VENEZUELA,MASCULINO,46 a 55,1
2022,MAYO,VENEZUELA,MASCULINO,56 a mas,3
2022,JUNIO,ALEMANIA,FEMENINO,26 a 35,1
2022,JUNIO,ALEMANIA,FEMENINO,36 a 45,3
2022,JUNIO,ALEMANIA,FEMENINO,46 a 55,3
2022,JUNIO,ALEMANIA,FEMENINO,56 a mas,4
2022,JUNIO,ALEMANIA,MASCULINO,36 a 45,1
2022,JUNIO,ALEMANIA,MASCULINO,46 a 55,1
2022,JUNIO,ALEMANIA,MASCULINO,56 a mas,1
2022,JUNIO,AMAZONAS,FEMENINO,18 a 25,58
2022,JUNIO,AMAZONAS,FEMENINO,26 a 35,39
2022,JUNIO,AMAZONAS,FEMENINO,36 a 45,26
2022,JUNIO,AMAZONAS,FEMENINO,46 a 55,20
2022,JUNIO,AMAZONAS,FEMENINO,56 a mas,17
2022,JUNIO,AMAZONAS,MASCULINO,18 a 25,110
2022,JUNIO,AMAZONAS,MASCULINO,26 a 35,141
2022,JUNIO,AMAZONAS,MASCULINO,36 a 45,98
2022,JUNIO,AMAZONAS,MASCULINO,46 a 55,61
2022,JUNIO,AMAZONAS,MASCULINO,56 a mas,38
2022,JUNIO,ANCASH,FEMENINO,18 a 25,162
2022,JUNIO,ANCASH,FEMENINO,26 a 35,229
2022,JUNIO,ANCASH,FEMENINO,36 a 45,154
2022,JUNIO,ANCASH,FEMENINO,46 a 55,82
2022,JUNIO,ANCASH,FEMENINO,56 a mas,91
2022,JUNIO,ANCASH,MASCULINO,18 a 25,312
2022,JUNIO,ANCASH,MASCULINO,26 a 35,432
2022,JUNIO,ANCASH,MASCULINO,36 a 45,279
2022,JUNIO,ANCASH,MASCULINO,46 a 55,209
2022,JUNIO,ANCASH,MASCULINO,56 a mas,194
2022,JUNIO,APURIMAC,FEMENINO,18 a 25,92
2022,JUNIO,APURIMAC,FEMENINO,26 a 35,128
2022,JUNIO,APURIMAC,FEMENINO,36 a 45,70
2022,JUNIO,APURIMAC,FEMENINO,46 a 55,32
2022,JUNIO,APURIMAC,FEMENINO,56 a mas,48
2022,JUNIO,APURIMAC,MASCULINO,18 a 25,192
2022,JUNIO,APURIMAC,MASCULINO,26 a 35,231
2022,JUNIO,APURIMAC,MASCULINO,36 a 45,143
2022,JUNIO,APURIMAC,MASCULINO,46 a 55,80
2022,JUNIO,APURIMAC,MASCULINO,56 a mas,57
2022,JUNIO,AREQUIPA,FEMENINO,18 a 25,236
2022,JUNIO,AREQUIPA,FEMENINO,26 a 35,370
2022,JUNIO,AREQUIPA,FEMENINO,36 a 45,247
2022,JUNIO,AREQUIPA,FEMENINO,46 a 55,179
2022,JUNIO,AREQUIPA,FEMENINO,56 a mas,163
2022,JUNIO,AREQUIPA,MASCULINO,18 a 25,421
2022,JUNIO,AREQUIPA,MASCULINO,26 a 35,738
2022,JUNIO,AREQUIPA,MASCULINO,36 a 45,518
2022,JUNIO,AREQUIPA,MASCULINO,46 a 55,296
2022,JUNIO,AREQUIPA,MASCULINO,56 a mas,222
2022,JUNIO,ARGENTINA,FEMENINO,18 a 25,1
2022,JUNIO,ARGENTINA,FEMENINO,26 a 35,3
2022,JUNIO,ARGENTINA,FEMENINO,36 a 45,3
2022,JUNIO,ARGENTINA,FEMENINO,46 a 55,14
2022,JUNIO,ARGENTINA,FEMENINO,56 a mas,11
2022,JUNIO,ARGENTINA,MASCULINO,18 a 25,5
2022,JUNIO,ARGENTINA,MASCULINO,26 a 35,10
2022,JUNIO,ARGENTINA,MASCULINO,36 a 45,13
2022,JUNIO,ARGENTINA,MASCULINO,46 a 55,14
2022,JUNIO,ARGENTINA,MASCULINO,56 a mas,7
2022,JUNIO,AUSTRALIA,FEMENINO,26 a 35,1
2022,JUNIO,AUSTRALIA,FEMENINO,36 a 45,2
2022,JUNIO,AUSTRALIA,MASCULINO,36 a 45,2
2022,JUNIO,AUSTRALIA,MASCULINO,46 a 55,2
2022,JUNIO,AUSTRALIA,MASCULINO,56 a mas,2
2022,JUNIO,AUSTRIA,FEMENINO,56 a mas,1
2022,JUNIO,AYACUCHO,FEMENINO,18 a 25,190
2022,JUNIO,AYACUCHO,FEMENINO,26 a 35,176
2022,JUNIO,AYACUCHO,FEMENINO,36 a 45,83
2022,JUNIO,AYACUCHO,FEMENINO,46 a 55,75
2022,JUNIO,AYACUCHO,FEMENINO,56 a mas,78
2022,JUNIO,AYACUCHO,MASCULINO,18 a 25,313
2022,JUNIO,AYACUCHO,MASCULINO,26 a 35,357
2022,JUNIO,AYACUCHO,MASCULINO,36 a 45,201
2022,JUNIO,AYACUCHO,MASCULINO,46 a 55,126
2022,JUNIO,AYACUCHO,MASCULINO,56 a mas,108
2022,JUNIO,BELGICA,FEMENINO,46 a 55,1
2022,JUNIO,BELGICA,FEMENINO,56 a mas,3
2022,JUNIO,BELGICA,MASCULINO,36 a 45,1
2022,JUNIO,BOLIVIA,FEMENINO,26 a 35,1
2022,JUNIO,BOLIVIA,MASCULINO,26 a 35,2
2022,JUNIO,BOLIVIA,MASCULINO,36 a 45,3
2022,JUNIO,BOLIVIA,MASCULINO,46 a 55,3
2022,JUNIO,BOLIVIA,MASCULINO,56 a mas,3
2022,JUNIO,BRASIL,FEMENINO,26 a 35,3
2022,JUNIO,BRASIL,FEMENINO,46 a 55,5
2022,JUNIO,BRASIL,FEMENINO,56 a mas,1
2022,JUNIO,BRASIL,MASCULINO,26 a 35,1
2022,JUNIO,BRASIL,MASCULINO,36 a 45,1
2022,JUNIO,BRASIL,MASCULINO,46 a 55,1
2022,JUNIO,BRASIL,MASCULINO,56 a mas,1
2022,JUNIO,CAJAMARCA,FEMENINO,18 a 25,171
2022,JUNIO,CAJAMARCA,FEMENINO,26 a 35,190
2022,JUNIO,CAJAMARCA,FEMENINO,36 a 45,110
2022,JUNIO,CAJAMARCA,FEMENINO,46 a 55,81
2022,JUNIO,CAJAMARCA,FEMENINO,56 a mas,110
2022,JUNIO,CAJAMARCA,MASCULINO,18 a 25,333
2022,JUNIO,CAJAMARCA,MASCULINO,26 a 35,394
2022,JUNIO,CAJAMARCA,MASCULINO,36 a 45,264
2022,JUNIO,CAJAMARCA,MASCULINO,46 a 55,153
2022,JUNIO,CAJAMARCA,MASCULINO,56 a mas,124
2022,JUNIO,CALLAO,FEMENINO,18 a 25,365
2022,JUNIO,CALLAO,FEMENINO,26 a 35,477
2022,JUNIO,CALLAO,FEMENINO,36 a 45,273
2022,JUNIO,CALLAO,FEMENINO,46 a 55,181
2022,JUNIO,CALLAO,FEMENINO,56 a mas,148
2022,JUNIO,CALLAO,MASCULINO,18 a 25,540
2022,JUNIO,CALLAO,MASCULINO,26 a 35,733
2022,JUNIO,CALLAO,MASCULINO,36 a 45,484
2022,JUNIO,CALLAO,MASCULINO,46 a 55,254
2022,JUNIO,CALLAO,MASCULINO,56 a mas,217
2022,JUNIO,CANADA,FEMENINO,18 a 25,1
2022,JUNIO,CANADA,FEMENINO,26 a 35,1
2022,JUNIO,CANADA,FEMENINO,36 a 45,1
2022,JUNIO,CANADA,FEMENINO,46 a 55,5
2022,JUNIO,CANADA,FEMENINO,56 a mas,4
2022,JUNIO,CANADA,MASCULINO,18 a 25,1
2022,JUNIO,CANADA,MASCULINO,36 a 45,3
2022,JUNIO,CANADA,MASCULINO,46 a 55,3
2022,JUNIO,CANADA,MASCULINO,56 a mas,1
2022,JUNIO,CHILE,FEMENINO,18 a 25,2
2022,JUNIO,CHILE,FEMENINO,26 a 35,14
2022,JUNIO,CHILE,FEMENINO,36 a 45,10
2022,JUNIO,CHILE,FEMENINO,46 a 55,15
2022,JUNIO,CHILE,FEMENINO,56 a mas,14
2022,JUNIO,CHILE,MASCULINO,18 a 25,1
2022,JUNIO,CHILE,MASCULINO,26 a 35,19
2022,JUNIO,CHILE,MASCULINO,36 a 45,16
2022,JUNIO,CHILE,MASCULINO,46 a 55,21
2022,JUNIO,CHILE,MASCULINO,56 a mas,9
2022,JUNIO,COLOMBIA,FEMENINO,46 a 55,1
2022,JUNIO,COLOMBIA,FEMENINO,56 a mas,2
2022,JUNIO,COLOMBIA,MASCULINO,46 a 55,1
2022,JUNIO,COSTA RICA,FEMENINO,46 a 55,1
2022,JUNIO,CUSCO,FEMENINO,18 a 25,377
2022,JUNIO,CUSCO,FEMENINO,26 a 35,414
2022,JUNIO,CUSCO,FEMENINO,36 a 45,249
2022,JUNIO,CUSCO,FEMENINO,46 a 55,157
2022,JUNIO,CUSCO,FEMENINO,56 a mas,137
2022,JUNIO,CUSCO,MASCULINO,18 a 25,634
2022,JUNIO,CUSCO,MASCULINO,26 a 35,904
2022,JUNIO,CUSCO,MASCULINO,36 a 45,527
2022,JUNIO,CUSCO,MASCULINO,46 a 55,319
2022,JUNIO,CUSCO,MASCULINO,56 a mas,203
2022,JUNIO,DINAMARCA,FEMENINO,36 a 45,1
2022,JUNIO,DINAMARCA,FEMENINO,46 a 55,1
2022,JUNIO,ECUADOR,FEMENINO,56 a mas,2
2022,JUNIO,ECUADOR,MASCULINO,26 a 35,1
2022,JUNIO,ECUADOR,MASCULINO,36 a 45,1
2022,JUNIO,ECUADOR,MASCULINO,46 a 55,1
2022,JUNIO,ECUADOR,MASCULINO,56 a mas,2
2022,JUNIO,ESPAÑA,FEMENINO,18 a 25,3
2022,JUNIO,ESPAÑA,FEMENINO,26 a 35,12
2022,JUNIO,ESPAÑA,FEMENINO,36 a 45,23
2022,JUNIO,ESPAÑA,FEMENINO,46 a 55,21
2022,JUNIO,ESPAÑA,FEMENINO,56 a mas,23
2022,JUNIO,ESPAÑA,MASCULINO,18 a 25,1
2022,JUNIO,ESPAÑA,MASCULINO,26 a 35,17
2022,JUNIO,ESPAÑA,MASCULINO,36 a 45,22
2022,JUNIO,ESPAÑA,MASCULINO,46 a 55,13
2022,JUNIO,ESPAÑA,MASCULINO,56 a mas,14
2022,JUNIO,ESTADOS UNIDOS DE AMERICA,FEMENINO,18 a 25,4
2022,JUNIO,ESTADOS UNIDOS DE AMERICA,FEMENINO,26 a 35,15
2022,JUNIO,ESTADOS UNIDOS DE AMERICA,FEMENINO,36 a 45,32
2022,JUNIO,ESTADOS UNIDOS DE AMERICA,FEMENINO,46 a 55,54
2022,JUNIO,ESTADOS UNIDOS DE AMERICA,FEMENINO,56 a mas,82
2022,JUNIO,ESTADOS UNIDOS DE AMERICA,MASCULINO,18 a 25,3
2022,JUNIO,ESTADOS UNIDOS DE AMERICA,MASCULINO,26 a 35,23
2022,JUNIO,ESTADOS UNIDOS DE AMERICA,MASCULINO,36 a 45,18
2022,JUNIO,ESTADOS UNIDOS DE AMERICA,MASCULINO,46 a 55,31
2022,JUNIO,ESTADOS UNIDOS DE AMERICA,MASCULINO,56 a mas,67
2022,JUNIO,FRANCIA,FEMENINO,26 a 35,1
2022,JUNIO,FRANCIA,FEMENINO,36 a 45,2
2022,JUNIO,FRANCIA,FEMENINO,46 a 55,2
2022,JUNIO,FRANCIA,MASCULINO,26 a 35,2
2022,JUNIO,FRANCIA,MASCULINO,36 a 45,1
2022,JUNIO,GRAN BRETAÑA,FEMENINO,26 a 35,1
2022,JUNIO,GRAN BRETAÑA,FEMENINO,36 a 45,2
2022,JUNIO,GRAN BRETAÑA,FEMENINO,56 a mas,1
2022,JUNIO,GRAN BRETAÑA,MASCULINO,36 a 45,1
2022,JUNIO,GRAN BRETAÑA,MASCULINO,56 a mas,1
2022,JUNIO,GUATEMALA,MASCULINO,36 a 45,1
2022,JUNIO,HOLANDA,FEMENINO,36 a 45,1
2022,JUNIO,HOLANDA,MASCULINO,36 a 45,1
2022,JUNIO,HOLANDA,MASCULINO,46 a 55,1
2022,JUNIO,HUANCAVELICA,FEMENINO,18 a 25,83
2022,JUNIO,HUANCAVELICA,FEMENINO,26 a 35,86
2022,JUNIO,HUANCAVELICA,FEMENINO,36 a 45,34
2022,JUNIO,HUANCAVELICA,FEMENINO,46 a 55,24
2022,JUNIO,HUANCAVELICA,FEMENINO,56 a mas,25
2022,JUNIO,HUANCAVELICA,MASCULINO,18 a 25,165
2022,JUNIO,HUANCAVELICA,MASCULINO,26 a 35,174
2022,JUNIO,HUANCAVELICA,MASCULINO,36 a 45,93
2022,JUNIO,HUANCAVELICA,MASCULINO,46 a 55,51
2022,JUNIO,HUANCAVELICA,MASCULINO,56 a mas,52
2022,JUNIO,HUANUCO,FEMENINO,18 a 25,157
2022,JUNIO,HUANUCO,FEMENINO,26 a 35,182
2022,JUNIO,HUANUCO,FEMENINO,36 a 45,87
2022,JUNIO,HUANUCO,FEMENINO,46 a 55,62
2022,JUNIO,HUANUCO,FEMENINO,56 a mas,71
2022,JUNIO,HUANUCO,MASCULINO,18 a 25,270
2022,JUNIO,HUANUCO,MASCULINO,26 a 35,359
2022,JUNIO,HUANUCO,MASCULINO,36 a 45,215
2022,JUNIO,HUANUCO,MASCULINO,46 a 55,124
2022,JUNIO,HUANUCO,MASCULINO,56 a mas,111
2022,JUNIO,ICA,FEMENINO,18 a 25,283
2022,JUNIO,ICA,FEMENINO,26 a 35,374
2022,JUNIO,ICA,FEMENINO,36 a 45,212
2022,JUNIO,ICA,FEMENINO,46 a 55,141
2022,JUNIO,ICA,FEMENINO,56 a mas,107
2022,JUNIO,ICA,MASCULINO,18 a 25,478
2022,JUNIO,ICA,MASCULINO,26 a 35,810
2022,JUNIO,ICA,MASCULINO,36 a 45,568
2022,JUNIO,ICA,MASCULINO,46 a 55,337
2022,JUNIO,ICA,MASCULINO,56 a mas,233
2022,JUNIO,IRLANDA,FEMENINO,36 a 45,1
2022,JUNIO,ISRAEL,FEMENINO,36 a 45,1
2022,JUNIO,ISRAEL,MASCULINO,46 a 55,1
2022,JUNIO,ITALIA,FEMENINO,18 a 25,1
2022,JUNIO,ITALIA,FEMENINO,26 a 35,2
2022,JUNIO,ITALIA,FEMENINO,36 a 45,8
2022,JUNIO,ITALIA,FEMENINO,46 a 55,18
2022,JUNIO,ITALIA,FEMENINO,56 a mas,16
2022,JUNIO,ITALIA,MASCULINO,18 a 25,1
2022,JUNIO,ITALIA,MASCULINO,26 a 35,8
2022,JUNIO,ITALIA,MASCULINO,36 a 45,8
2022,JUNIO,ITALIA,MASCULINO,46 a 55,16
2022,JUNIO,ITALIA,MASCULINO,56 a mas,11
2022,JUNIO,JAPON,FEMENINO,26 a 35,1
2022,JUNIO,JAPON,FEMENINO,36 a 45,2
2022,JUNIO,JAPON,FEMENINO,46 a 55,4
2022,JUNIO,JAPON,FEMENINO,56 a mas,5
2022,JUNIO,JAPON,MASCULINO,26 a 35,2
2022,JUNIO,JAPON,MASCULINO,36 a 45,3
2022,JUNIO,JAPON,MASCULINO,46 a 55,1
2022,JUNIO,JAPON,MASCULINO,56 a mas,11
2022,JUNIO,JUNIN,FEMENINO,18 a 25,315
2022,JUNIO,JUNIN,FEMENINO,26 a 35,374
2022,JUNIO,JUNIN,FEMENINO,36 a 45,209
2022,JUNIO,JUNIN,FEMENINO,46 a 55,132
2022,JUNIO,JUNIN,FEMENINO,56 a mas,146
2022,JUNIO,JUNIN,MASCULINO,18 a 25,496
2022,JUNIO,JUNIN,MASCULINO,26 a 35,643
2022,JUNIO,JUNIN,MASCULINO,36 a 45,423
2022,JUNIO,JUNIN,MASCULINO,46 a 55,228
2022,JUNIO,JUNIN,MASCULINO,56 a mas,194
2022,JUNIO,LA LIBERTAD,FEMENINO,18 a 25,385
2022,JUNIO,LA LIBERTAD,FEMENINO,26 a 35,437
2022,JUNIO,LA LIBERTAD,FEMENINO,36 a 45,265
2022,JUNIO,LA LIBERTAD,FEMENINO,46 a 55,196
2022,JUNIO,LA LIBERTAD,FEMENINO,56 a mas,238
2022,JUNIO,LA LIBERTAD,MASCULINO,18 a 25,593
2022,JUNIO,LA LIBERTAD,MASCULINO,26 a 35,832
2022,JUNIO,LA LIBERTAD,MASCULINO,36 a 45,540
2022,JUNIO,LA LIBERTAD,MASCULINO,46 a 55,338
2022,JUNIO,LA LIBERTAD,MASCULINO,56 a mas,273
2022,JUNIO,LAMBAYEQUE,FEMENINO,18 a 25,350
2022,JUNIO,LAMBAYEQUE,FEMENINO,26 a 35,369
2022,JUNIO,LAMBAYEQUE,FEMENINO,36 a 45,191
2022,JUNIO,LAMBAYEQUE,FEMENINO,46 a 55,133
2022,JUNIO,LAMBAYEQUE,FEMENINO,56 a mas,147
2022,JUNIO,LAMBAYEQUE,MASCULINO,18 a 25,560
2022,JUNIO,LAMBAYEQUE,MASCULINO,26 a 35,720
2022,JUNIO,LAMBAYEQUE,MASCULINO,36 a 45,465
2022,JUNIO,LAMBAYEQUE,MASCULINO,46 a 55,313
2022,JUNIO,LAMBAYEQUE,MASCULINO,56 a mas,292
2022,JUNIO,LIMA,FEMENINO,18 a 25,2640
2022,JUNIO,LIMA,FEMENINO,26 a 35,3653
2022,JUNIO,LIMA,FEMENINO,36 a 45,2361
2022,JUNIO,LIMA,FEMENINO,46 a 55,1740
2022,JUNIO,LIMA,FEMENINO,56 a mas,1918
2022,JUNIO,LIMA,MASCULINO,18 a 25,3897
2022,JUNIO,LIMA,MASCULINO,26 a 35,6373
2022,JUNIO,LIMA,MASCULINO,36 a 45,4448
2022,JUNIO,LIMA,MASCULINO,46 a 55,2672
2022,JUNIO,LIMA,MASCULINO,56 a mas,2442
2022,JUNIO,LORETO,FEMENINO,18 a 25,260
2022,JUNIO,LORETO,FEMENINO,26 a 35,297
2022,JUNIO,LORETO,FEMENINO,36 a 45,160
2022,JUNIO,LORETO,FEMENINO,46 a 55,117
2022,JUNIO,LORETO,FEMENINO,56 a mas,80
2022,JUNIO,LORETO,MASCULINO,18 a 25,413
2022,JUNIO,LORETO,MASCULINO,26 a 35,487
2022,JUNIO,LORETO,MASCULINO,36 a 45,369
2022,JUNIO,LORETO,MASCULINO,46 a 55,220
2022,JUNIO,LORETO,MASCULINO,56 a mas,171
2022,JUNIO,MADRE DE DIOS,FEMENINO,18 a 25,60
2022,JUNIO,MADRE DE DIOS,FEMENINO,26 a 35,116
2022,JUNIO,MADRE DE DIOS,FEMENINO,36 a 45,61
2022,JUNIO,MADRE DE DIOS,FEMENINO,46 a 55,59
2022,JUNIO,MADRE DE DIOS,FEMENINO,56 a mas,29
2022,JUNIO,MADRE DE DIOS,MASCULINO,18 a 25,102
2022,JUNIO,MADRE DE DIOS,MASCULINO,26 a 35,185
2022,JUNIO,MADRE DE DIOS,MASCULINO,36 a 45,109
2022,JUNIO,MADRE DE DIOS,MASCULINO,46 a 55,72
2022,JUNIO,MADRE DE DIOS,MASCULINO,56 a mas,54
2022,JUNIO,MEXICO,FEMENINO,26 a 35,1
2022,JUNIO,MEXICO,FEMENINO,36 a 45,1
2022,JUNIO,MEXICO,FEMENINO,46 a 55,2
2022,JUNIO,MEXICO,FEMENINO,56 a mas,1
2022,JUNIO,MOQUEGUA,FEMENINO,18 a 25,40
2022,JUNIO,MOQUEGUA,FEMENINO,26 a 35,56
2022,JUNIO,MOQUEGUA,FEMENINO,36 a 45,37
2022,JUNIO,MOQUEGUA,FEMENINO,46 a 55,29
2022,JUNIO,MOQUEGUA,FEMENINO,56 a mas,24
2022,JUNIO,MOQUEGUA,MASCULINO,18 a 25,57
2022,JUNIO,MOQUEGUA,MASCULINO,26 a 35,83
2022,JUNIO,MOQUEGUA,MASCULINO,36 a 45,75
2022,JUNIO,MOQUEGUA,MASCULINO,46 a 55,47
2022,JUNIO,MOQUEGUA,MASCULINO,56 a mas,48
2022,JUNIO,NICARAGUA,MASCULINO,56 a mas,1
2022,JUNIO,NUEVA ZELANDA,FEMENINO,26 a 35,1
2022,JUNIO,PARAGUAY,FEMENINO,46 a 55,1
2022,JUNIO,PASCO,FEMENINO,18 a 25,40
2022,JUNIO,PASCO,FEMENINO,26 a 35,42
2022,JUNIO,PASCO,FEMENINO,36 a 45,17
2022,JUNIO,PASCO,FEMENINO,46 a 55,17
2022,JUNIO,PASCO,FEMENINO,56 a mas,12
2022,JUNIO,PASCO,MASCULINO,18 a 25,120
2022,JUNIO,PASCO,MASCULINO,26 a 35,169
2022,JUNIO,PASCO,MASCULINO,36 a 45,78
2022,JUNIO,PASCO,MASCULINO,46 a 55,47
2022,JUNIO,PASCO,MASCULINO,56 a mas,41
2022,JUNIO,PIURA,FEMENINO,18 a 25,440
2022,JUNIO,PIURA,FEMENINO,26 a 35,787
2022,JUNIO,PIURA,FEMENINO,36 a 45,542
2022,JUNIO,PIURA,FEMENINO,46 a 55,302
2022,JUNIO,PIURA,FEMENINO,56 a mas,251
2022,JUNIO,PIURA,MASCULINO,18 a 25,649
2022,JUNIO,PIURA,MASCULINO,26 a 35,791
2022,JUNIO,PIURA,MASCULINO,36 a 45,471
2022,JUNIO,PIURA,MASCULINO,46 a 55,288
2022,JUNIO,PIURA,MASCULINO,56 a mas,234
2022,JUNIO,PRINCIPADO DE ANDORRA,FEMENINO,36 a 45,1
2022,JUNIO,PUNO,FEMENINO,18 a 25,207
2022,JUNIO,PUNO,FEMENINO,26 a 35,260
2022,JUNIO,PUNO,FEMENINO,36 a 45,150
2022,JUNIO,PUNO,FEMENINO,46 a 55,99
2022,JUNIO,PUNO,FEMENINO,56 a mas,75
2022,JUNIO,PUNO,MASCULINO,18 a 25,406
2022,JUNIO,PUNO,MASCULINO,26 a 35,522
2022,JUNIO,PUNO,MASCULINO,36 a 45,294
2022,JUNIO,PUNO,MASCULINO,46 a 55,141
2022,JUNIO,PUNO,MASCULINO,56 a mas,111
2022,JUNIO,REPUBLICA DE PANAMA,FEMENINO,36 a 45,1
2022,JUNIO,REPUBLICA DE PANAMA,FEMENINO,56 a mas,1
2022,JUNIO,REPUBLICA DE PANAMA,MASCULINO,46 a 55,1
2022,JUNIO,SAN MARTIN,FEMENINO,18 a 25,89
2022,JUNIO,SAN MARTIN,FEMENINO,26 a 35,121
2022,JUNIO,SAN MARTIN,FEMENINO,36 a 45,57
2022,JUNIO,SAN MARTIN,FEMENINO,46 a 55,49
2022,JUNIO,SAN MARTIN,FEMENINO,56 a mas,50
2022,JUNIO,SAN MARTIN,MASCULINO,18 a 25,141
2022,JUNIO,SAN MARTIN,MASCULINO,26 a 35,216
2022,JUNIO,SAN MARTIN,MASCULINO,36 a 45,154
2022,JUNIO,SAN MARTIN,MASCULINO,46 a 55,105
2022,JUNIO,SAN MARTIN,MASCULINO,56 a mas,74
2022,JUNIO,SUECIA,FEMENINO,36 a 45,1
2022,JUNIO,SUECIA,FEMENINO,46 a 55,2
2022,JUNIO,SUIZA,FEMENINO,46 a 55,2
2022,JUNIO,SUIZA,FEMENINO,56 a mas,1
2022,JUNIO,SUIZA,MASCULINO,46 a 55,1
2022,JUNIO,SUIZA,MASCULINO,56 a mas,1
2022,JUNIO,TACNA,FEMENINO,18 a 25,68
2022,JUNIO,TACNA,FEMENINO,26 a 35,132
2022,JUNIO,TACNA,FEMENINO,36 a 45,85
2022,JUNIO,TACNA,FEMENINO,46 a 55,51
2022,JUNIO,TACNA,FEMENINO,56 a mas,49
2022,JUNIO,TACNA,MASCULINO,18 a 25,92
2022,JUNIO,TACNA,MASCULINO,26 a 35,189
2022,JUNIO,TACNA,MASCULINO,36 a 45,164
2022,JUNIO,TACNA,MASCULINO,46 a 55,100
2022,JUNIO,TACNA,MASCULINO,56 a mas,130
2022,JUNIO,TUMBES,FEMENINO,18 a 25,39
2022,JUNIO,TUMBES,FEMENINO,26 a 35,87
2022,JUNIO,TUMBES,FEMENINO,36 a 45,40
2022,JUNIO,TUMBES,FEMENINO,46 a 55,30
2022,JUNIO,TUMBES,FEMENINO,56 a mas,13
2022,JUNIO,TUMBES,MASCULINO,18 a 25,143
2022,JUNIO,TUMBES,MASCULINO,26 a 35,154
2022,JUNIO,TUMBES,MASCULINO,36 a 45,100
2022,JUNIO,TUMBES,MASCULINO,46 a 55,77
2022,JUNIO,TUMBES,MASCULINO,56 a mas,48
2022,JUNIO,UCAYALI,FEMENINO,18 a 25,165
2022,JUNIO,UCAYALI,FEMENINO,26 a 35,167
2022,JUNIO,UCAYALI,FEMENINO,36 a 45,106
2022,JUNIO,UCAYALI,FEMENINO,46 a 55,72
2022,JUNIO,UCAYALI,FEMENINO,56 a mas,40
2022,JUNIO,UCAYALI,MASCULINO,18 a 25,221
2022,JUNIO,UCAYALI,MASCULINO,26 a 35,305
2022,JUNIO,UCAYALI,MASCULINO,36 a 45,224
2022,JUNIO,UCAYALI,MASCULINO,46 a 55,134
2022,JUNIO,UCAYALI,MASCULINO,56 a mas,113
2022,JUNIO,UCRANIA,MASCULINO,46 a 55,2
2022,JUNIO,VENEZUELA,MASCULINO,26 a 35,2
2022,JUNIO,VENEZUELA,MASCULINO,46 a 55,4
2022,JUNIO,VENEZUELA,MASCULINO,56 a mas,5
2022,JULIO,ALEMANIA,FEMENINO,36 a 45,1
2022,JULIO,ALEMANIA,FEMENINO,46 a 55,1
2022,JULIO,ALEMANIA,FEMENINO,56 a mas,1
2022,JULIO,ALEMANIA,MASCULINO,18 a 25,1
2022,JULIO,ALEMANIA,MASCULINO,26 a 35,1
2022,JULIO,ALEMANIA,MASCULINO,56 a mas,2
2022,JULIO,AMAZONAS,FEMENINO,18 a 25,43
2022,JULIO,AMAZONAS,FEMENINO,26 a 35,36
2022,JULIO,AMAZONAS,FEMENINO,36 a 45,33
2022,JULIO,AMAZONAS,FEMENINO,46 a 55,13
2022,JULIO,AMAZONAS,FEMENINO,56 a mas,19
2022,JULIO,AMAZONAS,MASCULINO,18 a 25,104
2022,JULIO,AMAZONAS,MASCULINO,26 a 35,92
2022,JULIO,AMAZONAS,MASCULINO,36 a 45,72
2022,JULIO,AMAZONAS,MASCULINO,46 a 55,35
2022,JULIO,AMAZONAS,MASCULINO,56 a mas,27
2022,JULIO,ANCASH,FEMENINO,18 a 25,174
2022,JULIO,ANCASH,FEMENINO,26 a 35,246
2022,JULIO,ANCASH,FEMENINO,36 a 45,161
2022,JULIO,ANCASH,FEMENINO,46 a 55,94
2022,JULIO,ANCASH,FEMENINO,56 a mas,105
2022,JULIO,ANCASH,MASCULINO,18 a 25,327
2022,JULIO,ANCASH,MASCULINO,26 a 35,402
2022,JULIO,ANCASH,MASCULINO,36 a 45,320
2022,JULIO,ANCASH,MASCULINO,46 a 55,213
2022,JULIO,ANCASH,MASCULINO,56 a mas,167
2022,JULIO,ANTILLAS HOLANDESAS,MASCULINO,56 a mas,1
2022,JULIO,APURIMAC,FEMENINO,18 a 25,88
2022,JULIO,APURIMAC,FEMENINO,26 a 35,128
2022,JULIO,APURIMAC,FEMENINO,36 a 45,72
2022,JULIO,APURIMAC,FEMENINO,46 a 55,37
2022,JULIO,APURIMAC,FEMENINO,56 a mas,35
2022,JULIO,APURIMAC,MASCULINO,18 a 25,182
2022,JULIO,APURIMAC,MASCULINO,26 a 35,203
2022,JULIO,APURIMAC,MASCULINO,36 a 45,146
2022,JULIO,APURIMAC,MASCULINO,46 a 55,70
2022,JULIO,APURIMAC,MASCULINO,56 a mas,46
2022,JULIO,AREQUIPA,FEMENINO,18 a 25,268
2022,JULIO,AREQUIPA,FEMENINO,26 a 35,446
2022,JULIO,AREQUIPA,FEMENINO,36 a 45,258
2022,JULIO,AREQUIPA,FEMENINO,46 a 55,168
2022,JULIO,AREQUIPA,FEMENINO,56 a mas,152
2022,JULIO,AREQUIPA,MASCULINO,18 a 25,401
2022,JULIO,AREQUIPA,MASCULINO,26 a 35,827
2022,JULIO,AREQUIPA,MASCULINO,36 a 45,562
2022,JULIO,AREQUIPA,MASCULINO,46 a 55,317
2022,JULIO,AREQUIPA,MASCULINO,56 a mas,231
2022,JULIO,ARGENTINA,FEMENINO,18 a 25,3
2022,JULIO,ARGENTINA,FEMENINO,26 a 35,8
2022,JULIO,ARGENTINA,FEMENINO,36 a 45,4
2022,JULIO,ARGENTINA,FEMENINO,46 a 55,9
2022,JULIO,ARGENTINA,FEMENINO,56 a mas,12
2022,JULIO,ARGENTINA,MASCULINO,18 a 25,3
2022,JULIO,ARGENTINA,MASCULINO,26 a 35,8
2022,JULIO,ARGENTINA,MASCULINO,36 a 45,10
2022,JULIO,ARGENTINA,MASCULINO,46 a 55,5
2022,JULIO,ARGENTINA,MASCULINO,56 a mas,5
2022,JULIO,AUSTRALIA,FEMENINO,26 a 35,1
2022,JULIO,AUSTRALIA,MASCULINO,26 a 35,1
2022,JULIO,AUSTRALIA,MASCULINO,36 a 45,1
2022,JULIO,AUSTRALIA,MASCULINO,46 a 55,1
2022,JULIO,AUSTRIA,FEMENINO,26 a 35,1
2022,JULIO,AUSTRIA,FEMENINO,36 a 45,1
2022,JULIO,AYACUCHO,FEMENINO,18 a 25,199
2022,JULIO,AYACUCHO,FEMENINO,26 a 35,210
2022,JULIO,AYACUCHO,FEMENINO,36 a 45,136
2022,JULIO,AYACUCHO,FEMENINO,46 a 55,82
2022,JULIO,AYACUCHO,FEMENINO,56 a mas,66
2022,JULIO,AYACUCHO,MASCULINO,18 a 25,289
2022,JULIO,AYACUCHO,MASCULINO,26 a 35,329
2022,JULIO,AYACUCHO,MASCULINO,36 a 45,225
2022,JULIO,AYACUCHO,MASCULINO,46 a 55,114
2022,JULIO,AYACUCHO,MASCULINO,56 a mas,74
2022,JULIO,BELGICA,FEMENINO,56 a mas,2
2022,JULIO,BELGICA,MASCULINO,18 a 25,1
2022,JULIO,BELGICA,MASCULINO,26 a 35,1
2022,JULIO,BOLIVIA,FEMENINO,26 a 35,1
2022,JULIO,BOLIVIA,FEMENINO,46 a 55,1
2022,JULIO,BOLIVIA,MASCULINO,26 a 35,1
2022,JULIO,BOLIVIA,MASCULINO,36 a 45,2
2022,JULIO,BOLIVIA,MASCULINO,46 a 55,3
2022,JULIO,BOLIVIA,MASCULINO,56 a mas,1
2022,JULIO,BRASIL,FEMENINO,26 a 35,1
2022,JULIO,BRASIL,MASCULINO,18 a 25,1
2022,JULIO,BRASIL,MASCULINO,26 a 35,5
2022,JULIO,BRASIL,MASCULINO,36 a 45,2
2022,JULIO,BRASIL,MASCULINO,46 a 55,4
2022,JULIO,BRASIL,MASCULINO,56 a mas,2
2022,JULIO,CAJAMARCA,FEMENINO,18 a 25,192
2022,JULIO,CAJAMARCA,FEMENINO,26 a 35,216
2022,JULIO,CAJAMARCA,FEMENINO,36 a 45,114
2022,JULIO,CAJAMARCA,FEMENINO,46 a 55,90
2022,JULIO,CAJAMARCA,FEMENINO,56 a mas,109
2022,JULIO,CAJAMARCA,MASCULINO,18 a 25,326
2022,JULIO,CAJAMARCA,MASCULINO,26 a 35,417
2022,JULIO,CAJAMARCA,MASCULINO,36 a 45,261
2022,JULIO,CAJAMARCA,MASCULINO,46 a 55,146
2022,JULIO,CAJAMARCA,MASCULINO,56 a mas,181
2022,JULIO,CALLAO,FEMENINO,18 a 25,378
2022,JULIO,CALLAO,FEMENINO,26 a 35,526
2022,JULIO,CALLAO,FEMENINO,36 a 45,303
2022,JULIO,CALLAO,FEMENINO,46 a 55,195
2022,JULIO,CALLAO,FEMENINO,56 a mas,179
2022,JULIO,CALLAO,MASCULINO,18 a 25,541
2022,JULIO,CALLAO,MASCULINO,26 a 35,776
2022,JULIO,CALLAO,MASCULINO,36 a 45,476
2022,JULIO,CALLAO,MASCULINO,46 a 55,291
2022,JULIO,CALLAO,MASCULINO,56 a mas,229
2022,JULIO,CANADA,FEMENINO,26 a 35,1
2022,JULIO,CANADA,FEMENINO,36 a 45,4
2022,JULIO,CANADA,FEMENINO,46 a 55,9
2022,JULIO,CANADA,FEMENINO,56 a mas,2
2022,JULIO,CANADA,MASCULINO,18 a 25,2
2022,JULIO,CANADA,MASCULINO,26 a 35,1
2022,JULIO,CANADA,MASCULINO,36 a 45,4
2022,JULIO,CANADA,MASCULINO,56 a mas,2
2022,JULIO,CHILE,FEMENINO,18 a 25,2
2022,JULIO,CHILE,FEMENINO,26 a 35,10
2022,JULIO,CHILE,FEMENINO,36 a 45,14
2022,JULIO,CHILE,FEMENINO,46 a 55,10
2022,JULIO,CHILE,FEMENINO,56 a mas,7
2022,JULIO,CHILE,MASCULINO,18 a 25,2
2022,JULIO,CHILE,MASCULINO,26 a 35,11
2022,JULIO,CHILE,MASCULINO,36 a 45,17
2022,JULIO,CHILE,MASCULINO,46 a 55,16
2022,JULIO,CHILE,MASCULINO,56 a mas,8
2022,JULIO,COLOMBIA,MASCULINO,26 a 35,1
2022,JULIO,COLOMBIA,MASCULINO,46 a 55,3
2022,JULIO,COLOMBIA,MASCULINO,56 a mas,2
2022,JULIO,CROACIA,FEMENINO,36 a 45,1
2022,JULIO,CUBA,FEMENINO,18 a 25,1
2022,JULIO,CUSCO,FEMENINO,18 a 25,378
2022,JULIO,CUSCO,FEMENINO,26 a 35,453
2022,JULIO,CUSCO,FEMENINO,36 a 45,269
2022,JULIO,CUSCO,FEMENINO,46 a 55,188
2022,JULIO,CUSCO,FEMENINO,56 a mas,168
2022,JULIO,CUSCO,MASCULINO,18 a 25,676
2022,JULIO,CUSCO,MASCULINO,26 a 35,894
2022,JULIO,CUSCO,MASCULINO,36 a 45,518
2022,JULIO,CUSCO,MASCULINO,46 a 55,287
2022,JULIO,CUSCO,MASCULINO,56 a mas,176
2022,JULIO,ECUADOR,MASCULINO,36 a 45,2
2022,JULIO,ESPAÑA,FEMENINO,18 a 25,3
2022,JULIO,ESPAÑA,FEMENINO,26 a 35,9
2022,JULIO,ESPAÑA,FEMENINO,36 a 45,21
2022,JULIO,ESPAÑA,FEMENINO,46 a 55,25
2022,JULIO,ESPAÑA,FEMENINO,56 a mas,17
2022,JULIO,ESPAÑA,MASCULINO,18 a 25,1
2022,JULIO,ESPAÑA,MASCULINO,26 a 35,8
2022,JULIO,ESPAÑA,MASCULINO,36 a 45,16
2022,JULIO,ESPAÑA,MASCULINO,46 a 55,23
2022,JULIO,ESPAÑA,MASCULINO,56 a mas,19
2022,JULIO,ESTADOS UNIDOS DE AMERICA,FEMENINO,18 a 25,3
2022,JULIO,ESTADOS UNIDOS DE AMERICA,FEMENINO,26 a 35,18
2022,JULIO,ESTADOS UNIDOS DE AMERICA,FEMENINO,36 a 45,31
2022,JULIO,ESTADOS UNIDOS DE AMERICA,FEMENINO,46 a 55,44
2022,JULIO,ESTADOS UNIDOS DE AMERICA,FEMENINO,56 a mas,71
2022,JULIO,ESTADOS UNIDOS DE AMERICA,MASCULINO,18 a 25,4
2022,JULIO,ESTADOS UNIDOS DE AMERICA,MASCULINO,26 a 35,12
2022,JULIO,ESTADOS UNIDOS DE AMERICA,MASCULINO,36 a 45,34
2022,JULIO,ESTADOS UNIDOS DE AMERICA,MASCULINO,46 a 55,39
2022,JULIO,ESTADOS UNIDOS DE AMERICA,MASCULINO,56 a mas,58
2022,JULIO,FILIPINAS,MASCULINO,56 a mas,1
2022,JULIO,FRANCIA,FEMENINO,26 a 35,2
2022,JULIO,FRANCIA,FEMENINO,36 a 45,1
2022,JULIO,FRANCIA,FEMENINO,56 a mas,6
2022,JULIO,FRANCIA,MASCULINO,26 a 35,1
2022,JULIO,FRANCIA,MASCULINO,46 a 55,1
2022,JULIO,FRANCIA,MASCULINO,56 a mas,1
2022,JULIO,GRAN BRETAÑA,FEMENINO,36 a 45,1
2022,JULIO,GRAN BRETAÑA,FEMENINO,56 a mas,1
2022,JULIO,GRAN BRETAÑA,MASCULINO,26 a 35,1
2022,JULIO,GRAN DUCADO DE LUXEMBURGO,MASCULINO,56 a mas,1
2022,JULIO,GUAYANA FRANCESA,FEMENINO,46 a 55,1
2022,JULIO,HUANCAVELICA,FEMENINO,18 a 25,82
2022,JULIO,HUANCAVELICA,FEMENINO,26 a 35,72
2022,JULIO,HUANCAVELICA,FEMENINO,36 a 45,46
2022,JULIO,HUANCAVELICA,FEMENINO,46 a 55,35
2022,JULIO,HUANCAVELICA,FEMENINO,56 a mas,43
2022,JULIO,HUANCAVELICA,MASCULINO,18 a 25,201
2022,JULIO,HUANCAVELICA,MASCULINO,26 a 35,175
2022,JULIO,HUANCAVELICA,MASCULINO,36 a 45,80
2022,JULIO,HUANCAVELICA,MASCULINO,46 a 55,69
2022,JULIO,HUANCAVELICA,MASCULINO,56 a mas,45
2022,JULIO,HUANUCO,FEMENINO,18 a 25,172
2022,JULIO,HUANUCO,FEMENINO,26 a 35,163
2022,JULIO,HUANUCO,FEMENINO,36 a 45,94
2022,JULIO,HUANUCO,FEMENINO,46 a 55,70
2022,JULIO,HUANUCO,FEMENINO,56 a mas,48
2022,JULIO,HUANUCO,MASCULINO,18 a 25,278
2022,JULIO,HUANUCO,MASCULINO,26 a 35,321
2022,JULIO,HUANUCO,MASCULINO,36 a 45,237
2022,JULIO,HUANUCO,MASCULINO,46 a 55,113
2022,JULIO,HUANUCO,MASCULINO,56 a mas,91
2022,JULIO,ICA,FEMENINO,18 a 25,245
2022,JULIO,ICA,FEMENINO,26 a 35,396
2022,JULIO,ICA,FEMENINO,36 a 45,234
2022,JULIO,ICA,FEMENINO,46 a 55,129
2022,JULIO,ICA,FEMENINO,56 a mas,118
2022,JULIO,ICA,MASCULINO,18 a 25,453
2022,JULIO,ICA,MASCULINO,26 a 35,712
2022,JULIO,ICA,MASCULINO,36 a 45,452
2022,JULIO,ICA,MASCULINO,46 a 55,291
2022,JULIO,ICA,MASCULINO,56 a mas,204
2022,JULIO,ITALIA,FEMENINO,18 a 25,1
2022,JULIO,ITALIA,FEMENINO,26 a 35,4
2022,JULIO,ITALIA,FEMENINO,36 a 45,10
2022,JULIO,ITALIA,FEMENINO,46 a 55,28
2022,JULIO,ITALIA,FEMENINO,56 a mas,21
2022,JULIO,ITALIA,MASCULINO,18 a 25,2
2022,JULIO,ITALIA,MASCULINO,26 a 35,7
2022,JULIO,ITALIA,MASCULINO,36 a 45,12
2022,JULIO,ITALIA,MASCULINO,46 a 55,10
2022,JULIO,ITALIA,MASCULINO,56 a mas,8
2022,JULIO,JAPON,FEMENINO,18 a 25,1
2022,JULIO,JAPON,FEMENINO,26 a 35,1
2022,JULIO,JAPON,FEMENINO,36 a 45,2
2022,JULIO,JAPON,FEMENINO,46 a 55,2
2022,JULIO,JAPON,FEMENINO,56 a mas,5
2022,JULIO,JAPON,MASCULINO,18 a 25,3
2022,JULIO,JAPON,MASCULINO,26 a 35,1
2022,JULIO,JAPON,MASCULINO,36 a 45,3
2022,JULIO,JAPON,MASCULINO,46 a 55,6
2022,JULIO,JAPON,MASCULINO,56 a mas,7
2022,JULIO,JUNIN,FEMENINO,18 a 25,333
2022,JULIO,JUNIN,FEMENINO,26 a 35,340
2022,JULIO,JUNIN,FEMENINO,36 a 45,212
2022,JULIO,JUNIN,FEMENINO,46 a 55,134
2022,JULIO,JUNIN,FEMENINO,56 a mas,139
2022,JULIO,JUNIN,MASCULINO,18 a 25,503
2022,JULIO,JUNIN,MASCULINO,26 a 35,648
2022,JULIO,JUNIN,MASCULINO,36 a 45,392
2022,JULIO,JUNIN,MASCULINO,46 a 55,224
2022,JULIO,JUNIN,MASCULINO,56 a mas,182
2022,JULIO,LA LIBERTAD,FEMENINO,18 a 25,413
2022,JULIO,LA LIBERTAD,FEMENINO,26 a 35,490
2022,JULIO,LA LIBERTAD,FEMENINO,36 a 45,266
2022,JULIO,LA LIBERTAD,FEMENINO,46 a 55,182
2022,JULIO,LA LIBERTAD,FEMENINO,56 a mas,239
2022,JULIO,LA LIBERTAD,MASCULINO,18 a 25,559
2022,JULIO,LA LIBERTAD,MASCULINO,26 a 35,841
2022,JULIO,LA LIBERTAD,MASCULINO,36 a 45,461
2022,JULIO,LA LIBERTAD,MASCULINO,46 a 55,297
2022,JULIO,LA LIBERTAD,MASCULINO,56 a mas,263
2022,JULIO,LAMBAYEQUE,FEMENINO,18 a 25,381
2022,JULIO,LAMBAYEQUE,FEMENINO,26 a 35,408
2022,JULIO,LAMBAYEQUE,FEMENINO,36 a 45,260
2022,JULIO,LAMBAYEQUE,FEMENINO,46 a 55,170
2022,JULIO,LAMBAYEQUE,FEMENINO,56 a mas,146
2022,JULIO,LAMBAYEQUE,MASCULINO,18 a 25,700
2022,JULIO,LAMBAYEQUE,MASCULINO,26 a 35,853
2022,JULIO,LAMBAYEQUE,MASCULINO,36 a 45,561
2022,JULIO,LAMBAYEQUE,MASCULINO,46 a 55,313
2022,JULIO,LAMBAYEQUE,MASCULINO,56 a mas,260
2022,JULIO,LIMA,FEMENINO,18 a 25,2680
2022,JULIO,LIMA,FEMENINO,26 a 35,3878
2022,JULIO,LIMA,FEMENINO,36 a 45,2461
2022,JULIO,LIMA,FEMENINO,46 a 55,1685
2022,JULIO,LIMA,FEMENINO,56 a mas,1865
2022,JULIO,LIMA,MASCULINO,18 a 25,3989
2022,JULIO,LIMA,MASCULINO,26 a 35,6500
2022,JULIO,LIMA,MASCULINO,36 a 45,4388
2022,JULIO,LIMA,MASCULINO,46 a 55,2626
2022,JULIO,LIMA,MASCULINO,56 a mas,2347
2022,JULIO,LORETO,FEMENINO,18 a 25,203
2022,JULIO,LORETO,FEMENINO,26 a 35,265
2022,JULIO,LORETO,FEMENINO,36 a 45,156
2022,JULIO,LORETO,FEMENINO,46 a 55,125
2022,JULIO,LORETO,FEMENINO,56 a mas,89
2022,JULIO,LORETO,MASCULINO,18 a 25,471
2022,JULIO,LORETO,MASCULINO,26 a 35,524
2022,JULIO,LORETO,MASCULINO,36 a 45,304
2022,JULIO,LORETO,MASCULINO,46 a 55,183
2022,JULIO,LORETO,MASCULINO,56 a mas,122
2022,JULIO,MADRE DE DIOS,FEMENINO,18 a 25,62
2022,JULIO,MADRE DE DIOS,FEMENINO,26 a 35,146
2022,JULIO,MADRE DE DIOS,FEMENINO,36 a 45,72
2022,JULIO,MADRE DE DIOS,FEMENINO,46 a 55,47
2022,JULIO,MADRE DE DIOS,FEMENINO,56 a mas,24
2022,JULIO,MADRE DE DIOS,MASCULINO,18 a 25,132
2022,JULIO,MADRE DE DIOS,MASCULINO,26 a 35,217
2022,JULIO,MADRE DE DIOS,MASCULINO,36 a 45,133
2022,JULIO,MADRE DE DIOS,MASCULINO,46 a 55,81
2022,JULIO,MADRE DE DIOS,MASCULINO,56 a mas,60
2022,JULIO,MEXICO,FEMENINO,36 a 45,1
2022,JULIO,MEXICO,FEMENINO,56 a mas,1
2022,JULIO,MEXICO,MASCULINO,56 a mas,1
2022,JULIO,MOQUEGUA,FEMENINO,18 a 25,37
2022,JULIO,MOQUEGUA,FEMENINO,26 a 35,64
2022,JULIO,MOQUEGUA,FEMENINO,36 a 45,32
2022,JULIO,MOQUEGUA,FEMENINO,46 a 55,24
2022,JULIO,MOQUEGUA,FEMENINO,56 a mas,27
2022,JULIO,MOQUEGUA,MASCULINO,18 a 25,51
2022,JULIO,MOQUEGUA,MASCULINO,26 a 35,97
2022,JULIO,MOQUEGUA,MASCULINO,36 a 45,80
2022,JULIO,MOQUEGUA,MASCULINO,46 a 55,53
2022,JULIO,MOQUEGUA,MASCULINO,56 a mas,40
2022,JULIO,PASCO,FEMENINO,18 a 25,37
2022,JULIO,PASCO,FEMENINO,26 a 35,41
2022,JULIO,PASCO,FEMENINO,36 a 45,33
2022,JULIO,PASCO,FEMENINO,46 a 55,25
2022,JULIO,PASCO,FEMENINO,56 a mas,20
2022,JULIO,PASCO,MASCULINO,18 a 25,98
2022,JULIO,PASCO,MASCULINO,26 a 35,170
2022,JULIO,PASCO,MASCULINO,36 a 45,80
2022,JULIO,PASCO,MASCULINO,46 a 55,37
2022,JULIO,PASCO,MASCULINO,56 a mas,28
2022,JULIO,PIURA,FEMENINO,18 a 25,461
2022,JULIO,PIURA,FEMENINO,26 a 35,846
2022,JULIO,PIURA,FEMENINO,36 a 45,556
2022,JULIO,PIURA,FEMENINO,46 a 55,338
2022,JULIO,PIURA,FEMENINO,56 a mas,261
2022,JULIO,PIURA,MASCULINO,18 a 25,661
2022,JULIO,PIURA,MASCULINO,26 a 35,785
2022,JULIO,PIURA,MASCULINO,36 a 45,434
2022,JULIO,PIURA,MASCULINO,46 a 55,245
2022,JULIO,PIURA,MASCULINO,56 a mas,238
2022,JULIO,PUNO,FEMENINO,18 a 25,202
2022,JULIO,PUNO,FEMENINO,26 a 35,244
2022,JULIO,PUNO,FEMENINO,36 a 45,137
2022,JULIO,PUNO,FEMENINO,46 a 55,94
2022,JULIO,PUNO,FEMENINO,56 a mas,62
2022,JULIO,PUNO,MASCULINO,18 a 25,386
2022,JULIO,PUNO,MASCULINO,26 a 35,579
2022,JULIO,PUNO,MASCULINO,36 a 45,254
2022,JULIO,PUNO,MASCULINO,46 a 55,131
2022,JULIO,PUNO,MASCULINO,56 a mas,111
2022,JULIO,REPUBLICA DE PANAMA,FEMENINO,26 a 35,1
2022,JULIO,REPUBLICA DE PANAMA,MASCULINO,46 a 55,3
2022,JULIO,REPUBLICA DE PANAMA,MASCULINO,56 a mas,1
2022,JULIO,REPUBLICA DOMINICANA,FEMENINO,46 a 55,1
2022,JULIO,SAN MARTIN,FEMENINO,18 a 25,126
2022,JULIO,SAN MARTIN,FEMENINO,26 a 35,100
2022,JULIO,SAN MARTIN,FEMENINO,36 a 45,60
2022,JULIO,SAN MARTIN,FEMENINO,46 a 55,46
2022,JULIO,SAN MARTIN,FEMENINO,56 a mas,45
2022,JULIO,SAN MARTIN,MASCULINO,18 a 25,206
2022,JULIO,SAN MARTIN,MASCULINO,26 a 35,222
2022,JULIO,SAN MARTIN,MASCULINO,36 a 45,120
2022,JULIO,SAN MARTIN,MASCULINO,46 a 55,91
2022,JULIO,SAN MARTIN,MASCULINO,56 a mas,84
2022,JULIO,SUECIA,FEMENINO,36 a 45,1
2022,JULIO,SUECIA,FEMENINO,46 a 55,2
2022,JULIO,SUIZA,FEMENINO,36 a 45,2
2022,JULIO,SUIZA,FEMENINO,46 a 55,2
2022,JULIO,SUIZA,FEMENINO,56 a mas,2
2022,JULIO,SUIZA,MASCULINO,36 a 45,1
2022,JULIO,SUIZA,MASCULINO,56 a mas,3
2022,JULIO,TACNA,FEMENINO,18 a 25,77
2022,JULIO,TACNA,FEMENINO,26 a 35,119
2022,JULIO,TACNA,FEMENINO,36 a 45,98
2022,JULIO,TACNA,FEMENINO,46 a 55,60
2022,JULIO,TACNA,FEMENINO,56 a mas,60
2022,JULIO,TACNA,MASCULINO,18 a 25,92
2022,JULIO,TACNA,MASCULINO,26 a 35,201
2022,JULIO,TACNA,MASCULINO,36 a 45,144
2022,JULIO,TACNA,MASCULINO,46 a 55,100
2022,JULIO,TACNA,MASCULINO,56 a mas,86
2022,JULIO,TUMBES,FEMENINO,18 a 25,41
2022,JULIO,TUMBES,FEMENINO,26 a 35,51
2022,JULIO,TUMBES,FEMENINO,36 a 45,31
2022,JULIO,TUMBES,FEMENINO,46 a 55,24
2022,JULIO,TUMBES,FEMENINO,56 a mas,18
2022,JULIO,TUMBES,MASCULINO,18 a 25,114
2022,JULIO,TUMBES,MASCULINO,26 a 35,129
2022,JULIO,TUMBES,MASCULINO,36 a 45,85
2022,JULIO,TUMBES,MASCULINO,46 a 55,52
2022,JULIO,TUMBES,MASCULINO,56 a mas,41
2022,JULIO,UCAYALI,FEMENINO,18 a 25,148
2022,JULIO,UCAYALI,FEMENINO,26 a 35,186
2022,JULIO,UCAYALI,FEMENINO,36 a 45,113
2022,JULIO,UCAYALI,FEMENINO,46 a 55,73
2022,JULIO,UCAYALI,FEMENINO,56 a mas,50
2022,JULIO,UCAYALI,MASCULINO,18 a 25,238
2022,JULIO,UCAYALI,MASCULINO,26 a 35,303
2022,JULIO,UCAYALI,MASCULINO,36 a 45,216
2022,JULIO,UCAYALI,MASCULINO,46 a 55,152
2022,JULIO,UCAYALI,MASCULINO,56 a mas,108
2022,JULIO,VENEZUELA,FEMENINO,26 a 35,1
2022,JULIO,VENEZUELA,FEMENINO,56 a mas,4
2022,JULIO,VENEZUELA,MASCULINO,36 a 45,3
2022,JULIO,VENEZUELA,MASCULINO,46 a 55,2
2022,JULIO,VENEZUELA,MASCULINO,56 a mas,3
2022,AGOSTO,ALEMANIA,FEMENINO,18 a 25,1
2022,AGOSTO,ALEMANIA,FEMENINO,26 a 35,3
2022,AGOSTO,ALEMANIA,FEMENINO,36 a 45,3
2022,AGOSTO,ALEMANIA,FEMENINO,46 a 55,1
2022,AGOSTO,ALEMANIA,FEMENINO,56 a mas,2
2022,AGOSTO,ALEMANIA,MASCULINO,26 a 35,1
2022,AGOSTO,ALEMANIA,MASCULINO,36 a 45,1
2022,AGOSTO,ALEMANIA,MASCULINO,46 a 55,2
2022,AGOSTO,ALEMANIA,MASCULINO,56 a mas,1
2022,AGOSTO,AMAZONAS,FEMENINO,18 a 25,49
2022,AGOSTO,AMAZONAS,FEMENINO,26 a 35,59
2022,AGOSTO,AMAZONAS,FEMENINO,36 a 45,19
2022,AGOSTO,AMAZONAS,FEMENINO,46 a 55,17
2022,AGOSTO,AMAZONAS,FEMENINO,56 a mas,19
2022,AGOSTO,AMAZONAS,MASCULINO,18 a 25,138
2022,AGOSTO,AMAZONAS,MASCULINO,26 a 35,108
2022,AGOSTO,AMAZONAS,MASCULINO,36 a 45,73
2022,AGOSTO,AMAZONAS,MASCULINO,46 a 55,62
2022,AGOSTO,AMAZONAS,MASCULINO,56 a mas,46
2022,AGOSTO,ANCASH,FEMENINO,18 a 25,225
2022,AGOSTO,ANCASH,FEMENINO,26 a 35,251
2022,AGOSTO,ANCASH,FEMENINO,36 a 45,130
2022,AGOSTO,ANCASH,FEMENINO,46 a 55,88
2022,AGOSTO,ANCASH,FEMENINO,56 a mas,104
2022,AGOSTO,ANCASH,MASCULINO,18 a 25,386
2022,AGOSTO,ANCASH,MASCULINO,26 a 35,532
2022,AGOSTO,ANCASH,MASCULINO,36 a 45,359
2022,AGOSTO,ANCASH,MASCULINO,46 a 55,281
2022,AGOSTO,ANCASH,MASCULINO,56 a mas,242
2022,AGOSTO,ANTILLAS HOLANDESAS,FEMENINO,36 a 45,1
2022,AGOSTO,ANTILLAS HOLANDESAS,FEMENINO,56 a mas,2
2022,AGOSTO,ANTILLAS HOLANDESAS,MASCULINO,46 a 55,1
2022,AGOSTO,APURIMAC,FEMENINO,18 a 25,92
2022,AGOSTO,APURIMAC,FEMENINO,26 a 35,124
2022,AGOSTO,APURIMAC,FEMENINO,36 a 45,84
2022,AGOSTO,APURIMAC,FEMENINO,46 a 55,44
2022,AGOSTO,APURIMAC,FEMENINO,56 a mas,47
2022,AGOSTO,APURIMAC,MASCULINO,18 a 25,203
2022,AGOSTO,APURIMAC,MASCULINO,26 a 35,265
2022,AGOSTO,APURIMAC,MASCULINO,36 a 45,161
2022,AGOSTO,APURIMAC,MASCULINO,46 a 55,78
2022,AGOSTO,APURIMAC,MASCULINO,56 a mas,60
2022,AGOSTO,AREQUIPA,FEMENINO,18 a 25,369
2022,AGOSTO,AREQUIPA,FEMENINO,26 a 35,473
2022,AGOSTO,AREQUIPA,FEMENINO,36 a 45,319
2022,AGOSTO,AREQUIPA,FEMENINO,46 a 55,191
2022,AGOSTO,AREQUIPA,FEMENINO,56 a mas,223
2022,AGOSTO,AREQUIPA,MASCULINO,18 a 25,593
2022,AGOSTO,AREQUIPA,MASCULINO,26 a 35,963
2022,AGOSTO,AREQUIPA,MASCULINO,36 a 45,627
2022,AGOSTO,AREQUIPA,MASCULINO,46 a 55,385
2022,AGOSTO,AREQUIPA,MASCULINO,56 a mas,300
2022,AGOSTO,ARGENTINA,FEMENINO,18 a 25,3
2022,AGOSTO,ARGENTINA,FEMENINO,26 a 35,7
2022,AGOSTO,ARGENTINA,FEMENINO,36 a 45,8
2022,AGOSTO,ARGENTINA,FEMENINO,46 a 55,11
2022,AGOSTO,ARGENTINA,FEMENINO,56 a mas,22
2022,AGOSTO,ARGENTINA,MASCULINO,18 a 25,1
2022,AGOSTO,ARGENTINA,MASCULINO,26 a 35,13
2022,AGOSTO,ARGENTINA,MASCULINO,36 a 45,15
2022,AGOSTO,ARGENTINA,MASCULINO,46 a 55,9
2022,AGOSTO,ARGENTINA,MASCULINO,56 a mas,11
2022,AGOSTO,AUSTRALIA,FEMENINO,36 a 45,2
2022,AGOSTO,AUSTRALIA,FEMENINO,46 a 55,1
2022,AGOSTO,AUSTRALIA,FEMENINO,56 a mas,1
2022,AGOSTO,AUSTRALIA,MASCULINO,36 a 45,1
2022,AGOSTO,AUSTRIA,FEMENINO,36 a 45,1
2022,AGOSTO,AUSTRIA,MASCULINO,46 a 55,1
2022,AGOSTO,AYACUCHO,FEMENINO,18 a 25,184
2022,AGOSTO,AYACUCHO,FEMENINO,26 a 35,232
2022,AGOSTO,AYACUCHO,FEMENINO,36 a 45,123
2022,AGOSTO,AYACUCHO,FEMENINO,46 a 55,72
2022,AGOSTO,AYACUCHO,FEMENINO,56 a mas,86
2022,AGOSTO,AYACUCHO,MASCULINO,18 a 25,336
2022,AGOSTO,AYACUCHO,MASCULINO,26 a 35,381
2022,AGOSTO,AYACUCHO,MASCULINO,36 a 45,211
2022,AGOSTO,AYACUCHO,MASCULINO,46 a 55,124
2022,AGOSTO,AYACUCHO,MASCULINO,56 a mas,83
2022,AGOSTO,BELGICA,FEMENINO,56 a mas,1
2022,AGOSTO,BELGICA,MASCULINO,46 a 55,1
2022,AGOSTO,BOLIVIA,FEMENINO,18 a 25,1
2022,AGOSTO,BOLIVIA,FEMENINO,36 a 45,1
2022,AGOSTO,BOLIVIA,MASCULINO,26 a 35,2
2022,AGOSTO,BOLIVIA,MASCULINO,36 a 45,1
2022,AGOSTO,BOLIVIA,MASCULINO,46 a 55,1
2022,AGOSTO,BRASIL,FEMENINO,26 a 35,1
2022,AGOSTO,BRASIL,FEMENINO,36 a 45,1
2022,AGOSTO,BRASIL,FEMENINO,46 a 55,2
2022,AGOSTO,BRASIL,FEMENINO,56 a mas,2
2022,AGOSTO,BRASIL,MASCULINO,18 a 25,1
2022,AGOSTO,BRASIL,MASCULINO,26 a 35,2
2022,AGOSTO,BRASIL,MASCULINO,36 a 45,6
2022,AGOSTO,BRASIL,MASCULINO,46 a 55,4
2022,AGOSTO,BRASIL,MASCULINO,56 a mas,1
2022,AGOSTO,CAJAMARCA,FEMENINO,18 a 25,202
2022,AGOSTO,CAJAMARCA,FEMENINO,26 a 35,215
2022,AGOSTO,CAJAMARCA,FEMENINO,36 a 45,126
2022,AGOSTO,CAJAMARCA,FEMENINO,46 a 55,75
2022,AGOSTO,CAJAMARCA,FEMENINO,56 a mas,90
2022,AGOSTO,CAJAMARCA,MASCULINO,18 a 25,381
2022,AGOSTO,CAJAMARCA,MASCULINO,26 a 35,440
2022,AGOSTO,CAJAMARCA,MASCULINO,36 a 45,260
2022,AGOSTO,CAJAMARCA,MASCULINO,46 a 55,155
2022,AGOSTO,CAJAMARCA,MASCULINO,56 a mas,142
2022,AGOSTO,CALLAO,FEMENINO,18 a 25,407
2022,AGOSTO,CALLAO,FEMENINO,26 a 35,513
2022,AGOSTO,CALLAO,FEMENINO,36 a 45,346
2022,AGOSTO,CALLAO,FEMENINO,46 a 55,217
2022,AGOSTO,CALLAO,FEMENINO,56 a mas,202
2022,AGOSTO,CALLAO,MASCULINO,18 a 25,642
2022,AGOSTO,CALLAO,MASCULINO,26 a 35,809
2022,AGOSTO,CALLAO,MASCULINO,36 a 45,548
2022,AGOSTO,CALLAO,MASCULINO,46 a 55,318
2022,AGOSTO,CALLAO,MASCULINO,56 a mas,263
2022,AGOSTO,CANADA,FEMENINO,26 a 35,3
2022,AGOSTO,CANADA,FEMENINO,36 a 45,4
2022,AGOSTO,CANADA,FEMENINO,46 a 55,7
2022,AGOSTO,CANADA,FEMENINO,56 a mas,6
2022,AGOSTO,CANADA,MASCULINO,26 a 35,3
2022,AGOSTO,CANADA,MASCULINO,36 a 45,2
2022,AGOSTO,CANADA,MASCULINO,46 a 55,5
2022,AGOSTO,CANADA,MASCULINO,56 a mas,8
2022,AGOSTO,CHILE,FEMENINO,18 a 25,5
2022,AGOSTO,CHILE,FEMENINO,26 a 35,8
2022,AGOSTO,CHILE,FEMENINO,36 a 45,9
2022,AGOSTO,CHILE,FEMENINO,46 a 55,10
2022,AGOSTO,CHILE,FEMENINO,56 a mas,6
2022,AGOSTO,CHILE,MASCULINO,18 a 25,2
2022,AGOSTO,CHILE,MASCULINO,26 a 35,20
2022,AGOSTO,CHILE,MASCULINO,36 a 45,17
2022,AGOSTO,CHILE,MASCULINO,46 a 55,8
2022,AGOSTO,CHILE,MASCULINO,56 a mas,7
2022,AGOSTO,COLOMBIA,FEMENINO,46 a 55,1
2022,AGOSTO,COLOMBIA,FEMENINO,56 a mas,2
2022,AGOSTO,COLOMBIA,MASCULINO,36 a 45,1
2022,AGOSTO,COLOMBIA,MASCULINO,46 a 55,2
2022,AGOSTO,COLOMBIA,MASCULINO,56 a mas,1
2022,AGOSTO,COSTA RICA,FEMENINO,26 a 35,1
2022,AGOSTO,COSTA RICA,FEMENINO,36 a 45,1
2022,AGOSTO,COSTA RICA,MASCULINO,46 a 55,1
2022,AGOSTO,COSTA RICA,MASCULINO,56 a mas,1
2022,AGOSTO,CUBA,FEMENINO,18 a 25,1
2022,AGOSTO,CUSCO,FEMENINO,18 a 25,398
2022,AGOSTO,CUSCO,FEMENINO,26 a 35,500
2022,AGOSTO,CUSCO,FEMENINO,36 a 45,282
2022,AGOSTO,CUSCO,FEMENINO,46 a 55,216
2022,AGOSTO,CUSCO,FEMENINO,56 a mas,175
2022,AGOSTO,CUSCO,MASCULINO,18 a 25,743
2022,AGOSTO,CUSCO,MASCULINO,26 a 35,978
2022,AGOSTO,CUSCO,MASCULINO,36 a 45,581
2022,AGOSTO,CUSCO,MASCULINO,46 a 55,294
2022,AGOSTO,CUSCO,MASCULINO,56 a mas,255
2022,AGOSTO,ECUADOR,FEMENINO,36 a 45,1
2022,AGOSTO,ECUADOR,FEMENINO,46 a 55,1
2022,AGOSTO,ECUADOR,FEMENINO,56 a mas,1
2022,AGOSTO,ECUADOR,MASCULINO,18 a 25,1
2022,AGOSTO,ECUADOR,MASCULINO,26 a 35,2
2022,AGOSTO,ECUADOR,MASCULINO,46 a 55,1
2022,AGOSTO,ESPAÑA,FEMENINO,18 a 25,3
2022,AGOSTO,ESPAÑA,FEMENINO,26 a 35,9
2022,AGOSTO,ESPAÑA,FEMENINO,36 a 45,28
2022,AGOSTO,ESPAÑA,FEMENINO,46 a 55,27
2022,AGOSTO,ESPAÑA,FEMENINO,56 a mas,22
2022,AGOSTO,ESPAÑA,MASCULINO,18 a 25,3
2022,AGOSTO,ESPAÑA,MASCULINO,26 a 35,12
2022,AGOSTO,ESPAÑA,MASCULINO,36 a 45,19
2022,AGOSTO,ESPAÑA,MASCULINO,46 a 55,24
2022,AGOSTO,ESPAÑA,MASCULINO,56 a mas,18
2022,AGOSTO,ESTADOS UNIDOS DE AMERICA,FEMENINO,18 a 25,6
2022,AGOSTO,ESTADOS UNIDOS DE AMERICA,FEMENINO,26 a 35,8
2022,AGOSTO,ESTADOS UNIDOS DE AMERICA,FEMENINO,36 a 45,25
2022,AGOSTO,ESTADOS UNIDOS DE AMERICA,FEMENINO,46 a 55,58
2022,AGOSTO,ESTADOS UNIDOS DE AMERICA,FEMENINO,56 a mas,88
2022,AGOSTO,ESTADOS UNIDOS DE AMERICA,MASCULINO,18 a 25,1
2022,AGOSTO,ESTADOS UNIDOS DE AMERICA,MASCULINO,26 a 35,21
2022,AGOSTO,ESTADOS UNIDOS DE AMERICA,MASCULINO,36 a 45,35
2022,AGOSTO,ESTADOS UNIDOS DE AMERICA,MASCULINO,46 a 55,43
2022,AGOSTO,ESTADOS UNIDOS DE AMERICA,MASCULINO,56 a mas,79
2022,AGOSTO,FRANCIA,FEMENINO,26 a 35,2
2022,AGOSTO,FRANCIA,FEMENINO,46 a 55,4
2022,AGOSTO,FRANCIA,FEMENINO,56 a mas,4
2022,AGOSTO,FRANCIA,MASCULINO,26 a 35,2
2022,AGOSTO,FRANCIA,MASCULINO,56 a mas,2
2022,AGOSTO,GRAN BRETAÑA,FEMENINO,26 a 35,1
2022,AGOSTO,GRAN BRETAÑA,FEMENINO,46 a 55,2
2022,AGOSTO,GRAN BRETAÑA,MASCULINO,18 a 25,1
2022,AGOSTO,GRAN BRETAÑA,MASCULINO,36 a 45,1
2022,AGOSTO,GRAN BRETAÑA,MASCULINO,46 a 55,3
2022,AGOSTO,HOLANDA,FEMENINO,36 a 45,2
2022,AGOSTO,HOLANDA,MASCULINO,36 a 45,1
2022,AGOSTO,HUANCAVELICA,FEMENINO,18 a 25,105
2022,AGOSTO,HUANCAVELICA,FEMENINO,26 a 35,89
2022,AGOSTO,HUANCAVELICA,FEMENINO,36 a 45,40
2022,AGOSTO,HUANCAVELICA,FEMENINO,46 a 55,33
2022,AGOSTO,HUANCAVELICA,FEMENINO,56 a mas,33
2022,AGOSTO,HUANCAVELICA,MASCULINO,18 a 25,254
2022,AGOSTO,HUANCAVELICA,MASCULINO,26 a 35,195
2022,AGOSTO,HUANCAVELICA,MASCULINO,36 a 45,110
2022,AGOSTO,HUANCAVELICA,MASCULINO,46 a 55,52
2022,AGOSTO,HUANCAVELICA,MASCULINO,56 a mas,67
2022,AGOSTO,HUANUCO,FEMENINO,18 a 25,159
2022,AGOSTO,HUANUCO,FEMENINO,26 a 35,186
2022,AGOSTO,HUANUCO,FEMENINO,36 a 45,97
2022,AGOSTO,HUANUCO,FEMENINO,46 a 55,70
2022,AGOSTO,HUANUCO,FEMENINO,56 a mas,66
2022,AGOSTO,HUANUCO,MASCULINO,18 a 25,327
2022,AGOSTO,HUANUCO,MASCULINO,26 a 35,378
2022,AGOSTO,HUANUCO,MASCULINO,36 a 45,243
2022,AGOSTO,HUANUCO,MASCULINO,46 a 55,116
2022,AGOSTO,HUANUCO,MASCULINO,56 a mas,120
2022,AGOSTO,ICA,FEMENINO,18 a 25,319
2022,AGOSTO,ICA,FEMENINO,26 a 35,425
2022,AGOSTO,ICA,FEMENINO,36 a 45,228
2022,AGOSTO,ICA,FEMENINO,46 a 55,156
2022,AGOSTO,ICA,FEMENINO,56 a mas,136
2022,AGOSTO,ICA,MASCULINO,18 a 25,641
2022,AGOSTO,ICA,MASCULINO,26 a 35,809
2022,AGOSTO,ICA,MASCULINO,36 a 45,505
2022,AGOSTO,ICA,MASCULINO,46 a 55,368
2022,AGOSTO,ICA,MASCULINO,56 a mas,271
2022,AGOSTO,ITALIA,FEMENINO,18 a 25,2
2022,AGOSTO,ITALIA,FEMENINO,26 a 35,4
2022,AGOSTO,ITALIA,FEMENINO,36 a 45,21
2022,AGOSTO,ITALIA,FEMENINO,46 a 55,26
2022,AGOSTO,ITALIA,FEMENINO,56 a mas,21
2022,AGOSTO,ITALIA,MASCULINO,26 a 35,3
2022,AGOSTO,ITALIA,MASCULINO,36 a 45,13
2022,AGOSTO,ITALIA,MASCULINO,46 a 55,11
2022,AGOSTO,ITALIA,MASCULINO,56 a mas,13
2022,AGOSTO,JAPON,FEMENINO,26 a 35,5
2022,AGOSTO,JAPON,FEMENINO,36 a 45,1
2022,AGOSTO,JAPON,FEMENINO,46 a 55,6
2022,AGOSTO,JAPON,FEMENINO,56 a mas,3
2022,AGOSTO,JAPON,MASCULINO,26 a 35,1
2022,AGOSTO,JAPON,MASCULINO,36 a 45,8
2022,AGOSTO,JAPON,MASCULINO,46 a 55,8
2022,AGOSTO,JAPON,MASCULINO,56 a mas,9
2022,AGOSTO,JUNIN,FEMENINO,18 a 25,333
2022,AGOSTO,JUNIN,FEMENINO,26 a 35,386
2022,AGOSTO,JUNIN,FEMENINO,36 a 45,244
2022,AGOSTO,JUNIN,FEMENINO,46 a 55,178
2022,AGOSTO,JUNIN,FEMENINO,56 a mas,194
2022,AGOSTO,JUNIN,MASCULINO,18 a 25,574
2022,AGOSTO,JUNIN,MASCULINO,26 a 35,740
2022,AGOSTO,JUNIN,MASCULINO,36 a 45,448
2022,AGOSTO,JUNIN,MASCULINO,46 a 55,255
2022,AGOSTO,JUNIN,MASCULINO,56 a mas,213
2022,AGOSTO,LA LIBERTAD,FEMENINO,18 a 25,409
2022,AGOSTO,LA LIBERTAD,FEMENINO,26 a 35,517
2022,AGOSTO,LA LIBERTAD,FEMENINO,36 a 45,321
2022,AGOSTO,LA LIBERTAD,FEMENINO,46 a 55,207
2022,AGOSTO,LA LIBERTAD,FEMENINO,56 a mas,213
2022,AGOSTO,LA LIBERTAD,MASCULINO,18 a 25,719
2022,AGOSTO,LA LIBERTAD,MASCULINO,26 a 35,913
2022,AGOSTO,LA LIBERTAD,MASCULINO,36 a 45,516
2022,AGOSTO,LA LIBERTAD,MASCULINO,46 a 55,356
2022,AGOSTO,LA LIBERTAD,MASCULINO,56 a mas,320
2022,AGOSTO,LAMBAYEQUE,FEMENINO,18 a 25,367
2022,AGOSTO,LAMBAYEQUE,FEMENINO,26 a 35,432
2022,AGOSTO,LAMBAYEQUE,FEMENINO,36 a 45,261
2022,AGOSTO,LAMBAYEQUE,FEMENINO,46 a 55,189
2022,AGOSTO,LAMBAYEQUE,FEMENINO,56 a mas,155
2022,AGOSTO,LAMBAYEQUE,MASCULINO,18 a 25,675
2022,AGOSTO,LAMBAYEQUE,MASCULINO,26 a 35,900
2022,AGOSTO,LAMBAYEQUE,MASCULINO,36 a 45,569
2022,AGOSTO,LAMBAYEQUE,MASCULINO,46 a 55,377
2022,AGOSTO,LAMBAYEQUE,MASCULINO,56 a mas,341
2022,AGOSTO,LIMA,FEMENINO,18 a 25,2909
2022,AGOSTO,LIMA,FEMENINO,26 a 35,4253
2022,AGOSTO,LIMA,FEMENINO,36 a 45,2715
2022,AGOSTO,LIMA,FEMENINO,46 a 55,1884
2022,AGOSTO,LIMA,FEMENINO,56 a mas,1998
2022,AGOSTO,LIMA,MASCULINO,18 a 25,4532
2022,AGOSTO,LIMA,MASCULINO,26 a 35,7003
2022,AGOSTO,LIMA,MASCULINO,36 a 45,4984
2022,AGOSTO,LIMA,MASCULINO,46 a 55,3078
2022,AGOSTO,LIMA,MASCULINO,56 a mas,2759
2022,AGOSTO,LORETO,FEMENINO,18 a 25,230
2022,AGOSTO,LORETO,FEMENINO,26 a 35,278
2022,AGOSTO,LORETO,FEMENINO,36 a 45,160
2022,AGOSTO,LORETO,FEMENINO,46 a 55,111
2022,AGOSTO,LORETO,FEMENINO,56 a mas,100
2022,AGOSTO,LORETO,MASCULINO,18 a 25,455
2022,AGOSTO,LORETO,MASCULINO,26 a 35,531
2022,AGOSTO,LORETO,MASCULINO,36 a 45,320
2022,AGOSTO,LORETO,MASCULINO,46 a 55,169
2022,AGOSTO,LORETO,MASCULINO,56 a mas,129
2022,AGOSTO,MADRE DE DIOS,FEMENINO,18 a 25,106
2022,AGOSTO,MADRE DE DIOS,FEMENINO,26 a 35,153
2022,AGOSTO,MADRE DE DIOS,FEMENINO,36 a 45,79
2022,AGOSTO,MADRE DE DIOS,FEMENINO,46 a 55,50
2022,AGOSTO,MADRE DE DIOS,FEMENINO,56 a mas,29
2022,AGOSTO,MADRE DE DIOS,MASCULINO,18 a 25,139
2022,AGOSTO,MADRE DE DIOS,MASCULINO,26 a 35,241
2022,AGOSTO,MADRE DE DIOS,MASCULINO,36 a 45,157
2022,AGOSTO,MADRE DE DIOS,MASCULINO,46 a 55,85
2022,AGOSTO,MADRE DE DIOS,MASCULINO,56 a mas,71
2022,AGOSTO,MEXICO,FEMENINO,26 a 35,1
2022,AGOSTO,MEXICO,FEMENINO,46 a 55,1
2022,AGOSTO,MEXICO,FEMENINO,56 a mas,1
2022,AGOSTO,MEXICO,MASCULINO,18 a 25,1
2022,AGOSTO,MEXICO,MASCULINO,26 a 35,1
2022,AGOSTO,MEXICO,MASCULINO,36 a 45,2
2022,AGOSTO,MEXICO,MASCULINO,46 a 55,2
2022,AGOSTO,MEXICO,MASCULINO,56 a mas,1
2022,AGOSTO,MOQUEGUA,FEMENINO,18 a 25,47
2022,AGOSTO,MOQUEGUA,FEMENINO,26 a 35,60
2022,AGOSTO,MOQUEGUA,FEMENINO,36 a 45,37
2022,AGOSTO,MOQUEGUA,FEMENINO,46 a 55,40
2022,AGOSTO,MOQUEGUA,FEMENINO,56 a mas,23
2022,AGOSTO,MOQUEGUA,MASCULINO,18 a 25,68
2022,AGOSTO,MOQUEGUA,MASCULINO,26 a 35,107
2022,AGOSTO,MOQUEGUA,MASCULINO,36 a 45,79
2022,AGOSTO,MOQUEGUA,MASCULINO,46 a 55,36
2022,AGOSTO,MOQUEGUA,MASCULINO,56 a mas,38
2022,AGOSTO,PARAGUAY,MASCULINO,36 a 45,1
2022,AGOSTO,PASCO,FEMENINO,18 a 25,49
2022,AGOSTO,PASCO,FEMENINO,26 a 35,47
2022,AGOSTO,PASCO,FEMENINO,36 a 45,37
2022,AGOSTO,PASCO,FEMENINO,46 a 55,23
2022,AGOSTO,PASCO,FEMENINO,56 a mas,23
2022,AGOSTO,PASCO,MASCULINO,18 a 25,122
2022,AGOSTO,PASCO,MASCULINO,26 a 35,156
2022,AGOSTO,PASCO,MASCULINO,36 a 45,87
2022,AGOSTO,PASCO,MASCULINO,46 a 55,34
2022,AGOSTO,PASCO,MASCULINO,56 a mas,34
2022,AGOSTO,PIURA,FEMENINO,18 a 25,548
2022,AGOSTO,PIURA,FEMENINO,26 a 35,852
2022,AGOSTO,PIURA,FEMENINO,36 a 45,551
2022,AGOSTO,PIURA,FEMENINO,46 a 55,358
2022,AGOSTO,PIURA,FEMENINO,56 a mas,309
2022,AGOSTO,PIURA,MASCULINO,18 a 25,805
2022,AGOSTO,PIURA,MASCULINO,26 a 35,861
2022,AGOSTO,PIURA,MASCULINO,36 a 45,513
2022,AGOSTO,PIURA,MASCULINO,46 a 55,311
2022,AGOSTO,PIURA,MASCULINO,56 a mas,235
2022,AGOSTO,POLONIA,MASCULINO,36 a 45,1
2022,AGOSTO,PUERTO RICO,FEMENINO,56 a mas,1
2022,AGOSTO,PUERTO RICO,MASCULINO,36 a 45,1
2022,AGOSTO,PUERTO RICO,MASCULINO,56 a mas,1
2022,AGOSTO,PUNO,FEMENINO,18 a 25,250
2022,AGOSTO,PUNO,FEMENINO,26 a 35,271
2022,AGOSTO,PUNO,FEMENINO,36 a 45,149
2022,AGOSTO,PUNO,FEMENINO,46 a 55,99
2022,AGOSTO,PUNO,FEMENINO,56 a mas,85
2022,AGOSTO,PUNO,MASCULINO,18 a 25,474
2022,AGOSTO,PUNO,MASCULINO,26 a 35,590
2022,AGOSTO,PUNO,MASCULINO,36 a 45,341
2022,AGOSTO,PUNO,MASCULINO,46 a 55,149
2022,AGOSTO,PUNO,MASCULINO,56 a mas,142
2022,AGOSTO,REPUBLICA DE PANAMA,MASCULINO,36 a 45,1
2022,AGOSTO,REPUBLICA POPULAR CHINA,FEMENINO,18 a 25,1
2022,AGOSTO,RUSIA,FEMENINO,36 a 45,1
2022,AGOSTO,SAN MARTIN,FEMENINO,18 a 25,104
2022,AGOSTO,SAN MARTIN,FEMENINO,26 a 35,113
2022,AGOSTO,SAN MARTIN,FEMENINO,36 a 45,66
2022,AGOSTO,SAN MARTIN,FEMENINO,46 a 55,47
2022,AGOSTO,SAN MARTIN,FEMENINO,56 a mas,43
2022,AGOSTO,SAN MARTIN,MASCULINO,18 a 25,191
2022,AGOSTO,SAN MARTIN,MASCULINO,26 a 35,258
2022,AGOSTO,SAN MARTIN,MASCULINO,36 a 45,169
2022,AGOSTO,SAN MARTIN,MASCULINO,46 a 55,115
2022,AGOSTO,SAN MARTIN,MASCULINO,56 a mas,83
2022,AGOSTO,SUDAFRICA,FEMENINO,56 a mas,1
2022,AGOSTO,SUECIA,FEMENINO,36 a 45,1
2022,AGOSTO,SUECIA,FEMENINO,46 a 55,1
2022,AGOSTO,SUECIA,FEMENINO,56 a mas,1
2022,AGOSTO,SUECIA,MASCULINO,56 a mas,1
2022,AGOSTO,SUIZA,FEMENINO,46 a 55,2
2022,AGOSTO,SUIZA,MASCULINO,46 a 55,1
2022,AGOSTO,SUIZA,MASCULINO,56 a mas,1
2022,AGOSTO,TACNA,FEMENINO,18 a 25,74
2022,AGOSTO,TACNA,FEMENINO,26 a 35,120
2022,AGOSTO,TACNA,FEMENINO,36 a 45,79
2022,AGOSTO,TACNA,FEMENINO,46 a 55,57
2022,AGOSTO,TACNA,FEMENINO,56 a mas,71
2022,AGOSTO,TACNA,MASCULINO,18 a 25,112
2022,AGOSTO,TACNA,MASCULINO,26 a 35,203
2022,AGOSTO,TACNA,MASCULINO,36 a 45,155
2022,AGOSTO,TACNA,MASCULINO,46 a 55,108
2022,AGOSTO,TACNA,MASCULINO,56 a mas,103
2022,AGOSTO,TUMBES,FEMENINO,18 a 25,58
2022,AGOSTO,TUMBES,FEMENINO,26 a 35,79
2022,AGOSTO,TUMBES,FEMENINO,36 a 45,60
2022,AGOSTO,TUMBES,FEMENINO,46 a 55,38
2022,AGOSTO,TUMBES,FEMENINO,56 a mas,27
2022,AGOSTO,TUMBES,MASCULINO,18 a 25,154
2022,AGOSTO,TUMBES,MASCULINO,26 a 35,161
2022,AGOSTO,TUMBES,MASCULINO,36 a 45,111
2022,AGOSTO,TUMBES,MASCULINO,46 a 55,70
2022,AGOSTO,TUMBES,MASCULINO,56 a mas,58
2022,AGOSTO,UCAYALI,FEMENINO,18 a 25,185
2022,AGOSTO,UCAYALI,FEMENINO,26 a 35,200
2022,AGOSTO,UCAYALI,FEMENINO,36 a 45,144
2022,AGOSTO,UCAYALI,FEMENINO,46 a 55,69
2022,AGOSTO,UCAYALI,FEMENINO,56 a mas,59
2022,AGOSTO,UCAYALI,MASCULINO,18 a 25,255
2022,AGOSTO,UCAYALI,MASCULINO,26 a 35,329
2022,AGOSTO,UCAYALI,MASCULINO,36 a 45,214
2022,AGOSTO,UCAYALI,MASCULINO,46 a 55,142
2022,AGOSTO,UCAYALI,MASCULINO,56 a mas,100
2022,AGOSTO,URUGUAY,MASCULINO,36 a 45,1
2022,AGOSTO,VENEZUELA,FEMENINO,46 a 55,1
2022,AGOSTO,VENEZUELA,FEMENINO,56 a mas,1
2022,AGOSTO,VENEZUELA,MASCULINO,18 a 25,1
2022,AGOSTO,VENEZUELA,MASCULINO,56 a mas,3
2022,SEPTIEMBRE,ALEMANIA,FEMENINO,18 a 25,1
2022,SEPTIEMBRE,ALEMANIA,FEMENINO,26 a 35,1
2022,SEPTIEMBRE,ALEMANIA,FEMENINO,36 a 45,2
2022,SEPTIEMBRE,ALEMANIA,FEMENINO,46 a 55,2
2022,SEPTIEMBRE,ALEMANIA,FEMENINO,56 a mas,3
2022,SEPTIEMBRE,ALEMANIA,MASCULINO,18 a 25,1
2022,SEPTIEMBRE,ALEMANIA,MASCULINO,46 a 55,1
2022,SEPTIEMBRE,ALEMANIA,MASCULINO,56 a mas,2
2022,SEPTIEMBRE,AMAZONAS,FEMENINO,18 a 25,65
2022,SEPTIEMBRE,AMAZONAS,FEMENINO,26 a 35,56
2022,SEPTIEMBRE,AMAZONAS,FEMENINO,36 a 45,33
2022,SEPTIEMBRE,AMAZONAS,FEMENINO,46 a 55,19
2022,SEPTIEMBRE,AMAZONAS,FEMENINO,56 a mas,24
2022,SEPTIEMBRE,AMAZONAS,MASCULINO,18 a 25,138
2022,SEPTIEMBRE,AMAZONAS,MASCULINO,26 a 35,158
2022,SEPTIEMBRE,AMAZONAS,MASCULINO,36 a 45,103
2022,SEPTIEMBRE,AMAZONAS,MASCULINO,46 a 55,44
2022,SEPTIEMBRE,AMAZONAS,MASCULINO,56 a mas,49
2022,SEPTIEMBRE,ANCASH,FEMENINO,18 a 25,211
2022,SEPTIEMBRE,ANCASH,FEMENINO,26 a 35,224
2022,SEPTIEMBRE,ANCASH,FEMENINO,36 a 45,125
2022,SEPTIEMBRE,ANCASH,FEMENINO,46 a 55,101
2022,SEPTIEMBRE,ANCASH,FEMENINO,56 a mas,92
2022,SEPTIEMBRE,ANCASH,MASCULINO,18 a 25,364
2022,SEPTIEMBRE,ANCASH,MASCULINO,26 a 35,465
2022,SEPTIEMBRE,ANCASH,MASCULINO,36 a 45,323
2022,SEPTIEMBRE,ANCASH,MASCULINO,46 a 55,209
2022,SEPTIEMBRE,ANCASH,MASCULINO,56 a mas,184
2022,SEPTIEMBRE,APURIMAC,FEMENINO,18 a 25,133
2022,SEPTIEMBRE,APURIMAC,FEMENINO,26 a 35,135
2022,SEPTIEMBRE,APURIMAC,FEMENINO,36 a 45,65
2022,SEPTIEMBRE,APURIMAC,FEMENINO,46 a 55,47
2022,SEPTIEMBRE,APURIMAC,FEMENINO,56 a mas,43
2022,SEPTIEMBRE,APURIMAC,MASCULINO,18 a 25,226
2022,SEPTIEMBRE,APURIMAC,MASCULINO,26 a 35,263
2022,SEPTIEMBRE,APURIMAC,MASCULINO,36 a 45,148
2022,SEPTIEMBRE,APURIMAC,MASCULINO,46 a 55,88
2022,SEPTIEMBRE,APURIMAC,MASCULINO,56 a mas,62
2022,SEPTIEMBRE,AREQUIPA,FEMENINO,18 a 25,310
2022,SEPTIEMBRE,AREQUIPA,FEMENINO,26 a 35,480
2022,SEPTIEMBRE,AREQUIPA,FEMENINO,36 a 45,265
2022,SEPTIEMBRE,AREQUIPA,FEMENINO,46 a 55,160
2022,SEPTIEMBRE,AREQUIPA,FEMENINO,56 a mas,174
2022,SEPTIEMBRE,AREQUIPA,MASCULINO,18 a 25,475
2022,SEPTIEMBRE,AREQUIPA,MASCULINO,26 a 35,822
2022,SEPTIEMBRE,AREQUIPA,MASCULINO,36 a 45,500
2022,SEPTIEMBRE,AREQUIPA,MASCULINO,46 a 55,295
2022,SEPTIEMBRE,AREQUIPA,MASCULINO,56 a mas,240
2022,SEPTIEMBRE,ARGENTINA,FEMENINO,18 a 25,2
2022,SEPTIEMBRE,ARGENTINA,FEMENINO,26 a 35,5
2022,SEPTIEMBRE,ARGENTINA,FEMENINO,36 a 45,6
2022,SEPTIEMBRE,ARGENTINA,FEMENINO,46 a 55,14
2022,SEPTIEMBRE,ARGENTINA,FEMENINO,56 a mas,21
2022,SEPTIEMBRE,ARGENTINA,MASCULINO,18 a 25,5
2022,SEPTIEMBRE,ARGENTINA,MASCULINO,26 a 35,15
2022,SEPTIEMBRE,ARGENTINA,MASCULINO,36 a 45,20
2022,SEPTIEMBRE,ARGENTINA,MASCULINO,46 a 55,12
2022,SEPTIEMBRE,ARGENTINA,MASCULINO,56 a mas,15
2022,SEPTIEMBRE,AUSTRALIA,FEMENINO,56 a mas,1
2022,SEPTIEMBRE,AUSTRALIA,MASCULINO,36 a 45,2
2022,SEPTIEMBRE,AUSTRALIA,MASCULINO,46 a 55,1
2022,SEPTIEMBRE,AUSTRALIA,MASCULINO,56 a mas,1
2022,SEPTIEMBRE,AUSTRIA,FEMENINO,26 a 35,1
2022,SEPTIEMBRE,AYACUCHO,FEMENINO,18 a 25,185
2022,SEPTIEMBRE,AYACUCHO,FEMENINO,26 a 35,184
2022,SEPTIEMBRE,AYACUCHO,FEMENINO,36 a 45,93
2022,SEPTIEMBRE,AYACUCHO,FEMENINO,46 a 55,74
2022,SEPTIEMBRE,AYACUCHO,FEMENINO,56 a mas,68
2022,SEPTIEMBRE,AYACUCHO,MASCULINO,18 a 25,318
2022,SEPTIEMBRE,AYACUCHO,MASCULINO,26 a 35,345
2022,SEPTIEMBRE,AYACUCHO,MASCULINO,36 a 45,170
2022,SEPTIEMBRE,AYACUCHO,MASCULINO,46 a 55,99
2022,SEPTIEMBRE,AYACUCHO,MASCULINO,56 a mas,87
2022,SEPTIEMBRE,BELGICA,FEMENINO,36 a 45,1
2022,SEPTIEMBRE,BELGICA,FEMENINO,46 a 55,2
2022,SEPTIEMBRE,BELGICA,FEMENINO,56 a mas,1
2022,SEPTIEMBRE,BOLIVIA,FEMENINO,46 a 55,1
2022,SEPTIEMBRE,BOLIVIA,FEMENINO,56 a mas,1
2022,SEPTIEMBRE,BOLIVIA,MASCULINO,18 a 25,1
2022,SEPTIEMBRE,BOLIVIA,MASCULINO,26 a 35,1
2022,SEPTIEMBRE,BOLIVIA,MASCULINO,36 a 45,1
2022,SEPTIEMBRE,BOLIVIA,MASCULINO,56 a mas,3
2022,SEPTIEMBRE,BRASIL,FEMENINO,36 a 45,1
2022,SEPTIEMBRE,BRASIL,FEMENINO,46 a 55,4
2022,SEPTIEMBRE,BRASIL,FEMENINO,56 a mas,1
2022,SEPTIEMBRE,BRASIL,MASCULINO,26 a 35,1
2022,SEPTIEMBRE,BRASIL,MASCULINO,46 a 55,4
2022,SEPTIEMBRE,BRASIL,MASCULINO,56 a mas,2
2022,SEPTIEMBRE,CAJAMARCA,FEMENINO,18 a 25,196
2022,SEPTIEMBRE,CAJAMARCA,FEMENINO,26 a 35,184
2022,SEPTIEMBRE,CAJAMARCA,FEMENINO,36 a 45,96
2022,SEPTIEMBRE,CAJAMARCA,FEMENINO,46 a 55,77
2022,SEPTIEMBRE,CAJAMARCA,FEMENINO,56 a mas,71
2022,SEPTIEMBRE,CAJAMARCA,MASCULINO,18 a 25,377
2022,SEPTIEMBRE,CAJAMARCA,MASCULINO,26 a 35,398
2022,SEPTIEMBRE,CAJAMARCA,MASCULINO,36 a 45,220
2022,SEPTIEMBRE,CAJAMARCA,MASCULINO,46 a 55,157
2022,SEPTIEMBRE,CAJAMARCA,MASCULINO,56 a mas,128
2022,SEPTIEMBRE,CALLAO,FEMENINO,18 a 25,368
2022,SEPTIEMBRE,CALLAO,FEMENINO,26 a 35,487
2022,SEPTIEMBRE,CALLAO,FEMENINO,36 a 45,285
2022,SEPTIEMBRE,CALLAO,FEMENINO,46 a 55,180
2022,SEPTIEMBRE,CALLAO,FEMENINO,56 a mas,163
2022,SEPTIEMBRE,CALLAO,MASCULINO,18 a 25,586
2022,SEPTIEMBRE,CALLAO,MASCULINO,26 a 35,828
2022,SEPTIEMBRE,CALLAO,MASCULINO,36 a 45,447
2022,SEPTIEMBRE,CALLAO,MASCULINO,46 a 55,288
2022,SEPTIEMBRE,CALLAO,MASCULINO,56 a mas,237
2022,SEPTIEMBRE,CANADA,FEMENINO,26 a 35,1
2022,SEPTIEMBRE,CANADA,FEMENINO,36 a 45,3
2022,SEPTIEMBRE,CANADA,FEMENINO,46 a 55,2
2022,SEPTIEMBRE,CANADA,FEMENINO,56 a mas,5
2022,SEPTIEMBRE,CANADA,MASCULINO,26 a 35,2
2022,SEPTIEMBRE,CANADA,MASCULINO,36 a 45,4
2022,SEPTIEMBRE,CANADA,MASCULINO,46 a 55,6
2022,SEPTIEMBRE,CANADA,MASCULINO,56 a mas,1
2022,SEPTIEMBRE,CHILE,FEMENINO,18 a 25,1
2022,SEPTIEMBRE,CHILE,FEMENINO,26 a 35,7
2022,SEPTIEMBRE,CHILE,FEMENINO,36 a 45,9
2022,SEPTIEMBRE,CHILE,FEMENINO,46 a 55,11
2022,SEPTIEMBRE,CHILE,FEMENINO,56 a mas,9
2022,SEPTIEMBRE,CHILE,MASCULINO,18 a 25,2
2022,SEPTIEMBRE,CHILE,MASCULINO,26 a 35,16
2022,SEPTIEMBRE,CHILE,MASCULINO,36 a 45,20
2022,SEPTIEMBRE,CHILE,MASCULINO,46 a 55,21
2022,SEPTIEMBRE,CHILE,MASCULINO,56 a mas,5
2022,SEPTIEMBRE,COLOMBIA,FEMENINO,36 a 45,2
2022,SEPTIEMBRE,COLOMBIA,FEMENINO,46 a 55,1
2022,SEPTIEMBRE,COLOMBIA,MASCULINO,46 a 55,1
2022,SEPTIEMBRE,COSTA RICA,FEMENINO,46 a 55,1
2022,SEPTIEMBRE,COSTA RICA,MASCULINO,26 a 35,1
2022,SEPTIEMBRE,COSTA RICA,MASCULINO,56 a mas,1
2022,SEPTIEMBRE,CUSCO,FEMENINO,18 a 25,414
2022,SEPTIEMBRE,CUSCO,FEMENINO,26 a 35,427
2022,SEPTIEMBRE,CUSCO,FEMENINO,36 a 45,259
2022,SEPTIEMBRE,CUSCO,FEMENINO,46 a 55,173
2022,SEPTIEMBRE,CUSCO,FEMENINO,56 a mas,154
2022,SEPTIEMBRE,CUSCO,MASCULINO,18 a 25,782
2022,SEPTIEMBRE,CUSCO,MASCULINO,26 a 35,917
2022,SEPTIEMBRE,CUSCO,MASCULINO,36 a 45,530
2022,SEPTIEMBRE,CUSCO,MASCULINO,46 a 55,291
2022,SEPTIEMBRE,CUSCO,MASCULINO,56 a mas,218
2022,SEPTIEMBRE,DINAMARCA,FEMENINO,36 a 45,1
2022,SEPTIEMBRE,ECUADOR,FEMENINO,18 a 25,1
2022,SEPTIEMBRE,ECUADOR,FEMENINO,46 a 55,2
2022,SEPTIEMBRE,ECUADOR,MASCULINO,36 a 45,1
2022,SEPTIEMBRE,ECUADOR,MASCULINO,46 a 55,2
2022,SEPTIEMBRE,ECUADOR,MASCULINO,56 a mas,1
2022,SEPTIEMBRE,ESPAÑA,FEMENINO,18 a 25,3
2022,SEPTIEMBRE,ESPAÑA,FEMENINO,26 a 35,9
2022,SEPTIEMBRE,ESPAÑA,FEMENINO,36 a 45,18
2022,SEPTIEMBRE,ESPAÑA,FEMENINO,46 a 55,33
2022,SEPTIEMBRE,ESPAÑA,FEMENINO,56 a mas,24
2022,SEPTIEMBRE,ESPAÑA,MASCULINO,18 a 25,5
2022,SEPTIEMBRE,ESPAÑA,MASCULINO,26 a 35,9
2022,SEPTIEMBRE,ESPAÑA,MASCULINO,36 a 45,20
2022,SEPTIEMBRE,ESPAÑA,MASCULINO,46 a 55,18
2022,SEPTIEMBRE,ESPAÑA,MASCULINO,56 a mas,20
2022,SEPTIEMBRE,ESTADOS UNIDOS DE AMERICA,FEMENINO,18 a 25,1
2022,SEPTIEMBRE,ESTADOS UNIDOS DE AMERICA,FEMENINO,26 a 35,14
2022,SEPTIEMBRE,ESTADOS UNIDOS DE AMERICA,FEMENINO,36 a 45,16
2022,SEPTIEMBRE,ESTADOS UNIDOS DE AMERICA,FEMENINO,46 a 55,46
2022,SEPTIEMBRE,ESTADOS UNIDOS DE AMERICA,FEMENINO,56 a mas,69
2022,SEPTIEMBRE,ESTADOS UNIDOS DE AMERICA,MASCULINO,18 a 25,7
2022,SEPTIEMBRE,ESTADOS UNIDOS DE AMERICA,MASCULINO,26 a 35,18
2022,SEPTIEMBRE,ESTADOS UNIDOS DE AMERICA,MASCULINO,36 a 45,30
2022,SEPTIEMBRE,ESTADOS UNIDOS DE AMERICA,MASCULINO,46 a 55,36
2022,SEPTIEMBRE,ESTADOS UNIDOS DE AMERICA,MASCULINO,56 a mas,79
2022,SEPTIEMBRE,FRANCIA,FEMENINO,36 a 45,6
2022,SEPTIEMBRE,FRANCIA,FEMENINO,46 a 55,2
2022,SEPTIEMBRE,FRANCIA,FEMENINO,56 a mas,3
2022,SEPTIEMBRE,GRAN BRETAÑA,FEMENINO,26 a 35,1
2022,SEPTIEMBRE,GRAN BRETAÑA,FEMENINO,36 a 45,2
2022,SEPTIEMBRE,GRAN BRETAÑA,FEMENINO,46 a 55,1
2022,SEPTIEMBRE,GRAN BRETAÑA,FEMENINO,56 a mas,1
2022,SEPTIEMBRE,GRAN BRETAÑA,MASCULINO,36 a 45,1
2022,SEPTIEMBRE,GUATEMALA,MASCULINO,26 a 35,1
2022,SEPTIEMBRE,GUAYANA FRANCESA,FEMENINO,56 a mas,1
2022,SEPTIEMBRE,HOLANDA,FEMENINO,56 a mas,1
2022,SEPTIEMBRE,HUANCAVELICA,FEMENINO,18 a 25,91
2022,SEPTIEMBRE,HUANCAVELICA,FEMENINO,26 a 35,85
2022,SEPTIEMBRE,HUANCAVELICA,FEMENINO,36 a 45,40
2022,SEPTIEMBRE,HUANCAVELICA,FEMENINO,46 a 55,28
2022,SEPTIEMBRE,HUANCAVELICA,FEMENINO,56 a mas,31
2022,SEPTIEMBRE,HUANCAVELICA,MASCULINO,18 a 25,273
2022,SEPTIEMBRE,HUANCAVELICA,MASCULINO,26 a 35,179
2022,SEPTIEMBRE,HUANCAVELICA,MASCULINO,36 a 45,106
2022,SEPTIEMBRE,HUANCAVELICA,MASCULINO,46 a 55,58
2022,SEPTIEMBRE,HUANCAVELICA,MASCULINO,56 a mas,39
2022,SEPTIEMBRE,HUANUCO,FEMENINO,18 a 25,149
2022,SEPTIEMBRE,HUANUCO,FEMENINO,26 a 35,160
2022,SEPTIEMBRE,HUANUCO,FEMENINO,36 a 45,84
2022,SEPTIEMBRE,HUANUCO,FEMENINO,46 a 55,55
2022,SEPTIEMBRE,HUANUCO,FEMENINO,56 a mas,58
2022,SEPTIEMBRE,HUANUCO,MASCULINO,18 a 25,341
2022,SEPTIEMBRE,HUANUCO,MASCULINO,26 a 35,387
2022,SEPTIEMBRE,HUANUCO,MASCULINO,36 a 45,236
2022,SEPTIEMBRE,HUANUCO,MASCULINO,46 a 55,164
2022,SEPTIEMBRE,HUANUCO,MASCULINO,56 a mas,96
2022,SEPTIEMBRE,ICA,FEMENINO,18 a 25,306
2022,SEPTIEMBRE,ICA,FEMENINO,26 a 35,357
2022,SEPTIEMBRE,ICA,FEMENINO,36 a 45,227
2022,SEPTIEMBRE,ICA,FEMENINO,46 a 55,140
2022,SEPTIEMBRE,ICA,FEMENINO,56 a mas,116
2022,SEPTIEMBRE,ICA,MASCULINO,18 a 25,645
2022,SEPTIEMBRE,ICA,MASCULINO,26 a 35,874
2022,SEPTIEMBRE,ICA,MASCULINO,36 a 45,552
2022,SEPTIEMBRE,ICA,MASCULINO,46 a 55,362
2022,SEPTIEMBRE,ICA,MASCULINO,56 a mas,227
2022,SEPTIEMBRE,INDIA,MASCULINO,36 a 45,1
2022,SEPTIEMBRE,ISRAEL,MASCULINO,36 a 45,1
2022,SEPTIEMBRE,ITALIA,FEMENINO,18 a 25,4
2022,SEPTIEMBRE,ITALIA,FEMENINO,26 a 35,10
2022,SEPTIEMBRE,ITALIA,FEMENINO,36 a 45,15
2022,SEPTIEMBRE,ITALIA,FEMENINO,46 a 55,18
2022,SEPTIEMBRE,ITALIA,FEMENINO,56 a mas,25
2022,SEPTIEMBRE,ITALIA,MASCULINO,18 a 25,2
2022,SEPTIEMBRE,ITALIA,MASCULINO,26 a 35,10
2022,SEPTIEMBRE,ITALIA,MASCULINO,36 a 45,8
2022,SEPTIEMBRE,ITALIA,MASCULINO,46 a 55,12
2022,SEPTIEMBRE,ITALIA,MASCULINO,56 a mas,10
2022,SEPTIEMBRE,JAPON,FEMENINO,18 a 25,2
2022,SEPTIEMBRE,JAPON,FEMENINO,26 a 35,1
2022,SEPTIEMBRE,JAPON,FEMENINO,46 a 55,1
2022,SEPTIEMBRE,JAPON,FEMENINO,56 a mas,4
2022,SEPTIEMBRE,JAPON,MASCULINO,26 a 35,1
2022,SEPTIEMBRE,JAPON,MASCULINO,36 a 45,3
2022,SEPTIEMBRE,JAPON,MASCULINO,46 a 55,8
2022,SEPTIEMBRE,JAPON,MASCULINO,56 a mas,5
2022,SEPTIEMBRE,JUNIN,FEMENINO,18 a 25,328
2022,SEPTIEMBRE,JUNIN,FEMENINO,26 a 35,360
2022,SEPTIEMBRE,JUNIN,FEMENINO,36 a 45,222
2022,SEPTIEMBRE,JUNIN,FEMENINO,46 a 55,143
2022,SEPTIEMBRE,JUNIN,FEMENINO,56 a mas,144
2022,SEPTIEMBRE,JUNIN,MASCULINO,18 a 25,590
2022,SEPTIEMBRE,JUNIN,MASCULINO,26 a 35,650
2022,SEPTIEMBRE,JUNIN,MASCULINO,36 a 45,422
2022,SEPTIEMBRE,JUNIN,MASCULINO,46 a 55,213
2022,SEPTIEMBRE,JUNIN,MASCULINO,56 a mas,185
2022,SEPTIEMBRE,LA LIBERTAD,FEMENINO,18 a 25,415
2022,SEPTIEMBRE,LA LIBERTAD,FEMENINO,26 a 35,484
2022,SEPTIEMBRE,LA LIBERTAD,FEMENINO,36 a 45,255
2022,SEPTIEMBRE,LA LIBERTAD,FEMENINO,46 a 55,159
2022,SEPTIEMBRE,LA LIBERTAD,FEMENINO,56 a mas,235
2022,SEPTIEMBRE,LA LIBERTAD,MASCULINO,18 a 25,706
2022,SEPTIEMBRE,LA LIBERTAD,MASCULINO,26 a 35,872
2022,SEPTIEMBRE,LA LIBERTAD,MASCULINO,36 a 45,555
2022,SEPTIEMBRE,LA LIBERTAD,MASCULINO,46 a 55,358
2022,SEPTIEMBRE,LA LIBERTAD,MASCULINO,56 a mas,299
2022,SEPTIEMBRE,LAMBAYEQUE,FEMENINO,18 a 25,380
2022,SEPTIEMBRE,LAMBAYEQUE,FEMENINO,26 a 35,443
2022,SEPTIEMBRE,LAMBAYEQUE,FEMENINO,36 a 45,264
2022,SEPTIEMBRE,LAMBAYEQUE,FEMENINO,46 a 55,232
2022,SEPTIEMBRE,LAMBAYEQUE,FEMENINO,56 a mas,203
2022,SEPTIEMBRE,LAMBAYEQUE,MASCULINO,18 a 25,614
2022,SEPTIEMBRE,LAMBAYEQUE,MASCULINO,26 a 35,787
2022,SEPTIEMBRE,LAMBAYEQUE,MASCULINO,36 a 45,557
2022,SEPTIEMBRE,LAMBAYEQUE,MASCULINO,46 a 55,348
2022,SEPTIEMBRE,LAMBAYEQUE,MASCULINO,56 a mas,321
2022,SEPTIEMBRE,LIMA,FEMENINO,18 a 25,2709
2022,SEPTIEMBRE,LIMA,FEMENINO,26 a 35,3988
2022,SEPTIEMBRE,LIMA,FEMENINO,36 a 45,2504
2022,SEPTIEMBRE,LIMA,FEMENINO,46 a 55,1781
2022,SEPTIEMBRE,LIMA,FEMENINO,56 a mas,2029
2022,SEPTIEMBRE,LIMA,MASCULINO,18 a 25,4405
2022,SEPTIEMBRE,LIMA,MASCULINO,26 a 35,6737
2022,SEPTIEMBRE,LIMA,MASCULINO,36 a 45,4603
2022,SEPTIEMBRE,LIMA,MASCULINO,46 a 55,2854
2022,SEPTIEMBRE,LIMA,MASCULINO,56 a mas,2604
2022,SEPTIEMBRE,LORETO,FEMENINO,18 a 25,221
2022,SEPTIEMBRE,LORETO,FEMENINO,26 a 35,262
2022,SEPTIEMBRE,LORETO,FEMENINO,36 a 45,139
2022,SEPTIEMBRE,LORETO,FEMENINO,46 a 55,112
2022,SEPTIEMBRE,LORETO,FEMENINO,56 a mas,72
2022,SEPTIEMBRE,LORETO,MASCULINO,18 a 25,423
2022,SEPTIEMBRE,LORETO,MASCULINO,26 a 35,442
2022,SEPTIEMBRE,LORETO,MASCULINO,36 a 45,280
2022,SEPTIEMBRE,LORETO,MASCULINO,46 a 55,154
2022,SEPTIEMBRE,LORETO,MASCULINO,56 a mas,129
2022,SEPTIEMBRE,MADRE DE DIOS,FEMENINO,18 a 25,77
2022,SEPTIEMBRE,MADRE DE DIOS,FEMENINO,26 a 35,120
2022,SEPTIEMBRE,MADRE DE DIOS,FEMENINO,36 a 45,83
2022,SEPTIEMBRE,MADRE DE DIOS,FEMENINO,46 a 55,42
2022,SEPTIEMBRE,MADRE DE DIOS,FEMENINO,56 a mas,23
2022,SEPTIEMBRE,MADRE DE DIOS,MASCULINO,18 a 25,144
2022,SEPTIEMBRE,MADRE DE DIOS,MASCULINO,26 a 35,220
2022,SEPTIEMBRE,MADRE DE DIOS,MASCULINO,36 a 45,146
2022,SEPTIEMBRE,MADRE DE DIOS,MASCULINO,46 a 55,85
2022,SEPTIEMBRE,MADRE DE DIOS,MASCULINO,56 a mas,56
2022,SEPTIEMBRE,MEXICO,FEMENINO,46 a 55,1
2022,SEPTIEMBRE,MEXICO,FEMENINO,56 a mas,1
2022,SEPTIEMBRE,MEXICO,MASCULINO,46 a 55,2
2022,SEPTIEMBRE,MOQUEGUA,FEMENINO,18 a 25,45
2022,SEPTIEMBRE,MOQUEGUA,FEMENINO,26 a 35,45
2022,SEPTIEMBRE,MOQUEGUA,FEMENINO,36 a 45,43
2022,SEPTIEMBRE,MOQUEGUA,FEMENINO,46 a 55,26
2022,SEPTIEMBRE,MOQUEGUA,FEMENINO,56 a mas,21
2022,SEPTIEMBRE,MOQUEGUA,MASCULINO,18 a 25,54
2022,SEPTIEMBRE,MOQUEGUA,MASCULINO,26 a 35,80
2022,SEPTIEMBRE,MOQUEGUA,MASCULINO,36 a 45,60
2022,SEPTIEMBRE,MOQUEGUA,MASCULINO,46 a 55,48
2022,SEPTIEMBRE,MOQUEGUA,MASCULINO,56 a mas,36
2022,SEPTIEMBRE,PARAGUAY,FEMENINO,46 a 55,1
2022,SEPTIEMBRE,PARAGUAY,FEMENINO,56 a mas,1
2022,SEPTIEMBRE,PARAGUAY,MASCULINO,56 a mas,1
2022,SEPTIEMBRE,PASCO,FEMENINO,18 a 25,32
2022,SEPTIEMBRE,PASCO,FEMENINO,26 a 35,55
2022,SEPTIEMBRE,PASCO,FEMENINO,36 a 45,27
2022,SEPTIEMBRE,PASCO,FEMENINO,46 a 55,19
2022,SEPTIEMBRE,PASCO,FEMENINO,56 a mas,19
2022,SEPTIEMBRE,PASCO,MASCULINO,18 a 25,100
2022,SEPTIEMBRE,PASCO,MASCULINO,26 a 35,150
2022,SEPTIEMBRE,PASCO,MASCULINO,36 a 45,78
2022,SEPTIEMBRE,PASCO,MASCULINO,46 a 55,46
2022,SEPTIEMBRE,PASCO,MASCULINO,56 a mas,27
2022,SEPTIEMBRE,PIURA,FEMENINO,18 a 25,523
2022,SEPTIEMBRE,PIURA,FEMENINO,26 a 35,808
2022,SEPTIEMBRE,PIURA,FEMENINO,36 a 45,522
2022,SEPTIEMBRE,PIURA,FEMENINO,46 a 55,321
2022,SEPTIEMBRE,PIURA,FEMENINO,56 a mas,267
2022,SEPTIEMBRE,PIURA,MASCULINO,18 a 25,749
2022,SEPTIEMBRE,PIURA,MASCULINO,26 a 35,891
2022,SEPTIEMBRE,PIURA,MASCULINO,36 a 45,527
2022,SEPTIEMBRE,PIURA,MASCULINO,46 a 55,304
2022,SEPTIEMBRE,PIURA,MASCULINO,56 a mas,265
2022,SEPTIEMBRE,POLONIA,MASCULINO,26 a 35,1
2022,SEPTIEMBRE,PUNO,FEMENINO,18 a 25,201
2022,SEPTIEMBRE,PUNO,FEMENINO,26 a 35,221
2022,SEPTIEMBRE,PUNO,FEMENINO,36 a 45,136
2022,SEPTIEMBRE,PUNO,FEMENINO,46 a 55,88
2022,SEPTIEMBRE,PUNO,FEMENINO,56 a mas,75
2022,SEPTIEMBRE,PUNO,MASCULINO,18 a 25,418
2022,SEPTIEMBRE,PUNO,MASCULINO,26 a 35,496
2022,SEPTIEMBRE,PUNO,MASCULINO,36 a 45,275
2022,SEPTIEMBRE,PUNO,MASCULINO,46 a 55,152
2022,SEPTIEMBRE,PUNO,MASCULINO,56 a mas,98
2022,SEPTIEMBRE,REPUBLICA DE PANAMA,FEMENINO,56 a mas,1
2022,SEPTIEMBRE,REPUBLICA DE PANAMA,MASCULINO,46 a 55,1
2022,SEPTIEMBRE,REPUBLICA DE PANAMA,MASCULINO,56 a mas,1
2022,SEPTIEMBRE,REPUBLICA DOMINICANA,FEMENINO,26 a 35,1
2022,SEPTIEMBRE,REPUBLICA POPULAR CHINA,FEMENINO,18 a 25,1
2022,SEPTIEMBRE,RUSIA,FEMENINO,18 a 25,1
2022,SEPTIEMBRE,SAN MARTIN,FEMENINO,18 a 25,101
2022,SEPTIEMBRE,SAN MARTIN,FEMENINO,26 a 35,95
2022,SEPTIEMBRE,SAN MARTIN,FEMENINO,36 a 45,58
2022,SEPTIEMBRE,SAN MARTIN,FEMENINO,46 a 55,41
2022,SEPTIEMBRE,SAN MARTIN,FEMENINO,56 a mas,39
2022,SEPTIEMBRE,SAN MARTIN,MASCULINO,18 a 25,187
2022,SEPTIEMBRE,SAN MARTIN,MASCULINO,26 a 35,244
2022,SEPTIEMBRE,SAN MARTIN,MASCULINO,36 a 45,133
2022,SEPTIEMBRE,SAN MARTIN,MASCULINO,46 a 55,83
2022,SEPTIEMBRE,SAN MARTIN,MASCULINO,56 a mas,69
2022,SEPTIEMBRE,SINGAPUR,FEMENINO,26 a 35,1
2022,SEPTIEMBRE,SUECIA,FEMENINO,46 a 55,1
2022,SEPTIEMBRE,SUECIA,FEMENINO,56 a mas,1
2022,SEPTIEMBRE,SUIZA,FEMENINO,46 a 55,3
2022,SEPTIEMBRE,SUIZA,FEMENINO,56 a mas,1
2022,SEPTIEMBRE,SUIZA,MASCULINO,36 a 45,1
2022,SEPTIEMBRE,SUIZA,MASCULINO,46 a 55,1
2022,SEPTIEMBRE,SUIZA,MASCULINO,56 a mas,1
2022,SEPTIEMBRE,TACNA,FEMENINO,18 a 25,76
2022,SEPTIEMBRE,TACNA,FEMENINO,26 a 35,91
2022,SEPTIEMBRE,TACNA,FEMENINO,36 a 45,82
2022,SEPTIEMBRE,TACNA,FEMENINO,46 a 55,52
2022,SEPTIEMBRE,TACNA,FEMENINO,56 a mas,46
2022,SEPTIEMBRE,TACNA,MASCULINO,18 a 25,97
2022,SEPTIEMBRE,TACNA,MASCULINO,26 a 35,169
2022,SEPTIEMBRE,TACNA,MASCULINO,36 a 45,149
2022,SEPTIEMBRE,TACNA,MASCULINO,46 a 55,73
2022,SEPTIEMBRE,TACNA,MASCULINO,56 a mas,88
2022,SEPTIEMBRE,TUMBES,FEMENINO,18 a 25,75
2022,SEPTIEMBRE,TUMBES,FEMENINO,26 a 35,91
2022,SEPTIEMBRE,TUMBES,FEMENINO,36 a 45,63
2022,SEPTIEMBRE,TUMBES,FEMENINO,46 a 55,34
2022,SEPTIEMBRE,TUMBES,FEMENINO,56 a mas,27
2022,SEPTIEMBRE,TUMBES,MASCULINO,18 a 25,173
2022,SEPTIEMBRE,TUMBES,MASCULINO,26 a 35,170
2022,SEPTIEMBRE,TUMBES,MASCULINO,36 a 45,116
2022,SEPTIEMBRE,TUMBES,MASCULINO,46 a 55,63
2022,SEPTIEMBRE,TUMBES,MASCULINO,56 a mas,51
2022,SEPTIEMBRE,UCAYALI,FEMENINO,18 a 25,129
2022,SEPTIEMBRE,UCAYALI,FEMENINO,26 a 35,179
2022,SEPTIEMBRE,UCAYALI,FEMENINO,36 a 45,95
2022,SEPTIEMBRE,UCAYALI,FEMENINO,46 a 55,56
2022,SEPTIEMBRE,UCAYALI,FEMENINO,56 a mas,45
2022,SEPTIEMBRE,UCAYALI,MASCULINO,18 a 25,250
2022,SEPTIEMBRE,UCAYALI,MASCULINO,26 a 35,299
2022,SEPTIEMBRE,UCAYALI,MASCULINO,36 a 45,206
2022,SEPTIEMBRE,UCAYALI,MASCULINO,46 a 55,122
2022,SEPTIEMBRE,UCAYALI,MASCULINO,56 a mas,77
2022,SEPTIEMBRE,URUGUAY,FEMENINO,18 a 25,1
2022,SEPTIEMBRE,VENEZUELA,FEMENINO,46 a 55,1
2022,SEPTIEMBRE,VENEZUELA,FEMENINO,56 a mas,2
2022,SEPTIEMBRE,VENEZUELA,MASCULINO,46 a 55,2
2022,SEPTIEMBRE,VENEZUELA,MASCULINO,56 a mas,3
2022,OCTUBRE,ALEMANIA,FEMENINO,26 a 35,2
2022,OCTUBRE,ALEMANIA,FEMENINO,46 a 55,4
2022,OCTUBRE,ALEMANIA,FEMENINO,56 a mas,4
2022,OCTUBRE,ALEMANIA,MASCULINO,46 a 55,1
2022,OCTUBRE,ALEMANIA,MASCULINO,56 a mas,2
2022,OCTUBRE,AMAZONAS,FEMENINO,18 a 25,69
2022,OCTUBRE,AMAZONAS,FEMENINO,26 a 35,85
2022,OCTUBRE,AMAZONAS,FEMENINO,36 a 45,30
2022,OCTUBRE,AMAZONAS,FEMENINO,46 a 55,15
2022,OCTUBRE,AMAZONAS,FEMENINO,56 a mas,12
2022,OCTUBRE,AMAZONAS,MASCULINO,18 a 25,170
2022,OCTUBRE,AMAZONAS,MASCULINO,26 a 35,159
2022,OCTUBRE,AMAZONAS,MASCULINO,36 a 45,108
2022,OCTUBRE,AMAZONAS,MASCULINO,46 a 55,55
2022,OCTUBRE,AMAZONAS,MASCULINO,56 a mas,45
2022,OCTUBRE,ANCASH,FEMENINO,18 a 25,170
2022,OCTUBRE,ANCASH,FEMENINO,26 a 35,180
2022,OCTUBRE,ANCASH,FEMENINO,36 a 45,104
2022,OCTUBRE,ANCASH,FEMENINO,46 a 55,67
2022,OCTUBRE,ANCASH,FEMENINO,56 a mas,91
2022,OCTUBRE,ANCASH,MASCULINO,18 a 25,300
2022,OCTUBRE,ANCASH,MASCULINO,26 a 35,403
2022,OCTUBRE,ANCASH,MASCULINO,36 a 45,229
2022,OCTUBRE,ANCASH,MASCULINO,46 a 55,159
2022,OCTUBRE,ANCASH,MASCULINO,56 a mas,141
2022,OCTUBRE,ANTILLAS HOLANDESAS,FEMENINO,46 a 55,1
2022,OCTUBRE,APURIMAC,FEMENINO,18 a 25,78
2022,OCTUBRE,APURIMAC,FEMENINO,26 a 35,105
2022,OCTUBRE,APURIMAC,FEMENINO,36 a 45,40
2022,OCTUBRE,APURIMAC,FEMENINO,46 a 55,39
2022,OCTUBRE,APURIMAC,FEMENINO,56 a mas,36
2022,OCTUBRE,APURIMAC,MASCULINO,18 a 25,184
2022,OCTUBRE,APURIMAC,MASCULINO,26 a 35,221
2022,OCTUBRE,APURIMAC,MASCULINO,36 a 45,122
2022,OCTUBRE,APURIMAC,MASCULINO,46 a 55,72
2022,OCTUBRE,APURIMAC,MASCULINO,56 a mas,48
2022,OCTUBRE,AREQUIPA,FEMENINO,18 a 25,231
2022,OCTUBRE,AREQUIPA,FEMENINO,26 a 35,326
2022,OCTUBRE,AREQUIPA,FEMENINO,36 a 45,209
2022,OCTUBRE,AREQUIPA,FEMENINO,46 a 55,127
2022,OCTUBRE,AREQUIPA,FEMENINO,56 a mas,125
2022,OCTUBRE,AREQUIPA,MASCULINO,18 a 25,353
2022,OCTUBRE,AREQUIPA,MASCULINO,26 a 35,668
2022,OCTUBRE,AREQUIPA,MASCULINO,36 a 45,422
2022,OCTUBRE,AREQUIPA,MASCULINO,46 a 55,253
2022,OCTUBRE,AREQUIPA,MASCULINO,56 a mas,241
2022,OCTUBRE,ARGENTINA,FEMENINO,18 a 25,2
2022,OCTUBRE,ARGENTINA,FEMENINO,26 a 35,3
2022,OCTUBRE,ARGENTINA,FEMENINO,36 a 45,3
2022,OCTUBRE,ARGENTINA,FEMENINO,46 a 55,16
2022,OCTUBRE,ARGENTINA,FEMENINO,56 a mas,15
2022,OCTUBRE,ARGENTINA,MASCULINO,18 a 25,4
2022,OCTUBRE,ARGENTINA,MASCULINO,26 a 35,10
2022,OCTUBRE,ARGENTINA,MASCULINO,36 a 45,21
2022,OCTUBRE,ARGENTINA,MASCULINO,46 a 55,9
2022,OCTUBRE,ARGENTINA,MASCULINO,56 a mas,18
2022,OCTUBRE,AUSTRALIA,FEMENINO,26 a 35,2
2022,OCTUBRE,AUSTRALIA,FEMENINO,36 a 45,1
2022,OCTUBRE,AUSTRALIA,FEMENINO,56 a mas,1
2022,OCTUBRE,AUSTRALIA,MASCULINO,36 a 45,2
2022,OCTUBRE,AUSTRALIA,MASCULINO,46 a 55,2
2022,OCTUBRE,AUSTRIA,FEMENINO,56 a mas,1
2022,OCTUBRE,AYACUCHO,FEMENINO,18 a 25,163
2022,OCTUBRE,AYACUCHO,FEMENINO,26 a 35,195
2022,OCTUBRE,AYACUCHO,FEMENINO,36 a 45,92
2022,OCTUBRE,AYACUCHO,FEMENINO,46 a 55,67
2022,OCTUBRE,AYACUCHO,FEMENINO,56 a mas,68
2022,OCTUBRE,AYACUCHO,MASCULINO,18 a 25,288
2022,OCTUBRE,AYACUCHO,MASCULINO,26 a 35,287
2022,OCTUBRE,AYACUCHO,MASCULINO,36 a 45,150
2022,OCTUBRE,AYACUCHO,MASCULINO,46 a 55,91
2022,OCTUBRE,AYACUCHO,MASCULINO,56 a mas,74
2022,OCTUBRE,BELGICA,FEMENINO,56 a mas,1
2022,OCTUBRE,BOLIVIA,FEMENINO,36 a 45,1
2022,OCTUBRE,BOLIVIA,FEMENINO,56 a mas,1
2022,OCTUBRE,BOLIVIA,MASCULINO,36 a 45,1
2022,OCTUBRE,BRASIL,FEMENINO,36 a 45,1
2022,OCTUBRE,BRASIL,FEMENINO,46 a 55,1
2022,OCTUBRE,BRASIL,MASCULINO,26 a 35,3
2022,OCTUBRE,BRASIL,MASCULINO,36 a 45,2
2022,OCTUBRE,BRASIL,MASCULINO,46 a 55,1
2022,OCTUBRE,BRASIL,MASCULINO,56 a mas,3
2022,OCTUBRE,CAJAMARCA,FEMENINO,18 a 25,169
2022,OCTUBRE,CAJAMARCA,FEMENINO,26 a 35,139
2022,OCTUBRE,CAJAMARCA,FEMENINO,36 a 45,86
2022,OCTUBRE,CAJAMARCA,FEMENINO,46 a 55,64
2022,OCTUBRE,CAJAMARCA,FEMENINO,56 a mas,77
2022,OCTUBRE,CAJAMARCA,MASCULINO,18 a 25,298
2022,OCTUBRE,CAJAMARCA,MASCULINO,26 a 35,310
2022,OCTUBRE,CAJAMARCA,MASCULINO,36 a 45,183
2022,OCTUBRE,CAJAMARCA,MASCULINO,46 a 55,126
2022,OCTUBRE,CAJAMARCA,MASCULINO,56 a mas,128
2022,OCTUBRE,CALLAO,FEMENINO,18 a 25,329
2022,OCTUBRE,CALLAO,FEMENINO,26 a 35,406
2022,OCTUBRE,CALLAO,FEMENINO,36 a 45,247
2022,OCTUBRE,CALLAO,FEMENINO,46 a 55,172
2022,OCTUBRE,CALLAO,FEMENINO,56 a mas,159
2022,OCTUBRE,CALLAO,MASCULINO,18 a 25,526
2022,OCTUBRE,CALLAO,MASCULINO,26 a 35,631
2022,OCTUBRE,CALLAO,MASCULINO,36 a 45,437
2022,OCTUBRE,CALLAO,MASCULINO,46 a 55,233
2022,OCTUBRE,CALLAO,MASCULINO,56 a mas,206
2022,OCTUBRE,CANADA,FEMENINO,26 a 35,2
2022,OCTUBRE,CANADA,FEMENINO,46 a 55,3
2022,OCTUBRE,CANADA,FEMENINO,56 a mas,3
2022,OCTUBRE,CANADA,MASCULINO,18 a 25,1
2022,OCTUBRE,CANADA,MASCULINO,26 a 35,1
2022,OCTUBRE,CANADA,MASCULINO,36 a 45,2
2022,OCTUBRE,CANADA,MASCULINO,46 a 55,4
2022,OCTUBRE,CANADA,MASCULINO,56 a mas,4
2022,OCTUBRE,CHILE,FEMENINO,18 a 25,7
2022,OCTUBRE,CHILE,FEMENINO,26 a 35,6
2022,OCTUBRE,CHILE,FEMENINO,36 a 45,14
2022,OCTUBRE,CHILE,FEMENINO,46 a 55,13
2022,OCTUBRE,CHILE,FEMENINO,56 a mas,9
2022,OCTUBRE,CHILE,MASCULINO,18 a 25,3
2022,OCTUBRE,CHILE,MASCULINO,26 a 35,18
2022,OCTUBRE,CHILE,MASCULINO,36 a 45,16
2022,OCTUBRE,CHILE,MASCULINO,46 a 55,7
2022,OCTUBRE,CHILE,MASCULINO,56 a mas,5
2022,OCTUBRE,COLOMBIA,FEMENINO,36 a 45,1
2022,OCTUBRE,COLOMBIA,MASCULINO,36 a 45,1
2022,OCTUBRE,COLOMBIA,MASCULINO,46 a 55,1
2022,OCTUBRE,COLOMBIA,MASCULINO,56 a mas,1
2022,OCTUBRE,COSTA RICA,FEMENINO,46 a 55,1
2022,OCTUBRE,COSTA RICA,FEMENINO,56 a mas,1
2022,OCTUBRE,COSTA RICA,MASCULINO,46 a 55,1
2022,OCTUBRE,CUSCO,FEMENINO,18 a 25,335
2022,OCTUBRE,CUSCO,FEMENINO,26 a 35,403
2022,OCTUBRE,CUSCO,FEMENINO,36 a 45,256
2022,OCTUBRE,CUSCO,FEMENINO,46 a 55,158
2022,OCTUBRE,CUSCO,FEMENINO,56 a mas,142
2022,OCTUBRE,CUSCO,MASCULINO,18 a 25,610
2022,OCTUBRE,CUSCO,MASCULINO,26 a 35,814
2022,OCTUBRE,CUSCO,MASCULINO,36 a 45,415
2022,OCTUBRE,CUSCO,MASCULINO,46 a 55,259
2022,OCTUBRE,CUSCO,MASCULINO,56 a mas,196
2022,OCTUBRE,ECUADOR,FEMENINO,36 a 45,1
2022,OCTUBRE,ECUADOR,FEMENINO,56 a mas,1
2022,OCTUBRE,ECUADOR,MASCULINO,18 a 25,1
2022,OCTUBRE,ECUADOR,MASCULINO,46 a 55,1
2022,OCTUBRE,ESPAÑA,FEMENINO,18 a 25,2
2022,OCTUBRE,ESPAÑA,FEMENINO,26 a 35,9
2022,OCTUBRE,ESPAÑA,FEMENINO,36 a 45,25
2022,OCTUBRE,ESPAÑA,FEMENINO,46 a 55,16
2022,OCTUBRE,ESPAÑA,FEMENINO,56 a mas,34
2022,OCTUBRE,ESPAÑA,MASCULINO,18 a 25,4
2022,OCTUBRE,ESPAÑA,MASCULINO,26 a 35,5
2022,OCTUBRE,ESPAÑA,MASCULINO,36 a 45,17
2022,OCTUBRE,ESPAÑA,MASCULINO,46 a 55,26
2022,OCTUBRE,ESPAÑA,MASCULINO,56 a mas,14
2022,OCTUBRE,ESTADOS UNIDOS DE AMERICA,FEMENINO,18 a 25,8
2022,OCTUBRE,ESTADOS UNIDOS DE AMERICA,FEMENINO,26 a 35,12
2022,OCTUBRE,ESTADOS UNIDOS DE AMERICA,FEMENINO,36 a 45,27
2022,OCTUBRE,ESTADOS UNIDOS DE AMERICA,FEMENINO,46 a 55,36
2022,OCTUBRE,ESTADOS UNIDOS DE AMERICA,FEMENINO,56 a mas,86
2022,OCTUBRE,ESTADOS UNIDOS DE AMERICA,MASCULINO,18 a 25,3
2022,OCTUBRE,ESTADOS UNIDOS DE AMERICA,MASCULINO,26 a 35,21
2022,OCTUBRE,ESTADOS UNIDOS DE AMERICA,MASCULINO,36 a 45,25
2022,OCTUBRE,ESTADOS UNIDOS DE AMERICA,MASCULINO,46 a 55,36
2022,OCTUBRE,ESTADOS UNIDOS DE AMERICA,MASCULINO,56 a mas,69
2022,OCTUBRE,FINLANDIA,FEMENINO,26 a 35,1
2022,OCTUBRE,FINLANDIA,MASCULINO,36 a 45,1
2022,OCTUBRE,FRANCIA,FEMENINO,26 a 35,1
2022,OCTUBRE,FRANCIA,FEMENINO,36 a 45,2
2022,OCTUBRE,FRANCIA,FEMENINO,46 a 55,2
2022,OCTUBRE,FRANCIA,FEMENINO,56 a mas,2
2022,OCTUBRE,FRANCIA,MASCULINO,36 a 45,1
2022,OCTUBRE,FRANCIA,MASCULINO,46 a 55,1
2022,OCTUBRE,FRANCIA,MASCULINO,56 a mas,2
2022,OCTUBRE,GRAN BRETAÑA,FEMENINO,26 a 35,2
2022,OCTUBRE,GRAN BRETAÑA,FEMENINO,46 a 55,2
2022,OCTUBRE,GRAN BRETAÑA,FEMENINO,56 a mas,2
2022,OCTUBRE,GRAN BRETAÑA,MASCULINO,26 a 35,1
2022,OCTUBRE,GUATEMALA,FEMENINO,56 a mas,1
2022,OCTUBRE,GUAYANA FRANCESA,MASCULINO,26 a 35,1
2022,OCTUBRE,HOLANDA,FEMENINO,46 a 55,2
2022,OCTUBRE,HOLANDA,MASCULINO,36 a 45,1
2022,OCTUBRE,HONDURAS,MASCULINO,46 a 55,1
2022,OCTUBRE,HUANCAVELICA,FEMENINO,18 a 25,111
2022,OCTUBRE,HUANCAVELICA,FEMENINO,26 a 35,67
2022,OCTUBRE,HUANCAVELICA,FEMENINO,36 a 45,47
2022,OCTUBRE,HUANCAVELICA,FEMENINO,46 a 55,26
2022,OCTUBRE,HUANCAVELICA,FEMENINO,56 a mas,36
2022,OCTUBRE,HUANCAVELICA,MASCULINO,18 a 25,234
2022,OCTUBRE,HUANCAVELICA,MASCULINO,26 a 35,185
2022,OCTUBRE,HUANCAVELICA,MASCULINO,36 a 45,90
2022,OCTUBRE,HUANCAVELICA,MASCULINO,46 a 55,58
2022,OCTUBRE,HUANCAVELICA,MASCULINO,56 a mas,50
2022,OCTUBRE,HUANUCO,FEMENINO,18 a 25,158
2022,OCTUBRE,HUANUCO,FEMENINO,26 a 35,162
2022,OCTUBRE,HUANUCO,FEMENINO,36 a 45,69
2022,OCTUBRE,HUANUCO,FEMENINO,46 a 55,41
2022,OCTUBRE,HUANUCO,FEMENINO,56 a mas,48
2022,OCTUBRE,HUANUCO,MASCULINO,18 a 25,272
2022,OCTUBRE,HUANUCO,MASCULINO,26 a 35,324
2022,OCTUBRE,HUANUCO,MASCULINO,36 a 45,200
2022,OCTUBRE,HUANUCO,MASCULINO,46 a 55,123
2022,OCTUBRE,HUANUCO,MASCULINO,56 a mas,106
2022,OCTUBRE,ICA,FEMENINO,18 a 25,234
2022,OCTUBRE,ICA,FEMENINO,26 a 35,352
2022,OCTUBRE,ICA,FEMENINO,36 a 45,178
2022,OCTUBRE,ICA,FEMENINO,46 a 55,100
2022,OCTUBRE,ICA,FEMENINO,56 a mas,106
2022,OCTUBRE,ICA,MASCULINO,18 a 25,575
2022,OCTUBRE,ICA,MASCULINO,26 a 35,665
2022,OCTUBRE,ICA,MASCULINO,36 a 45,428
2022,OCTUBRE,ICA,MASCULINO,46 a 55,244
2022,OCTUBRE,ICA,MASCULINO,56 a mas,208
2022,OCTUBRE,ITALIA,FEMENINO,18 a 25,1
2022,OCTUBRE,ITALIA,FEMENINO,26 a 35,3
2022,OCTUBRE,ITALIA,FEMENINO,36 a 45,9
2022,OCTUBRE,ITALIA,FEMENINO,46 a 55,18
2022,OCTUBRE,ITALIA,FEMENINO,56 a mas,17
2022,OCTUBRE,ITALIA,MASCULINO,26 a 35,7
2022,OCTUBRE,ITALIA,MASCULINO,36 a 45,7
2022,OCTUBRE,ITALIA,MASCULINO,46 a 55,15
2022,OCTUBRE,ITALIA,MASCULINO,56 a mas,14
2022,OCTUBRE,JAPON,FEMENINO,18 a 25,2
2022,OCTUBRE,JAPON,FEMENINO,36 a 45,2
2022,OCTUBRE,JAPON,FEMENINO,46 a 55,6
2022,OCTUBRE,JAPON,FEMENINO,56 a mas,1
2022,OCTUBRE,JAPON,MASCULINO,26 a 35,3
2022,OCTUBRE,JAPON,MASCULINO,36 a 45,6
2022,OCTUBRE,JAPON,MASCULINO,46 a 55,9
2022,OCTUBRE,JAPON,MASCULINO,56 a mas,3
2022,OCTUBRE,JUNIN,FEMENINO,18 a 25,327
2022,OCTUBRE,JUNIN,FEMENINO,26 a 35,288
2022,OCTUBRE,JUNIN,FEMENINO,36 a 45,208
2022,OCTUBRE,JUNIN,FEMENINO,46 a 55,136
2022,OCTUBRE,JUNIN,FEMENINO,56 a mas,162
2022,OCTUBRE,JUNIN,MASCULINO,18 a 25,502
2022,OCTUBRE,JUNIN,MASCULINO,26 a 35,640
2022,OCTUBRE,JUNIN,MASCULINO,36 a 45,447
2022,OCTUBRE,JUNIN,MASCULINO,46 a 55,247
2022,OCTUBRE,JUNIN,MASCULINO,56 a mas,236
2022,OCTUBRE,LA LIBERTAD,FEMENINO,18 a 25,345
2022,OCTUBRE,LA LIBERTAD,FEMENINO,26 a 35,368
2022,OCTUBRE,LA LIBERTAD,FEMENINO,36 a 45,250
2022,OCTUBRE,LA LIBERTAD,FEMENINO,46 a 55,165
2022,OCTUBRE,LA LIBERTAD,FEMENINO,56 a mas,212
2022,OCTUBRE,LA LIBERTAD,MASCULINO,18 a 25,605
2022,OCTUBRE,LA LIBERTAD,MASCULINO,26 a 35,726
2022,OCTUBRE,LA LIBERTAD,MASCULINO,36 a 45,485
2022,OCTUBRE,LA LIBERTAD,MASCULINO,46 a 55,269
2022,OCTUBRE,LA LIBERTAD,MASCULINO,56 a mas,270
2022,OCTUBRE,LAMBAYEQUE,FEMENINO,18 a 25,329
2022,OCTUBRE,LAMBAYEQUE,FEMENINO,26 a 35,401
2022,OCTUBRE,LAMBAYEQUE,FEMENINO,36 a 45,257
2022,OCTUBRE,LAMBAYEQUE,FEMENINO,46 a 55,186
2022,OCTUBRE,LAMBAYEQUE,FEMENINO,56 a mas,202
2022,OCTUBRE,LAMBAYEQUE,MASCULINO,18 a 25,597
2022,OCTUBRE,LAMBAYEQUE,MASCULINO,26 a 35,715
2022,OCTUBRE,LAMBAYEQUE,MASCULINO,36 a 45,433
2022,OCTUBRE,LAMBAYEQUE,MASCULINO,46 a 55,332
2022,OCTUBRE,LAMBAYEQUE,MASCULINO,56 a mas,373
2022,OCTUBRE,LIMA,FEMENINO,18 a 25,2578
2022,OCTUBRE,LIMA,FEMENINO,26 a 35,3443
2022,OCTUBRE,LIMA,FEMENINO,36 a 45,2257
2022,OCTUBRE,LIMA,FEMENINO,46 a 55,1625
2022,OCTUBRE,LIMA,FEMENINO,56 a mas,1930
2022,OCTUBRE,LIMA,MASCULINO,18 a 25,3808
2022,OCTUBRE,LIMA,MASCULINO,26 a 35,6111
2022,OCTUBRE,LIMA,MASCULINO,36 a 45,4145
2022,OCTUBRE,LIMA,MASCULINO,46 a 55,2612
2022,OCTUBRE,LIMA,MASCULINO,56 a mas,2446
2022,OCTUBRE,LORETO,FEMENINO,18 a 25,171
2022,OCTUBRE,LORETO,FEMENINO,26 a 35,204
2022,OCTUBRE,LORETO,FEMENINO,36 a 45,127
2022,OCTUBRE,LORETO,FEMENINO,46 a 55,76
2022,OCTUBRE,LORETO,FEMENINO,56 a mas,69
2022,OCTUBRE,LORETO,MASCULINO,18 a 25,376
2022,OCTUBRE,LORETO,MASCULINO,26 a 35,466
2022,OCTUBRE,LORETO,MASCULINO,36 a 45,214
2022,OCTUBRE,LORETO,MASCULINO,46 a 55,118
2022,OCTUBRE,LORETO,MASCULINO,56 a mas,84
2022,OCTUBRE,MADRE DE DIOS,FEMENINO,18 a 25,64
2022,OCTUBRE,MADRE DE DIOS,FEMENINO,26 a 35,98
2022,OCTUBRE,MADRE DE DIOS,FEMENINO,36 a 45,66
2022,OCTUBRE,MADRE DE DIOS,FEMENINO,46 a 55,38
2022,OCTUBRE,MADRE DE DIOS,FEMENINO,56 a mas,25
2022,OCTUBRE,MADRE DE DIOS,MASCULINO,18 a 25,117
2022,OCTUBRE,MADRE DE DIOS,MASCULINO,26 a 35,179
2022,OCTUBRE,MADRE DE DIOS,MASCULINO,36 a 45,122
2022,OCTUBRE,MADRE DE DIOS,MASCULINO,46 a 55,75
2022,OCTUBRE,MADRE DE DIOS,MASCULINO,56 a mas,56
2022,OCTUBRE,MEXICO,FEMENINO,46 a 55,1
2022,OCTUBRE,MEXICO,FEMENINO,56 a mas,2
2022,OCTUBRE,MEXICO,MASCULINO,36 a 45,1
2022,OCTUBRE,MOQUEGUA,FEMENINO,18 a 25,36
2022,OCTUBRE,MOQUEGUA,FEMENINO,26 a 35,48
2022,OCTUBRE,MOQUEGUA,FEMENINO,36 a 45,31
2022,OCTUBRE,MOQUEGUA,FEMENINO,46 a 55,16
2022,OCTUBRE,MOQUEGUA,FEMENINO,56 a mas,20
2022,OCTUBRE,MOQUEGUA,MASCULINO,18 a 25,42
2022,OCTUBRE,MOQUEGUA,MASCULINO,26 a 35,59
2022,OCTUBRE,MOQUEGUA,MASCULINO,36 a 45,53
2022,OCTUBRE,MOQUEGUA,MASCULINO,46 a 55,32
2022,OCTUBRE,MOQUEGUA,MASCULINO,56 a mas,32
2022,OCTUBRE,NORUEGA,FEMENINO,26 a 35,1
2022,OCTUBRE,NORUEGA,MASCULINO,46 a 55,1
2022,OCTUBRE,PASCO,FEMENINO,18 a 25,40
2022,OCTUBRE,PASCO,FEMENINO,26 a 35,49
2022,OCTUBRE,PASCO,FEMENINO,36 a 45,25
2022,OCTUBRE,PASCO,FEMENINO,46 a 55,16
2022,OCTUBRE,PASCO,FEMENINO,56 a mas,10
2022,OCTUBRE,PASCO,MASCULINO,18 a 25,84
2022,OCTUBRE,PASCO,MASCULINO,26 a 35,121
2022,OCTUBRE,PASCO,MASCULINO,36 a 45,81
2022,OCTUBRE,PASCO,MASCULINO,46 a 55,40
2022,OCTUBRE,PASCO,MASCULINO,56 a mas,22
2022,OCTUBRE,PIURA,FEMENINO,18 a 25,481
2022,OCTUBRE,PIURA,FEMENINO,26 a 35,689
2022,OCTUBRE,PIURA,FEMENINO,36 a 45,444
2022,OCTUBRE,PIURA,FEMENINO,46 a 55,271
2022,OCTUBRE,PIURA,FEMENINO,56 a mas,245
2022,OCTUBRE,PIURA,MASCULINO,18 a 25,615
2022,OCTUBRE,PIURA,MASCULINO,26 a 35,660
2022,OCTUBRE,PIURA,MASCULINO,36 a 45,408
2022,OCTUBRE,PIURA,MASCULINO,46 a 55,235
2022,OCTUBRE,PIURA,MASCULINO,56 a mas,210
2022,OCTUBRE,PUNO,FEMENINO,18 a 25,144
2022,OCTUBRE,PUNO,FEMENINO,26 a 35,182
2022,OCTUBRE,PUNO,FEMENINO,36 a 45,105
2022,OCTUBRE,PUNO,FEMENINO,46 a 55,79
2022,OCTUBRE,PUNO,FEMENINO,56 a mas,59
2022,OCTUBRE,PUNO,MASCULINO,18 a 25,321
2022,OCTUBRE,PUNO,MASCULINO,26 a 35,387
2022,OCTUBRE,PUNO,MASCULINO,36 a 45,223
2022,OCTUBRE,PUNO,MASCULINO,46 a 55,115
2022,OCTUBRE,PUNO,MASCULINO,56 a mas,99
2022,OCTUBRE,REPUBLICA DE PANAMA,MASCULINO,26 a 35,1
2022,OCTUBRE,REPUBLICA DE PANAMA,MASCULINO,56 a mas,1
2022,OCTUBRE,REPUBLICA DOMINICANA,MASCULINO,36 a 45,1
2022,OCTUBRE,REPUBLICA DOMINICANA,MASCULINO,46 a 55,1
2022,OCTUBRE,SAN MARTIN,FEMENINO,18 a 25,89
2022,OCTUBRE,SAN MARTIN,FEMENINO,26 a 35,103
2022,OCTUBRE,SAN MARTIN,FEMENINO,36 a 45,50
2022,OCTUBRE,SAN MARTIN,FEMENINO,46 a 55,32
2022,OCTUBRE,SAN MARTIN,FEMENINO,56 a mas,36
2022,OCTUBRE,SAN MARTIN,MASCULINO,18 a 25,173
2022,OCTUBRE,SAN MARTIN,MASCULINO,26 a 35,189
2022,OCTUBRE,SAN MARTIN,MASCULINO,36 a 45,126
2022,OCTUBRE,SAN MARTIN,MASCULINO,46 a 55,85
2022,OCTUBRE,SAN MARTIN,MASCULINO,56 a mas,65
2022,OCTUBRE,SUECIA,FEMENINO,26 a 35,1
2022,OCTUBRE,SUECIA,FEMENINO,36 a 45,1
2022,OCTUBRE,SUECIA,FEMENINO,46 a 55,1
2022,OCTUBRE,SUECIA,MASCULINO,46 a 55,1
2022,OCTUBRE,SUECIA,MASCULINO,56 a mas,1
2022,OCTUBRE,SUIZA,FEMENINO,46 a 55,1
2022,OCTUBRE,SUIZA,FEMENINO,56 a mas,1
2022,OCTUBRE,SUIZA,MASCULINO,36 a 45,1
2022,OCTUBRE,SUIZA,MASCULINO,56 a mas,1
2022,OCTUBRE,TACNA,FEMENINO,18 a 25,61
2022,OCTUBRE,TACNA,FEMENINO,26 a 35,85
2022,OCTUBRE,TACNA,FEMENINO,36 a 45,74
2022,OCTUBRE,TACNA,FEMENINO,46 a 55,48
2022,OCTUBRE,TACNA,FEMENINO,56 a mas,55
2022,OCTUBRE,TACNA,MASCULINO,18 a 25,98
2022,OCTUBRE,TACNA,MASCULINO,26 a 35,170
2022,OCTUBRE,TACNA,MASCULINO,36 a 45,124
2022,OCTUBRE,TACNA,MASCULINO,46 a 55,93
2022,OCTUBRE,TACNA,MASCULINO,56 a mas,85
2022,OCTUBRE,TUMBES,FEMENINO,18 a 25,59
2022,OCTUBRE,TUMBES,FEMENINO,26 a 35,76
2022,OCTUBRE,TUMBES,FEMENINO,36 a 45,56
2022,OCTUBRE,TUMBES,FEMENINO,46 a 55,31
2022,OCTUBRE,TUMBES,FEMENINO,56 a mas,19
2022,OCTUBRE,TUMBES,MASCULINO,18 a 25,109
2022,OCTUBRE,TUMBES,MASCULINO,26 a 35,105
2022,OCTUBRE,TUMBES,MASCULINO,36 a 45,84
2022,OCTUBRE,TUMBES,MASCULINO,46 a 55,54
2022,OCTUBRE,TUMBES,MASCULINO,56 a mas,52
2022,OCTUBRE,UCAYALI,FEMENINO,18 a 25,124
2022,OCTUBRE,UCAYALI,FEMENINO,26 a 35,180
2022,OCTUBRE,UCAYALI,FEMENINO,36 a 45,97
2022,OCTUBRE,UCAYALI,FEMENINO,46 a 55,75
2022,OCTUBRE,UCAYALI,FEMENINO,56 a mas,56
2022,OCTUBRE,UCAYALI,MASCULINO,18 a 25,251
2022,OCTUBRE,UCAYALI,MASCULINO,26 a 35,309
2022,OCTUBRE,UCAYALI,MASCULINO,36 a 45,182
2022,OCTUBRE,UCAYALI,MASCULINO,46 a 55,126
2022,OCTUBRE,UCAYALI,MASCULINO,56 a mas,80
2022,OCTUBRE,URUGUAY,FEMENINO,56 a mas,1
2022,OCTUBRE,VENEZUELA,FEMENINO,36 a 45,1
2022,OCTUBRE,VENEZUELA,FEMENINO,46 a 55,1
2022,OCTUBRE,VENEZUELA,FEMENINO,56 a mas,1
2022,OCTUBRE,VENEZUELA,MASCULINO,18 a 25,1
2022,OCTUBRE,VENEZUELA,MASCULINO,36 a 45,3
2022,OCTUBRE,VENEZUELA,MASCULINO,56 a mas,2
2022,NOVIEMBRE,ALEMANIA,FEMENINO,26 a 35,1
2022,NOVIEMBRE,ALEMANIA,FEMENINO,36 a 45,1
2022,NOVIEMBRE,ALEMANIA,FEMENINO,46 a 55,2
2022,NOVIEMBRE,ALEMANIA,FEMENINO,56 a mas,1
2022,NOVIEMBRE,ALEMANIA,MASCULINO,26 a 35,3
2022,NOVIEMBRE,ALEMANIA,MASCULINO,56 a mas,1
2022,NOVIEMBRE,AMAZONAS,FEMENINO,18 a 25,62
2022,NOVIEMBRE,AMAZONAS,FEMENINO,26 a 35,61
2022,NOVIEMBRE,AMAZONAS,FEMENINO,36 a 45,28
2022,NOVIEMBRE,AMAZONAS,FEMENINO,46 a 55,16
2022,NOVIEMBRE,AMAZONAS,FEMENINO,56 a mas,16
2022,NOVIEMBRE,AMAZONAS,MASCULINO,18 a 25,177
2022,NOVIEMBRE,AMAZONAS,MASCULINO,26 a 35,168
2022,NOVIEMBRE,AMAZONAS,MASCULINO,36 a 45,102
2022,NOVIEMBRE,AMAZONAS,MASCULINO,46 a 55,55
2022,NOVIEMBRE,AMAZONAS,MASCULINO,56 a mas,58
2022,NOVIEMBRE,ANCASH,FEMENINO,18 a 25,191
2022,NOVIEMBRE,ANCASH,FEMENINO,26 a 35,192
2022,NOVIEMBRE,ANCASH,FEMENINO,36 a 45,109
2022,NOVIEMBRE,ANCASH,FEMENINO,46 a 55,103
2022,NOVIEMBRE,ANCASH,FEMENINO,56 a mas,119
2022,NOVIEMBRE,ANCASH,MASCULINO,18 a 25,267
2022,NOVIEMBRE,ANCASH,MASCULINO,26 a 35,375
2022,NOVIEMBRE,ANCASH,MASCULINO,36 a 45,235
2022,NOVIEMBRE,ANCASH,MASCULINO,46 a 55,154
2022,NOVIEMBRE,ANCASH,MASCULINO,56 a mas,151
2022,NOVIEMBRE,ANTILLAS HOLANDESAS,MASCULINO,56 a mas,1
2022,NOVIEMBRE,APURIMAC,FEMENINO,18 a 25,103
2022,NOVIEMBRE,APURIMAC,FEMENINO,26 a 35,132
2022,NOVIEMBRE,APURIMAC,FEMENINO,36 a 45,59
2022,NOVIEMBRE,APURIMAC,FEMENINO,46 a 55,43
2022,NOVIEMBRE,APURIMAC,FEMENINO,56 a mas,31
2022,NOVIEMBRE,APURIMAC,MASCULINO,18 a 25,258
2022,NOVIEMBRE,APURIMAC,MASCULINO,26 a 35,271
2022,NOVIEMBRE,APURIMAC,MASCULINO,36 a 45,125
2022,NOVIEMBRE,APURIMAC,MASCULINO,46 a 55,71
2022,NOVIEMBRE,APURIMAC,MASCULINO,56 a mas,50
2022,NOVIEMBRE,AREQUIPA,FEMENINO,18 a 25,270
2022,NOVIEMBRE,AREQUIPA,FEMENINO,26 a 35,364
2022,NOVIEMBRE,AREQUIPA,FEMENINO,36 a 45,232
2022,NOVIEMBRE,AREQUIPA,FEMENINO,46 a 55,132
2022,NOVIEMBRE,AREQUIPA,FEMENINO,56 a mas,152
2022,NOVIEMBRE,AREQUIPA,MASCULINO,18 a 25,413
2022,NOVIEMBRE,AREQUIPA,MASCULINO,26 a 35,687
2022,NOVIEMBRE,AREQUIPA,MASCULINO,36 a 45,403
2022,NOVIEMBRE,AREQUIPA,MASCULINO,46 a 55,242
2022,NOVIEMBRE,AREQUIPA,MASCULINO,56 a mas,235
2022,NOVIEMBRE,ARGENTINA,FEMENINO,18 a 25,1
2022,NOVIEMBRE,ARGENTINA,FEMENINO,26 a 35,13
2022,NOVIEMBRE,ARGENTINA,FEMENINO,36 a 45,6
2022,NOVIEMBRE,ARGENTINA,FEMENINO,46 a 55,10
2022,NOVIEMBRE,ARGENTINA,FEMENINO,56 a mas,6
2022,NOVIEMBRE,ARGENTINA,MASCULINO,18 a 25,6
2022,NOVIEMBRE,ARGENTINA,MASCULINO,26 a 35,11
2022,NOVIEMBRE,ARGENTINA,MASCULINO,36 a 45,17
2022,NOVIEMBRE,ARGENTINA,MASCULINO,46 a 55,6
2022,NOVIEMBRE,ARGENTINA,MASCULINO,56 a mas,14
2022,NOVIEMBRE,AUSTRALIA,FEMENINO,36 a 45,3
2022,NOVIEMBRE,AUSTRALIA,FEMENINO,46 a 55,1
2022,NOVIEMBRE,AUSTRALIA,FEMENINO,56 a mas,1
2022,NOVIEMBRE,AUSTRALIA,MASCULINO,36 a 45,1
2022,NOVIEMBRE,AUSTRALIA,MASCULINO,56 a mas,1
2022,NOVIEMBRE,AUSTRIA,FEMENINO,36 a 45,1
2022,NOVIEMBRE,AUSTRIA,MASCULINO,36 a 45,1
2022,NOVIEMBRE,AUSTRIA,MASCULINO,56 a mas,1
2022,NOVIEMBRE,AYACUCHO,FEMENINO,18 a 25,183
2022,NOVIEMBRE,AYACUCHO,FEMENINO,26 a 35,186
2022,NOVIEMBRE,AYACUCHO,FEMENINO,36 a 45,76
2022,NOVIEMBRE,AYACUCHO,FEMENINO,46 a 55,49
2022,NOVIEMBRE,AYACUCHO,FEMENINO,56 a mas,75
2022,NOVIEMBRE,AYACUCHO,MASCULINO,18 a 25,327
2022,NOVIEMBRE,AYACUCHO,MASCULINO,26 a 35,316
2022,NOVIEMBRE,AYACUCHO,MASCULINO,36 a 45,186
2022,NOVIEMBRE,AYACUCHO,MASCULINO,46 a 55,116
2022,NOVIEMBRE,AYACUCHO,MASCULINO,56 a mas,104
2022,NOVIEMBRE,BELGICA,FEMENINO,46 a 55,1
2022,NOVIEMBRE,BELGICA,FEMENINO,56 a mas,1
2022,NOVIEMBRE,BOLIVIA,MASCULINO,26 a 35,1
2022,NOVIEMBRE,BOLIVIA,MASCULINO,36 a 45,2
2022,NOVIEMBRE,BOLIVIA,MASCULINO,56 a mas,1
2022,NOVIEMBRE,BRASIL,FEMENINO,36 a 45,3
2022,NOVIEMBRE,BRASIL,FEMENINO,46 a 55,4
2022,NOVIEMBRE,BRASIL,FEMENINO,56 a mas,1
2022,NOVIEMBRE,BRASIL,MASCULINO,26 a 35,4
2022,NOVIEMBRE,BRASIL,MASCULINO,46 a 55,5
2022,NOVIEMBRE,BRASIL,MASCULINO,56 a mas,6
2022,NOVIEMBRE,CAJAMARCA,FEMENINO,18 a 25,176
2022,NOVIEMBRE,CAJAMARCA,FEMENINO,26 a 35,151
2022,NOVIEMBRE,CAJAMARCA,FEMENINO,36 a 45,79
2022,NOVIEMBRE,CAJAMARCA,FEMENINO,46 a 55,63
2022,NOVIEMBRE,CAJAMARCA,FEMENINO,56 a mas,71
2022,NOVIEMBRE,CAJAMARCA,MASCULINO,18 a 25,292
2022,NOVIEMBRE,CAJAMARCA,MASCULINO,26 a 35,347
2022,NOVIEMBRE,CAJAMARCA,MASCULINO,36 a 45,206
2022,NOVIEMBRE,CAJAMARCA,MASCULINO,46 a 55,105
2022,NOVIEMBRE,CAJAMARCA,MASCULINO,56 a mas,119
2022,NOVIEMBRE,CALLAO,FEMENINO,18 a 25,328
2022,NOVIEMBRE,CALLAO,FEMENINO,26 a 35,386
2022,NOVIEMBRE,CALLAO,FEMENINO,36 a 45,218
2022,NOVIEMBRE,CALLAO,FEMENINO,46 a 55,159
2022,NOVIEMBRE,CALLAO,FEMENINO,56 a mas,161
2022,NOVIEMBRE,CALLAO,MASCULINO,18 a 25,514
2022,NOVIEMBRE,CALLAO,MASCULINO,26 a 35,673
2022,NOVIEMBRE,CALLAO,MASCULINO,36 a 45,447
2022,NOVIEMBRE,CALLAO,MASCULINO,46 a 55,291
2022,NOVIEMBRE,CALLAO,MASCULINO,56 a mas,224
2022,NOVIEMBRE,CANADA,FEMENINO,46 a 55,4
2022,NOVIEMBRE,CANADA,FEMENINO,56 a mas,5
2022,NOVIEMBRE,CANADA,MASCULINO,26 a 35,2
2022,NOVIEMBRE,CANADA,MASCULINO,36 a 45,1
2022,NOVIEMBRE,CANADA,MASCULINO,46 a 55,2
2022,NOVIEMBRE,CANADA,MASCULINO,56 a mas,4
2022,NOVIEMBRE,CHILE,FEMENINO,26 a 35,6
2022,NOVIEMBRE,CHILE,FEMENINO,36 a 45,12
2022,NOVIEMBRE,CHILE,FEMENINO,46 a 55,9
2022,NOVIEMBRE,CHILE,FEMENINO,56 a mas,9
2022,NOVIEMBRE,CHILE,MASCULINO,18 a 25,1
2022,NOVIEMBRE,CHILE,MASCULINO,26 a 35,13
2022,NOVIEMBRE,CHILE,MASCULINO,36 a 45,12
2022,NOVIEMBRE,CHILE,MASCULINO,46 a 55,13
2022,NOVIEMBRE,CHILE,MASCULINO,56 a mas,15
2022,NOVIEMBRE,COLOMBIA,MASCULINO,46 a 55,2
2022,NOVIEMBRE,COLOMBIA,MASCULINO,56 a mas,1
2022,NOVIEMBRE,COSTA RICA,MASCULINO,46 a 55,2
2022,NOVIEMBRE,CROACIA,MASCULINO,56 a mas,1
2022,NOVIEMBRE,CUSCO,FEMENINO,18 a 25,352
2022,NOVIEMBRE,CUSCO,FEMENINO,26 a 35,394
2022,NOVIEMBRE,CUSCO,FEMENINO,36 a 45,228
2022,NOVIEMBRE,CUSCO,FEMENINO,46 a 55,165
2022,NOVIEMBRE,CUSCO,FEMENINO,56 a mas,143
2022,NOVIEMBRE,CUSCO,MASCULINO,18 a 25,665
2022,NOVIEMBRE,CUSCO,MASCULINO,26 a 35,796
2022,NOVIEMBRE,CUSCO,MASCULINO,36 a 45,438
2022,NOVIEMBRE,CUSCO,MASCULINO,46 a 55,241
2022,NOVIEMBRE,CUSCO,MASCULINO,56 a mas,210
2022,NOVIEMBRE,ECUADOR,FEMENINO,36 a 45,1
2022,NOVIEMBRE,ECUADOR,MASCULINO,18 a 25,1
2022,NOVIEMBRE,ECUADOR,MASCULINO,46 a 55,1
2022,NOVIEMBRE,ECUADOR,MASCULINO,56 a mas,3
2022,NOVIEMBRE,ESPAÑA,FEMENINO,26 a 35,10
2022,NOVIEMBRE,ESPAÑA,FEMENINO,36 a 45,12
2022,NOVIEMBRE,ESPAÑA,FEMENINO,46 a 55,26
2022,NOVIEMBRE,ESPAÑA,FEMENINO,56 a mas,22
2022,NOVIEMBRE,ESPAÑA,MASCULINO,18 a 25,2
2022,NOVIEMBRE,ESPAÑA,MASCULINO,26 a 35,13
2022,NOVIEMBRE,ESPAÑA,MASCULINO,36 a 45,11
2022,NOVIEMBRE,ESPAÑA,MASCULINO,46 a 55,19
2022,NOVIEMBRE,ESPAÑA,MASCULINO,56 a mas,16
2022,NOVIEMBRE,ESTADOS UNIDOS DE AMERICA,FEMENINO,18 a 25,5
2022,NOVIEMBRE,ESTADOS UNIDOS DE AMERICA,FEMENINO,26 a 35,14
2022,NOVIEMBRE,ESTADOS UNIDOS DE AMERICA,FEMENINO,36 a 45,22
2022,NOVIEMBRE,ESTADOS UNIDOS DE AMERICA,FEMENINO,46 a 55,35
2022,NOVIEMBRE,ESTADOS UNIDOS DE AMERICA,FEMENINO,56 a mas,78
2022,NOVIEMBRE,ESTADOS UNIDOS DE AMERICA,MASCULINO,18 a 25,5
2022,NOVIEMBRE,ESTADOS UNIDOS DE AMERICA,MASCULINO,26 a 35,20
2022,NOVIEMBRE,ESTADOS UNIDOS DE AMERICA,MASCULINO,36 a 45,20
2022,NOVIEMBRE,ESTADOS UNIDOS DE AMERICA,MASCULINO,46 a 55,28
2022,NOVIEMBRE,ESTADOS UNIDOS DE AMERICA,MASCULINO,56 a mas,64
2022,NOVIEMBRE,FRANCIA,FEMENINO,56 a mas,2
2022,NOVIEMBRE,FRANCIA,MASCULINO,26 a 35,1
2022,NOVIEMBRE,FRANCIA,MASCULINO,46 a 55,1
2022,NOVIEMBRE,FRANCIA,MASCULINO,56 a mas,1
2022,NOVIEMBRE,GRAN BRETAÑA,FEMENINO,46 a 55,2
2022,NOVIEMBRE,GRAN BRETAÑA,MASCULINO,46 a 55,1
2022,NOVIEMBRE,GRAN BRETAÑA,MASCULINO,56 a mas,1
2022,NOVIEMBRE,HOLANDA,FEMENINO,46 a 55,2
2022,NOVIEMBRE,HUANCAVELICA,FEMENINO,18 a 25,97
2022,NOVIEMBRE,HUANCAVELICA,FEMENINO,26 a 35,62
2022,NOVIEMBRE,HUANCAVELICA,FEMENINO,36 a 45,35
2022,NOVIEMBRE,HUANCAVELICA,FEMENINO,46 a 55,27
2022,NOVIEMBRE,HUANCAVELICA,FEMENINO,56 a mas,31
2022,NOVIEMBRE,HUANCAVELICA,MASCULINO,18 a 25,239
2022,NOVIEMBRE,HUANCAVELICA,MASCULINO,26 a 35,173
2022,NOVIEMBRE,HUANCAVELICA,MASCULINO,36 a 45,85
2022,NOVIEMBRE,HUANCAVELICA,MASCULINO,46 a 55,53
2022,NOVIEMBRE,HUANCAVELICA,MASCULINO,56 a mas,46
2022,NOVIEMBRE,HUANUCO,FEMENINO,18 a 25,183
2022,NOVIEMBRE,HUANUCO,FEMENINO,26 a 35,192
2022,NOVIEMBRE,HUANUCO,FEMENINO,36 a 45,117
2022,NOVIEMBRE,HUANUCO,FEMENINO,46 a 55,72
2022,NOVIEMBRE,HUANUCO,FEMENINO,56 a mas,98
2022,NOVIEMBRE,HUANUCO,MASCULINO,18 a 25,381
2022,NOVIEMBRE,HUANUCO,MASCULINO,26 a 35,352
2022,NOVIEMBRE,HUANUCO,MASCULINO,36 a 45,241
2022,NOVIEMBRE,HUANUCO,MASCULINO,46 a 55,158
2022,NOVIEMBRE,HUANUCO,MASCULINO,56 a mas,145
2022,NOVIEMBRE,ICA,FEMENINO,18 a 25,218
2022,NOVIEMBRE,ICA,FEMENINO,26 a 35,321
2022,NOVIEMBRE,ICA,FEMENINO,36 a 45,173
2022,NOVIEMBRE,ICA,FEMENINO,46 a 55,118
2022,NOVIEMBRE,ICA,FEMENINO,56 a mas,125
2022,NOVIEMBRE,ICA,MASCULINO,18 a 25,501
2022,NOVIEMBRE,ICA,MASCULINO,26 a 35,600
2022,NOVIEMBRE,ICA,MASCULINO,36 a 45,354
2022,NOVIEMBRE,ICA,MASCULINO,46 a 55,226
2022,NOVIEMBRE,ICA,MASCULINO,56 a mas,185
2022,NOVIEMBRE,IRLANDA,FEMENINO,36 a 45,1
2022,NOVIEMBRE,ISRAEL,FEMENINO,26 a 35,1
2022,NOVIEMBRE,ITALIA,FEMENINO,18 a 25,2
2022,NOVIEMBRE,ITALIA,FEMENINO,26 a 35,8
2022,NOVIEMBRE,ITALIA,FEMENINO,36 a 45,20
2022,NOVIEMBRE,ITALIA,FEMENINO,46 a 55,14
2022,NOVIEMBRE,ITALIA,FEMENINO,56 a mas,21
2022,NOVIEMBRE,ITALIA,MASCULINO,18 a 25,3
2022,NOVIEMBRE,ITALIA,MASCULINO,26 a 35,1
2022,NOVIEMBRE,ITALIA,MASCULINO,36 a 45,9
2022,NOVIEMBRE,ITALIA,MASCULINO,46 a 55,10
2022,NOVIEMBRE,ITALIA,MASCULINO,56 a mas,5
2022,NOVIEMBRE,JAPON,FEMENINO,26 a 35,2
2022,NOVIEMBRE,JAPON,FEMENINO,36 a 45,3
2022,NOVIEMBRE,JAPON,FEMENINO,46 a 55,2
2022,NOVIEMBRE,JAPON,FEMENINO,56 a mas,2
2022,NOVIEMBRE,JAPON,MASCULINO,26 a 35,4
2022,NOVIEMBRE,JAPON,MASCULINO,36 a 45,4
2022,NOVIEMBRE,JAPON,MASCULINO,46 a 55,5
2022,NOVIEMBRE,JAPON,MASCULINO,56 a mas,3
2022,NOVIEMBRE,JUNIN,FEMENINO,18 a 25,291
2022,NOVIEMBRE,JUNIN,FEMENINO,26 a 35,316
2022,NOVIEMBRE,JUNIN,FEMENINO,36 a 45,208
2022,NOVIEMBRE,JUNIN,FEMENINO,46 a 55,148
2022,NOVIEMBRE,JUNIN,FEMENINO,56 a mas,178
2022,NOVIEMBRE,JUNIN,MASCULINO,18 a 25,529
2022,NOVIEMBRE,JUNIN,MASCULINO,26 a 35,662
2022,NOVIEMBRE,JUNIN,MASCULINO,36 a 45,464
2022,NOVIEMBRE,JUNIN,MASCULINO,46 a 55,280
2022,NOVIEMBRE,JUNIN,MASCULINO,56 a mas,231
2022,NOVIEMBRE,LA LIBERTAD,FEMENINO,18 a 25,355
2022,NOVIEMBRE,LA LIBERTAD,FEMENINO,26 a 35,374
2022,NOVIEMBRE,LA LIBERTAD,FEMENINO,36 a 45,230
2022,NOVIEMBRE,LA LIBERTAD,FEMENINO,46 a 55,149
2022,NOVIEMBRE,LA LIBERTAD,FEMENINO,56 a mas,185
2022,NOVIEMBRE,LA LIBERTAD,MASCULINO,18 a 25,549
2022,NOVIEMBRE,LA LIBERTAD,MASCULINO,26 a 35,707
2022,NOVIEMBRE,LA LIBERTAD,MASCULINO,36 a 45,454
2022,NOVIEMBRE,LA LIBERTAD,MASCULINO,46 a 55,303
2022,NOVIEMBRE,LA LIBERTAD,MASCULINO,56 a mas,235
2022,NOVIEMBRE,LAMBAYEQUE,FEMENINO,18 a 25,341
2022,NOVIEMBRE,LAMBAYEQUE,FEMENINO,26 a 35,395
2022,NOVIEMBRE,LAMBAYEQUE,FEMENINO,36 a 45,271
2022,NOVIEMBRE,LAMBAYEQUE,FEMENINO,46 a 55,175
2022,NOVIEMBRE,LAMBAYEQUE,FEMENINO,56 a mas,208
2022,NOVIEMBRE,LAMBAYEQUE,MASCULINO,18 a 25,633
2022,NOVIEMBRE,LAMBAYEQUE,MASCULINO,26 a 35,704
2022,NOVIEMBRE,LAMBAYEQUE,MASCULINO,36 a 45,435
2022,NOVIEMBRE,LAMBAYEQUE,MASCULINO,46 a 55,268
2022,NOVIEMBRE,LAMBAYEQUE,MASCULINO,56 a mas,295
2022,NOVIEMBRE,LIMA,FEMENINO,18 a 25,2539
2022,NOVIEMBRE,LIMA,FEMENINO,26 a 35,3373
2022,NOVIEMBRE,LIMA,FEMENINO,36 a 45,2205
2022,NOVIEMBRE,LIMA,FEMENINO,46 a 55,1633
2022,NOVIEMBRE,LIMA,FEMENINO,56 a mas,2044
2022,NOVIEMBRE,LIMA,MASCULINO,18 a 25,3696
2022,NOVIEMBRE,LIMA,MASCULINO,26 a 35,5909
2022,NOVIEMBRE,LIMA,MASCULINO,36 a 45,4049
2022,NOVIEMBRE,LIMA,MASCULINO,46 a 55,2652
2022,NOVIEMBRE,LIMA,MASCULINO,56 a mas,2477
2022,NOVIEMBRE,LORETO,FEMENINO,18 a 25,245
2022,NOVIEMBRE,LORETO,FEMENINO,26 a 35,270
2022,NOVIEMBRE,LORETO,FEMENINO,36 a 45,154
2022,NOVIEMBRE,LORETO,FEMENINO,46 a 55,104
2022,NOVIEMBRE,LORETO,FEMENINO,56 a mas,75
2022,NOVIEMBRE,LORETO,MASCULINO,18 a 25,473
2022,NOVIEMBRE,LORETO,MASCULINO,26 a 35,556
2022,NOVIEMBRE,LORETO,MASCULINO,36 a 45,303
2022,NOVIEMBRE,LORETO,MASCULINO,46 a 55,179
2022,NOVIEMBRE,LORETO,MASCULINO,56 a mas,143
2022,NOVIEMBRE,MADRE DE DIOS,FEMENINO,18 a 25,69
2022,NOVIEMBRE,MADRE DE DIOS,FEMENINO,26 a 35,114
2022,NOVIEMBRE,MADRE DE DIOS,FEMENINO,36 a 45,77
2022,NOVIEMBRE,MADRE DE DIOS,FEMENINO,46 a 55,31
2022,NOVIEMBRE,MADRE DE DIOS,FEMENINO,56 a mas,42
2022,NOVIEMBRE,MADRE DE DIOS,MASCULINO,18 a 25,123
2022,NOVIEMBRE,MADRE DE DIOS,MASCULINO,26 a 35,160
2022,NOVIEMBRE,MADRE DE DIOS,MASCULINO,36 a 45,118
2022,NOVIEMBRE,MADRE DE DIOS,MASCULINO,46 a 55,70
2022,NOVIEMBRE,MADRE DE DIOS,MASCULINO,56 a mas,58
2022,NOVIEMBRE,MEXICO,FEMENINO,46 a 55,1
2022,NOVIEMBRE,MEXICO,FEMENINO,56 a mas,1
2022,NOVIEMBRE,MEXICO,MASCULINO,26 a 35,1
2022,NOVIEMBRE,MEXICO,MASCULINO,46 a 55,1
2022,NOVIEMBRE,MEXICO,MASCULINO,56 a mas,1
2022,NOVIEMBRE,MOQUEGUA,FEMENINO,18 a 25,40
2022,NOVIEMBRE,MOQUEGUA,FEMENINO,26 a 35,59
2022,NOVIEMBRE,MOQUEGUA,FEMENINO,36 a 45,39
2022,NOVIEMBRE,MOQUEGUA,FEMENINO,46 a 55,19
2022,NOVIEMBRE,MOQUEGUA,FEMENINO,56 a mas,15
2022,NOVIEMBRE,MOQUEGUA,MASCULINO,18 a 25,53
2022,NOVIEMBRE,MOQUEGUA,MASCULINO,26 a 35,80
2022,NOVIEMBRE,MOQUEGUA,MASCULINO,36 a 45,53
2022,NOVIEMBRE,MOQUEGUA,MASCULINO,46 a 55,46
2022,NOVIEMBRE,MOQUEGUA,MASCULINO,56 a mas,37
2022,NOVIEMBRE,NUEVA ZELANDA,MASCULINO,26 a 35,1
2022,NOVIEMBRE,PARAGUAY,FEMENINO,56 a mas,1
2022,NOVIEMBRE,PARAGUAY,MASCULINO,56 a mas,1
2022,NOVIEMBRE,PASCO,FEMENINO,18 a 25,52
2022,NOVIEMBRE,PASCO,FEMENINO,26 a 35,49
2022,NOVIEMBRE,PASCO,FEMENINO,36 a 45,36
2022,NOVIEMBRE,PASCO,FEMENINO,46 a 55,15
2022,NOVIEMBRE,PASCO,FEMENINO,56 a mas,17
2022,NOVIEMBRE,PASCO,MASCULINO,18 a 25,100
2022,NOVIEMBRE,PASCO,MASCULINO,26 a 35,144
2022,NOVIEMBRE,PASCO,MASCULINO,36 a 45,87
2022,NOVIEMBRE,PASCO,MASCULINO,46 a 55,55
2022,NOVIEMBRE,PASCO,MASCULINO,56 a mas,37
2022,NOVIEMBRE,PIURA,FEMENINO,18 a 25,445
2022,NOVIEMBRE,PIURA,FEMENINO,26 a 35,666
2022,NOVIEMBRE,PIURA,FEMENINO,36 a 45,413
2022,NOVIEMBRE,PIURA,FEMENINO,46 a 55,280
2022,NOVIEMBRE,PIURA,FEMENINO,56 a mas,239
2022,NOVIEMBRE,PIURA,MASCULINO,18 a 25,592
2022,NOVIEMBRE,PIURA,MASCULINO,26 a 35,713
2022,NOVIEMBRE,PIURA,MASCULINO,36 a 45,471
2022,NOVIEMBRE,PIURA,MASCULINO,46 a 55,262
2022,NOVIEMBRE,PIURA,MASCULINO,56 a mas,228
2022,NOVIEMBRE,PORTUGAL,FEMENINO,46 a 55,1
2022,NOVIEMBRE,PUNO,FEMENINO,18 a 25,188
2022,NOVIEMBRE,PUNO,FEMENINO,26 a 35,225
2022,NOVIEMBRE,PUNO,FEMENINO,36 a 45,121
2022,NOVIEMBRE,PUNO,FEMENINO,46 a 55,73
2022,NOVIEMBRE,PUNO,FEMENINO,56 a mas,67
2022,NOVIEMBRE,PUNO,MASCULINO,18 a 25,344
2022,NOVIEMBRE,PUNO,MASCULINO,26 a 35,454
2022,NOVIEMBRE,PUNO,MASCULINO,36 a 45,241
2022,NOVIEMBRE,PUNO,MASCULINO,46 a 55,138
2022,NOVIEMBRE,PUNO,MASCULINO,56 a mas,112
2022,NOVIEMBRE,REPUBLICA DOMINICANA,MASCULINO,56 a mas,1
2022,NOVIEMBRE,REPUBLICA POPULAR CHINA,MASCULINO,18 a 25,1
2022,NOVIEMBRE,SAN MARTIN,FEMENINO,18 a 25,98
2022,NOVIEMBRE,SAN MARTIN,FEMENINO,26 a 35,106
2022,NOVIEMBRE,SAN MARTIN,FEMENINO,36 a 45,59
2022,NOVIEMBRE,SAN MARTIN,FEMENINO,46 a 55,39
2022,NOVIEMBRE,SAN MARTIN,FEMENINO,56 a mas,37
2022,NOVIEMBRE,SAN MARTIN,MASCULINO,18 a 25,214
2022,NOVIEMBRE,SAN MARTIN,MASCULINO,26 a 35,249
2022,NOVIEMBRE,SAN MARTIN,MASCULINO,36 a 45,179
2022,NOVIEMBRE,SAN MARTIN,MASCULINO,46 a 55,106
2022,NOVIEMBRE,SAN MARTIN,MASCULINO,56 a mas,93
2022,NOVIEMBRE,SUECIA,FEMENINO,36 a 45,2
2022,NOVIEMBRE,SUECIA,FEMENINO,46 a 55,1
2022,NOVIEMBRE,SUECIA,MASCULINO,26 a 35,1
2022,NOVIEMBRE,SUIZA,FEMENINO,46 a 55,3
2022,NOVIEMBRE,SUIZA,FEMENINO,56 a mas,3
2022,NOVIEMBRE,SUIZA,MASCULINO,36 a 45,1
2022,NOVIEMBRE,SUIZA,MASCULINO,46 a 55,1
2022,NOVIEMBRE,SUIZA,MASCULINO,56 a mas,1
2022,NOVIEMBRE,TACNA,FEMENINO,18 a 25,61
2022,NOVIEMBRE,TACNA,FEMENINO,26 a 35,94
2022,NOVIEMBRE,TACNA,FEMENINO,36 a 45,63
2022,NOVIEMBRE,TACNA,FEMENINO,46 a 55,44
2022,NOVIEMBRE,TACNA,FEMENINO,56 a mas,80
2022,NOVIEMBRE,TACNA,MASCULINO,18 a 25,86
2022,NOVIEMBRE,TACNA,MASCULINO,26 a 35,177
2022,NOVIEMBRE,TACNA,MASCULINO,36 a 45,115
2022,NOVIEMBRE,TACNA,MASCULINO,46 a 55,69
2022,NOVIEMBRE,TACNA,MASCULINO,56 a mas,92
2022,NOVIEMBRE,TUMBES,FEMENINO,18 a 25,47
2022,NOVIEMBRE,TUMBES,FEMENINO,26 a 35,80
2022,NOVIEMBRE,TUMBES,FEMENINO,36 a 45,52
2022,NOVIEMBRE,TUMBES,FEMENINO,46 a 55,30
2022,NOVIEMBRE,TUMBES,FEMENINO,56 a mas,12
2022,NOVIEMBRE,TUMBES,MASCULINO,18 a 25,100
2022,NOVIEMBRE,TUMBES,MASCULINO,26 a 35,146
2022,NOVIEMBRE,TUMBES,MASCULINO,36 a 45,91
2022,NOVIEMBRE,TUMBES,MASCULINO,46 a 55,61
2022,NOVIEMBRE,TUMBES,MASCULINO,56 a mas,40
2022,NOVIEMBRE,UCAYALI,FEMENINO,18 a 25,185
2022,NOVIEMBRE,UCAYALI,FEMENINO,26 a 35,177
2022,NOVIEMBRE,UCAYALI,FEMENINO,36 a 45,119
2022,NOVIEMBRE,UCAYALI,FEMENINO,46 a 55,81
2022,NOVIEMBRE,UCAYALI,FEMENINO,56 a mas,55
2022,NOVIEMBRE,UCAYALI,MASCULINO,18 a 25,242
2022,NOVIEMBRE,UCAYALI,MASCULINO,26 a 35,337
2022,NOVIEMBRE,UCAYALI,MASCULINO,36 a 45,211
2022,NOVIEMBRE,UCAYALI,MASCULINO,46 a 55,146
2022,NOVIEMBRE,UCAYALI,MASCULINO,56 a mas,89
2022,NOVIEMBRE,URUGUAY,FEMENINO,36 a 45,1
2022,NOVIEMBRE,VENEZUELA,FEMENINO,56 a mas,2
2022,NOVIEMBRE,VENEZUELA,MASCULINO,36 a 45,1
2022,NOVIEMBRE,VENEZUELA,MASCULINO,56 a mas,4
2022,NOVIEMBRE,VIETNAM,MASCULINO,36 a 45,1
2022,DICIEMBRE,ALEMANIA,FEMENINO,46 a 55,1
2022,DICIEMBRE,ALEMANIA,FEMENINO,56 a mas,1
2022,DICIEMBRE,ALEMANIA,MASCULINO,26 a 35,1
2022,DICIEMBRE,ALEMANIA,MASCULINO,36 a 45,3
2022,DICIEMBRE,ALEMANIA,MASCULINO,46 a 55,1
2022,DICIEMBRE,AMAZONAS,FEMENINO,18 a 25,69
2022,DICIEMBRE,AMAZONAS,FEMENINO,26 a 35,35
2022,DICIEMBRE,AMAZONAS,FEMENINO,36 a 45,26
2022,DICIEMBRE,AMAZONAS,FEMENINO,46 a 55,17
2022,DICIEMBRE,AMAZONAS,FEMENINO,56 a mas,13
2022,DICIEMBRE,AMAZONAS,MASCULINO,18 a 25,163
2022,DICIEMBRE,AMAZONAS,MASCULINO,26 a 35,135
2022,DICIEMBRE,AMAZONAS,MASCULINO,36 a 45,84
2022,DICIEMBRE,AMAZONAS,MASCULINO,46 a 55,38
2022,DICIEMBRE,AMAZONAS,MASCULINO,56 a mas,30
2022,DICIEMBRE,ANCASH,FEMENINO,18 a 25,170
2022,DICIEMBRE,ANCASH,FEMENINO,26 a 35,203
2022,DICIEMBRE,ANCASH,FEMENINO,36 a 45,117
2022,DICIEMBRE,ANCASH,FEMENINO,46 a 55,64
2022,DICIEMBRE,ANCASH,FEMENINO,56 a mas,85
2022,DICIEMBRE,ANCASH,MASCULINO,18 a 25,282
2022,DICIEMBRE,ANCASH,MASCULINO,26 a 35,346
2022,DICIEMBRE,ANCASH,MASCULINO,36 a 45,215
2022,DICIEMBRE,ANCASH,MASCULINO,46 a 55,147
2022,DICIEMBRE,ANCASH,MASCULINO,56 a mas,133
2022,DICIEMBRE,ANTILLAS HOLANDESAS,FEMENINO,56 a mas,1
2022,DICIEMBRE,APURIMAC,FEMENINO,18 a 25,71
2022,DICIEMBRE,APURIMAC,FEMENINO,26 a 35,92
2022,DICIEMBRE,APURIMAC,FEMENINO,36 a 45,51
2022,DICIEMBRE,APURIMAC,FEMENINO,46 a 55,44
2022,DICIEMBRE,APURIMAC,FEMENINO,56 a mas,27
2022,DICIEMBRE,APURIMAC,MASCULINO,18 a 25,142
2022,DICIEMBRE,APURIMAC,MASCULINO,26 a 35,199
2022,DICIEMBRE,APURIMAC,MASCULINO,36 a 45,94
2022,DICIEMBRE,APURIMAC,MASCULINO,46 a 55,42
2022,DICIEMBRE,APURIMAC,MASCULINO,56 a mas,38
2022,DICIEMBRE,AREQUIPA,FEMENINO,18 a 25,221
2022,DICIEMBRE,AREQUIPA,FEMENINO,26 a 35,323
2022,DICIEMBRE,AREQUIPA,FEMENINO,36 a 45,195
2022,DICIEMBRE,AREQUIPA,FEMENINO,46 a 55,116
2022,DICIEMBRE,AREQUIPA,FEMENINO,56 a mas,150
2022,DICIEMBRE,AREQUIPA,MASCULINO,18 a 25,307
2022,DICIEMBRE,AREQUIPA,MASCULINO,26 a 35,557
2022,DICIEMBRE,AREQUIPA,MASCULINO,36 a 45,377
2022,DICIEMBRE,AREQUIPA,MASCULINO,46 a 55,227
2022,DICIEMBRE,AREQUIPA,MASCULINO,56 a mas,213
2022,DICIEMBRE,ARGENTINA,FEMENINO,26 a 35,3
2022,DICIEMBRE,ARGENTINA,FEMENINO,36 a 45,5
2022,DICIEMBRE,ARGENTINA,FEMENINO,46 a 55,11
2022,DICIEMBRE,ARGENTINA,FEMENINO,56 a mas,10
2022,DICIEMBRE,ARGENTINA,MASCULINO,18 a 25,1
2022,DICIEMBRE,ARGENTINA,MASCULINO,26 a 35,12
2022,DICIEMBRE,ARGENTINA,MASCULINO,36 a 45,17
2022,DICIEMBRE,ARGENTINA,MASCULINO,46 a 55,7
2022,DICIEMBRE,ARGENTINA,MASCULINO,56 a mas,3
2022,DICIEMBRE,AUSTRALIA,FEMENINO,36 a 45,1
2022,DICIEMBRE,AUSTRALIA,FEMENINO,46 a 55,1
2022,DICIEMBRE,AUSTRALIA,MASCULINO,46 a 55,1
2022,DICIEMBRE,AUSTRIA,FEMENINO,46 a 55,1
2022,DICIEMBRE,AUSTRIA,MASCULINO,36 a 45,1
2022,DICIEMBRE,AYACUCHO,FEMENINO,18 a 25,172
2022,DICIEMBRE,AYACUCHO,FEMENINO,26 a 35,174
2022,DICIEMBRE,AYACUCHO,FEMENINO,36 a 45,93
2022,DICIEMBRE,AYACUCHO,FEMENINO,46 a 55,59
2022,DICIEMBRE,AYACUCHO,FEMENINO,56 a mas,85
2022,DICIEMBRE,AYACUCHO,MASCULINO,18 a 25,261
2022,DICIEMBRE,AYACUCHO,MASCULINO,26 a 35,279
2022,DICIEMBRE,AYACUCHO,MASCULINO,36 a 45,161
2022,DICIEMBRE,AYACUCHO,MASCULINO,46 a 55,74
2022,DICIEMBRE,AYACUCHO,MASCULINO,56 a mas,82
2022,DICIEMBRE,BAHAMAS,MASCULINO,56 a mas,1
2022,DICIEMBRE,BELGICA,FEMENINO,46 a 55,1
2022,DICIEMBRE,BELGICA,MASCULINO,36 a 45,1
2022,DICIEMBRE,BOLIVIA,FEMENINO,18 a 25,1
2022,DICIEMBRE,BOLIVIA,MASCULINO,26 a 35,1
2022,DICIEMBRE,BOLIVIA,MASCULINO,36 a 45,1
2022,DICIEMBRE,BOLIVIA,MASCULINO,46 a 55,1
2022,DICIEMBRE,BOLIVIA,MASCULINO,56 a mas,1
2022,DICIEMBRE,BRASIL,FEMENINO,18 a 25,1
2022,DICIEMBRE,BRASIL,FEMENINO,26 a 35,2
2022,DICIEMBRE,BRASIL,FEMENINO,36 a 45,2
2022,DICIEMBRE,BRASIL,FEMENINO,46 a 55,1
2022,DICIEMBRE,BRASIL,FEMENINO,56 a mas,6
2022,DICIEMBRE,BRASIL,MASCULINO,18 a 25,1
2022,DICIEMBRE,BRASIL,MASCULINO,26 a 35,4
2022,DICIEMBRE,BRASIL,MASCULINO,36 a 45,2
2022,DICIEMBRE,BRASIL,MASCULINO,56 a mas,1
2022,DICIEMBRE,CAJAMARCA,FEMENINO,18 a 25,165
2022,DICIEMBRE,CAJAMARCA,FEMENINO,26 a 35,148
2022,DICIEMBRE,CAJAMARCA,FEMENINO,36 a 45,76
2022,DICIEMBRE,CAJAMARCA,FEMENINO,46 a 55,59
2022,DICIEMBRE,CAJAMARCA,FEMENINO,56 a mas,58
2022,DICIEMBRE,CAJAMARCA,MASCULINO,18 a 25,219
2022,DICIEMBRE,CAJAMARCA,MASCULINO,26 a 35,329
2022,DICIEMBRE,CAJAMARCA,MASCULINO,36 a 45,180
2022,DICIEMBRE,CAJAMARCA,MASCULINO,46 a 55,110
2022,DICIEMBRE,CAJAMARCA,MASCULINO,56 a mas,99
2022,DICIEMBRE,CALLAO,FEMENINO,18 a 25,292
2022,DICIEMBRE,CALLAO,FEMENINO,26 a 35,335
2022,DICIEMBRE,CALLAO,FEMENINO,36 a 45,243
2022,DICIEMBRE,CALLAO,FEMENINO,46 a 55,151
2022,DICIEMBRE,CALLAO,FEMENINO,56 a mas,145
2022,DICIEMBRE,CALLAO,MASCULINO,18 a 25,463
2022,DICIEMBRE,CALLAO,MASCULINO,26 a 35,524
2022,DICIEMBRE,CALLAO,MASCULINO,36 a 45,349
2022,DICIEMBRE,CALLAO,MASCULINO,46 a 55,195
2022,DICIEMBRE,CALLAO,MASCULINO,56 a mas,173
2022,DICIEMBRE,CANADA,FEMENINO,26 a 35,1
2022,DICIEMBRE,CANADA,FEMENINO,36 a 45,2
2022,DICIEMBRE,CANADA,FEMENINO,56 a mas,6
2022,DICIEMBRE,CANADA,MASCULINO,26 a 35,1
2022,DICIEMBRE,CANADA,MASCULINO,36 a 45,1
2022,DICIEMBRE,CANADA,MASCULINO,46 a 55,1
2022,DICIEMBRE,CANADA,MASCULINO,56 a mas,1
2022,DICIEMBRE,CHILE,FEMENINO,18 a 25,4
2022,DICIEMBRE,CHILE,FEMENINO,26 a 35,10
2022,DICIEMBRE,CHILE,FEMENINO,36 a 45,8
2022,DICIEMBRE,CHILE,FEMENINO,46 a 55,18
2022,DICIEMBRE,CHILE,FEMENINO,56 a mas,9
2022,DICIEMBRE,CHILE,MASCULINO,18 a 25,4
2022,DICIEMBRE,CHILE,MASCULINO,26 a 35,15
2022,DICIEMBRE,CHILE,MASCULINO,36 a 45,9
2022,DICIEMBRE,CHILE,MASCULINO,46 a 55,9
2022,DICIEMBRE,CHILE,MASCULINO,56 a mas,9
2022,DICIEMBRE,COLOMBIA,FEMENINO,36 a 45,3
2022,DICIEMBRE,COLOMBIA,FEMENINO,56 a mas,1
2022,DICIEMBRE,COLOMBIA,MASCULINO,18 a 25,1
2022,DICIEMBRE,COLOMBIA,MASCULINO,36 a 45,1
2022,DICIEMBRE,COLOMBIA,MASCULINO,46 a 55,2
2022,DICIEMBRE,COLOMBIA,MASCULINO,56 a mas,1
2022,DICIEMBRE,COSTA RICA,FEMENINO,26 a 35,1
2022,DICIEMBRE,COSTA RICA,MASCULINO,46 a 55,1
2022,DICIEMBRE,CUSCO,FEMENINO,18 a 25,337
2022,DICIEMBRE,CUSCO,FEMENINO,26 a 35,311
2022,DICIEMBRE,CUSCO,FEMENINO,36 a 45,193
2022,DICIEMBRE,CUSCO,FEMENINO,46 a 55,125
2022,DICIEMBRE,CUSCO,FEMENINO,56 a mas,136
2022,DICIEMBRE,CUSCO,MASCULINO,18 a 25,610
2022,DICIEMBRE,CUSCO,MASCULINO,26 a 35,666
2022,DICIEMBRE,CUSCO,MASCULINO,36 a 45,397
2022,DICIEMBRE,CUSCO,MASCULINO,46 a 55,233
2022,DICIEMBRE,CUSCO,MASCULINO,56 a mas,153
2022,DICIEMBRE,ECUADOR,MASCULINO,36 a 45,1
2022,DICIEMBRE,ESPAÑA,FEMENINO,18 a 25,1
2022,DICIEMBRE,ESPAÑA,FEMENINO,26 a 35,9
2022,DICIEMBRE,ESPAÑA,FEMENINO,36 a 45,18
2022,DICIEMBRE,ESPAÑA,FEMENINO,46 a 55,20
2022,DICIEMBRE,ESPAÑA,FEMENINO,56 a mas,18
2022,DICIEMBRE,ESPAÑA,MASCULINO,18 a 25,3
2022,DICIEMBRE,ESPAÑA,MASCULINO,26 a 35,9
2022,DICIEMBRE,ESPAÑA,MASCULINO,36 a 45,16
2022,DICIEMBRE,ESPAÑA,MASCULINO,46 a 55,14
2022,DICIEMBRE,ESPAÑA,MASCULINO,56 a mas,15
2022,DICIEMBRE,ESTADOS UNIDOS DE AMERICA,FEMENINO,18 a 25,4
2022,DICIEMBRE,ESTADOS UNIDOS DE AMERICA,FEMENINO,26 a 35,12
2022,DICIEMBRE,ESTADOS UNIDOS DE AMERICA,FEMENINO,36 a 45,24
2022,DICIEMBRE,ESTADOS UNIDOS DE AMERICA,FEMENINO,46 a 55,39
2022,DICIEMBRE,ESTADOS UNIDOS DE AMERICA,FEMENINO,56 a mas,58
2022,DICIEMBRE,ESTADOS UNIDOS DE AMERICA,MASCULINO,18 a 25,10
2022,DICIEMBRE,ESTADOS UNIDOS DE AMERICA,MASCULINO,26 a 35,17
2022,DICIEMBRE,ESTADOS UNIDOS DE AMERICA,MASCULINO,36 a 45,24
2022,DICIEMBRE,ESTADOS UNIDOS DE AMERICA,MASCULINO,46 a 55,26
2022,DICIEMBRE,ESTADOS UNIDOS DE AMERICA,MASCULINO,56 a mas,54
2022,DICIEMBRE,FRANCIA,FEMENINO,26 a 35,2
2022,DICIEMBRE,FRANCIA,FEMENINO,46 a 55,3
2022,DICIEMBRE,FRANCIA,FEMENINO,56 a mas,1
2022,DICIEMBRE,FRANCIA,MASCULINO,26 a 35,2
2022,DICIEMBRE,FRANCIA,MASCULINO,36 a 45,2
2022,DICIEMBRE,GRAN BRETAÑA,FEMENINO,18 a 25,1
2022,DICIEMBRE,GRAN BRETAÑA,FEMENINO,36 a 45,1
2022,DICIEMBRE,GRAN BRETAÑA,FEMENINO,46 a 55,3
2022,DICIEMBRE,GRAN BRETAÑA,FEMENINO,56 a mas,1
2022,DICIEMBRE,GRAN BRETAÑA,MASCULINO,46 a 55,2
2022,DICIEMBRE,GUATEMALA,FEMENINO,26 a 35,1
2022,DICIEMBRE,GUATEMALA,FEMENINO,46 a 55,1
2022,DICIEMBRE,GUATEMALA,MASCULINO,56 a mas,2
2022,DICIEMBRE,HOLANDA,FEMENINO,46 a 55,1
2022,DICIEMBRE,HOLANDA,MASCULINO,18 a 25,1
2022,DICIEMBRE,HONDURAS,MASCULINO,56 a mas,1
2022,DICIEMBRE,HUANCAVELICA,FEMENINO,18 a 25,117
2022,DICIEMBRE,HUANCAVELICA,FEMENINO,26 a 35,61
2022,DICIEMBRE,HUANCAVELICA,FEMENINO,36 a 45,28
2022,DICIEMBRE,HUANCAVELICA,FEMENINO,46 a 55,19
2022,DICIEMBRE,HUANCAVELICA,FEMENINO,56 a mas,26
2022,DICIEMBRE,HUANCAVELICA,MASCULINO,18 a 25,217
2022,DICIEMBRE,HUANCAVELICA,MASCULINO,26 a 35,131
2022,DICIEMBRE,HUANCAVELICA,MASCULINO,36 a 45,57
2022,DICIEMBRE,HUANCAVELICA,MASCULINO,46 a 55,49
2022,DICIEMBRE,HUANCAVELICA,MASCULINO,56 a mas,27
2022,DICIEMBRE,HUANUCO,FEMENINO,18 a 25,148
2022,DICIEMBRE,HUANUCO,FEMENINO,26 a 35,160
2022,DICIEMBRE,HUANUCO,FEMENINO,36 a 45,82
2022,DICIEMBRE,HUANUCO,FEMENINO,46 a 55,55
2022,DICIEMBRE,HUANUCO,FEMENINO,56 a mas,58
2022,DICIEMBRE,HUANUCO,MASCULINO,18 a 25,250
2022,DICIEMBRE,HUANUCO,MASCULINO,26 a 35,308
2022,DICIEMBRE,HUANUCO,MASCULINO,36 a 45,194
2022,DICIEMBRE,HUANUCO,MASCULINO,46 a 55,119
2022,DICIEMBRE,HUANUCO,MASCULINO,56 a mas,102
2022,DICIEMBRE,ICA,FEMENINO,18 a 25,237
2022,DICIEMBRE,ICA,FEMENINO,26 a 35,265
2022,DICIEMBRE,ICA,FEMENINO,36 a 45,150
2022,DICIEMBRE,ICA,FEMENINO,46 a 55,86
2022,DICIEMBRE,ICA,FEMENINO,56 a mas,89
2022,DICIEMBRE,ICA,MASCULINO,18 a 25,369
2022,DICIEMBRE,ICA,MASCULINO,26 a 35,539
2022,DICIEMBRE,ICA,MASCULINO,36 a 45,302
2022,DICIEMBRE,ICA,MASCULINO,46 a 55,165
2022,DICIEMBRE,ICA,MASCULINO,56 a mas,169
2022,DICIEMBRE,ITALIA,FEMENINO,18 a 25,1
2022,DICIEMBRE,ITALIA,FEMENINO,26 a 35,8
2022,DICIEMBRE,ITALIA,FEMENINO,36 a 45,19
2022,DICIEMBRE,ITALIA,FEMENINO,46 a 55,13
2022,DICIEMBRE,ITALIA,FEMENINO,56 a mas,18
2022,DICIEMBRE,ITALIA,MASCULINO,18 a 25,2
2022,DICIEMBRE,ITALIA,MASCULINO,26 a 35,4
2022,DICIEMBRE,ITALIA,MASCULINO,36 a 45,6
2022,DICIEMBRE,ITALIA,MASCULINO,46 a 55,12
2022,DICIEMBRE,ITALIA,MASCULINO,56 a mas,7
2022,DICIEMBRE,JAPON,FEMENINO,36 a 45,2
2022,DICIEMBRE,JAPON,FEMENINO,46 a 55,4
2022,DICIEMBRE,JAPON,FEMENINO,56 a mas,8
2022,DICIEMBRE,JAPON,MASCULINO,26 a 35,1
2022,DICIEMBRE,JAPON,MASCULINO,36 a 45,7
2022,DICIEMBRE,JAPON,MASCULINO,46 a 55,7
2022,DICIEMBRE,JAPON,MASCULINO,56 a mas,3
2022,DICIEMBRE,JUNIN,FEMENINO,18 a 25,281
2022,DICIEMBRE,JUNIN,FEMENINO,26 a 35,294
2022,DICIEMBRE,JUNIN,FEMENINO,36 a 45,191
2022,DICIEMBRE,JUNIN,FEMENINO,46 a 55,127
2022,DICIEMBRE,JUNIN,FEMENINO,56 a mas,133
2022,DICIEMBRE,JUNIN,MASCULINO,18 a 25,435
2022,DICIEMBRE,JUNIN,MASCULINO,26 a 35,570
2022,DICIEMBRE,JUNIN,MASCULINO,36 a 45,302
2022,DICIEMBRE,JUNIN,MASCULINO,46 a 55,191
2022,DICIEMBRE,JUNIN,MASCULINO,56 a mas,182
2022,DICIEMBRE,LA LIBERTAD,FEMENINO,18 a 25,261
2022,DICIEMBRE,LA LIBERTAD,FEMENINO,26 a 35,374
2022,DICIEMBRE,LA LIBERTAD,FEMENINO,36 a 45,197
2022,DICIEMBRE,LA LIBERTAD,FEMENINO,46 a 55,135
2022,DICIEMBRE,LA LIBERTAD,FEMENINO,56 a mas,183
2022,DICIEMBRE,LA LIBERTAD,MASCULINO,18 a 25,463
2022,DICIEMBRE,LA LIBERTAD,MASCULINO,26 a 35,625
2022,DICIEMBRE,LA LIBERTAD,MASCULINO,36 a 45,393
2022,DICIEMBRE,LA LIBERTAD,MASCULINO,46 a 55,267
2022,DICIEMBRE,LA LIBERTAD,MASCULINO,56 a mas,234
2022,DICIEMBRE,LAMBAYEQUE,FEMENINO,18 a 25,309
2022,DICIEMBRE,LAMBAYEQUE,FEMENINO,26 a 35,297
2022,DICIEMBRE,LAMBAYEQUE,FEMENINO,36 a 45,210
2022,DICIEMBRE,LAMBAYEQUE,FEMENINO,46 a 55,126
2022,DICIEMBRE,LAMBAYEQUE,FEMENINO,56 a mas,147
2022,DICIEMBRE,LAMBAYEQUE,MASCULINO,18 a 25,467
2022,DICIEMBRE,LAMBAYEQUE,MASCULINO,26 a 35,521
2022,DICIEMBRE,LAMBAYEQUE,MASCULINO,36 a 45,367
2022,DICIEMBRE,LAMBAYEQUE,MASCULINO,46 a 55,204
2022,DICIEMBRE,LAMBAYEQUE,MASCULINO,56 a mas,213
2022,DICIEMBRE,LIMA,FEMENINO,18 a 25,2268
2022,DICIEMBRE,LIMA,FEMENINO,26 a 35,3002
2022,DICIEMBRE,LIMA,FEMENINO,36 a 45,1961
2022,DICIEMBRE,LIMA,FEMENINO,46 a 55,1328
2022,DICIEMBRE,LIMA,FEMENINO,56 a mas,1547
2022,DICIEMBRE,LIMA,MASCULINO,18 a 25,3240
2022,DICIEMBRE,LIMA,MASCULINO,26 a 35,4910
2022,DICIEMBRE,LIMA,MASCULINO,36 a 45,3423
2022,DICIEMBRE,LIMA,MASCULINO,46 a 55,2079
2022,DICIEMBRE,LIMA,MASCULINO,56 a mas,1982
2022,DICIEMBRE,LORETO,FEMENINO,18 a 25,209
2022,DICIEMBRE,LORETO,FEMENINO,26 a 35,239
2022,DICIEMBRE,LORETO,FEMENINO,36 a 45,136
2022,DICIEMBRE,LORETO,FEMENINO,46 a 55,96
2022,DICIEMBRE,LORETO,FEMENINO,56 a mas,84
2022,DICIEMBRE,LORETO,MASCULINO,18 a 25,412
2022,DICIEMBRE,LORETO,MASCULINO,26 a 35,447
2022,DICIEMBRE,LORETO,MASCULINO,36 a 45,276
2022,DICIEMBRE,LORETO,MASCULINO,46 a 55,171
2022,DICIEMBRE,LORETO,MASCULINO,56 a mas,136
2022,DICIEMBRE,MADRE DE DIOS,FEMENINO,18 a 25,88
2022,DICIEMBRE,MADRE DE DIOS,FEMENINO,26 a 35,128
2022,DICIEMBRE,MADRE DE DIOS,FEMENINO,36 a 45,64
2022,DICIEMBRE,MADRE DE DIOS,FEMENINO,46 a 55,33
2022,DICIEMBRE,MADRE DE DIOS,FEMENINO,56 a mas,24
2022,DICIEMBRE,MADRE DE DIOS,MASCULINO,18 a 25,118
2022,DICIEMBRE,MADRE DE DIOS,MASCULINO,26 a 35,179
2022,DICIEMBRE,MADRE DE DIOS,MASCULINO,36 a 45,140
2022,DICIEMBRE,MADRE DE DIOS,MASCULINO,46 a 55,79
2022,DICIEMBRE,MADRE DE DIOS,MASCULINO,56 a mas,49
2022,DICIEMBRE,MEXICO,FEMENINO,18 a 25,1
2022,DICIEMBRE,MEXICO,MASCULINO,36 a 45,1
2022,DICIEMBRE,MEXICO,MASCULINO,56 a mas,2
2022,DICIEMBRE,MOQUEGUA,FEMENINO,18 a 25,29
2022,DICIEMBRE,MOQUEGUA,FEMENINO,26 a 35,44
2022,DICIEMBRE,MOQUEGUA,FEMENINO,36 a 45,27
2022,DICIEMBRE,MOQUEGUA,FEMENINO,46 a 55,19
2022,DICIEMBRE,MOQUEGUA,FEMENINO,56 a mas,15
2022,DICIEMBRE,MOQUEGUA,MASCULINO,18 a 25,48
2022,DICIEMBRE,MOQUEGUA,MASCULINO,26 a 35,65
2022,DICIEMBRE,MOQUEGUA,MASCULINO,36 a 45,52
2022,DICIEMBRE,MOQUEGUA,MASCULINO,46 a 55,40
2022,DICIEMBRE,MOQUEGUA,MASCULINO,56 a mas,32
2022,DICIEMBRE,NUEVA ZELANDA,FEMENINO,56 a mas,1
2022,DICIEMBRE,PARAGUAY,MASCULINO,56 a mas,1
2022,DICIEMBRE,PASCO,FEMENINO,18 a 25,25
2022,DICIEMBRE,PASCO,FEMENINO,26 a 35,36
2022,DICIEMBRE,PASCO,FEMENINO,36 a 45,25
2022,DICIEMBRE,PASCO,FEMENINO,46 a 55,14
2022,DICIEMBRE,PASCO,FEMENINO,56 a mas,14
2022,DICIEMBRE,PASCO,MASCULINO,18 a 25,98
2022,DICIEMBRE,PASCO,MASCULINO,26 a 35,131
2022,DICIEMBRE,PASCO,MASCULINO,36 a 45,83
2022,DICIEMBRE,PASCO,MASCULINO,46 a 55,35
2022,DICIEMBRE,PASCO,MASCULINO,56 a mas,22
2022,DICIEMBRE,PIURA,FEMENINO,18 a 25,414
2022,DICIEMBRE,PIURA,FEMENINO,26 a 35,639
2022,DICIEMBRE,PIURA,FEMENINO,36 a 45,408
2022,DICIEMBRE,PIURA,FEMENINO,46 a 55,247
2022,DICIEMBRE,PIURA,FEMENINO,56 a mas,234
2022,DICIEMBRE,PIURA,MASCULINO,18 a 25,524
2022,DICIEMBRE,PIURA,MASCULINO,26 a 35,559
2022,DICIEMBRE,PIURA,MASCULINO,36 a 45,341
2022,DICIEMBRE,PIURA,MASCULINO,46 a 55,191
2022,DICIEMBRE,PIURA,MASCULINO,56 a mas,180
2022,DICIEMBRE,POLONIA,MASCULINO,36 a 45,1
2022,DICIEMBRE,PUNO,FEMENINO,18 a 25,150
2022,DICIEMBRE,PUNO,FEMENINO,26 a 35,182
2022,DICIEMBRE,PUNO,FEMENINO,36 a 45,92
2022,DICIEMBRE,PUNO,FEMENINO,46 a 55,77
2022,DICIEMBRE,PUNO,FEMENINO,56 a mas,53
2022,DICIEMBRE,PUNO,MASCULINO,18 a 25,306
2022,DICIEMBRE,PUNO,MASCULINO,26 a 35,382
2022,DICIEMBRE,PUNO,MASCULINO,36 a 45,237
2022,DICIEMBRE,PUNO,MASCULINO,46 a 55,114
2022,DICIEMBRE,PUNO,MASCULINO,56 a mas,88
2022,DICIEMBRE,REPUBLICA DE COREA,FEMENINO,36 a 45,1
2022,DICIEMBRE,REPUBLICA DE PANAMA,MASCULINO,26 a 35,1
2022,DICIEMBRE,REPUBLICA DE PANAMA,MASCULINO,56 a mas,1
2022,DICIEMBRE,REPUBLICA DOMINICANA,MASCULINO,36 a 45,1
2022,DICIEMBRE,RUSIA,MASCULINO,26 a 35,1
2022,DICIEMBRE,RUSIA,MASCULINO,36 a 45,1
2022,DICIEMBRE,RUSIA,MASCULINO,56 a mas,1
2022,DICIEMBRE,SAN MARTIN,FEMENINO,18 a 25,105
2022,DICIEMBRE,SAN MARTIN,FEMENINO,26 a 35,110
2022,DICIEMBRE,SAN MARTIN,FEMENINO,36 a 45,66
2022,DICIEMBRE,SAN MARTIN,FEMENINO,46 a 55,35
2022,DICIEMBRE,SAN MARTIN,FEMENINO,56 a mas,36
2022,DICIEMBRE,SAN MARTIN,MASCULINO,18 a 25,179
2022,DICIEMBRE,SAN MARTIN,MASCULINO,26 a 35,211
2022,DICIEMBRE,SAN MARTIN,MASCULINO,36 a 45,128
2022,DICIEMBRE,SAN MARTIN,MASCULINO,46 a 55,91
2022,DICIEMBRE,SAN MARTIN,MASCULINO,56 a mas,48
2022,DICIEMBRE,SUECIA,MASCULINO,26 a 35,1
2022,DICIEMBRE,SUIZA,FEMENINO,36 a 45,3
2022,DICIEMBRE,SUIZA,FEMENINO,56 a mas,1
2022,DICIEMBRE,SUIZA,MASCULINO,56 a mas,2
2022,DICIEMBRE,TACNA,FEMENINO,18 a 25,61
2022,DICIEMBRE,TACNA,FEMENINO,26 a 35,80
2022,DICIEMBRE,TACNA,FEMENINO,36 a 45,67
2022,DICIEMBRE,TACNA,FEMENINO,46 a 55,50
2022,DICIEMBRE,TACNA,FEMENINO,56 a mas,72
2022,DICIEMBRE,TACNA,MASCULINO,18 a 25,91
2022,DICIEMBRE,TACNA,MASCULINO,26 a 35,139
2022,DICIEMBRE,TACNA,MASCULINO,36 a 45,111
2022,DICIEMBRE,TACNA,MASCULINO,46 a 55,73
2022,DICIEMBRE,TACNA,MASCULINO,56 a mas,103
2022,DICIEMBRE,TAIWAN,FEMENINO,36 a 45,1
2022,DICIEMBRE,TUMBES,FEMENINO,18 a 25,46
2022,DICIEMBRE,TUMBES,FEMENINO,26 a 35,68
2022,DICIEMBRE,TUMBES,FEMENINO,36 a 45,57
2022,DICIEMBRE,TUMBES,FEMENINO,46 a 55,33
2022,DICIEMBRE,TUMBES,FEMENINO,56 a mas,25
2022,DICIEMBRE,TUMBES,MASCULINO,18 a 25,94
2022,DICIEMBRE,TUMBES,MASCULINO,26 a 35,126
2022,DICIEMBRE,TUMBES,MASCULINO,36 a 45,54
2022,DICIEMBRE,TUMBES,MASCULINO,46 a 55,37
2022,DICIEMBRE,TUMBES,MASCULINO,56 a mas,33
2022,DICIEMBRE,UCAYALI,FEMENINO,18 a 25,140
2022,DICIEMBRE,UCAYALI,FEMENINO,26 a 35,154
2022,DICIEMBRE,UCAYALI,FEMENINO,36 a 45,83
2022,DICIEMBRE,UCAYALI,FEMENINO,46 a 55,59
2022,DICIEMBRE,UCAYALI,FEMENINO,56 a mas,42
2022,DICIEMBRE,UCAYALI,MASCULINO,18 a 25,189
2022,DICIEMBRE,UCAYALI,MASCULINO,26 a 35,257
2022,DICIEMBRE,UCAYALI,MASCULINO,36 a 45,178
2022,DICIEMBRE,UCAYALI,MASCULINO,46 a 55,83
2022,DICIEMBRE,UCAYALI,MASCULINO,56 a mas,93
2022,DICIEMBRE,VENEZUELA,FEMENINO,46 a 55,1
2022,DICIEMBRE,VENEZUELA,FEMENINO,56 a mas,2
2022,DICIEMBRE,VENEZUELA,MASCULINO,18 a 25,1
2022,DICIEMBRE,VENEZUELA,MASCULINO,26 a 35,1
2022,DICIEMBRE,VENEZUELA,MASCULINO,36 a 45,1
2022,DICIEMBRE,VENEZUELA,MASCULINO,46 a 55,1
2022,DICIEMBRE,VENEZUELA,MASCULINO,56 a mas,1
2023,ENERO,ALEMANIA,FEMENINO,26 a 35,1
2023,ENERO,ALEMANIA,FEMENINO,36 a 45,2
2023,ENERO,ALEMANIA,FEMENINO,46 a 55,1
2023,ENERO,ALEMANIA,FEMENINO,56 a mas,1
2023,ENERO,ALEMANIA,MASCULINO,26 a 35,2
2023,ENERO,ALEMANIA,MASCULINO,36 a 45,1
2023,ENERO,ALEMANIA,MASCULINO,46 a 55,1
2023,ENERO,AMAZONAS,FEMENINO,18 a 25,44
2023,ENERO,AMAZONAS,FEMENINO,26 a 35,33
2023,ENERO,AMAZONAS,FEMENINO,36 a 45,22
2023,ENERO,AMAZONAS,FEMENINO,46 a 55,14
2023,ENERO,AMAZONAS,FEMENINO,56 a mas,14
2023,ENERO,AMAZONAS,MASCULINO,18 a 25,126
2023,ENERO,AMAZONAS,MASCULINO,26 a 35,105
2023,ENERO,AMAZONAS,MASCULINO,36 a 45,46
2023,ENERO,AMAZONAS,MASCULINO,46 a 55,32
2023,ENERO,AMAZONAS,MASCULINO,56 a mas,25
2023,ENERO,ANCASH,FEMENINO,18 a 25,184
2023,ENERO,ANCASH,FEMENINO,26 a 35,190
2023,ENERO,ANCASH,FEMENINO,36 a 45,118
2023,ENERO,ANCASH,FEMENINO,46 a 55,86
2023,ENERO,ANCASH,FEMENINO,56 a mas,121
2023,ENERO,ANCASH,MASCULINO,18 a 25,306
2023,ENERO,ANCASH,MASCULINO,26 a 35,395
2023,ENERO,ANCASH,MASCULINO,36 a 45,265
2023,ENERO,ANCASH,MASCULINO,46 a 55,161
2023,ENERO,ANCASH,MASCULINO,56 a mas,163
2023,ENERO,ANTILLAS HOLANDESAS,MASCULINO,36 a 45,1
2023,ENERO,ANTILLAS HOLANDESAS,MASCULINO,56 a mas,1
2023,ENERO,APURIMAC,FEMENINO,18 a 25,57
2023,ENERO,APURIMAC,FEMENINO,26 a 35,63
2023,ENERO,APURIMAC,FEMENINO,36 a 45,52
2023,ENERO,APURIMAC,FEMENINO,46 a 55,21
2023,ENERO,APURIMAC,FEMENINO,56 a mas,27
2023,ENERO,APURIMAC,MASCULINO,18 a 25,122
2023,ENERO,APURIMAC,MASCULINO,26 a 35,156
2023,ENERO,APURIMAC,MASCULINO,36 a 45,83
2023,ENERO,APURIMAC,MASCULINO,46 a 55,56
2023,ENERO,APURIMAC,MASCULINO,56 a mas,28
2023,ENERO,AREQUIPA,FEMENINO,18 a 25,226
2023,ENERO,AREQUIPA,FEMENINO,26 a 35,324
2023,ENERO,AREQUIPA,FEMENINO,36 a 45,200
2023,ENERO,AREQUIPA,FEMENINO,46 a 55,141
2023,ENERO,AREQUIPA,FEMENINO,56 a mas,138
2023,ENERO,AREQUIPA,MASCULINO,18 a 25,324
2023,ENERO,AREQUIPA,MASCULINO,26 a 35,599
2023,ENERO,AREQUIPA,MASCULINO,36 a 45,371
2023,ENERO,AREQUIPA,MASCULINO,46 a 55,245
2023,ENERO,AREQUIPA,MASCULINO,56 a mas,206
2023,ENERO,ARGENTINA,FEMENINO,18 a 25,5
2023,ENERO,ARGENTINA,FEMENINO,26 a 35,10
2023,ENERO,ARGENTINA,FEMENINO,36 a 45,17
2023,ENERO,ARGENTINA,FEMENINO,46 a 55,17
2023,ENERO,ARGENTINA,FEMENINO,56 a mas,12
2023,ENERO,ARGENTINA,MASCULINO,18 a 25,4
2023,ENERO,ARGENTINA,MASCULINO,26 a 35,21
2023,ENERO,ARGENTINA,MASCULINO,36 a 45,21
2023,ENERO,ARGENTINA,MASCULINO,46 a 55,11
2023,ENERO,ARGENTINA,MASCULINO,56 a mas,9
2023,ENERO,AUSTRALIA,FEMENINO,26 a 35,1
2023,ENERO,AUSTRALIA,FEMENINO,36 a 45,2
2023,ENERO,AUSTRALIA,FEMENINO,46 a 55,1
2023,ENERO,AUSTRALIA,MASCULINO,18 a 25,1
2023,ENERO,AUSTRALIA,MASCULINO,36 a 45,1
2023,ENERO,AUSTRIA,MASCULINO,26 a 35,1
2023,ENERO,AYACUCHO,FEMENINO,18 a 25,202
2023,ENERO,AYACUCHO,FEMENINO,26 a 35,160
2023,ENERO,AYACUCHO,FEMENINO,36 a 45,97
2023,ENERO,AYACUCHO,FEMENINO,46 a 55,44
2023,ENERO,AYACUCHO,FEMENINO,56 a mas,75
2023,ENERO,AYACUCHO,MASCULINO,18 a 25,296
2023,ENERO,AYACUCHO,MASCULINO,26 a 35,312
2023,ENERO,AYACUCHO,MASCULINO,36 a 45,166
2023,ENERO,AYACUCHO,MASCULINO,46 a 55,85
2023,ENERO,AYACUCHO,MASCULINO,56 a mas,77
2023,ENERO,BELGICA,FEMENINO,46 a 55,1
2023,ENERO,BELGICA,FEMENINO,56 a mas,3
2023,ENERO,BELGICA,MASCULINO,26 a 35,2
2023,ENERO,BELGICA,MASCULINO,36 a 45,1
2023,ENERO,BELGICA,MASCULINO,56 a mas,2
2023,ENERO,BOLIVIA,FEMENINO,36 a 45,1
2023,ENERO,BOLIVIA,MASCULINO,26 a 35,4
2023,ENERO,BOLIVIA,MASCULINO,36 a 45,2
2023,ENERO,BOLIVIA,MASCULINO,46 a 55,2
2023,ENERO,BOLIVIA,MASCULINO,56 a mas,3
2023,ENERO,BRASIL,FEMENINO,26 a 35,3
2023,ENERO,BRASIL,FEMENINO,36 a 45,4
2023,ENERO,BRASIL,FEMENINO,46 a 55,3
2023,ENERO,BRASIL,FEMENINO,56 a mas,1
2023,ENERO,BRASIL,MASCULINO,18 a 25,3
2023,ENERO,BRASIL,MASCULINO,26 a 35,2
2023,ENERO,BRASIL,MASCULINO,36 a 45,7
2023,ENERO,BRASIL,MASCULINO,46 a 55,4
2023,ENERO,BRASIL,MASCULINO,56 a mas,1
2023,ENERO,CAJAMARCA,FEMENINO,18 a 25,213
2023,ENERO,CAJAMARCA,FEMENINO,26 a 35,168
2023,ENERO,CAJAMARCA,FEMENINO,36 a 45,81
2023,ENERO,CAJAMARCA,FEMENINO,46 a 55,57
2023,ENERO,CAJAMARCA,FEMENINO,56 a mas,82
2023,ENERO,CAJAMARCA,MASCULINO,18 a 25,343
2023,ENERO,CAJAMARCA,MASCULINO,26 a 35,352
2023,ENERO,CAJAMARCA,MASCULINO,36 a 45,206
2023,ENERO,CAJAMARCA,MASCULINO,46 a 55,123
2023,ENERO,CAJAMARCA,MASCULINO,56 a mas,99
2023,ENERO,CALLAO,FEMENINO,18 a 25,387
2023,ENERO,CALLAO,FEMENINO,26 a 35,579
2023,ENERO,CALLAO,FEMENINO,36 a 45,351
2023,ENERO,CALLAO,FEMENINO,46 a 55,216
2023,ENERO,CALLAO,FEMENINO,56 a mas,211
2023,ENERO,CALLAO,MASCULINO,18 a 25,692
2023,ENERO,CALLAO,MASCULINO,26 a 35,851
2023,ENERO,CALLAO,MASCULINO,36 a 45,491
2023,ENERO,CALLAO,MASCULINO,46 a 55,324
2023,ENERO,CALLAO,MASCULINO,56 a mas,267
2023,ENERO,CANADA,FEMENINO,36 a 45,2
2023,ENERO,CANADA,FEMENINO,46 a 55,5
2023,ENERO,CANADA,FEMENINO,56 a mas,8
2023,ENERO,CANADA,MASCULINO,26 a 35,3
2023,ENERO,CANADA,MASCULINO,36 a 45,3
2023,ENERO,CANADA,MASCULINO,46 a 55,1
2023,ENERO,CANADA,MASCULINO,56 a mas,3
2023,ENERO,CHILE,FEMENINO,18 a 25,1
2023,ENERO,CHILE,FEMENINO,26 a 35,14
2023,ENERO,CHILE,FEMENINO,36 a 45,16
2023,ENERO,CHILE,FEMENINO,46 a 55,20
2023,ENERO,CHILE,FEMENINO,56 a mas,9
2023,ENERO,CHILE,MASCULINO,18 a 25,6
2023,ENERO,CHILE,MASCULINO,26 a 35,23
2023,ENERO,CHILE,MASCULINO,36 a 45,24
2023,ENERO,CHILE,MASCULINO,46 a 55,18
2023,ENERO,CHILE,MASCULINO,56 a mas,9
2023,ENERO,COLOMBIA,FEMENINO,26 a 35,1
2023,ENERO,COLOMBIA,FEMENINO,36 a 45,1
2023,ENERO,COLOMBIA,MASCULINO,36 a 45,1
2023,ENERO,COLOMBIA,MASCULINO,46 a 55,2
2023,ENERO,COSTA RICA,FEMENINO,26 a 35,1
2023,ENERO,COSTA RICA,MASCULINO,56 a mas,1
2023,ENERO,CUSCO,FEMENINO,18 a 25,326
2023,ENERO,CUSCO,FEMENINO,26 a 35,332
2023,ENERO,CUSCO,FEMENINO,36 a 45,195
2023,ENERO,CUSCO,FEMENINO,46 a 55,164
2023,ENERO,CUSCO,FEMENINO,56 a mas,151
2023,ENERO,CUSCO,MASCULINO,18 a 25,558
2023,ENERO,CUSCO,MASCULINO,26 a 35,630
2023,ENERO,CUSCO,MASCULINO,36 a 45,354
2023,ENERO,CUSCO,MASCULINO,46 a 55,204
2023,ENERO,CUSCO,MASCULINO,56 a mas,146
2023,ENERO,DINAMARCA,FEMENINO,36 a 45,1
2023,ENERO,DINAMARCA,MASCULINO,26 a 35,1
2023,ENERO,ECUADOR,FEMENINO,46 a 55,1
2023,ENERO,ECUADOR,MASCULINO,26 a 35,1
2023,ENERO,ECUADOR,MASCULINO,36 a 45,1
2023,ENERO,ESPAÑA,FEMENINO,18 a 25,3
2023,ENERO,ESPAÑA,FEMENINO,26 a 35,4
2023,ENERO,ESPAÑA,FEMENINO,36 a 45,22
2023,ENERO,ESPAÑA,FEMENINO,46 a 55,25
2023,ENERO,ESPAÑA,FEMENINO,56 a mas,17
2023,ENERO,ESPAÑA,MASCULINO,18 a 25,4
2023,ENERO,ESPAÑA,MASCULINO,26 a 35,8
2023,ENERO,ESPAÑA,MASCULINO,36 a 45,16
2023,ENERO,ESPAÑA,MASCULINO,46 a 55,22
2023,ENERO,ESPAÑA,MASCULINO,56 a mas,20
2023,ENERO,ESTADOS UNIDOS DE AMERICA,FEMENINO,18 a 25,4
2023,ENERO,ESTADOS UNIDOS DE AMERICA,FEMENINO,26 a 35,8
2023,ENERO,ESTADOS UNIDOS DE AMERICA,FEMENINO,36 a 45,32
2023,ENERO,ESTADOS UNIDOS DE AMERICA,FEMENINO,46 a 55,41
2023,ENERO,ESTADOS UNIDOS DE AMERICA,FEMENINO,56 a mas,63
2023,ENERO,ESTADOS UNIDOS DE AMERICA,MASCULINO,18 a 25,4
2023,ENERO,ESTADOS UNIDOS DE AMERICA,MASCULINO,26 a 35,20
2023,ENERO,ESTADOS UNIDOS DE AMERICA,MASCULINO,36 a 45,31
2023,ENERO,ESTADOS UNIDOS DE AMERICA,MASCULINO,46 a 55,40
2023,ENERO,ESTADOS UNIDOS DE AMERICA,MASCULINO,56 a mas,83
2023,ENERO,FINLANDIA,FEMENINO,46 a 55,1
2023,ENERO,FRANCIA,FEMENINO,26 a 35,1
2023,ENERO,FRANCIA,FEMENINO,36 a 45,2
2023,ENERO,FRANCIA,FEMENINO,46 a 55,3
2023,ENERO,FRANCIA,FEMENINO,56 a mas,2
2023,ENERO,FRANCIA,MASCULINO,26 a 35,1
2023,ENERO,FRANCIA,MASCULINO,36 a 45,2
2023,ENERO,FRANCIA,MASCULINO,46 a 55,3
2023,ENERO,FRANCIA,MASCULINO,56 a mas,1
2023,ENERO,GRAN BRETAÑA,FEMENINO,26 a 35,1
2023,ENERO,GRAN BRETAÑA,FEMENINO,36 a 45,1
2023,ENERO,GRAN BRETAÑA,FEMENINO,46 a 55,1
2023,ENERO,GRAN BRETAÑA,MASCULINO,36 a 45,1
2023,ENERO,GRAN DUCADO DE LUXEMBURGO,FEMENINO,56 a mas,1
2023,ENERO,GUATEMALA,MASCULINO,36 a 45,2
2023,ENERO,HOLANDA,FEMENINO,46 a 55,1
2023,ENERO,HUANCAVELICA,FEMENINO,18 a 25,137
2023,ENERO,HUANCAVELICA,FEMENINO,26 a 35,77
2023,ENERO,HUANCAVELICA,FEMENINO,36 a 45,41
2023,ENERO,HUANCAVELICA,FEMENINO,46 a 55,18
2023,ENERO,HUANCAVELICA,FEMENINO,56 a mas,28
2023,ENERO,HUANCAVELICA,MASCULINO,18 a 25,288
2023,ENERO,HUANCAVELICA,MASCULINO,26 a 35,199
2023,ENERO,HUANCAVELICA,MASCULINO,36 a 45,84
2023,ENERO,HUANCAVELICA,MASCULINO,46 a 55,51
2023,ENERO,HUANCAVELICA,MASCULINO,56 a mas,39
2023,ENERO,HUANUCO,FEMENINO,18 a 25,174
2023,ENERO,HUANUCO,FEMENINO,26 a 35,152
2023,ENERO,HUANUCO,FEMENINO,36 a 45,80
2023,ENERO,HUANUCO,FEMENINO,46 a 55,44
2023,ENERO,HUANUCO,FEMENINO,56 a mas,61
2023,ENERO,HUANUCO,MASCULINO,18 a 25,320
2023,ENERO,HUANUCO,MASCULINO,26 a 35,294
2023,ENERO,HUANUCO,MASCULINO,36 a 45,206
2023,ENERO,HUANUCO,MASCULINO,46 a 55,115
2023,ENERO,HUANUCO,MASCULINO,56 a mas,101
2023,ENERO,ICA,FEMENINO,18 a 25,262
2023,ENERO,ICA,FEMENINO,26 a 35,252
2023,ENERO,ICA,FEMENINO,36 a 45,159
2023,ENERO,ICA,FEMENINO,46 a 55,115
2023,ENERO,ICA,FEMENINO,56 a mas,103
2023,ENERO,ICA,MASCULINO,18 a 25,531
2023,ENERO,ICA,MASCULINO,26 a 35,676
2023,ENERO,ICA,MASCULINO,36 a 45,395
2023,ENERO,ICA,MASCULINO,46 a 55,235
2023,ENERO,ICA,MASCULINO,56 a mas,162
2023,ENERO,ITALIA,FEMENINO,18 a 25,4
2023,ENERO,ITALIA,FEMENINO,26 a 35,9
2023,ENERO,ITALIA,FEMENINO,36 a 45,16
2023,ENERO,ITALIA,FEMENINO,46 a 55,25
2023,ENERO,ITALIA,FEMENINO,56 a mas,23
2023,ENERO,ITALIA,MASCULINO,26 a 35,4
2023,ENERO,ITALIA,MASCULINO,36 a 45,16
2023,ENERO,ITALIA,MASCULINO,46 a 55,16
2023,ENERO,ITALIA,MASCULINO,56 a mas,14
2023,ENERO,JAPON,FEMENINO,36 a 45,2
2023,ENERO,JAPON,FEMENINO,46 a 55,1
2023,ENERO,JAPON,FEMENINO,56 a mas,2
2023,ENERO,JAPON,MASCULINO,26 a 35,2
2023,ENERO,JAPON,MASCULINO,36 a 45,3
2023,ENERO,JAPON,MASCULINO,56 a mas,5
2023,ENERO,JUNIN,FEMENINO,18 a 25,308
2023,ENERO,JUNIN,FEMENINO,26 a 35,322
2023,ENERO,JUNIN,FEMENINO,36 a 45,203
2023,ENERO,JUNIN,FEMENINO,46 a 55,134
2023,ENERO,JUNIN,FEMENINO,56 a mas,165
2023,ENERO,JUNIN,MASCULINO,18 a 25,521
2023,ENERO,JUNIN,MASCULINO,26 a 35,662
2023,ENERO,JUNIN,MASCULINO,36 a 45,424
2023,ENERO,JUNIN,MASCULINO,46 a 55,219
2023,ENERO,JUNIN,MASCULINO,56 a mas,208
2023,ENERO,LA LIBERTAD,FEMENINO,18 a 25,379
2023,ENERO,LA LIBERTAD,FEMENINO,26 a 35,414
2023,ENERO,LA LIBERTAD,FEMENINO,36 a 45,247
2023,ENERO,LA LIBERTAD,FEMENINO,46 a 55,153
2023,ENERO,LA LIBERTAD,FEMENINO,56 a mas,182
2023,ENERO,LA LIBERTAD,MASCULINO,18 a 25,620
2023,ENERO,LA LIBERTAD,MASCULINO,26 a 35,738
2023,ENERO,LA LIBERTAD,MASCULINO,36 a 45,465
2023,ENERO,LA LIBERTAD,MASCULINO,46 a 55,262
2023,ENERO,LA LIBERTAD,MASCULINO,56 a mas,251
2023,ENERO,LAMBAYEQUE,FEMENINO,18 a 25,333
2023,ENERO,LAMBAYEQUE,FEMENINO,26 a 35,367
2023,ENERO,LAMBAYEQUE,FEMENINO,36 a 45,233
2023,ENERO,LAMBAYEQUE,FEMENINO,46 a 55,173
2023,ENERO,LAMBAYEQUE,FEMENINO,56 a mas,160
2023,ENERO,LAMBAYEQUE,MASCULINO,18 a 25,665
2023,ENERO,LAMBAYEQUE,MASCULINO,26 a 35,656
2023,ENERO,LAMBAYEQUE,MASCULINO,36 a 45,390
2023,ENERO,LAMBAYEQUE,MASCULINO,46 a 55,236
2023,ENERO,LAMBAYEQUE,MASCULINO,56 a mas,205
2023,ENERO,LIMA,FEMENINO,18 a 25,2804
2023,ENERO,LIMA,FEMENINO,26 a 35,3776
2023,ENERO,LIMA,FEMENINO,36 a 45,2289
2023,ENERO,LIMA,FEMENINO,46 a 55,1644
2023,ENERO,LIMA,FEMENINO,56 a mas,1869
2023,ENERO,LIMA,MASCULINO,18 a 25,4599
2023,ENERO,LIMA,MASCULINO,26 a 35,6376
2023,ENERO,LIMA,MASCULINO,36 a 45,4525
2023,ENERO,LIMA,MASCULINO,46 a 55,2589
2023,ENERO,LIMA,MASCULINO,56 a mas,2356
2023,ENERO,LORETO,FEMENINO,18 a 25,240
2023,ENERO,LORETO,FEMENINO,26 a 35,245
2023,ENERO,LORETO,FEMENINO,36 a 45,161
2023,ENERO,LORETO,FEMENINO,46 a 55,103
2023,ENERO,LORETO,FEMENINO,56 a mas,116
2023,ENERO,LORETO,MASCULINO,18 a 25,515
2023,ENERO,LORETO,MASCULINO,26 a 35,535
2023,ENERO,LORETO,MASCULINO,36 a 45,333
2023,ENERO,LORETO,MASCULINO,46 a 55,182
2023,ENERO,LORETO,MASCULINO,56 a mas,125
2023,ENERO,MADRE DE DIOS,FEMENINO,18 a 25,71
2023,ENERO,MADRE DE DIOS,FEMENINO,26 a 35,86
2023,ENERO,MADRE DE DIOS,FEMENINO,36 a 45,64
2023,ENERO,MADRE DE DIOS,FEMENINO,46 a 55,29
2023,ENERO,MADRE DE DIOS,FEMENINO,56 a mas,24
2023,ENERO,MADRE DE DIOS,MASCULINO,18 a 25,101
2023,ENERO,MADRE DE DIOS,MASCULINO,26 a 35,129
2023,ENERO,MADRE DE DIOS,MASCULINO,36 a 45,114
2023,ENERO,MADRE DE DIOS,MASCULINO,46 a 55,53
2023,ENERO,MADRE DE DIOS,MASCULINO,56 a mas,49
2023,ENERO,MEXICO,FEMENINO,36 a 45,1
2023,ENERO,MEXICO,FEMENINO,46 a 55,4
2023,ENERO,MEXICO,FEMENINO,56 a mas,2
2023,ENERO,MEXICO,MASCULINO,18 a 25,1
2023,ENERO,MEXICO,MASCULINO,36 a 45,1
2023,ENERO,MEXICO,MASCULINO,46 a 55,3
2023,ENERO,MEXICO,MASCULINO,56 a mas,2
2023,ENERO,MOQUEGUA,FEMENINO,18 a 25,44
2023,ENERO,MOQUEGUA,FEMENINO,26 a 35,36
2023,ENERO,MOQUEGUA,FEMENINO,36 a 45,34
2023,ENERO,MOQUEGUA,FEMENINO,46 a 55,15
2023,ENERO,MOQUEGUA,FEMENINO,56 a mas,22
2023,ENERO,MOQUEGUA,MASCULINO,18 a 25,56
2023,ENERO,MOQUEGUA,MASCULINO,26 a 35,72
2023,ENERO,MOQUEGUA,MASCULINO,36 a 45,58
2023,ENERO,MOQUEGUA,MASCULINO,46 a 55,32
2023,ENERO,MOQUEGUA,MASCULINO,56 a mas,31
2023,ENERO,PASCO,FEMENINO,18 a 25,32
2023,ENERO,PASCO,FEMENINO,26 a 35,41
2023,ENERO,PASCO,FEMENINO,36 a 45,30
2023,ENERO,PASCO,FEMENINO,46 a 55,15
2023,ENERO,PASCO,FEMENINO,56 a mas,19
2023,ENERO,PASCO,MASCULINO,18 a 25,94
2023,ENERO,PASCO,MASCULINO,26 a 35,124
2023,ENERO,PASCO,MASCULINO,36 a 45,85
2023,ENERO,PASCO,MASCULINO,46 a 55,50
2023,ENERO,PASCO,MASCULINO,56 a mas,29
2023,ENERO,PIURA,FEMENINO,18 a 25,534
2023,ENERO,PIURA,FEMENINO,26 a 35,709
2023,ENERO,PIURA,FEMENINO,36 a 45,483
2023,ENERO,PIURA,FEMENINO,46 a 55,304
2023,ENERO,PIURA,FEMENINO,56 a mas,253
2023,ENERO,PIURA,MASCULINO,18 a 25,667
2023,ENERO,PIURA,MASCULINO,26 a 35,755
2023,ENERO,PIURA,MASCULINO,36 a 45,474
2023,ENERO,PIURA,MASCULINO,46 a 55,285
2023,ENERO,PIURA,MASCULINO,56 a mas,220
2023,ENERO,PUERTO RICO,MASCULINO,46 a 55,1
2023,ENERO,PUNO,FEMENINO,0 a 17,1
2023,ENERO,PUNO,FEMENINO,18 a 25,115
2023,ENERO,PUNO,FEMENINO,26 a 35,120
2023,ENERO,PUNO,FEMENINO,36 a 45,40
2023,ENERO,PUNO,FEMENINO,46 a 55,46
2023,ENERO,PUNO,FEMENINO,56 a mas,42
2023,ENERO,PUNO,MASCULINO,18 a 25,204
2023,ENERO,PUNO,MASCULINO,26 a 35,257
2023,ENERO,PUNO,MASCULINO,36 a 45,156
2023,ENERO,PUNO,MASCULINO,46 a 55,90
2023,ENERO,PUNO,MASCULINO,56 a mas,70
2023,ENERO,REPUBLICA CHECA,MASCULINO,36 a 45,1
2023,ENERO,REPUBLICA DE PANAMA,FEMENINO,56 a mas,1
2023,ENERO,REPUBLICA DE PANAMA,MASCULINO,36 a 45,1
2023,ENERO,REPUBLICA DE PANAMA,MASCULINO,46 a 55,1
2023,ENERO,REPUBLICA DE PANAMA,MASCULINO,56 a mas,1
2023,ENERO,SAN MARTIN,FEMENINO,18 a 25,96
2023,ENERO,SAN MARTIN,FEMENINO,26 a 35,113
2023,ENERO,SAN MARTIN,FEMENINO,36 a 45,60
2023,ENERO,SAN MARTIN,FEMENINO,46 a 55,55
2023,ENERO,SAN MARTIN,FEMENINO,56 a mas,43
2023,ENERO,SAN MARTIN,MASCULINO,18 a 25,220
2023,ENERO,SAN MARTIN,MASCULINO,26 a 35,220
2023,ENERO,SAN MARTIN,MASCULINO,36 a 45,120
2023,ENERO,SAN MARTIN,MASCULINO,46 a 55,50
2023,ENERO,SAN MARTIN,MASCULINO,56 a mas,61
2023,ENERO,SUECIA,FEMENINO,46 a 55,1
2023,ENERO,SUECIA,FEMENINO,56 a mas,3
2023,ENERO,SUECIA,MASCULINO,36 a 45,1
2023,ENERO,SUECIA,MASCULINO,46 a 55,1
2023,ENERO,SUECIA,MASCULINO,56 a mas,1
2023,ENERO,SUIZA,FEMENINO,26 a 35,2
2023,ENERO,SUIZA,FEMENINO,36 a 45,3
2023,ENERO,SUIZA,FEMENINO,46 a 55,2
2023,ENERO,SUIZA,FEMENINO,56 a mas,2
2023,ENERO,SUIZA,MASCULINO,18 a 25,1
2023,ENERO,SUIZA,MASCULINO,36 a 45,2
2023,ENERO,SUIZA,MASCULINO,46 a 55,2
2023,ENERO,SUIZA,MASCULINO,56 a mas,1
2023,ENERO,TACNA,FEMENINO,18 a 25,47
2023,ENERO,TACNA,FEMENINO,26 a 35,88
2023,ENERO,TACNA,FEMENINO,36 a 45,46
2023,ENERO,TACNA,FEMENINO,46 a 55,45
2023,ENERO,TACNA,FEMENINO,56 a mas,74
2023,ENERO,TACNA,MASCULINO,18 a 25,70
2023,ENERO,TACNA,MASCULINO,26 a 35,131
2023,ENERO,TACNA,MASCULINO,36 a 45,108
2023,ENERO,TACNA,MASCULINO,46 a 55,64
2023,ENERO,TACNA,MASCULINO,56 a mas,102
2023,ENERO,TUMBES,FEMENINO,18 a 25,63
2023,ENERO,TUMBES,FEMENINO,26 a 35,92
2023,ENERO,TUMBES,FEMENINO,36 a 45,53
2023,ENERO,TUMBES,FEMENINO,46 a 55,33
2023,ENERO,TUMBES,FEMENINO,56 a mas,29
2023,ENERO,TUMBES,MASCULINO,18 a 25,149
2023,ENERO,TUMBES,MASCULINO,26 a 35,174
2023,ENERO,TUMBES,MASCULINO,36 a 45,87
2023,ENERO,TUMBES,MASCULINO,46 a 55,64
2023,ENERO,TUMBES,MASCULINO,56 a mas,54
2023,ENERO,UCAYALI,FEMENINO,18 a 25,156
2023,ENERO,UCAYALI,FEMENINO,26 a 35,172
2023,ENERO,UCAYALI,FEMENINO,36 a 45,85
2023,ENERO,UCAYALI,FEMENINO,46 a 55,68
2023,ENERO,UCAYALI,FEMENINO,56 a mas,57
2023,ENERO,UCAYALI,MASCULINO,18 a 25,229
2023,ENERO,UCAYALI,MASCULINO,26 a 35,305
2023,ENERO,UCAYALI,MASCULINO,36 a 45,179
2023,ENERO,UCAYALI,MASCULINO,46 a 55,108
2023,ENERO,UCAYALI,MASCULINO,56 a mas,92
2023,ENERO,UCRANIA,MASCULINO,18 a 25,1
2023,ENERO,URUGUAY,FEMENINO,36 a 45,2
2023,ENERO,URUGUAY,FEMENINO,46 a 55,3
2023,ENERO,URUGUAY,FEMENINO,56 a mas,1
2023,ENERO,URUGUAY,MASCULINO,56 a mas,1
2023,ENERO,VENEZUELA,FEMENINO,18 a 25,1
2023,ENERO,VENEZUELA,FEMENINO,36 a 45,1
2023,ENERO,VENEZUELA,FEMENINO,46 a 55,2
2023,ENERO,VENEZUELA,FEMENINO,56 a mas,3
2023,ENERO,VENEZUELA,MASCULINO,18 a 25,1
2023,ENERO,VENEZUELA,MASCULINO,26 a 35,1
2023,ENERO,VENEZUELA,MASCULINO,36 a 45,1
2023,ENERO,VENEZUELA,MASCULINO,46 a 55,1
2023,ENERO,VENEZUELA,MASCULINO,56 a mas,5
2023,ENERO,VIETNAM,MASCULINO,36 a 45,1
2023,FEBRERO,ALEMANIA,FEMENINO,36 a 45,2
2023,FEBRERO,ALEMANIA,FEMENINO,46 a 55,2
2023,FEBRERO,ALEMANIA,FEMENINO,56 a mas,1
2023,FEBRERO,ALEMANIA,MASCULINO,36 a 45,3
2023,FEBRERO,ALEMANIA,MASCULINO,46 a 55,2
2023,FEBRERO,ALEMANIA,MASCULINO,56 a mas,4
2023,FEBRERO,AMAZONAS,FEMENINO,18 a 25,60
2023,FEBRERO,AMAZONAS,FEMENINO,26 a 35,57
2023,FEBRERO,AMAZONAS,FEMENINO,36 a 45,25
2023,FEBRERO,AMAZONAS,FEMENINO,46 a 55,16
2023,FEBRERO,AMAZONAS,FEMENINO,56 a mas,14
2023,FEBRERO,AMAZONAS,MASCULINO,18 a 25,158
2023,FEBRERO,AMAZONAS,MASCULINO,26 a 35,94
2023,FEBRERO,AMAZONAS,MASCULINO,36 a 45,66
2023,FEBRERO,AMAZONAS,MASCULINO,46 a 55,44
2023,FEBRERO,AMAZONAS,MASCULINO,56 a mas,35
2023,FEBRERO,ANCASH,FEMENINO,18 a 25,151
2023,FEBRERO,ANCASH,FEMENINO,26 a 35,167
2023,FEBRERO,ANCASH,FEMENINO,36 a 45,129
2023,FEBRERO,ANCASH,FEMENINO,46 a 55,75
2023,FEBRERO,ANCASH,FEMENINO,56 a mas,117
2023,FEBRERO,ANCASH,MASCULINO,18 a 25,255
2023,FEBRERO,ANCASH,MASCULINO,26 a 35,349
2023,FEBRERO,ANCASH,MASCULINO,36 a 45,198
2023,FEBRERO,ANCASH,MASCULINO,46 a 55,157
2023,FEBRERO,ANCASH,MASCULINO,56 a mas,150
2023,FEBRERO,ANTILLAS HOLANDESAS,FEMENINO,46 a 55,1
2023,FEBRERO,APURIMAC,FEMENINO,18 a 25,82
2023,FEBRERO,APURIMAC,FEMENINO,26 a 35,78
2023,FEBRERO,APURIMAC,FEMENINO,36 a 45,48
2023,FEBRERO,APURIMAC,FEMENINO,46 a 55,42
2023,FEBRERO,APURIMAC,FEMENINO,56 a mas,41
2023,FEBRERO,APURIMAC,MASCULINO,18 a 25,188
2023,FEBRERO,APURIMAC,MASCULINO,26 a 35,202
2023,FEBRERO,APURIMAC,MASCULINO,36 a 45,105
2023,FEBRERO,APURIMAC,MASCULINO,46 a 55,59
2023,FEBRERO,APURIMAC,MASCULINO,56 a mas,59
2023,FEBRERO,AREQUIPA,FEMENINO,18 a 25,243
2023,FEBRERO,AREQUIPA,FEMENINO,26 a 35,330
2023,FEBRERO,AREQUIPA,FEMENINO,36 a 45,176
2023,FEBRERO,AREQUIPA,FEMENINO,46 a 55,114
2023,FEBRERO,AREQUIPA,FEMENINO,56 a mas,159
2023,FEBRERO,AREQUIPA,MASCULINO,18 a 25,384
2023,FEBRERO,AREQUIPA,MASCULINO,26 a 35,628
2023,FEBRERO,AREQUIPA,MASCULINO,36 a 45,386
2023,FEBRERO,AREQUIPA,MASCULINO,46 a 55,204
2023,FEBRERO,AREQUIPA,MASCULINO,56 a mas,161
2023,FEBRERO,ARGENTINA,FEMENINO,18 a 25,2
2023,FEBRERO,ARGENTINA,FEMENINO,26 a 35,8
2023,FEBRERO,ARGENTINA,FEMENINO,36 a 45,9
2023,FEBRERO,ARGENTINA,FEMENINO,46 a 55,12
2023,FEBRERO,ARGENTINA,FEMENINO,56 a mas,12
2023,FEBRERO,ARGENTINA,MASCULINO,18 a 25,5
2023,FEBRERO,ARGENTINA,MASCULINO,26 a 35,10
2023,FEBRERO,ARGENTINA,MASCULINO,36 a 45,17
2023,FEBRERO,ARGENTINA,MASCULINO,46 a 55,11
2023,FEBRERO,ARGENTINA,MASCULINO,56 a mas,9
2023,FEBRERO,AUSTRALIA,FEMENINO,36 a 45,2
2023,FEBRERO,AUSTRALIA,MASCULINO,36 a 45,2
2023,FEBRERO,AUSTRALIA,MASCULINO,46 a 55,1
2023,FEBRERO,AUSTRALIA,MASCULINO,56 a mas,1
2023,FEBRERO,AUSTRIA,FEMENINO,26 a 35,2
2023,FEBRERO,AUSTRIA,MASCULINO,18 a 25,1
2023,FEBRERO,AYACUCHO,FEMENINO,18 a 25,188
2023,FEBRERO,AYACUCHO,FEMENINO,26 a 35,188
2023,FEBRERO,AYACUCHO,FEMENINO,36 a 45,114
2023,FEBRERO,AYACUCHO,FEMENINO,46 a 55,54
2023,FEBRERO,AYACUCHO,FEMENINO,56 a mas,64
2023,FEBRERO,AYACUCHO,MASCULINO,18 a 25,287
2023,FEBRERO,AYACUCHO,MASCULINO,26 a 35,320
2023,FEBRERO,AYACUCHO,MASCULINO,36 a 45,158
2023,FEBRERO,AYACUCHO,MASCULINO,46 a 55,84
2023,FEBRERO,AYACUCHO,MASCULINO,56 a mas,77
2023,FEBRERO,BELGICA,FEMENINO,26 a 35,2
2023,FEBRERO,BELGICA,MASCULINO,36 a 45,2
2023,FEBRERO,BOLIVIA,MASCULINO,46 a 55,1
2023,FEBRERO,BOLIVIA,MASCULINO,56 a mas,1
2023,FEBRERO,BRASIL,FEMENINO,18 a 25,1
2023,FEBRERO,BRASIL,FEMENINO,26 a 35,2
2023,FEBRERO,BRASIL,FEMENINO,36 a 45,1
2023,FEBRERO,BRASIL,FEMENINO,46 a 55,1
2023,FEBRERO,BRASIL,FEMENINO,56 a mas,1
2023,FEBRERO,BRASIL,MASCULINO,36 a 45,3
2023,FEBRERO,BRASIL,MASCULINO,46 a 55,4
2023,FEBRERO,BRASIL,MASCULINO,56 a mas,4
2023,FEBRERO,BULGARIA,FEMENINO,46 a 55,1
2023,FEBRERO,CAJAMARCA,FEMENINO,18 a 25,168
2023,FEBRERO,CAJAMARCA,FEMENINO,26 a 35,139
2023,FEBRERO,CAJAMARCA,FEMENINO,36 a 45,67
2023,FEBRERO,CAJAMARCA,FEMENINO,46 a 55,55
2023,FEBRERO,CAJAMARCA,FEMENINO,56 a mas,73
2023,FEBRERO,CAJAMARCA,MASCULINO,18 a 25,282
2023,FEBRERO,CAJAMARCA,MASCULINO,26 a 35,306
2023,FEBRERO,CAJAMARCA,MASCULINO,36 a 45,166
2023,FEBRERO,CAJAMARCA,MASCULINO,46 a 55,90
2023,FEBRERO,CAJAMARCA,MASCULINO,56 a mas,83
2023,FEBRERO,CALLAO,FEMENINO,18 a 25,379
2023,FEBRERO,CALLAO,FEMENINO,26 a 35,514
2023,FEBRERO,CALLAO,FEMENINO,36 a 45,325
2023,FEBRERO,CALLAO,FEMENINO,46 a 55,255
2023,FEBRERO,CALLAO,FEMENINO,56 a mas,251
2023,FEBRERO,CALLAO,MASCULINO,18 a 25,615
2023,FEBRERO,CALLAO,MASCULINO,26 a 35,726
2023,FEBRERO,CALLAO,MASCULINO,36 a 45,544
2023,FEBRERO,CALLAO,MASCULINO,46 a 55,334
2023,FEBRERO,CALLAO,MASCULINO,56 a mas,322
2023,FEBRERO,CANADA,FEMENINO,26 a 35,1
2023,FEBRERO,CANADA,FEMENINO,46 a 55,3
2023,FEBRERO,CANADA,FEMENINO,56 a mas,6
2023,FEBRERO,CANADA,MASCULINO,18 a 25,1
2023,FEBRERO,CANADA,MASCULINO,26 a 35,1
2023,FEBRERO,CANADA,MASCULINO,46 a 55,4
2023,FEBRERO,CANADA,MASCULINO,56 a mas,2
2023,FEBRERO,CHILE,FEMENINO,26 a 35,7
2023,FEBRERO,CHILE,FEMENINO,36 a 45,10
2023,FEBRERO,CHILE,FEMENINO,46 a 55,11
2023,FEBRERO,CHILE,FEMENINO,56 a mas,5
2023,FEBRERO,CHILE,MASCULINO,26 a 35,19
2023,FEBRERO,CHILE,MASCULINO,36 a 45,22
2023,FEBRERO,CHILE,MASCULINO,46 a 55,15
2023,FEBRERO,CHILE,MASCULINO,56 a mas,6
2023,FEBRERO,COLOMBIA,FEMENINO,56 a mas,1
2023,FEBRERO,COLOMBIA,MASCULINO,46 a 55,3
2023,FEBRERO,COLOMBIA,MASCULINO,56 a mas,1
2023,FEBRERO,COSTA RICA,MASCULINO,36 a 45,1
2023,FEBRERO,CUSCO,FEMENINO,18 a 25,309
2023,FEBRERO,CUSCO,FEMENINO,26 a 35,337
2023,FEBRERO,CUSCO,FEMENINO,36 a 45,170
2023,FEBRERO,CUSCO,FEMENINO,46 a 55,125
2023,FEBRERO,CUSCO,FEMENINO,56 a mas,130
2023,FEBRERO,CUSCO,MASCULINO,18 a 25,581
2023,FEBRERO,CUSCO,MASCULINO,26 a 35,715
2023,FEBRERO,CUSCO,MASCULINO,36 a 45,392
2023,FEBRERO,CUSCO,MASCULINO,46 a 55,218
2023,FEBRERO,CUSCO,MASCULINO,56 a mas,164
2023,FEBRERO,ECUADOR,FEMENINO,46 a 55,1
2023,FEBRERO,ECUADOR,FEMENINO,56 a mas,1
2023,FEBRERO,ECUADOR,MASCULINO,26 a 35,1
2023,FEBRERO,ESPAÑA,FEMENINO,18 a 25,5
2023,FEBRERO,ESPAÑA,FEMENINO,26 a 35,9
2023,FEBRERO,ESPAÑA,FEMENINO,36 a 45,11
2023,FEBRERO,ESPAÑA,FEMENINO,46 a 55,23
2023,FEBRERO,ESPAÑA,FEMENINO,56 a mas,21
2023,FEBRERO,ESPAÑA,MASCULINO,18 a 25,1
2023,FEBRERO,ESPAÑA,MASCULINO,26 a 35,10
2023,FEBRERO,ESPAÑA,MASCULINO,36 a 45,16
2023,FEBRERO,ESPAÑA,MASCULINO,46 a 55,19
2023,FEBRERO,ESPAÑA,MASCULINO,56 a mas,16
2023,FEBRERO,ESTADOS UNIDOS DE AMERICA,FEMENINO,18 a 25,2
2023,FEBRERO,ESTADOS UNIDOS DE AMERICA,FEMENINO,26 a 35,6
2023,FEBRERO,ESTADOS UNIDOS DE AMERICA,FEMENINO,36 a 45,21
2023,FEBRERO,ESTADOS UNIDOS DE AMERICA,FEMENINO,46 a 55,35
2023,FEBRERO,ESTADOS UNIDOS DE AMERICA,FEMENINO,56 a mas,50
2023,FEBRERO,ESTADOS UNIDOS DE AMERICA,MASCULINO,18 a 25,9
2023,FEBRERO,ESTADOS UNIDOS DE AMERICA,MASCULINO,26 a 35,19
2023,FEBRERO,ESTADOS UNIDOS DE AMERICA,MASCULINO,36 a 45,22
2023,FEBRERO,ESTADOS UNIDOS DE AMERICA,MASCULINO,46 a 55,31
2023,FEBRERO,ESTADOS UNIDOS DE AMERICA,MASCULINO,56 a mas,68
2023,FEBRERO,FRANCIA,FEMENINO,26 a 35,1
2023,FEBRERO,FRANCIA,FEMENINO,36 a 45,1
2023,FEBRERO,FRANCIA,FEMENINO,46 a 55,3
2023,FEBRERO,FRANCIA,FEMENINO,56 a mas,3
2023,FEBRERO,FRANCIA,MASCULINO,36 a 45,1
2023,FEBRERO,FRANCIA,MASCULINO,56 a mas,1
2023,FEBRERO,GRAN BRETAÑA,FEMENINO,56 a mas,1
2023,FEBRERO,GRAN BRETAÑA,MASCULINO,18 a 25,1
2023,FEBRERO,GRAN BRETAÑA,MASCULINO,46 a 55,1
2023,FEBRERO,GRECIA,MASCULINO,46 a 55,1
2023,FEBRERO,HOLANDA,MASCULINO,26 a 35,1
2023,FEBRERO,HUANCAVELICA,FEMENINO,18 a 25,117
2023,FEBRERO,HUANCAVELICA,FEMENINO,26 a 35,78
2023,FEBRERO,HUANCAVELICA,FEMENINO,36 a 45,36
2023,FEBRERO,HUANCAVELICA,FEMENINO,46 a 55,23
2023,FEBRERO,HUANCAVELICA,FEMENINO,56 a mas,28
2023,FEBRERO,HUANCAVELICA,MASCULINO,18 a 25,242
2023,FEBRERO,HUANCAVELICA,MASCULINO,26 a 35,153
2023,FEBRERO,HUANCAVELICA,MASCULINO,36 a 45,68
2023,FEBRERO,HUANCAVELICA,MASCULINO,46 a 55,54
2023,FEBRERO,HUANCAVELICA,MASCULINO,56 a mas,30
2023,FEBRERO,HUANUCO,FEMENINO,18 a 25,136
2023,FEBRERO,HUANUCO,FEMENINO,26 a 35,115
2023,FEBRERO,HUANUCO,FEMENINO,36 a 45,69
2023,FEBRERO,HUANUCO,FEMENINO,46 a 55,53
2023,FEBRERO,HUANUCO,FEMENINO,56 a mas,43
2023,FEBRERO,HUANUCO,MASCULINO,18 a 25,283
2023,FEBRERO,HUANUCO,MASCULINO,26 a 35,314
2023,FEBRERO,HUANUCO,MASCULINO,36 a 45,182
2023,FEBRERO,HUANUCO,MASCULINO,46 a 55,108
2023,FEBRERO,HUANUCO,MASCULINO,56 a mas,77
2023,FEBRERO,ICA,FEMENINO,18 a 25,281
2023,FEBRERO,ICA,FEMENINO,26 a 35,286
2023,FEBRERO,ICA,FEMENINO,36 a 45,172
2023,FEBRERO,ICA,FEMENINO,46 a 55,116
2023,FEBRERO,ICA,FEMENINO,56 a mas,90
2023,FEBRERO,ICA,MASCULINO,18 a 25,514
2023,FEBRERO,ICA,MASCULINO,26 a 35,586
2023,FEBRERO,ICA,MASCULINO,36 a 45,330
2023,FEBRERO,ICA,MASCULINO,46 a 55,200
2023,FEBRERO,ICA,MASCULINO,56 a mas,165
2023,FEBRERO,ISLANDIA,MASCULINO,18 a 25,1
2023,FEBRERO,ISRAEL,MASCULINO,26 a 35,1
2023,FEBRERO,ITALIA,FEMENINO,26 a 35,9
2023,FEBRERO,ITALIA,FEMENINO,36 a 45,12
2023,FEBRERO,ITALIA,FEMENINO,46 a 55,14
2023,FEBRERO,ITALIA,FEMENINO,56 a mas,23
2023,FEBRERO,ITALIA,MASCULINO,18 a 25,3
2023,FEBRERO,ITALIA,MASCULINO,26 a 35,7
2023,FEBRERO,ITALIA,MASCULINO,36 a 45,16
2023,FEBRERO,ITALIA,MASCULINO,46 a 55,15
2023,FEBRERO,ITALIA,MASCULINO,56 a mas,7
2023,FEBRERO,JAPON,FEMENINO,26 a 35,3
2023,FEBRERO,JAPON,FEMENINO,46 a 55,2
2023,FEBRERO,JAPON,FEMENINO,56 a mas,8
2023,FEBRERO,JAPON,MASCULINO,26 a 35,2
2023,FEBRERO,JAPON,MASCULINO,36 a 45,5
2023,FEBRERO,JAPON,MASCULINO,46 a 55,7
2023,FEBRERO,JAPON,MASCULINO,56 a mas,7
2023,FEBRERO,JUNIN,FEMENINO,18 a 25,284
2023,FEBRERO,JUNIN,FEMENINO,26 a 35,336
2023,FEBRERO,JUNIN,FEMENINO,36 a 45,188
2023,FEBRERO,JUNIN,FEMENINO,46 a 55,111
2023,FEBRERO,JUNIN,FEMENINO,56 a mas,143
2023,FEBRERO,JUNIN,MASCULINO,18 a 25,493
2023,FEBRERO,JUNIN,MASCULINO,26 a 35,607
2023,FEBRERO,JUNIN,MASCULINO,36 a 45,411
2023,FEBRERO,JUNIN,MASCULINO,46 a 55,226
2023,FEBRERO,JUNIN,MASCULINO,56 a mas,188
2023,FEBRERO,LA LIBERTAD,FEMENINO,18 a 25,307
2023,FEBRERO,LA LIBERTAD,FEMENINO,26 a 35,370
2023,FEBRERO,LA LIBERTAD,FEMENINO,36 a 45,199
2023,FEBRERO,LA LIBERTAD,FEMENINO,46 a 55,139
2023,FEBRERO,LA LIBERTAD,FEMENINO,56 a mas,181
2023,FEBRERO,LA LIBERTAD,MASCULINO,18 a 25,489
2023,FEBRERO,LA LIBERTAD,MASCULINO,26 a 35,671
2023,FEBRERO,LA LIBERTAD,MASCULINO,36 a 45,404
2023,FEBRERO,LA LIBERTAD,MASCULINO,46 a 55,250
2023,FEBRERO,LA LIBERTAD,MASCULINO,56 a mas,252
2023,FEBRERO,LAMBAYEQUE,FEMENINO,18 a 25,266
2023,FEBRERO,LAMBAYEQUE,FEMENINO,26 a 35,292
2023,FEBRERO,LAMBAYEQUE,FEMENINO,36 a 45,177
2023,FEBRERO,LAMBAYEQUE,FEMENINO,46 a 55,119
2023,FEBRERO,LAMBAYEQUE,FEMENINO,56 a mas,164
2023,FEBRERO,LAMBAYEQUE,MASCULINO,18 a 25,620
2023,FEBRERO,LAMBAYEQUE,MASCULINO,26 a 35,528
2023,FEBRERO,LAMBAYEQUE,MASCULINO,36 a 45,314
2023,FEBRERO,LAMBAYEQUE,MASCULINO,46 a 55,179
2023,FEBRERO,LAMBAYEQUE,MASCULINO,56 a mas,177
2023,FEBRERO,LIMA,FEMENINO,18 a 25,2673
2023,FEBRERO,LIMA,FEMENINO,26 a 35,3358
2023,FEBRERO,LIMA,FEMENINO,36 a 45,2072
2023,FEBRERO,LIMA,FEMENINO,46 a 55,1473
2023,FEBRERO,LIMA,FEMENINO,56 a mas,1641
2023,FEBRERO,LIMA,MASCULINO,18 a 25,3777
2023,FEBRERO,LIMA,MASCULINO,26 a 35,5568
2023,FEBRERO,LIMA,MASCULINO,36 a 45,3683
2023,FEBRERO,LIMA,MASCULINO,46 a 55,2195
2023,FEBRERO,LIMA,MASCULINO,56 a mas,2074
2023,FEBRERO,LORETO,FEMENINO,18 a 25,176
2023,FEBRERO,LORETO,FEMENINO,26 a 35,191
2023,FEBRERO,LORETO,FEMENINO,36 a 45,99
2023,FEBRERO,LORETO,FEMENINO,46 a 55,67
2023,FEBRERO,LORETO,FEMENINO,56 a mas,73
2023,FEBRERO,LORETO,MASCULINO,18 a 25,420
2023,FEBRERO,LORETO,MASCULINO,26 a 35,423
2023,FEBRERO,LORETO,MASCULINO,36 a 45,199
2023,FEBRERO,LORETO,MASCULINO,46 a 55,123
2023,FEBRERO,LORETO,MASCULINO,56 a mas,118
2023,FEBRERO,MADRE DE DIOS,FEMENINO,18 a 25,73
2023,FEBRERO,MADRE DE DIOS,FEMENINO,26 a 35,110
2023,FEBRERO,MADRE DE DIOS,FEMENINO,36 a 45,62
2023,FEBRERO,MADRE DE DIOS,FEMENINO,46 a 55,32
2023,FEBRERO,MADRE DE DIOS,FEMENINO,56 a mas,18
2023,FEBRERO,MADRE DE DIOS,MASCULINO,18 a 25,88
2023,FEBRERO,MADRE DE DIOS,MASCULINO,26 a 35,169
2023,FEBRERO,MADRE DE DIOS,MASCULINO,36 a 45,102
2023,FEBRERO,MADRE DE DIOS,MASCULINO,46 a 55,42
2023,FEBRERO,MADRE DE DIOS,MASCULINO,56 a mas,49
2023,FEBRERO,MARRUECOS,FEMENINO,56 a mas,1
2023,FEBRERO,MEXICO,FEMENINO,46 a 55,1
2023,FEBRERO,MEXICO,MASCULINO,36 a 45,1
2023,FEBRERO,MEXICO,MASCULINO,46 a 55,2
2023,FEBRERO,MOQUEGUA,FEMENINO,18 a 25,35
2023,FEBRERO,MOQUEGUA,FEMENINO,26 a 35,47
2023,FEBRERO,MOQUEGUA,FEMENINO,36 a 45,36
2023,FEBRERO,MOQUEGUA,FEMENINO,46 a 55,22
2023,FEBRERO,MOQUEGUA,FEMENINO,56 a mas,21
2023,FEBRERO,MOQUEGUA,MASCULINO,18 a 25,60
2023,FEBRERO,MOQUEGUA,MASCULINO,26 a 35,77
2023,FEBRERO,MOQUEGUA,MASCULINO,36 a 45,48
2023,FEBRERO,MOQUEGUA,MASCULINO,46 a 55,29
2023,FEBRERO,MOQUEGUA,MASCULINO,56 a mas,23
2023,FEBRERO,PASCO,FEMENINO,18 a 25,42
2023,FEBRERO,PASCO,FEMENINO,26 a 35,40
2023,FEBRERO,PASCO,FEMENINO,36 a 45,21
2023,FEBRERO,PASCO,FEMENINO,46 a 55,11
2023,FEBRERO,PASCO,FEMENINO,56 a mas,16
2023,FEBRERO,PASCO,MASCULINO,18 a 25,78
2023,FEBRERO,PASCO,MASCULINO,26 a 35,124
2023,FEBRERO,PASCO,MASCULINO,36 a 45,70
2023,FEBRERO,PASCO,MASCULINO,46 a 55,44
2023,FEBRERO,PASCO,MASCULINO,56 a mas,22
2023,FEBRERO,PIURA,FEMENINO,18 a 25,437
2023,FEBRERO,PIURA,FEMENINO,26 a 35,639
2023,FEBRERO,PIURA,FEMENINO,36 a 45,434
2023,FEBRERO,PIURA,FEMENINO,46 a 55,256
2023,FEBRERO,PIURA,FEMENINO,56 a mas,219
2023,FEBRERO,PIURA,MASCULINO,18 a 25,594
2023,FEBRERO,PIURA,MASCULINO,26 a 35,638
2023,FEBRERO,PIURA,MASCULINO,36 a 45,367
2023,FEBRERO,PIURA,MASCULINO,46 a 55,238
2023,FEBRERO,PIURA,MASCULINO,56 a mas,186
2023,FEBRERO,PUNO,FEMENINO,18 a 25,142
2023,FEBRERO,PUNO,FEMENINO,26 a 35,130
2023,FEBRERO,PUNO,FEMENINO,36 a 45,79
2023,FEBRERO,PUNO,FEMENINO,46 a 55,57
2023,FEBRERO,PUNO,FEMENINO,56 a mas,57
2023,FEBRERO,PUNO,MASCULINO,18 a 25,248
2023,FEBRERO,PUNO,MASCULINO,26 a 35,361
2023,FEBRERO,PUNO,MASCULINO,36 a 45,174
2023,FEBRERO,PUNO,MASCULINO,46 a 55,106
2023,FEBRERO,PUNO,MASCULINO,56 a mas,83
2023,FEBRERO,REPUBLICA DE PANAMA,FEMENINO,26 a 35,1
2023,FEBRERO,REPUBLICA DE PANAMA,FEMENINO,36 a 45,1
2023,FEBRERO,REPUBLICA DE PANAMA,FEMENINO,46 a 55,1
2023,FEBRERO,REPUBLICA DE PANAMA,MASCULINO,46 a 55,1
2023,FEBRERO,REPUBLICA DE PANAMA,MASCULINO,56 a mas,1
2023,FEBRERO,REPUBLICA DOMINICANA,MASCULINO,46 a 55,1
2023,FEBRERO,RUSIA,MASCULINO,56 a mas,1
2023,FEBRERO,SAN MARTIN,FEMENINO,18 a 25,119
2023,FEBRERO,SAN MARTIN,FEMENINO,26 a 35,96
2023,FEBRERO,SAN MARTIN,FEMENINO,36 a 45,69
2023,FEBRERO,SAN MARTIN,FEMENINO,46 a 55,42
2023,FEBRERO,SAN MARTIN,FEMENINO,56 a mas,42
2023,FEBRERO,SAN MARTIN,MASCULINO,18 a 25,217
2023,FEBRERO,SAN MARTIN,MASCULINO,26 a 35,211
2023,FEBRERO,SAN MARTIN,MASCULINO,36 a 45,136
2023,FEBRERO,SAN MARTIN,MASCULINO,46 a 55,91
2023,FEBRERO,SAN MARTIN,MASCULINO,56 a mas,63
2023,FEBRERO,SUECIA,FEMENINO,56 a mas,2
2023,FEBRERO,SUECIA,MASCULINO,26 a 35,1
2023,FEBRERO,SUECIA,MASCULINO,56 a mas,1
2023,FEBRERO,SUIZA,FEMENINO,36 a 45,1
2023,FEBRERO,SUIZA,FEMENINO,46 a 55,3
2023,FEBRERO,SUIZA,FEMENINO,56 a mas,1
2023,FEBRERO,SUIZA,MASCULINO,26 a 35,1
2023,FEBRERO,SUIZA,MASCULINO,36 a 45,1
2023,FEBRERO,SUIZA,MASCULINO,46 a 55,1
2023,FEBRERO,SUIZA,MASCULINO,56 a mas,1
2023,FEBRERO,TACNA,FEMENINO,18 a 25,49
2023,FEBRERO,TACNA,FEMENINO,26 a 35,68
2023,FEBRERO,TACNA,FEMENINO,36 a 45,48
2023,FEBRERO,TACNA,FEMENINO,46 a 55,42
2023,FEBRERO,TACNA,FEMENINO,56 a mas,62
2023,FEBRERO,TACNA,MASCULINO,18 a 25,76
2023,FEBRERO,TACNA,MASCULINO,26 a 35,129
2023,FEBRERO,TACNA,MASCULINO,36 a 45,111
2023,FEBRERO,TACNA,MASCULINO,46 a 55,77
2023,FEBRERO,TACNA,MASCULINO,56 a mas,63
2023,FEBRERO,TUMBES,FEMENINO,18 a 25,59
2023,FEBRERO,TUMBES,FEMENINO,26 a 35,65
2023,FEBRERO,TUMBES,FEMENINO,36 a 45,52
2023,FEBRERO,TUMBES,FEMENINO,46 a 55,34
2023,FEBRERO,TUMBES,FEMENINO,56 a mas,27
2023,FEBRERO,TUMBES,MASCULINO,18 a 25,142
2023,FEBRERO,TUMBES,MASCULINO,26 a 35,139
2023,FEBRERO,TUMBES,MASCULINO,36 a 45,75
2023,FEBRERO,TUMBES,MASCULINO,46 a 55,40
2023,FEBRERO,TUMBES,MASCULINO,56 a mas,27
2023,FEBRERO,UCAYALI,FEMENINO,18 a 25,116
2023,FEBRERO,UCAYALI,FEMENINO,26 a 35,162
2023,FEBRERO,UCAYALI,FEMENINO,36 a 45,66
2023,FEBRERO,UCAYALI,FEMENINO,46 a 55,49
2023,FEBRERO,UCAYALI,FEMENINO,56 a mas,51
2023,FEBRERO,UCAYALI,MASCULINO,18 a 25,204
2023,FEBRERO,UCAYALI,MASCULINO,26 a 35,229
2023,FEBRERO,UCAYALI,MASCULINO,36 a 45,164
2023,FEBRERO,UCAYALI,MASCULINO,46 a 55,73
2023,FEBRERO,UCAYALI,MASCULINO,56 a mas,76
2023,FEBRERO,URUGUAY,FEMENINO,26 a 35,1
2023,FEBRERO,URUGUAY,FEMENINO,46 a 55,1
2023,FEBRERO,VENEZUELA,FEMENINO,36 a 45,1
2023,FEBRERO,VENEZUELA,FEMENINO,56 a mas,2
2023,FEBRERO,VENEZUELA,MASCULINO,36 a 45,1
2023,FEBRERO,VENEZUELA,MASCULINO,46 a 55,2
2023,FEBRERO,VENEZUELA,MASCULINO,56 a mas,4
2023,MARZO,ALEMANIA,FEMENINO,26 a 35,2
2023,MARZO,ALEMANIA,FEMENINO,36 a 45,3
2023,MARZO,ALEMANIA,FEMENINO,46 a 55,1
2023,MARZO,ALEMANIA,FEMENINO,56 a mas,5
2023,MARZO,ALEMANIA,MASCULINO,18 a 25,2
2023,MARZO,ALEMANIA,MASCULINO,36 a 45,2
2023,MARZO,AMAZONAS,FEMENINO,18 a 25,76
2023,MARZO,AMAZONAS,FEMENINO,26 a 35,44
2023,MARZO,AMAZONAS,FEMENINO,36 a 45,29
2023,MARZO,AMAZONAS,FEMENINO,46 a 55,21
2023,MARZO,AMAZONAS,FEMENINO,56 a mas,21
2023,MARZO,AMAZONAS,MASCULINO,18 a 25,144
2023,MARZO,AMAZONAS,MASCULINO,26 a 35,122
2023,MARZO,AMAZONAS,MASCULINO,36 a 45,83
2023,MARZO,AMAZONAS,MASCULINO,46 a 55,59
2023,MARZO,AMAZONAS,MASCULINO,56 a mas,32
2023,MARZO,ANCASH,FEMENINO,18 a 25,161
2023,MARZO,ANCASH,FEMENINO,26 a 35,165
2023,MARZO,ANCASH,FEMENINO,36 a 45,112
2023,MARZO,ANCASH,FEMENINO,46 a 55,100
2023,MARZO,ANCASH,FEMENINO,56 a mas,99
2023,MARZO,ANCASH,MASCULINO,18 a 25,301
2023,MARZO,ANCASH,MASCULINO,26 a 35,372
2023,MARZO,ANCASH,MASCULINO,36 a 45,238
2023,MARZO,ANCASH,MASCULINO,46 a 55,121
2023,MARZO,ANCASH,MASCULINO,56 a mas,108
2023,MARZO,ANTILLAS HOLANDESAS,MASCULINO,46 a 55,1
2023,MARZO,APURIMAC,FEMENINO,18 a 25,108
2023,MARZO,APURIMAC,FEMENINO,26 a 35,104
2023,MARZO,APURIMAC,FEMENINO,36 a 45,64
2023,MARZO,APURIMAC,FEMENINO,46 a 55,44
2023,MARZO,APURIMAC,FEMENINO,56 a mas,24
2023,MARZO,APURIMAC,MASCULINO,18 a 25,268
2023,MARZO,APURIMAC,MASCULINO,26 a 35,271
2023,MARZO,APURIMAC,MASCULINO,36 a 45,131
2023,MARZO,APURIMAC,MASCULINO,46 a 55,68
2023,MARZO,APURIMAC,MASCULINO,56 a mas,37
2023,MARZO,AREQUIPA,FEMENINO,18 a 25,266
2023,MARZO,AREQUIPA,FEMENINO,26 a 35,325
2023,MARZO,AREQUIPA,FEMENINO,36 a 45,215
2023,MARZO,AREQUIPA,FEMENINO,46 a 55,136
2023,MARZO,AREQUIPA,FEMENINO,56 a mas,150
2023,MARZO,AREQUIPA,MASCULINO,18 a 25,430
2023,MARZO,AREQUIPA,MASCULINO,26 a 35,712
2023,MARZO,AREQUIPA,MASCULINO,36 a 45,418
2023,MARZO,AREQUIPA,MASCULINO,46 a 55,266
2023,MARZO,AREQUIPA,MASCULINO,56 a mas,224
2023,MARZO,ARGENTINA,FEMENINO,18 a 25,4
2023,MARZO,ARGENTINA,FEMENINO,26 a 35,4
2023,MARZO,ARGENTINA,FEMENINO,36 a 45,7
2023,MARZO,ARGENTINA,FEMENINO,46 a 55,13
2023,MARZO,ARGENTINA,FEMENINO,56 a mas,10
2023,MARZO,ARGENTINA,MASCULINO,18 a 25,3
2023,MARZO,ARGENTINA,MASCULINO,26 a 35,16
2023,MARZO,ARGENTINA,MASCULINO,36 a 45,18
2023,MARZO,ARGENTINA,MASCULINO,46 a 55,16
2023,MARZO,ARGENTINA,MASCULINO,56 a mas,9
2023,MARZO,AUSTRALIA,FEMENINO,36 a 45,1
2023,MARZO,AUSTRALIA,FEMENINO,46 a 55,3
2023,MARZO,AUSTRALIA,MASCULINO,26 a 35,1
2023,MARZO,AUSTRALIA,MASCULINO,56 a mas,1
2023,MARZO,AUSTRIA,MASCULINO,26 a 35,1
2023,MARZO,AYACUCHO,FEMENINO,18 a 25,184
2023,MARZO,AYACUCHO,FEMENINO,26 a 35,199
2023,MARZO,AYACUCHO,FEMENINO,36 a 45,103
2023,MARZO,AYACUCHO,FEMENINO,46 a 55,80
2023,MARZO,AYACUCHO,FEMENINO,56 a mas,77
2023,MARZO,AYACUCHO,MASCULINO,18 a 25,359
2023,MARZO,AYACUCHO,MASCULINO,26 a 35,359
2023,MARZO,AYACUCHO,MASCULINO,36 a 45,210
2023,MARZO,AYACUCHO,MASCULINO,46 a 55,92
2023,MARZO,AYACUCHO,MASCULINO,56 a mas,101
2023,MARZO,BELGICA,FEMENINO,36 a 45,1
2023,MARZO,BOLIVIA,FEMENINO,18 a 25,1
2023,MARZO,BOLIVIA,FEMENINO,36 a 45,1
2023,MARZO,BOLIVIA,FEMENINO,46 a 55,1
2023,MARZO,BOLIVIA,FEMENINO,56 a mas,1
2023,MARZO,BOLIVIA,MASCULINO,18 a 25,1
2023,MARZO,BOLIVIA,MASCULINO,26 a 35,1
2023,MARZO,BOLIVIA,MASCULINO,56 a mas,1
2023,MARZO,BRASIL,FEMENINO,36 a 45,1
2023,MARZO,BRASIL,FEMENINO,46 a 55,1
2023,MARZO,BRASIL,MASCULINO,36 a 45,2
2023,MARZO,BRASIL,MASCULINO,46 a 55,5
2023,MARZO,BRASIL,MASCULINO,56 a mas,4
2023,MARZO,CAJAMARCA,FEMENINO,18 a 25,197
2023,MARZO,CAJAMARCA,FEMENINO,26 a 35,210
2023,MARZO,CAJAMARCA,FEMENINO,36 a 45,104
2023,MARZO,CAJAMARCA,FEMENINO,46 a 55,73
2023,MARZO,CAJAMARCA,FEMENINO,56 a mas,79
2023,MARZO,CAJAMARCA,MASCULINO,18 a 25,394
2023,MARZO,CAJAMARCA,MASCULINO,26 a 35,516
2023,MARZO,CAJAMARCA,MASCULINO,36 a 45,297
2023,MARZO,CAJAMARCA,MASCULINO,46 a 55,220
2023,MARZO,CAJAMARCA,MASCULINO,56 a mas,174
2023,MARZO,CALLAO,FEMENINO,18 a 25,356
2023,MARZO,CALLAO,FEMENINO,26 a 35,395
2023,MARZO,CALLAO,FEMENINO,36 a 45,275
2023,MARZO,CALLAO,FEMENINO,46 a 55,163
2023,MARZO,CALLAO,FEMENINO,56 a mas,154
2023,MARZO,CALLAO,MASCULINO,18 a 25,585
2023,MARZO,CALLAO,MASCULINO,26 a 35,723
2023,MARZO,CALLAO,MASCULINO,36 a 45,439
2023,MARZO,CALLAO,MASCULINO,46 a 55,235
2023,MARZO,CALLAO,MASCULINO,56 a mas,203
2023,MARZO,CANADA,FEMENINO,26 a 35,2
2023,MARZO,CANADA,FEMENINO,36 a 45,2
2023,MARZO,CANADA,FEMENINO,46 a 55,2
2023,MARZO,CANADA,FEMENINO,56 a mas,2
2023,MARZO,CANADA,MASCULINO,18 a 25,1
2023,MARZO,CANADA,MASCULINO,26 a 35,1
2023,MARZO,CANADA,MASCULINO,46 a 55,1
2023,MARZO,CANADA,MASCULINO,56 a mas,6
2023,MARZO,CHILE,FEMENINO,18 a 25,3
2023,MARZO,CHILE,FEMENINO,26 a 35,13
2023,MARZO,CHILE,FEMENINO,36 a 45,5
2023,MARZO,CHILE,FEMENINO,46 a 55,8
2023,MARZO,CHILE,FEMENINO,56 a mas,10
2023,MARZO,CHILE,MASCULINO,18 a 25,6
2023,MARZO,CHILE,MASCULINO,26 a 35,13
2023,MARZO,CHILE,MASCULINO,36 a 45,14
2023,MARZO,CHILE,MASCULINO,46 a 55,17
2023,MARZO,CHILE,MASCULINO,56 a mas,7
2023,MARZO,COLOMBIA,MASCULINO,18 a 25,1
2023,MARZO,COLOMBIA,MASCULINO,26 a 35,1
2023,MARZO,COLOMBIA,MASCULINO,46 a 55,2
2023,MARZO,COLOMBIA,MASCULINO,56 a mas,2
2023,MARZO,COSTA RICA,MASCULINO,26 a 35,1
2023,MARZO,CUSCO,FEMENINO,18 a 25,310
2023,MARZO,CUSCO,FEMENINO,26 a 35,400
2023,MARZO,CUSCO,FEMENINO,36 a 45,218
2023,MARZO,CUSCO,FEMENINO,46 a 55,149
2023,MARZO,CUSCO,FEMENINO,56 a mas,149
2023,MARZO,CUSCO,MASCULINO,18 a 25,657
2023,MARZO,CUSCO,MASCULINO,26 a 35,806
2023,MARZO,CUSCO,MASCULINO,36 a 45,436
2023,MARZO,CUSCO,MASCULINO,46 a 55,251
2023,MARZO,CUSCO,MASCULINO,56 a mas,231
2023,MARZO,ECUADOR,FEMENINO,46 a 55,1
2023,MARZO,ECUADOR,MASCULINO,36 a 45,1
2023,MARZO,EL SALVADOR,MASCULINO,46 a 55,1
2023,MARZO,ESPAÑA,FEMENINO,18 a 25,1
2023,MARZO,ESPAÑA,FEMENINO,26 a 35,14
2023,MARZO,ESPAÑA,FEMENINO,36 a 45,23
2023,MARZO,ESPAÑA,FEMENINO,46 a 55,20
2023,MARZO,ESPAÑA,FEMENINO,56 a mas,12
2023,MARZO,ESPAÑA,MASCULINO,18 a 25,2
2023,MARZO,ESPAÑA,MASCULINO,26 a 35,15
2023,MARZO,ESPAÑA,MASCULINO,36 a 45,19
2023,MARZO,ESPAÑA,MASCULINO,46 a 55,31
2023,MARZO,ESPAÑA,MASCULINO,56 a mas,9
2023,MARZO,ESTADOS UNIDOS DE AMERICA,FEMENINO,18 a 25,2
2023,MARZO,ESTADOS UNIDOS DE AMERICA,FEMENINO,26 a 35,9
2023,MARZO,ESTADOS UNIDOS DE AMERICA,FEMENINO,36 a 45,29
2023,MARZO,ESTADOS UNIDOS DE AMERICA,FEMENINO,46 a 55,37
2023,MARZO,ESTADOS UNIDOS DE AMERICA,FEMENINO,56 a mas,69
2023,MARZO,ESTADOS UNIDOS DE AMERICA,MASCULINO,18 a 25,2
2023,MARZO,ESTADOS UNIDOS DE AMERICA,MASCULINO,26 a 35,26
2023,MARZO,ESTADOS UNIDOS DE AMERICA,MASCULINO,36 a 45,32
2023,MARZO,ESTADOS UNIDOS DE AMERICA,MASCULINO,46 a 55,47
2023,MARZO,ESTADOS UNIDOS DE AMERICA,MASCULINO,56 a mas,64
2023,MARZO,FINLANDIA,MASCULINO,46 a 55,1
2023,MARZO,FRANCIA,FEMENINO,18 a 25,1
2023,MARZO,FRANCIA,FEMENINO,36 a 45,1
2023,MARZO,FRANCIA,FEMENINO,46 a 55,1
2023,MARZO,FRANCIA,FEMENINO,56 a mas,1
2023,MARZO,FRANCIA,MASCULINO,26 a 35,2
2023,MARZO,FRANCIA,MASCULINO,46 a 55,1
2023,MARZO,GRAN BRETAÑA,FEMENINO,36 a 45,1
2023,MARZO,GRAN BRETAÑA,FEMENINO,46 a 55,3
2023,MARZO,GRAN BRETAÑA,FEMENINO,56 a mas,1
2023,MARZO,GRAN BRETAÑA,MASCULINO,26 a 35,2
2023,MARZO,GRAN BRETAÑA,MASCULINO,36 a 45,1
2023,MARZO,GRAN BRETAÑA,MASCULINO,46 a 55,2
2023,MARZO,GUATEMALA,FEMENINO,56 a mas,1
2023,MARZO,HOLANDA,FEMENINO,56 a mas,1
2023,MARZO,HOLANDA,MASCULINO,18 a 25,1
2023,MARZO,HOLANDA,MASCULINO,36 a 45,1
2023,MARZO,HUANCAVELICA,FEMENINO,18 a 25,70
2023,MARZO,HUANCAVELICA,FEMENINO,26 a 35,76
2023,MARZO,HUANCAVELICA,FEMENINO,36 a 45,38
2023,MARZO,HUANCAVELICA,FEMENINO,46 a 55,27
2023,MARZO,HUANCAVELICA,FEMENINO,56 a mas,27
2023,MARZO,HUANCAVELICA,MASCULINO,18 a 25,212
2023,MARZO,HUANCAVELICA,MASCULINO,26 a 35,159
2023,MARZO,HUANCAVELICA,MASCULINO,36 a 45,94
2023,MARZO,HUANCAVELICA,MASCULINO,46 a 55,50
2023,MARZO,HUANCAVELICA,MASCULINO,56 a mas,44
2023,MARZO,HUANUCO,FEMENINO,18 a 25,159
2023,MARZO,HUANUCO,FEMENINO,26 a 35,130
2023,MARZO,HUANUCO,FEMENINO,36 a 45,73
2023,MARZO,HUANUCO,FEMENINO,46 a 55,49
2023,MARZO,HUANUCO,FEMENINO,56 a mas,53
2023,MARZO,HUANUCO,MASCULINO,18 a 25,330
2023,MARZO,HUANUCO,MASCULINO,26 a 35,318
2023,MARZO,HUANUCO,MASCULINO,36 a 45,203
2023,MARZO,HUANUCO,MASCULINO,46 a 55,93
2023,MARZO,HUANUCO,MASCULINO,56 a mas,76
2023,MARZO,ICA,FEMENINO,18 a 25,226
2023,MARZO,ICA,FEMENINO,26 a 35,270
2023,MARZO,ICA,FEMENINO,36 a 45,197
2023,MARZO,ICA,FEMENINO,46 a 55,102
2023,MARZO,ICA,FEMENINO,56 a mas,94
2023,MARZO,ICA,MASCULINO,18 a 25,554
2023,MARZO,ICA,MASCULINO,26 a 35,679
2023,MARZO,ICA,MASCULINO,36 a 45,375
2023,MARZO,ICA,MASCULINO,46 a 55,245
2023,MARZO,ICA,MASCULINO,56 a mas,183
2023,MARZO,IRLANDA,MASCULINO,46 a 55,1
2023,MARZO,ISRAEL,FEMENINO,36 a 45,1
2023,MARZO,ISRAEL,MASCULINO,56 a mas,1
2023,MARZO,ITALIA,FEMENINO,26 a 35,4
2023,MARZO,ITALIA,FEMENINO,36 a 45,16
2023,MARZO,ITALIA,FEMENINO,46 a 55,15
2023,MARZO,ITALIA,FEMENINO,56 a mas,20
2023,MARZO,ITALIA,MASCULINO,18 a 25,2
2023,MARZO,ITALIA,MASCULINO,26 a 35,7
2023,MARZO,ITALIA,MASCULINO,36 a 45,15
2023,MARZO,ITALIA,MASCULINO,46 a 55,7
2023,MARZO,ITALIA,MASCULINO,56 a mas,10
2023,MARZO,JAPON,FEMENINO,18 a 25,3
2023,MARZO,JAPON,FEMENINO,26 a 35,2
2023,MARZO,JAPON,FEMENINO,36 a 45,3
2023,MARZO,JAPON,FEMENINO,46 a 55,8
2023,MARZO,JAPON,FEMENINO,56 a mas,4
2023,MARZO,JAPON,MASCULINO,26 a 35,2
2023,MARZO,JAPON,MASCULINO,36 a 45,10
2023,MARZO,JAPON,MASCULINO,46 a 55,6
2023,MARZO,JAPON,MASCULINO,56 a mas,4
2023,MARZO,JUNIN,FEMENINO,18 a 25,309
2023,MARZO,JUNIN,FEMENINO,26 a 35,296
2023,MARZO,JUNIN,FEMENINO,36 a 45,182
2023,MARZO,JUNIN,FEMENINO,46 a 55,128
2023,MARZO,JUNIN,FEMENINO,56 a mas,173
2023,MARZO,JUNIN,MASCULINO,18 a 25,530
2023,MARZO,JUNIN,MASCULINO,26 a 35,623
2023,MARZO,JUNIN,MASCULINO,36 a 45,390
2023,MARZO,JUNIN,MASCULINO,46 a 55,212
2023,MARZO,JUNIN,MASCULINO,56 a mas,192
2023,MARZO,LA LIBERTAD,FEMENINO,18 a 25,282
2023,MARZO,LA LIBERTAD,FEMENINO,26 a 35,322
2023,MARZO,LA LIBERTAD,FEMENINO,36 a 45,222
2023,MARZO,LA LIBERTAD,FEMENINO,46 a 55,118
2023,MARZO,LA LIBERTAD,FEMENINO,56 a mas,165
2023,MARZO,LA LIBERTAD,MASCULINO,18 a 25,597
2023,MARZO,LA LIBERTAD,MASCULINO,26 a 35,671
2023,MARZO,LA LIBERTAD,MASCULINO,36 a 45,409
2023,MARZO,LA LIBERTAD,MASCULINO,46 a 55,245
2023,MARZO,LA LIBERTAD,MASCULINO,56 a mas,196
2023,MARZO,LAMBAYEQUE,FEMENINO,18 a 25,252
2023,MARZO,LAMBAYEQUE,FEMENINO,26 a 35,323
2023,MARZO,LAMBAYEQUE,FEMENINO,36 a 45,176
2023,MARZO,LAMBAYEQUE,FEMENINO,46 a 55,133
2023,MARZO,LAMBAYEQUE,FEMENINO,56 a mas,135
2023,MARZO,LAMBAYEQUE,MASCULINO,18 a 25,470
2023,MARZO,LAMBAYEQUE,MASCULINO,26 a 35,562
2023,MARZO,LAMBAYEQUE,MASCULINO,36 a 45,323
2023,MARZO,LAMBAYEQUE,MASCULINO,46 a 55,212
2023,MARZO,LAMBAYEQUE,MASCULINO,56 a mas,160
2023,MARZO,LIMA,FEMENINO,18 a 25,2526
2023,MARZO,LIMA,FEMENINO,26 a 35,3247
2023,MARZO,LIMA,FEMENINO,36 a 45,2244
2023,MARZO,LIMA,FEMENINO,46 a 55,1565
2023,MARZO,LIMA,FEMENINO,56 a mas,1797
2023,MARZO,LIMA,MASCULINO,18 a 25,4279
2023,MARZO,LIMA,MASCULINO,26 a 35,6153
2023,MARZO,LIMA,MASCULINO,36 a 45,3999
2023,MARZO,LIMA,MASCULINO,46 a 55,2487
2023,MARZO,LIMA,MASCULINO,56 a mas,2454
2023,MARZO,LORETO,FEMENINO,18 a 25,230
2023,MARZO,LORETO,FEMENINO,26 a 35,230
2023,MARZO,LORETO,FEMENINO,36 a 45,143
2023,MARZO,LORETO,FEMENINO,46 a 55,72
2023,MARZO,LORETO,FEMENINO,56 a mas,85
2023,MARZO,LORETO,MASCULINO,18 a 25,469
2023,MARZO,LORETO,MASCULINO,26 a 35,431
2023,MARZO,LORETO,MASCULINO,36 a 45,253
2023,MARZO,LORETO,MASCULINO,46 a 55,134
2023,MARZO,LORETO,MASCULINO,56 a mas,124
2023,MARZO,MADRE DE DIOS,FEMENINO,18 a 25,71
2023,MARZO,MADRE DE DIOS,FEMENINO,26 a 35,106
2023,MARZO,MADRE DE DIOS,FEMENINO,36 a 45,69
2023,MARZO,MADRE DE DIOS,FEMENINO,46 a 55,43
2023,MARZO,MADRE DE DIOS,FEMENINO,56 a mas,21
2023,MARZO,MADRE DE DIOS,MASCULINO,18 a 25,114
2023,MARZO,MADRE DE DIOS,MASCULINO,26 a 35,167
2023,MARZO,MADRE DE DIOS,MASCULINO,36 a 45,129
2023,MARZO,MADRE DE DIOS,MASCULINO,46 a 55,60
2023,MARZO,MADRE DE DIOS,MASCULINO,56 a mas,57
2023,MARZO,MEXICO,FEMENINO,36 a 45,1
2023,MARZO,MEXICO,FEMENINO,56 a mas,1
2023,MARZO,MEXICO,MASCULINO,46 a 55,1
2023,MARZO,MOQUEGUA,FEMENINO,18 a 25,28
2023,MARZO,MOQUEGUA,FEMENINO,26 a 35,58
2023,MARZO,MOQUEGUA,FEMENINO,36 a 45,30
2023,MARZO,MOQUEGUA,FEMENINO,46 a 55,26
2023,MARZO,MOQUEGUA,FEMENINO,56 a mas,18
2023,MARZO,MOQUEGUA,MASCULINO,18 a 25,50
2023,MARZO,MOQUEGUA,MASCULINO,26 a 35,78
2023,MARZO,MOQUEGUA,MASCULINO,36 a 45,65
2023,MARZO,MOQUEGUA,MASCULINO,46 a 55,51
2023,MARZO,MOQUEGUA,MASCULINO,56 a mas,38
2023,MARZO,NORUEGA,FEMENINO,36 a 45,1
2023,MARZO,NORUEGA,MASCULINO,46 a 55,1
2023,MARZO,NUEVA ZELANDA,FEMENINO,36 a 45,1
2023,MARZO,PARAGUAY,FEMENINO,46 a 55,1
2023,MARZO,PASCO,FEMENINO,18 a 25,37
2023,MARZO,PASCO,FEMENINO,26 a 35,33
2023,MARZO,PASCO,FEMENINO,36 a 45,23
2023,MARZO,PASCO,FEMENINO,46 a 55,10
2023,MARZO,PASCO,FEMENINO,56 a mas,19
2023,MARZO,PASCO,MASCULINO,18 a 25,100
2023,MARZO,PASCO,MASCULINO,26 a 35,139
2023,MARZO,PASCO,MASCULINO,36 a 45,67
2023,MARZO,PASCO,MASCULINO,46 a 55,34
2023,MARZO,PASCO,MASCULINO,56 a mas,29
2023,MARZO,PIURA,FEMENINO,18 a 25,513
2023,MARZO,PIURA,FEMENINO,26 a 35,745
2023,MARZO,PIURA,FEMENINO,36 a 45,445
2023,MARZO,PIURA,FEMENINO,46 a 55,313
2023,MARZO,PIURA,FEMENINO,56 a mas,282
2023,MARZO,PIURA,MASCULINO,18 a 25,704
2023,MARZO,PIURA,MASCULINO,26 a 35,728
2023,MARZO,PIURA,MASCULINO,36 a 45,401
2023,MARZO,PIURA,MASCULINO,46 a 55,216
2023,MARZO,PIURA,MASCULINO,56 a mas,185
2023,MARZO,PORTUGAL,FEMENINO,26 a 35,1
2023,MARZO,PUNO,FEMENINO,18 a 25,178
2023,MARZO,PUNO,FEMENINO,26 a 35,176
2023,MARZO,PUNO,FEMENINO,36 a 45,92
2023,MARZO,PUNO,FEMENINO,46 a 55,60
2023,MARZO,PUNO,FEMENINO,56 a mas,77
2023,MARZO,PUNO,MASCULINO,18 a 25,342
2023,MARZO,PUNO,MASCULINO,26 a 35,436
2023,MARZO,PUNO,MASCULINO,36 a 45,254
2023,MARZO,PUNO,MASCULINO,46 a 55,124
2023,MARZO,PUNO,MASCULINO,56 a mas,91
2023,MARZO,REPUBLICA DE PANAMA,MASCULINO,56 a mas,3
2023,MARZO,REPUBLICA DOMINICANA,FEMENINO,46 a 55,1
2023,MARZO,REPUBLICA DOMINICANA,FEMENINO,56 a mas,1
2023,MARZO,REPUBLICA POPULAR CHINA,FEMENINO,26 a 35,1
2023,MARZO,RUSIA,MASCULINO,36 a 45,1
2023,MARZO,SAN MARTIN,FEMENINO,18 a 25,123
2023,MARZO,SAN MARTIN,FEMENINO,26 a 35,133
2023,MARZO,SAN MARTIN,FEMENINO,36 a 45,68
2023,MARZO,SAN MARTIN,FEMENINO,46 a 55,43
2023,MARZO,SAN MARTIN,FEMENINO,56 a mas,41
2023,MARZO,SAN MARTIN,MASCULINO,18 a 25,263
2023,MARZO,SAN MARTIN,MASCULINO,26 a 35,255
2023,MARZO,SAN MARTIN,MASCULINO,36 a 45,190
2023,MARZO,SAN MARTIN,MASCULINO,46 a 55,94
2023,MARZO,SAN MARTIN,MASCULINO,56 a mas,110
2023,MARZO,SUECIA,FEMENINO,18 a 25,1
2023,MARZO,SUECIA,FEMENINO,26 a 35,1
2023,MARZO,SUECIA,FEMENINO,46 a 55,1
2023,MARZO,SUIZA,FEMENINO,46 a 55,3
2023,MARZO,SUIZA,MASCULINO,36 a 45,1
2023,MARZO,SUIZA,MASCULINO,56 a mas,1
2023,MARZO,TACNA,FEMENINO,18 a 25,80
2023,MARZO,TACNA,FEMENINO,26 a 35,61
2023,MARZO,TACNA,FEMENINO,36 a 45,44
2023,MARZO,TACNA,FEMENINO,46 a 55,39
2023,MARZO,TACNA,FEMENINO,56 a mas,83
2023,MARZO,TACNA,MASCULINO,18 a 25,98
2023,MARZO,TACNA,MASCULINO,26 a 35,159
2023,MARZO,TACNA,MASCULINO,36 a 45,122
2023,MARZO,TACNA,MASCULINO,46 a 55,89
2023,MARZO,TACNA,MASCULINO,56 a mas,98
2023,MARZO,TUMBES,FEMENINO,18 a 25,76
2023,MARZO,TUMBES,FEMENINO,26 a 35,88
2023,MARZO,TUMBES,FEMENINO,36 a 45,67
2023,MARZO,TUMBES,FEMENINO,46 a 55,32
2023,MARZO,TUMBES,FEMENINO,56 a mas,32
2023,MARZO,TUMBES,MASCULINO,18 a 25,154
2023,MARZO,TUMBES,MASCULINO,26 a 35,141
2023,MARZO,TUMBES,MASCULINO,36 a 45,95
2023,MARZO,TUMBES,MASCULINO,46 a 55,50
2023,MARZO,TUMBES,MASCULINO,56 a mas,43
2023,MARZO,UCAYALI,FEMENINO,18 a 25,130
2023,MARZO,UCAYALI,FEMENINO,26 a 35,155
2023,MARZO,UCAYALI,FEMENINO,36 a 45,78
2023,MARZO,UCAYALI,FEMENINO,46 a 55,57
2023,MARZO,UCAYALI,FEMENINO,56 a mas,39
2023,MARZO,UCAYALI,MASCULINO,18 a 25,236
2023,MARZO,UCAYALI,MASCULINO,26 a 35,292
2023,MARZO,UCAYALI,MASCULINO,36 a 45,166
2023,MARZO,UCAYALI,MASCULINO,46 a 55,98
2023,MARZO,UCAYALI,MASCULINO,56 a mas,85
2023,MARZO,URUGUAY,MASCULINO,36 a 45,2
2023,MARZO,URUGUAY,MASCULINO,56 a mas,1
2023,MARZO,VENEZUELA,FEMENINO,46 a 55,1
2023,MARZO,VENEZUELA,FEMENINO,56 a mas,1
2023,MARZO,VENEZUELA,MASCULINO,36 a 45,1
2023,MARZO,VENEZUELA,MASCULINO,46 a 55,1
2023,MARZO,VENEZUELA,MASCULINO,56 a mas,6
2023,ABRIL,ALEMANIA,FEMENINO,36 a 45,1
2023,ABRIL,ALEMANIA,FEMENINO,46 a 55,2
2023,ABRIL,ALEMANIA,FEMENINO,56 a mas,1
2023,ABRIL,ALEMANIA,MASCULINO,18 a 25,1
2023,ABRIL,ALEMANIA,MASCULINO,26 a 35,2
2023,ABRIL,ALEMANIA,MASCULINO,46 a 55,2
2023,ABRIL,AMAZONAS,FEMENINO,18 a 25,41
2023,ABRIL,AMAZONAS,FEMENINO,26 a 35,39
2023,ABRIL,AMAZONAS,FEMENINO,36 a 45,22
2023,ABRIL,AMAZONAS,FEMENINO,46 a 55,12
2023,ABRIL,AMAZONAS,FEMENINO,56 a mas,16
2023,ABRIL,AMAZONAS,MASCULINO,18 a 25,100
2023,ABRIL,AMAZONAS,MASCULINO,26 a 35,95
2023,ABRIL,AMAZONAS,MASCULINO,36 a 45,50
2023,ABRIL,AMAZONAS,MASCULINO,46 a 55,33
2023,ABRIL,AMAZONAS,MASCULINO,56 a mas,23
2023,ABRIL,ANCASH,FEMENINO,18 a 25,173
2023,ABRIL,ANCASH,FEMENINO,26 a 35,192
2023,ABRIL,ANCASH,FEMENINO,36 a 45,141
2023,ABRIL,ANCASH,FEMENINO,46 a 55,83
2023,ABRIL,ANCASH,FEMENINO,56 a mas,104
2023,ABRIL,ANCASH,MASCULINO,18 a 25,271
2023,ABRIL,ANCASH,MASCULINO,26 a 35,382
2023,ABRIL,ANCASH,MASCULINO,36 a 45,201
2023,ABRIL,ANCASH,MASCULINO,46 a 55,153
2023,ABRIL,ANCASH,MASCULINO,56 a mas,125
2023,ABRIL,ANTILLAS HOLANDESAS,MASCULINO,56 a mas,1
2023,ABRIL,APURIMAC,FEMENINO,18 a 25,94
2023,ABRIL,APURIMAC,FEMENINO,26 a 35,84
2023,ABRIL,APURIMAC,FEMENINO,36 a 45,66
2023,ABRIL,APURIMAC,FEMENINO,46 a 55,36
2023,ABRIL,APURIMAC,FEMENINO,56 a mas,31
2023,ABRIL,APURIMAC,MASCULINO,18 a 25,209
2023,ABRIL,APURIMAC,MASCULINO,26 a 35,227
2023,ABRIL,APURIMAC,MASCULINO,36 a 45,139
2023,ABRIL,APURIMAC,MASCULINO,46 a 55,80
2023,ABRIL,APURIMAC,MASCULINO,56 a mas,64
2023,ABRIL,AREQUIPA,FEMENINO,18 a 25,241
2023,ABRIL,AREQUIPA,FEMENINO,26 a 35,350
2023,ABRIL,AREQUIPA,FEMENINO,36 a 45,202
2023,ABRIL,AREQUIPA,FEMENINO,46 a 55,156
2023,ABRIL,AREQUIPA,FEMENINO,56 a mas,148
2023,ABRIL,AREQUIPA,MASCULINO,18 a 25,403
2023,ABRIL,AREQUIPA,MASCULINO,26 a 35,657
2023,ABRIL,AREQUIPA,MASCULINO,36 a 45,429
2023,ABRIL,AREQUIPA,MASCULINO,46 a 55,286
2023,ABRIL,AREQUIPA,MASCULINO,56 a mas,208
2023,ABRIL,ARGENTINA,FEMENINO,18 a 25,1
2023,ABRIL,ARGENTINA,FEMENINO,26 a 35,5
2023,ABRIL,ARGENTINA,FEMENINO,36 a 45,2
2023,ABRIL,ARGENTINA,FEMENINO,46 a 55,6
2023,ABRIL,ARGENTINA,FEMENINO,56 a mas,12
2023,ABRIL,ARGENTINA,MASCULINO,18 a 25,4
2023,ABRIL,ARGENTINA,MASCULINO,26 a 35,12
2023,ABRIL,ARGENTINA,MASCULINO,36 a 45,4
2023,ABRIL,ARGENTINA,MASCULINO,46 a 55,7
2023,ABRIL,ARGENTINA,MASCULINO,56 a mas,11
2023,ABRIL,AUSTRALIA,MASCULINO,26 a 35,1
2023,ABRIL,AUSTRALIA,MASCULINO,36 a 45,1
2023,ABRIL,AUSTRIA,MASCULINO,26 a 35,1
2023,ABRIL,AYACUCHO,FEMENINO,18 a 25,134
2023,ABRIL,AYACUCHO,FEMENINO,26 a 35,164
2023,ABRIL,AYACUCHO,FEMENINO,36 a 45,82
2023,ABRIL,AYACUCHO,FEMENINO,46 a 55,69
2023,ABRIL,AYACUCHO,FEMENINO,56 a mas,78
2023,ABRIL,AYACUCHO,MASCULINO,18 a 25,256
2023,ABRIL,AYACUCHO,MASCULINO,26 a 35,292
2023,ABRIL,AYACUCHO,MASCULINO,36 a 45,178
2023,ABRIL,AYACUCHO,MASCULINO,46 a 55,91
2023,ABRIL,AYACUCHO,MASCULINO,56 a mas,102
2023,ABRIL,BELGICA,FEMENINO,36 a 45,1
2023,ABRIL,BOLIVIA,FEMENINO,36 a 45,1
2023,ABRIL,BOLIVIA,MASCULINO,46 a 55,1
2023,ABRIL,BOLIVIA,MASCULINO,56 a mas,1
2023,ABRIL,BRASIL,FEMENINO,36 a 45,2
2023,ABRIL,BRASIL,FEMENINO,46 a 55,3
2023,ABRIL,BRASIL,FEMENINO,56 a mas,1
2023,ABRIL,BRASIL,MASCULINO,26 a 35,1
2023,ABRIL,BRASIL,MASCULINO,36 a 45,4
2023,ABRIL,BRASIL,MASCULINO,46 a 55,2
2023,ABRIL,BRASIL,MASCULINO,56 a mas,1
2023,ABRIL,CAJAMARCA,FEMENINO,18 a 25,132
2023,ABRIL,CAJAMARCA,FEMENINO,26 a 35,125
2023,ABRIL,CAJAMARCA,FEMENINO,36 a 45,68
2023,ABRIL,CAJAMARCA,FEMENINO,46 a 55,57
2023,ABRIL,CAJAMARCA,FEMENINO,56 a mas,44
2023,ABRIL,CAJAMARCA,MASCULINO,18 a 25,269
2023,ABRIL,CAJAMARCA,MASCULINO,26 a 35,256
2023,ABRIL,CAJAMARCA,MASCULINO,36 a 45,133
2023,ABRIL,CAJAMARCA,MASCULINO,46 a 55,87
2023,ABRIL,CAJAMARCA,MASCULINO,56 a mas,66
2023,ABRIL,CALLAO,FEMENINO,18 a 25,322
2023,ABRIL,CALLAO,FEMENINO,26 a 35,421
2023,ABRIL,CALLAO,FEMENINO,36 a 45,233
2023,ABRIL,CALLAO,FEMENINO,46 a 55,222
2023,ABRIL,CALLAO,FEMENINO,56 a mas,181
2023,ABRIL,CALLAO,MASCULINO,18 a 25,492
2023,ABRIL,CALLAO,MASCULINO,26 a 35,677
2023,ABRIL,CALLAO,MASCULINO,36 a 45,473
2023,ABRIL,CALLAO,MASCULINO,46 a 55,286
2023,ABRIL,CALLAO,MASCULINO,56 a mas,249
2023,ABRIL,CANADA,FEMENINO,46 a 55,3
2023,ABRIL,CANADA,FEMENINO,56 a mas,3
2023,ABRIL,CANADA,MASCULINO,26 a 35,1
2023,ABRIL,CANADA,MASCULINO,36 a 45,2
2023,ABRIL,CANADA,MASCULINO,46 a 55,1
2023,ABRIL,CANADA,MASCULINO,56 a mas,4
2023,ABRIL,CHILE,FEMENINO,18 a 25,2
2023,ABRIL,CHILE,FEMENINO,26 a 35,6
2023,ABRIL,CHILE,FEMENINO,36 a 45,11
2023,ABRIL,CHILE,FEMENINO,46 a 55,15
2023,ABRIL,CHILE,FEMENINO,56 a mas,9
2023,ABRIL,CHILE,MASCULINO,18 a 25,2
2023,ABRIL,CHILE,MASCULINO,26 a 35,10
2023,ABRIL,CHILE,MASCULINO,36 a 45,15
2023,ABRIL,CHILE,MASCULINO,46 a 55,15
2023,ABRIL,CHILE,MASCULINO,56 a mas,5
2023,ABRIL,COLOMBIA,FEMENINO,36 a 45,1
2023,ABRIL,COLOMBIA,MASCULINO,26 a 35,1
2023,ABRIL,COSTA RICA,FEMENINO,36 a 45,1
2023,ABRIL,COSTA RICA,MASCULINO,26 a 35,1
2023,ABRIL,COSTA RICA,MASCULINO,46 a 55,2
2023,ABRIL,COSTA RICA,MASCULINO,56 a mas,1
2023,ABRIL,CUBA,FEMENINO,56 a mas,1
2023,ABRIL,CUSCO,FEMENINO,18 a 25,293
2023,ABRIL,CUSCO,FEMENINO,26 a 35,357
2023,ABRIL,CUSCO,FEMENINO,36 a 45,196
2023,ABRIL,CUSCO,FEMENINO,46 a 55,121
2023,ABRIL,CUSCO,FEMENINO,56 a mas,153
2023,ABRIL,CUSCO,MASCULINO,18 a 25,636
2023,ABRIL,CUSCO,MASCULINO,26 a 35,693
2023,ABRIL,CUSCO,MASCULINO,36 a 45,421
2023,ABRIL,CUSCO,MASCULINO,46 a 55,237
2023,ABRIL,CUSCO,MASCULINO,56 a mas,163
2023,ABRIL,ECUADOR,MASCULINO,56 a mas,2
2023,ABRIL,ESPAÑA,FEMENINO,18 a 25,3
2023,ABRIL,ESPAÑA,FEMENINO,26 a 35,4
2023,ABRIL,ESPAÑA,FEMENINO,36 a 45,18
2023,ABRIL,ESPAÑA,FEMENINO,46 a 55,28
2023,ABRIL,ESPAÑA,FEMENINO,56 a mas,17
2023,ABRIL,ESPAÑA,MASCULINO,18 a 25,2
2023,ABRIL,ESPAÑA,MASCULINO,26 a 35,12
2023,ABRIL,ESPAÑA,MASCULINO,36 a 45,16
2023,ABRIL,ESPAÑA,MASCULINO,46 a 55,29
2023,ABRIL,ESPAÑA,MASCULINO,56 a mas,15
2023,ABRIL,ESTADOS UNIDOS DE AMERICA,FEMENINO,18 a 25,3
2023,ABRIL,ESTADOS UNIDOS DE AMERICA,FEMENINO,26 a 35,7
2023,ABRIL,ESTADOS UNIDOS DE AMERICA,FEMENINO,36 a 45,27
2023,ABRIL,ESTADOS UNIDOS DE AMERICA,FEMENINO,46 a 55,43
2023,ABRIL,ESTADOS UNIDOS DE AMERICA,FEMENINO,56 a mas,66
2023,ABRIL,ESTADOS UNIDOS DE AMERICA,MASCULINO,18 a 25,5
2023,ABRIL,ESTADOS UNIDOS DE AMERICA,MASCULINO,26 a 35,21
2023,ABRIL,ESTADOS UNIDOS DE AMERICA,MASCULINO,36 a 45,20
2023,ABRIL,ESTADOS UNIDOS DE AMERICA,MASCULINO,46 a 55,44
2023,ABRIL,ESTADOS UNIDOS DE AMERICA,MASCULINO,56 a mas,69
2023,ABRIL,FRANCIA,FEMENINO,46 a 55,2
2023,ABRIL,FRANCIA,FEMENINO,56 a mas,3
2023,ABRIL,FRANCIA,MASCULINO,26 a 35,1
2023,ABRIL,FRANCIA,MASCULINO,36 a 45,1
2023,ABRIL,FRANCIA,MASCULINO,56 a mas,2
2023,ABRIL,GRAN BRETAÑA,FEMENINO,46 a 55,1
2023,ABRIL,GRAN BRETAÑA,FEMENINO,56 a mas,1
2023,ABRIL,GRAN BRETAÑA,MASCULINO,46 a 55,1
2023,ABRIL,GUATEMALA,MASCULINO,46 a 55,1
2023,ABRIL,HOLANDA,MASCULINO,18 a 25,1
2023,ABRIL,HUANCAVELICA,FEMENINO,18 a 25,56
2023,ABRIL,HUANCAVELICA,FEMENINO,26 a 35,46
2023,ABRIL,HUANCAVELICA,FEMENINO,36 a 45,36
2023,ABRIL,HUANCAVELICA,FEMENINO,46 a 55,22
2023,ABRIL,HUANCAVELICA,FEMENINO,56 a mas,29
2023,ABRIL,HUANCAVELICA,MASCULINO,18 a 25,120
2023,ABRIL,HUANCAVELICA,MASCULINO,26 a 35,140
2023,ABRIL,HUANCAVELICA,MASCULINO,36 a 45,58
2023,ABRIL,HUANCAVELICA,MASCULINO,46 a 55,44
2023,ABRIL,HUANCAVELICA,MASCULINO,56 a mas,27
2023,ABRIL,HUANUCO,FEMENINO,18 a 25,132
2023,ABRIL,HUANUCO,FEMENINO,26 a 35,118
2023,ABRIL,HUANUCO,FEMENINO,36 a 45,75
2023,ABRIL,HUANUCO,FEMENINO,46 a 55,40
2023,ABRIL,HUANUCO,FEMENINO,56 a mas,48
2023,ABRIL,HUANUCO,MASCULINO,18 a 25,247
2023,ABRIL,HUANUCO,MASCULINO,26 a 35,311
2023,ABRIL,HUANUCO,MASCULINO,36 a 45,148
2023,ABRIL,HUANUCO,MASCULINO,46 a 55,102
2023,ABRIL,HUANUCO,MASCULINO,56 a mas,58
2023,ABRIL,ICA,FEMENINO,18 a 25,202
2023,ABRIL,ICA,FEMENINO,26 a 35,248
2023,ABRIL,ICA,FEMENINO,36 a 45,148
2023,ABRIL,ICA,FEMENINO,46 a 55,98
2023,ABRIL,ICA,FEMENINO,56 a mas,96
2023,ABRIL,ICA,MASCULINO,18 a 25,423
2023,ABRIL,ICA,MASCULINO,26 a 35,523
2023,ABRIL,ICA,MASCULINO,36 a 45,318
2023,ABRIL,ICA,MASCULINO,46 a 55,189
2023,ABRIL,ICA,MASCULINO,56 a mas,156
2023,ABRIL,IRLANDA,MASCULINO,36 a 45,1
2023,ABRIL,ISRAEL,FEMENINO,56 a mas,1
2023,ABRIL,ISRAEL,MASCULINO,36 a 45,1
2023,ABRIL,ITALIA,FEMENINO,26 a 35,5
2023,ABRIL,ITALIA,FEMENINO,36 a 45,10
2023,ABRIL,ITALIA,FEMENINO,46 a 55,11
2023,ABRIL,ITALIA,FEMENINO,56 a mas,24
2023,ABRIL,ITALIA,MASCULINO,18 a 25,2
2023,ABRIL,ITALIA,MASCULINO,26 a 35,3
2023,ABRIL,ITALIA,MASCULINO,36 a 45,9
2023,ABRIL,ITALIA,MASCULINO,46 a 55,8
2023,ABRIL,ITALIA,MASCULINO,56 a mas,9
2023,ABRIL,JAPON,FEMENINO,26 a 35,1
2023,ABRIL,JAPON,FEMENINO,36 a 45,4
2023,ABRIL,JAPON,FEMENINO,46 a 55,3
2023,ABRIL,JAPON,FEMENINO,56 a mas,4
2023,ABRIL,JAPON,MASCULINO,26 a 35,2
2023,ABRIL,JAPON,MASCULINO,36 a 45,6
2023,ABRIL,JAPON,MASCULINO,46 a 55,4
2023,ABRIL,JAPON,MASCULINO,56 a mas,6
2023,ABRIL,JUNIN,FEMENINO,18 a 25,281
2023,ABRIL,JUNIN,FEMENINO,26 a 35,260
2023,ABRIL,JUNIN,FEMENINO,36 a 45,160
2023,ABRIL,JUNIN,FEMENINO,46 a 55,91
2023,ABRIL,JUNIN,FEMENINO,56 a mas,128
2023,ABRIL,JUNIN,MASCULINO,18 a 25,472
2023,ABRIL,JUNIN,MASCULINO,26 a 35,540
2023,ABRIL,JUNIN,MASCULINO,36 a 45,338
2023,ABRIL,JUNIN,MASCULINO,46 a 55,181
2023,ABRIL,JUNIN,MASCULINO,56 a mas,151
2023,ABRIL,LA LIBERTAD,FEMENINO,18 a 25,282
2023,ABRIL,LA LIBERTAD,FEMENINO,26 a 35,306
2023,ABRIL,LA LIBERTAD,FEMENINO,36 a 45,193
2023,ABRIL,LA LIBERTAD,FEMENINO,46 a 55,144
2023,ABRIL,LA LIBERTAD,FEMENINO,56 a mas,175
2023,ABRIL,LA LIBERTAD,MASCULINO,18 a 25,474
2023,ABRIL,LA LIBERTAD,MASCULINO,26 a 35,620
2023,ABRIL,LA LIBERTAD,MASCULINO,36 a 45,416
2023,ABRIL,LA LIBERTAD,MASCULINO,46 a 55,237
2023,ABRIL,LA LIBERTAD,MASCULINO,56 a mas,240
2023,ABRIL,LAMBAYEQUE,FEMENINO,18 a 25,257
2023,ABRIL,LAMBAYEQUE,FEMENINO,26 a 35,298
2023,ABRIL,LAMBAYEQUE,FEMENINO,36 a 45,163
2023,ABRIL,LAMBAYEQUE,FEMENINO,46 a 55,139
2023,ABRIL,LAMBAYEQUE,FEMENINO,56 a mas,143
2023,ABRIL,LAMBAYEQUE,MASCULINO,18 a 25,513
2023,ABRIL,LAMBAYEQUE,MASCULINO,26 a 35,542
2023,ABRIL,LAMBAYEQUE,MASCULINO,36 a 45,355
2023,ABRIL,LAMBAYEQUE,MASCULINO,46 a 55,205
2023,ABRIL,LAMBAYEQUE,MASCULINO,56 a mas,179
2023,ABRIL,LIMA,FEMENINO,18 a 25,2262
2023,ABRIL,LIMA,FEMENINO,26 a 35,3132
2023,ABRIL,LIMA,FEMENINO,36 a 45,2051
2023,ABRIL,LIMA,FEMENINO,46 a 55,1587
2023,ABRIL,LIMA,FEMENINO,56 a mas,1736
2023,ABRIL,LIMA,MASCULINO,18 a 25,4043
2023,ABRIL,LIMA,MASCULINO,26 a 35,5874
2023,ABRIL,LIMA,MASCULINO,36 a 45,3874
2023,ABRIL,LIMA,MASCULINO,46 a 55,2447
2023,ABRIL,LIMA,MASCULINO,56 a mas,2152
2023,ABRIL,LORETO,FEMENINO,18 a 25,181
2023,ABRIL,LORETO,FEMENINO,26 a 35,170
2023,ABRIL,LORETO,FEMENINO,36 a 45,100
2023,ABRIL,LORETO,FEMENINO,46 a 55,48
2023,ABRIL,LORETO,FEMENINO,56 a mas,66
2023,ABRIL,LORETO,MASCULINO,18 a 25,389
2023,ABRIL,LORETO,MASCULINO,26 a 35,408
2023,ABRIL,LORETO,MASCULINO,36 a 45,200
2023,ABRIL,LORETO,MASCULINO,46 a 55,124
2023,ABRIL,LORETO,MASCULINO,56 a mas,102
2023,ABRIL,MADRE DE DIOS,FEMENINO,18 a 25,68
2023,ABRIL,MADRE DE DIOS,FEMENINO,26 a 35,104
2023,ABRIL,MADRE DE DIOS,FEMENINO,36 a 45,57
2023,ABRIL,MADRE DE DIOS,FEMENINO,46 a 55,36
2023,ABRIL,MADRE DE DIOS,FEMENINO,56 a mas,37
2023,ABRIL,MADRE DE DIOS,MASCULINO,18 a 25,119
2023,ABRIL,MADRE DE DIOS,MASCULINO,26 a 35,167
2023,ABRIL,MADRE DE DIOS,MASCULINO,36 a 45,112
2023,ABRIL,MADRE DE DIOS,MASCULINO,46 a 55,56
2023,ABRIL,MADRE DE DIOS,MASCULINO,56 a mas,53
2023,ABRIL,MARRUECOS,FEMENINO,26 a 35,1
2023,ABRIL,MEXICO,FEMENINO,36 a 45,1
2023,ABRIL,MEXICO,MASCULINO,36 a 45,1
2023,ABRIL,MEXICO,MASCULINO,46 a 55,1
2023,ABRIL,MEXICO,MASCULINO,56 a mas,1
2023,ABRIL,MOQUEGUA,FEMENINO,18 a 25,26
2023,ABRIL,MOQUEGUA,FEMENINO,26 a 35,45
2023,ABRIL,MOQUEGUA,FEMENINO,36 a 45,29
2023,ABRIL,MOQUEGUA,FEMENINO,46 a 55,20
2023,ABRIL,MOQUEGUA,FEMENINO,56 a mas,16
2023,ABRIL,MOQUEGUA,MASCULINO,18 a 25,48
2023,ABRIL,MOQUEGUA,MASCULINO,26 a 35,74
2023,ABRIL,MOQUEGUA,MASCULINO,36 a 45,51
2023,ABRIL,MOQUEGUA,MASCULINO,46 a 55,44
2023,ABRIL,MOQUEGUA,MASCULINO,56 a mas,28
2023,ABRIL,NORUEGA,MASCULINO,46 a 55,1
2023,ABRIL,PARAGUAY,FEMENINO,46 a 55,1
2023,ABRIL,PASCO,FEMENINO,18 a 25,35
2023,ABRIL,PASCO,FEMENINO,26 a 35,26
2023,ABRIL,PASCO,FEMENINO,36 a 45,19
2023,ABRIL,PASCO,FEMENINO,46 a 55,15
2023,ABRIL,PASCO,FEMENINO,56 a mas,13
2023,ABRIL,PASCO,MASCULINO,18 a 25,77
2023,ABRIL,PASCO,MASCULINO,26 a 35,120
2023,ABRIL,PASCO,MASCULINO,36 a 45,75
2023,ABRIL,PASCO,MASCULINO,46 a 55,36
2023,ABRIL,PASCO,MASCULINO,56 a mas,24
2023,ABRIL,PIURA,FEMENINO,18 a 25,434
2023,ABRIL,PIURA,FEMENINO,26 a 35,581
2023,ABRIL,PIURA,FEMENINO,36 a 45,378
2023,ABRIL,PIURA,FEMENINO,46 a 55,249
2023,ABRIL,PIURA,FEMENINO,56 a mas,224
2023,ABRIL,PIURA,MASCULINO,18 a 25,615
2023,ABRIL,PIURA,MASCULINO,26 a 35,664
2023,ABRIL,PIURA,MASCULINO,36 a 45,348
2023,ABRIL,PIURA,MASCULINO,46 a 55,195
2023,ABRIL,PIURA,MASCULINO,56 a mas,170
2023,ABRIL,PUERTO RICO,FEMENINO,56 a mas,1
2023,ABRIL,PUNO,FEMENINO,18 a 25,154
2023,ABRIL,PUNO,FEMENINO,26 a 35,177
2023,ABRIL,PUNO,FEMENINO,36 a 45,76
2023,ABRIL,PUNO,FEMENINO,46 a 55,62
2023,ABRIL,PUNO,FEMENINO,56 a mas,92
2023,ABRIL,PUNO,MASCULINO,18 a 25,381
2023,ABRIL,PUNO,MASCULINO,26 a 35,452
2023,ABRIL,PUNO,MASCULINO,36 a 45,240
2023,ABRIL,PUNO,MASCULINO,46 a 55,132
2023,ABRIL,PUNO,MASCULINO,56 a mas,103
2023,ABRIL,REPUBLICA DE PANAMA,FEMENINO,26 a 35,1
2023,ABRIL,REPUBLICA DE PANAMA,MASCULINO,36 a 45,1
2023,ABRIL,REPUBLICA DE PANAMA,MASCULINO,56 a mas,1
2023,ABRIL,REPUBLICA DOMINICANA,MASCULINO,46 a 55,1
2023,ABRIL,SAN MARTIN,FEMENINO,18 a 25,94
2023,ABRIL,SAN MARTIN,FEMENINO,26 a 35,95
2023,ABRIL,SAN MARTIN,FEMENINO,36 a 45,54
2023,ABRIL,SAN MARTIN,FEMENINO,46 a 55,48
2023,ABRIL,SAN MARTIN,FEMENINO,56 a mas,42
2023,ABRIL,SAN MARTIN,MASCULINO,18 a 25,154
2023,ABRIL,SAN MARTIN,MASCULINO,26 a 35,186
2023,ABRIL,SAN MARTIN,MASCULINO,36 a 45,108
2023,ABRIL,SAN MARTIN,MASCULINO,46 a 55,66
2023,ABRIL,SAN MARTIN,MASCULINO,56 a mas,75
2023,ABRIL,SUECIA,FEMENINO,18 a 25,1
2023,ABRIL,SUECIA,FEMENINO,46 a 55,1
2023,ABRIL,SUIZA,FEMENINO,36 a 45,2
2023,ABRIL,SUIZA,FEMENINO,46 a 55,1
2023,ABRIL,SUIZA,FEMENINO,56 a mas,6
2023,ABRIL,SUIZA,MASCULINO,56 a mas,1
2023,ABRIL,TACNA,FEMENINO,18 a 25,57
2023,ABRIL,TACNA,FEMENINO,26 a 35,87
2023,ABRIL,TACNA,FEMENINO,36 a 45,53
2023,ABRIL,TACNA,FEMENINO,46 a 55,37
2023,ABRIL,TACNA,FEMENINO,56 a mas,70
2023,ABRIL,TACNA,MASCULINO,18 a 25,77
2023,ABRIL,TACNA,MASCULINO,26 a 35,135
2023,ABRIL,TACNA,MASCULINO,36 a 45,106
2023,ABRIL,TACNA,MASCULINO,46 a 55,61
2023,ABRIL,TACNA,MASCULINO,56 a mas,94
2023,ABRIL,TUMBES,FEMENINO,18 a 25,42
2023,ABRIL,TUMBES,FEMENINO,26 a 35,75
2023,ABRIL,TUMBES,FEMENINO,36 a 45,46
2023,ABRIL,TUMBES,FEMENINO,46 a 55,28
2023,ABRIL,TUMBES,FEMENINO,56 a mas,30
2023,ABRIL,TUMBES,MASCULINO,18 a 25,129
2023,ABRIL,TUMBES,MASCULINO,26 a 35,134
2023,ABRIL,TUMBES,MASCULINO,36 a 45,113
2023,ABRIL,TUMBES,MASCULINO,46 a 55,47
2023,ABRIL,TUMBES,MASCULINO,56 a mas,37
2023,ABRIL,UCAYALI,FEMENINO,18 a 25,110
2023,ABRIL,UCAYALI,FEMENINO,26 a 35,115
2023,ABRIL,UCAYALI,FEMENINO,36 a 45,52
2023,ABRIL,UCAYALI,FEMENINO,46 a 55,40
2023,ABRIL,UCAYALI,FEMENINO,56 a mas,40
2023,ABRIL,UCAYALI,MASCULINO,18 a 25,193
2023,ABRIL,UCAYALI,MASCULINO,26 a 35,216
2023,ABRIL,UCAYALI,MASCULINO,36 a 45,151
2023,ABRIL,UCAYALI,MASCULINO,46 a 55,82
2023,ABRIL,UCAYALI,MASCULINO,56 a mas,72
2023,ABRIL,UCRANIA,MASCULINO,56 a mas,1
2023,ABRIL,URUGUAY,FEMENINO,26 a 35,2
2023,ABRIL,URUGUAY,MASCULINO,36 a 45,2
2023,ABRIL,VENEZUELA,FEMENINO,18 a 25,1
2023,ABRIL,VENEZUELA,FEMENINO,46 a 55,2
2023,ABRIL,VENEZUELA,FEMENINO,56 a mas,2
2023,ABRIL,VENEZUELA,MASCULINO,46 a 55,1
2023,ABRIL,VENEZUELA,MASCULINO,56 a mas,7
2023,MAYO,ALEMANIA,FEMENINO,56 a mas,1
2023,MAYO,AMAZONAS,FEMENINO,18 a 25,18
2023,MAYO,AMAZONAS,FEMENINO,26 a 35,12
2023,MAYO,AMAZONAS,FEMENINO,36 a 45,3
2023,MAYO,AMAZONAS,FEMENINO,46 a 55,5
2023,MAYO,AMAZONAS,FEMENINO,56 a mas,2
2023,MAYO,AMAZONAS,MASCULINO,18 a 25,30
2023,MAYO,AMAZONAS,MASCULINO,26 a 35,17
2023,MAYO,AMAZONAS,MASCULINO,36 a 45,12
2023,MAYO,AMAZONAS,MASCULINO,46 a 55,8
2023,MAYO,AMAZONAS,MASCULINO,56 a mas,11
2023,MAYO,ANCASH,FEMENINO,18 a 25,54
2023,MAYO,ANCASH,FEMENINO,26 a 35,45
2023,MAYO,ANCASH,FEMENINO,36 a 45,31
2023,MAYO,ANCASH,FEMENINO,46 a 55,15
2023,MAYO,ANCASH,FEMENINO,56 a mas,30
2023,MAYO,ANCASH,MASCULINO,18 a 25,70
2023,MAYO,ANCASH,MASCULINO,26 a 35,123
2023,MAYO,ANCASH,MASCULINO,36 a 45,61
2023,MAYO,ANCASH,MASCULINO,46 a 55,60
2023,MAYO,ANCASH,MASCULINO,56 a mas,39
2023,MAYO,APURIMAC,FEMENINO,18 a 25,34
2023,MAYO,APURIMAC,FEMENINO,26 a 35,22
2023,MAYO,APURIMAC,FEMENINO,36 a 45,19
2023,MAYO,APURIMAC,FEMENINO,46 a 55,8
2023,MAYO,APURIMAC,FEMENINO,56 a mas,9
2023,MAYO,APURIMAC,MASCULINO,18 a 25,49
2023,MAYO,APURIMAC,MASCULINO,26 a 35,64
2023,MAYO,APURIMAC,MASCULINO,36 a 45,25
2023,MAYO,APURIMAC,MASCULINO,46 a 55,16
2023,MAYO,APURIMAC,MASCULINO,56 a mas,17
2023,MAYO,AREQUIPA,FEMENINO,18 a 25,56
2023,MAYO,AREQUIPA,FEMENINO,26 a 35,93
2023,MAYO,AREQUIPA,FEMENINO,36 a 45,72
2023,MAYO,AREQUIPA,FEMENINO,46 a 55,42
2023,MAYO,AREQUIPA,FEMENINO,56 a mas,59
2023,MAYO,AREQUIPA,MASCULINO,18 a 25,113
2023,MAYO,AREQUIPA,MASCULINO,26 a 35,208
2023,MAYO,AREQUIPA,MASCULINO,36 a 45,126
2023,MAYO,AREQUIPA,MASCULINO,46 a 55,71
2023,MAYO,AREQUIPA,MASCULINO,56 a mas,76
2023,MAYO,ARGENTINA,FEMENINO,26 a 35,1
2023,MAYO,ARGENTINA,FEMENINO,36 a 45,3
2023,MAYO,ARGENTINA,FEMENINO,46 a 55,2
2023,MAYO,ARGENTINA,FEMENINO,56 a mas,6
2023,MAYO,ARGENTINA,MASCULINO,18 a 25,1
2023,MAYO,ARGENTINA,MASCULINO,26 a 35,1
2023,MAYO,ARGENTINA,MASCULINO,36 a 45,4
2023,MAYO,ARGENTINA,MASCULINO,46 a 55,4
2023,MAYO,ARGENTINA,MASCULINO,56 a mas,4
2023,MAYO,AYACUCHO,FEMENINO,18 a 25,46
2023,MAYO,AYACUCHO,FEMENINO,26 a 35,38
2023,MAYO,AYACUCHO,FEMENINO,36 a 45,23
2023,MAYO,AYACUCHO,FEMENINO,46 a 55,13
2023,MAYO,AYACUCHO,FEMENINO,56 a mas,33
2023,MAYO,AYACUCHO,MASCULINO,18 a 25,90
2023,MAYO,AYACUCHO,MASCULINO,26 a 35,108
2023,MAYO,AYACUCHO,MASCULINO,36 a 45,50
2023,MAYO,AYACUCHO,MASCULINO,46 a 55,20
2023,MAYO,AYACUCHO,MASCULINO,56 a mas,35
2023,MAYO,BOLIVIA,MASCULINO,18 a 25,1
2023,MAYO,BOLIVIA,MASCULINO,46 a 55,1
2023,MAYO,BRASIL,MASCULINO,26 a 35,1
2023,MAYO,BRASIL,MASCULINO,36 a 45,2
2023,MAYO,BRASIL,MASCULINO,46 a 55,1
2023,MAYO,BRASIL,MASCULINO,56 a mas,1
2023,MAYO,CAJAMARCA,FEMENINO,18 a 25,39
2023,MAYO,CAJAMARCA,FEMENINO,26 a 35,36
2023,MAYO,CAJAMARCA,FEMENINO,36 a 45,17
2023,MAYO,CAJAMARCA,FEMENINO,46 a 55,19
2023,MAYO,CAJAMARCA,FEMENINO,56 a mas,16
2023,MAYO,CAJAMARCA,MASCULINO,18 a 25,88
2023,MAYO,CAJAMARCA,MASCULINO,26 a 35,103
2023,MAYO,CAJAMARCA,MASCULINO,36 a 45,51
2023,MAYO,CAJAMARCA,MASCULINO,46 a 55,39
2023,MAYO,CAJAMARCA,MASCULINO,56 a mas,24
2023,MAYO,CALLAO,FEMENINO,18 a 25,81
2023,MAYO,CALLAO,FEMENINO,26 a 35,111
2023,MAYO,CALLAO,FEMENINO,36 a 45,64
2023,MAYO,CALLAO,FEMENINO,46 a 55,44
2023,MAYO,CALLAO,FEMENINO,56 a mas,55
2023,MAYO,CALLAO,MASCULINO,18 a 25,148
2023,MAYO,CALLAO,MASCULINO,26 a 35,200
2023,MAYO,CALLAO,MASCULINO,36 a 45,114
2023,MAYO,CALLAO,MASCULINO,46 a 55,69
2023,MAYO,CALLAO,MASCULINO,56 a mas,74
2023,MAYO,CANADA,FEMENINO,36 a 45,1
2023,MAYO,CANADA,FEMENINO,56 a mas,3
2023,MAYO,CANADA,MASCULINO,46 a 55,1
2023,MAYO,CANADA,MASCULINO,56 a mas,1
2023,MAYO,CHILE,FEMENINO,26 a 35,4
2023,MAYO,CHILE,FEMENINO,36 a 45,4
2023,MAYO,CHILE,FEMENINO,46 a 55,3
2023,MAYO,CHILE,FEMENINO,56 a mas,5
2023,MAYO,CHILE,MASCULINO,18 a 25,1
2023,MAYO,CHILE,MASCULINO,26 a 35,3
2023,MAYO,CHILE,MASCULINO,36 a 45,8
2023,MAYO,CHILE,MASCULINO,46 a 55,3
2023,MAYO,COSTA RICA,MASCULINO,56 a mas,2
2023,MAYO,CUSCO,FEMENINO,18 a 25,84
2023,MAYO,CUSCO,FEMENINO,26 a 35,75
2023,MAYO,CUSCO,FEMENINO,36 a 45,44
2023,MAYO,CUSCO,FEMENINO,46 a 55,29
2023,MAYO,CUSCO,FEMENINO,56 a mas,44
2023,MAYO,CUSCO,MASCULINO,18 a 25,195
2023,MAYO,CUSCO,MASCULINO,26 a 35,206
2023,MAYO,CUSCO,MASCULINO,36 a 45,136
2023,MAYO,CUSCO,MASCULINO,46 a 55,66
2023,MAYO,CUSCO,MASCULINO,56 a mas,59
2023,MAYO,ECUADOR,FEMENINO,36 a 45,1
2023,MAYO,ECUADOR,MASCULINO,36 a 45,2
2023,MAYO,ESPAÑA,FEMENINO,26 a 35,1
2023,MAYO,ESPAÑA,FEMENINO,36 a 45,9
2023,MAYO,ESPAÑA,FEMENINO,46 a 55,4
2023,MAYO,ESPAÑA,FEMENINO,56 a mas,12
2023,MAYO,ESPAÑA,MASCULINO,26 a 35,3
2023,MAYO,ESPAÑA,MASCULINO,36 a 45,7
2023,MAYO,ESPAÑA,MASCULINO,46 a 55,1
2023,MAYO,ESPAÑA,MASCULINO,56 a mas,3
2023,MAYO,ESTADOS UNIDOS DE AMERICA,FEMENINO,18 a 25,2
2023,MAYO,ESTADOS UNIDOS DE AMERICA,FEMENINO,26 a 35,10
2023,MAYO,ESTADOS UNIDOS DE AMERICA,FEMENINO,36 a 45,11
2023,MAYO,ESTADOS UNIDOS DE AMERICA,FEMENINO,46 a 55,10
2023,MAYO,ESTADOS UNIDOS DE AMERICA,FEMENINO,56 a mas,29
2023,MAYO,ESTADOS UNIDOS DE AMERICA,MASCULINO,18 a 25,1
2023,MAYO,ESTADOS UNIDOS DE AMERICA,MASCULINO,26 a 35,10
2023,MAYO,ESTADOS UNIDOS DE AMERICA,MASCULINO,36 a 45,7
2023,MAYO,ESTADOS UNIDOS DE AMERICA,MASCULINO,46 a 55,15
2023,MAYO,ESTADOS UNIDOS DE AMERICA,MASCULINO,56 a mas,25
2023,MAYO,FRANCIA,FEMENINO,26 a 35,1
2023,MAYO,FRANCIA,FEMENINO,56 a mas,1
2023,MAYO,FRANCIA,MASCULINO,36 a 45,1
2023,MAYO,GRAN BRETAÑA,MASCULINO,56 a mas,1
2023,MAYO,HOLANDA,FEMENINO,46 a 55,2
2023,MAYO,HUANCAVELICA,FEMENINO,18 a 25,18
2023,MAYO,HUANCAVELICA,FEMENINO,26 a 35,23
2023,MAYO,HUANCAVELICA,FEMENINO,36 a 45,6
2023,MAYO,HUANCAVELICA,FEMENINO,46 a 55,9
2023,MAYO,HUANCAVELICA,FEMENINO,56 a mas,4
2023,MAYO,HUANCAVELICA,MASCULINO,18 a 25,59
2023,MAYO,HUANCAVELICA,MASCULINO,26 a 35,69
2023,MAYO,HUANCAVELICA,MASCULINO,36 a 45,25
2023,MAYO,HUANCAVELICA,MASCULINO,46 a 55,12
2023,MAYO,HUANCAVELICA,MASCULINO,56 a mas,8
2023,MAYO,HUANUCO,FEMENINO,18 a 25,31
2023,MAYO,HUANUCO,FEMENINO,26 a 35,44
2023,MAYO,HUANUCO,FEMENINO,36 a 45,21
2023,MAYO,HUANUCO,FEMENINO,46 a 55,17
2023,MAYO,HUANUCO,FEMENINO,56 a mas,13
2023,MAYO,HUANUCO,MASCULINO,18 a 25,84
2023,MAYO,HUANUCO,MASCULINO,26 a 35,106
2023,MAYO,HUANUCO,MASCULINO,36 a 45,58
2023,MAYO,HUANUCO,MASCULINO,46 a 55,27
2023,MAYO,HUANUCO,MASCULINO,56 a mas,21
2023,MAYO,ICA,FEMENINO,18 a 25,59
2023,MAYO,ICA,FEMENINO,26 a 35,60
2023,MAYO,ICA,FEMENINO,36 a 45,43
2023,MAYO,ICA,FEMENINO,46 a 55,32
2023,MAYO,ICA,FEMENINO,56 a mas,34
2023,MAYO,ICA,MASCULINO,18 a 25,135
2023,MAYO,ICA,MASCULINO,26 a 35,150
2023,MAYO,ICA,MASCULINO,36 a 45,80
2023,MAYO,ICA,MASCULINO,46 a 55,61
2023,MAYO,ICA,MASCULINO,56 a mas,51
2023,MAYO,ITALIA,FEMENINO,26 a 35,3
2023,MAYO,ITALIA,FEMENINO,36 a 45,3
2023,MAYO,ITALIA,FEMENINO,46 a 55,9
2023,MAYO,ITALIA,FEMENINO,56 a mas,5
2023,MAYO,ITALIA,MASCULINO,26 a 35,2
2023,MAYO,ITALIA,MASCULINO,36 a 45,2
2023,MAYO,ITALIA,MASCULINO,46 a 55,6
2023,MAYO,ITALIA,MASCULINO,56 a mas,2
2023,MAYO,JAPON,FEMENINO,26 a 35,1
2023,MAYO,JAPON,MASCULINO,18 a 25,1
2023,MAYO,JAPON,MASCULINO,36 a 45,2
2023,MAYO,JAPON,MASCULINO,46 a 55,1
2023,MAYO,JAPON,MASCULINO,56 a mas,2
2023,MAYO,JUNIN,FEMENINO,18 a 25,86
2023,MAYO,JUNIN,FEMENINO,26 a 35,92
2023,MAYO,JUNIN,FEMENINO,36 a 45,46
2023,MAYO,JUNIN,FEMENINO,46 a 55,35
2023,MAYO,JUNIN,FEMENINO,56 a mas,46
2023,MAYO,JUNIN,MASCULINO,18 a 25,137
2023,MAYO,JUNIN,MASCULINO,26 a 35,179
2023,MAYO,JUNIN,MASCULINO,36 a 45,90
2023,MAYO,JUNIN,MASCULINO,46 a 55,53
2023,MAYO,JUNIN,MASCULINO,56 a mas,52
2023,MAYO,LA LIBERTAD,FEMENINO,18 a 25,80
2023,MAYO,LA LIBERTAD,FEMENINO,26 a 35,87
2023,MAYO,LA LIBERTAD,FEMENINO,36 a 45,70
2023,MAYO,LA LIBERTAD,FEMENINO,46 a 55,53
2023,MAYO,LA LIBERTAD,FEMENINO,56 a mas,67
2023,MAYO,LA LIBERTAD,MASCULINO,18 a 25,118
2023,MAYO,LA LIBERTAD,MASCULINO,26 a 35,236
2023,MAYO,LA LIBERTAD,MASCULINO,36 a 45,112
2023,MAYO,LA LIBERTAD,MASCULINO,46 a 55,74
2023,MAYO,LA LIBERTAD,MASCULINO,56 a mas,66
2023,MAYO,LAMBAYEQUE,FEMENINO,18 a 25,86
2023,MAYO,LAMBAYEQUE,FEMENINO,26 a 35,97
2023,MAYO,LAMBAYEQUE,FEMENINO,36 a 45,53
2023,MAYO,LAMBAYEQUE,FEMENINO,46 a 55,51
2023,MAYO,LAMBAYEQUE,FEMENINO,56 a mas,56
2023,MAYO,LAMBAYEQUE,MASCULINO,18 a 25,157
2023,MAYO,LAMBAYEQUE,MASCULINO,26 a 35,169
2023,MAYO,LAMBAYEQUE,MASCULINO,36 a 45,118
2023,MAYO,LAMBAYEQUE,MASCULINO,46 a 55,82
2023,MAYO,LAMBAYEQUE,MASCULINO,56 a mas,60
2023,MAYO,LIMA,FEMENINO,18 a 25,692
2023,MAYO,LIMA,FEMENINO,26 a 35,1000
2023,MAYO,LIMA,FEMENINO,36 a 45,607
2023,MAYO,LIMA,FEMENINO,46 a 55,380
2023,MAYO,LIMA,FEMENINO,56 a mas,544
2023,MAYO,LIMA,MASCULINO,18 a 25,1121
2023,MAYO,LIMA,MASCULINO,26 a 35,1829
2023,MAYO,LIMA,MASCULINO,36 a 45,1203
2023,MAYO,LIMA,MASCULINO,46 a 55,768
2023,MAYO,LIMA,MASCULINO,56 a mas,663
2023,MAYO,LORETO,FEMENINO,18 a 25,64
2023,MAYO,LORETO,FEMENINO,26 a 35,61
2023,MAYO,LORETO,FEMENINO,36 a 45,36
2023,MAYO,LORETO,FEMENINO,46 a 55,19
2023,MAYO,LORETO,FEMENINO,56 a mas,22
2023,MAYO,LORETO,MASCULINO,18 a 25,108
2023,MAYO,LORETO,MASCULINO,26 a 35,124
2023,MAYO,LORETO,MASCULINO,36 a 45,68
2023,MAYO,LORETO,MASCULINO,46 a 55,45
2023,MAYO,LORETO,MASCULINO,56 a mas,28
2023,MAYO,MADRE DE DIOS,FEMENINO,18 a 25,24
2023,MAYO,MADRE DE DIOS,FEMENINO,26 a 35,25
2023,MAYO,MADRE DE DIOS,FEMENINO,36 a 45,21
2023,MAYO,MADRE DE DIOS,FEMENINO,46 a 55,12
2023,MAYO,MADRE DE DIOS,FEMENINO,56 a mas,12
2023,MAYO,MADRE DE DIOS,MASCULINO,18 a 25,27
2023,MAYO,MADRE DE DIOS,MASCULINO,26 a 35,53
2023,MAYO,MADRE DE DIOS,MASCULINO,36 a 45,42
2023,MAYO,MADRE DE DIOS,MASCULINO,46 a 55,19
2023,MAYO,MADRE DE DIOS,MASCULINO,56 a mas,14
2023,MAYO,MEXICO,MASCULINO,26 a 35,1
2023,MAYO,MOQUEGUA,FEMENINO,18 a 25,17
2023,MAYO,MOQUEGUA,FEMENINO,26 a 35,18
2023,MAYO,MOQUEGUA,FEMENINO,36 a 45,4
2023,MAYO,MOQUEGUA,FEMENINO,46 a 55,10
2023,MAYO,MOQUEGUA,FEMENINO,56 a mas,5
2023,MAYO,MOQUEGUA,MASCULINO,18 a 25,12
2023,MAYO,MOQUEGUA,MASCULINO,26 a 35,16
2023,MAYO,MOQUEGUA,MASCULINO,36 a 45,16
2023,MAYO,MOQUEGUA,MASCULINO,46 a 55,7
2023,MAYO,MOQUEGUA,MASCULINO,56 a mas,4
2023,MAYO,PASCO,FEMENINO,18 a 25,14
2023,MAYO,PASCO,FEMENINO,26 a 35,6
2023,MAYO,PASCO,FEMENINO,36 a 45,4
2023,MAYO,PASCO,FEMENINO,46 a 55,4
2023,MAYO,PASCO,FEMENINO,56 a mas,3
2023,MAYO,PASCO,MASCULINO,18 a 25,16
2023,MAYO,PASCO,MASCULINO,26 a 35,40
2023,MAYO,PASCO,MASCULINO,36 a 45,21
2023,MAYO,PASCO,MASCULINO,46 a 55,10
2023,MAYO,PASCO,MASCULINO,56 a mas,4
2023,MAYO,PIURA,FEMENINO,18 a 25,162
2023,MAYO,PIURA,FEMENINO,26 a 35,187
2023,MAYO,PIURA,FEMENINO,36 a 45,120
2023,MAYO,PIURA,FEMENINO,46 a 55,73
2023,MAYO,PIURA,FEMENINO,56 a mas,61
2023,MAYO,PIURA,MASCULINO,18 a 25,172
2023,MAYO,PIURA,MASCULINO,26 a 35,232
2023,MAYO,PIURA,MASCULINO,36 a 45,141
2023,MAYO,PIURA,MASCULINO,46 a 55,63
2023,MAYO,PIURA,MASCULINO,56 a mas,62
2023,MAYO,PUNO,FEMENINO,18 a 25,44
2023,MAYO,PUNO,FEMENINO,26 a 35,63
2023,MAYO,PUNO,FEMENINO,36 a 45,27
2023,MAYO,PUNO,FEMENINO,46 a 55,23
2023,MAYO,PUNO,FEMENINO,56 a mas,17
2023,MAYO,PUNO,MASCULINO,18 a 25,90
2023,MAYO,PUNO,MASCULINO,26 a 35,126
2023,MAYO,PUNO,MASCULINO,36 a 45,63
2023,MAYO,PUNO,MASCULINO,46 a 55,39
2023,MAYO,PUNO,MASCULINO,56 a mas,21
2023,MAYO,REPUBLICA DE COREA,MASCULINO,26 a 35,1
2023,MAYO,REPUBLICA DE PANAMA,FEMENINO,56 a mas,1
2023,MAYO,REPUBLICA DE PANAMA,MASCULINO,56 a mas,3
2023,MAYO,REPUBLICA DOMINICANA,MASCULINO,26 a 35,1
2023,MAYO,SAN MARTIN,FEMENINO,18 a 25,27
2023,MAYO,SAN MARTIN,FEMENINO,26 a 35,42
2023,MAYO,SAN MARTIN,FEMENINO,36 a 45,19
2023,MAYO,SAN MARTIN,FEMENINO,46 a 55,16
2023,MAYO,SAN MARTIN,FEMENINO,56 a mas,15
2023,MAYO,SAN MARTIN,MASCULINO,18 a 25,50
2023,MAYO,SAN MARTIN,MASCULINO,26 a 35,58
2023,MAYO,SAN MARTIN,MASCULINO,36 a 45,25
2023,MAYO,SAN MARTIN,MASCULINO,46 a 55,24
2023,MAYO,SAN MARTIN,MASCULINO,56 a mas,19
2023,MAYO,SUECIA,FEMENINO,56 a mas,1
2023,MAYO,SUECIA,MASCULINO,56 a mas,2
2023,MAYO,SUIZA,MASCULINO,46 a 55,1
2023,MAYO,SUIZA,MASCULINO,56 a mas,2
2023,MAYO,TACNA,FEMENINO,18 a 25,15
2023,MAYO,TACNA,FEMENINO,26 a 35,18
2023,MAYO,TACNA,FEMENINO,36 a 45,17
2023,MAYO,TACNA,FEMENINO,46 a 55,11
2023,MAYO,TACNA,FEMENINO,56 a mas,21
2023,MAYO,TACNA,MASCULINO,18 a 25,22
2023,MAYO,TACNA,MASCULINO,26 a 35,37
2023,MAYO,TACNA,MASCULINO,36 a 45,27
2023,MAYO,TACNA,MASCULINO,46 a 55,22
2023,MAYO,TACNA,MASCULINO,56 a mas,34
2023,MAYO,TUMBES,FEMENINO,18 a 25,24
2023,MAYO,TUMBES,FEMENINO,26 a 35,19
2023,MAYO,TUMBES,FEMENINO,36 a 45,17
2023,MAYO,TUMBES,FEMENINO,46 a 55,11
2023,MAYO,TUMBES,FEMENINO,56 a mas,12
2023,MAYO,TUMBES,MASCULINO,18 a 25,46
2023,MAYO,TUMBES,MASCULINO,26 a 35,53
2023,MAYO,TUMBES,MASCULINO,36 a 45,32
2023,MAYO,TUMBES,MASCULINO,46 a 55,12
2023,MAYO,TUMBES,MASCULINO,56 a mas,8
2023,MAYO,UCAYALI,FEMENINO,18 a 25,40
2023,MAYO,UCAYALI,FEMENINO,26 a 35,48
2023,MAYO,UCAYALI,FEMENINO,36 a 45,31
2023,MAYO,UCAYALI,FEMENINO,46 a 55,12
2023,MAYO,UCAYALI,FEMENINO,56 a mas,12
2023,MAYO,UCAYALI,MASCULINO,18 a 25,62
2023,MAYO,UCAYALI,MASCULINO,26 a 35,88
2023,MAYO,UCAYALI,MASCULINO,36 a 45,53
2023,MAYO,UCAYALI,MASCULINO,46 a 55,35
2023,MAYO,UCAYALI,MASCULINO,56 a mas,27
2023,MAYO,VENEZUELA,MASCULINO,56 a mas,2
2024,ABRIL,ALEMANIA,FEMENINO,18 a 25,1
2024,ABRIL,ALEMANIA,FEMENINO,56 a mas,1
2024,ABRIL,AMAZONAS,FEMENINO,18 a 25,13
2024,ABRIL,AMAZONAS,FEMENINO,26 a 35,14
2024,ABRIL,AMAZONAS,FEMENINO,36 a 45,7
2024,ABRIL,AMAZONAS,FEMENINO,46 a 55,4
2024,ABRIL,AMAZONAS,FEMENINO,56 a mas,6
2024,ABRIL,AMAZONAS,MASCULINO,18 a 25,24
2024,ABRIL,AMAZONAS,MASCULINO,26 a 35,25
2024,ABRIL,AMAZONAS,MASCULINO,36 a 45,13
2024,ABRIL,AMAZONAS,MASCULINO,46 a 55,4
2024,ABRIL,AMAZONAS,MASCULINO,56 a mas,8
2024,ABRIL,ANCASH,FEMENINO,18 a 25,41
2024,ABRIL,ANCASH,FEMENINO,26 a 35,53
2024,ABRIL,ANCASH,FEMENINO,36 a 45,16
2024,ABRIL,ANCASH,FEMENINO,46 a 55,11
2024,ABRIL,ANCASH,FEMENINO,56 a mas,9
2024,ABRIL,ANCASH,MASCULINO,18 a 25,88
2024,ABRIL,ANCASH,MASCULINO,26 a 35,89
2024,ABRIL,ANCASH,MASCULINO,36 a 45,46
2024,ABRIL,ANCASH,MASCULINO,46 a 55,21
2024,ABRIL,ANCASH,MASCULINO,56 a mas,17
2024,ABRIL,APURIMAC,FEMENINO,18 a 25,18
2024,ABRIL,APURIMAC,FEMENINO,26 a 35,20
2024,ABRIL,APURIMAC,FEMENINO,36 a 45,5
2024,ABRIL,APURIMAC,FEMENINO,46 a 55,5
2024,ABRIL,APURIMAC,FEMENINO,56 a mas,6
2024,ABRIL,APURIMAC,MASCULINO,18 a 25,41
2024,ABRIL,APURIMAC,MASCULINO,26 a 35,36
2024,ABRIL,APURIMAC,MASCULINO,36 a 45,13
2024,ABRIL,APURIMAC,MASCULINO,46 a 55,9
2024,ABRIL,APURIMAC,MASCULINO,56 a mas,7
2024,ABRIL,AREQUIPA,FEMENINO,18 a 25,56
2024,ABRIL,AREQUIPA,FEMENINO,26 a 35,96
2024,ABRIL,AREQUIPA,FEMENINO,36 a 45,59
2024,ABRIL,AREQUIPA,FEMENINO,46 a 55,21
2024,ABRIL,AREQUIPA,FEMENINO,56 a mas,26
2024,ABRIL,AREQUIPA,MASCULINO,18 a 25,131
2024,ABRIL,AREQUIPA,MASCULINO,26 a 35,219
2024,ABRIL,AREQUIPA,MASCULINO,36 a 45,105
2024,ABRIL,AREQUIPA,MASCULINO,46 a 55,47
2024,ABRIL,AREQUIPA,MASCULINO,56 a mas,29
2024,ABRIL,ARGENTINA,FEMENINO,46 a 55,2
2024,ABRIL,ARGENTINA,FEMENINO,56 a mas,2
2024,ABRIL,ARGENTINA,MASCULINO,26 a 35,1
2024,ABRIL,ARGENTINA,MASCULINO,36 a 45,4
2024,ABRIL,ARGENTINA,MASCULINO,46 a 55,2
2024,ABRIL,AYACUCHO,FEMENINO,18 a 25,37
2024,ABRIL,AYACUCHO,FEMENINO,26 a 35,30
2024,ABRIL,AYACUCHO,FEMENINO,36 a 45,13
2024,ABRIL,AYACUCHO,FEMENINO,46 a 55,5
2024,ABRIL,AYACUCHO,FEMENINO,56 a mas,5
2024,ABRIL,AYACUCHO,MASCULINO,18 a 25,82
2024,ABRIL,AYACUCHO,MASCULINO,26 a 35,71
2024,ABRIL,AYACUCHO,MASCULINO,36 a 45,36
2024,ABRIL,AYACUCHO,MASCULINO,46 a 55,18
2024,ABRIL,AYACUCHO,MASCULINO,56 a mas,6
2024,ABRIL,BRASIL,MASCULINO,36 a 45,1
2024,ABRIL,CAJAMARCA,FEMENINO,18 a 25,71
2024,ABRIL,CAJAMARCA,FEMENINO,26 a 35,53
2024,ABRIL,CAJAMARCA,FEMENINO,36 a 45,17
2024,ABRIL,CAJAMARCA,FEMENINO,46 a 55,12
2024,ABRIL,CAJAMARCA,FEMENINO,56 a mas,9
2024,ABRIL,CAJAMARCA,MASCULINO,18 a 25,107
2024,ABRIL,CAJAMARCA,MASCULINO,26 a 35,98
2024,ABRIL,CAJAMARCA,MASCULINO,36 a 45,47
2024,ABRIL,CAJAMARCA,MASCULINO,46 a 55,20
2024,ABRIL,CAJAMARCA,MASCULINO,56 a mas,11
2024,ABRIL,CALLAO,FEMENINO,18 a 25,96
2024,ABRIL,CALLAO,FEMENINO,26 a 35,114
2024,ABRIL,CALLAO,FEMENINO,36 a 45,60
2024,ABRIL,CALLAO,FEMENINO,46 a 55,34
2024,ABRIL,CALLAO,FEMENINO,56 a mas,16
2024,ABRIL,CALLAO,MASCULINO,18 a 25,175
2024,ABRIL,CALLAO,MASCULINO,26 a 35,184
2024,ABRIL,CALLAO,MASCULINO,36 a 45,97
2024,ABRIL,CALLAO,MASCULINO,46 a 55,60
2024,ABRIL,CALLAO,MASCULINO,56 a mas,22
2024,ABRIL,CANADA,FEMENINO,36 a 45,1
2024,ABRIL,CANADA,FEMENINO,46 a 55,1
2024,ABRIL,CANADA,FEMENINO,56 a mas,1
2024,ABRIL,CHILE,FEMENINO,46 a 55,1
2024,ABRIL,CHILE,MASCULINO,36 a 45,3
2024,ABRIL,CUSCO,FEMENINO,18 a 25,97
2024,ABRIL,CUSCO,FEMENINO,26 a 35,97
2024,ABRIL,CUSCO,FEMENINO,36 a 45,27
2024,ABRIL,CUSCO,FEMENINO,46 a 55,29
2024,ABRIL,CUSCO,FEMENINO,56 a mas,13
2024,ABRIL,CUSCO,MASCULINO,18 a 25,207
2024,ABRIL,CUSCO,MASCULINO,26 a 35,179
2024,ABRIL,CUSCO,MASCULINO,36 a 45,89
2024,ABRIL,CUSCO,MASCULINO,46 a 55,35
2024,ABRIL,CUSCO,MASCULINO,56 a mas,25
2024,ABRIL,ESPAÑA,FEMENINO,26 a 35,1
2024,ABRIL,ESPAÑA,FEMENINO,36 a 45,3
2024,ABRIL,ESPAÑA,FEMENINO,46 a 55,1
2024,ABRIL,ESPAÑA,FEMENINO,56 a mas,2
2024,ABRIL,ESPAÑA,MASCULINO,26 a 35,3
2024,ABRIL,ESPAÑA,MASCULINO,36 a 45,1
2024,ABRIL,ESPAÑA,MASCULINO,46 a 55,1
2024,ABRIL,ESTADOS UNIDOS DE AMERICA,FEMENINO,26 a 35,1
2024,ABRIL,ESTADOS UNIDOS DE AMERICA,FEMENINO,36 a 45,5
2024,ABRIL,ESTADOS UNIDOS DE AMERICA,FEMENINO,46 a 55,3
2024,ABRIL,ESTADOS UNIDOS DE AMERICA,FEMENINO,56 a mas,4
2024,ABRIL,ESTADOS UNIDOS DE AMERICA,MASCULINO,26 a 35,1
2024,ABRIL,ESTADOS UNIDOS DE AMERICA,MASCULINO,36 a 45,1
2024,ABRIL,ESTADOS UNIDOS DE AMERICA,MASCULINO,56 a mas,1
2024,ABRIL,FRANCIA,MASCULINO,26 a 35,1
2024,ABRIL,FRANCIA,MASCULINO,36 a 45,1
2024,ABRIL,GRAN BRETAÑA,FEMENINO,26 a 35,1
2024,ABRIL,HUANCAVELICA,FEMENINO,18 a 25,17
2024,ABRIL,HUANCAVELICA,FEMENINO,26 a 35,12
2024,ABRIL,HUANCAVELICA,FEMENINO,36 a 45,7
2024,ABRIL,HUANCAVELICA,FEMENINO,46 a 55,4
2024,ABRIL,HUANCAVELICA,FEMENINO,56 a mas,1
2024,ABRIL,HUANCAVELICA,MASCULINO,18 a 25,47
2024,ABRIL,HUANCAVELICA,MASCULINO,26 a 35,36
2024,ABRIL,HUANCAVELICA,MASCULINO,36 a 45,18
2024,ABRIL,HUANCAVELICA,MASCULINO,46 a 55,3
2024,ABRIL,HUANCAVELICA,MASCULINO,56 a mas,4
2024,ABRIL,HUANUCO,FEMENINO,18 a 25,36
2024,ABRIL,HUANUCO,FEMENINO,26 a 35,45
2024,ABRIL,HUANUCO,FEMENINO,36 a 45,15
2024,ABRIL,HUANUCO,FEMENINO,46 a 55,8
2024,ABRIL,HUANUCO,FEMENINO,56 a mas,7
2024,ABRIL,HUANUCO,MASCULINO,18 a 25,65
2024,ABRIL,HUANUCO,MASCULINO,26 a 35,68
2024,ABRIL,HUANUCO,MASCULINO,36 a 45,29
2024,ABRIL,HUANUCO,MASCULINO,46 a 55,13
2024,ABRIL,HUANUCO,MASCULINO,56 a mas,12
2024,ABRIL,ICA,FEMENINO,18 a 25,54
2024,ABRIL,ICA,FEMENINO,26 a 35,75
2024,ABRIL,ICA,FEMENINO,36 a 45,22
2024,ABRIL,ICA,FEMENINO,46 a 55,12
2024,ABRIL,ICA,FEMENINO,56 a mas,10
2024,ABRIL,ICA,MASCULINO,18 a 25,108
2024,ABRIL,ICA,MASCULINO,26 a 35,128
2024,ABRIL,ICA,MASCULINO,36 a 45,60
2024,ABRIL,ICA,MASCULINO,46 a 55,40
2024,ABRIL,ICA,MASCULINO,56 a mas,19
2024,ABRIL,ITALIA,MASCULINO,26 a 35,1
2024,ABRIL,ITALIA,MASCULINO,36 a 45,3
2024,ABRIL,ITALIA,MASCULINO,56 a mas,2
2024,ABRIL,JAPON,MASCULINO,36 a 45,1
2024,ABRIL,JAPON,MASCULINO,46 a 55,1
2024,ABRIL,JUNIN,FEMENINO,18 a 25,97
2024,ABRIL,JUNIN,FEMENINO,26 a 35,91
2024,ABRIL,JUNIN,FEMENINO,36 a 45,34
2024,ABRIL,JUNIN,FEMENINO,46 a 55,32
2024,ABRIL,JUNIN,FEMENINO,56 a mas,17
2024,ABRIL,JUNIN,MASCULINO,18 a 25,170
2024,ABRIL,JUNIN,MASCULINO,26 a 35,161
2024,ABRIL,JUNIN,MASCULINO,36 a 45,69
2024,ABRIL,JUNIN,MASCULINO,46 a 55,45
2024,ABRIL,JUNIN,MASCULINO,56 a mas,22
2024,ABRIL,LA LIBERTAD,FEMENINO,18 a 25,66
2024,ABRIL,LA LIBERTAD,FEMENINO,26 a 35,85
2024,ABRIL,LA LIBERTAD,FEMENINO,36 a 45,38
2024,ABRIL,LA LIBERTAD,FEMENINO,46 a 55,20
2024,ABRIL,LA LIBERTAD,FEMENINO,56 a mas,19
2024,ABRIL,LA LIBERTAD,MASCULINO,18 a 25,142
2024,ABRIL,LA LIBERTAD,MASCULINO,26 a 35,174
2024,ABRIL,LA LIBERTAD,MASCULINO,36 a 45,88
2024,ABRIL,LA LIBERTAD,MASCULINO,46 a 55,43
2024,ABRIL,LA LIBERTAD,MASCULINO,56 a mas,32
2024,ABRIL,LAMBAYEQUE,FEMENINO,18 a 25,69
2024,ABRIL,LAMBAYEQUE,FEMENINO,26 a 35,83
2024,ABRIL,LAMBAYEQUE,FEMENINO,36 a 45,34
2024,ABRIL,LAMBAYEQUE,FEMENINO,46 a 55,14
2024,ABRIL,LAMBAYEQUE,FEMENINO,56 a mas,7
2024,ABRIL,LAMBAYEQUE,MASCULINO,18 a 25,113
2024,ABRIL,LAMBAYEQUE,MASCULINO,26 a 35,157
2024,ABRIL,LAMBAYEQUE,MASCULINO,36 a 45,82
2024,ABRIL,LAMBAYEQUE,MASCULINO,46 a 55,39
2024,ABRIL,LAMBAYEQUE,MASCULINO,56 a mas,19
2024,ABRIL,LIMA,FEMENINO,18 a 25,938
2024,ABRIL,LIMA,FEMENINO,26 a 35,1164
2024,ABRIL,LIMA,FEMENINO,36 a 45,566
2024,ABRIL,LIMA,FEMENINO,46 a 55,329
2024,ABRIL,LIMA,FEMENINO,56 a mas,227
2024,ABRIL,LIMA,MASCULINO,18 a 25,1406
2024,ABRIL,LIMA,MASCULINO,26 a 35,2008
2024,ABRIL,LIMA,MASCULINO,36 a 45,1098
2024,ABRIL,LIMA,MASCULINO,46 a 55,541
2024,ABRIL,LIMA,MASCULINO,56 a mas,381
2024,ABRIL,LORETO,FEMENINO,18 a 25,94
2024,ABRIL,LORETO,FEMENINO,26 a 35,65
2024,ABRIL,LORETO,FEMENINO,36 a 45,27
2024,ABRIL,LORETO,FEMENINO,46 a 55,11
2024,ABRIL,LORETO,FEMENINO,56 a mas,19
2024,ABRIL,LORETO,MASCULINO,18 a 25,189
2024,ABRIL,LORETO,MASCULINO,26 a 35,165
2024,ABRIL,LORETO,MASCULINO,36 a 45,72
2024,ABRIL,LORETO,MASCULINO,46 a 55,47
2024,ABRIL,LORETO,MASCULINO,56 a mas,49
2024,ABRIL,MADRE DE DIOS,FEMENINO,18 a 25,18
2024,ABRIL,MADRE DE DIOS,FEMENINO,26 a 35,23
2024,ABRIL,MADRE DE DIOS,FEMENINO,36 a 45,8
2024,ABRIL,MADRE DE DIOS,FEMENINO,46 a 55,3
2024,ABRIL,MADRE DE DIOS,MASCULINO,18 a 25,13
2024,ABRIL,MADRE DE DIOS,MASCULINO,26 a 35,27
2024,ABRIL,MADRE DE DIOS,MASCULINO,36 a 45,15
2024,ABRIL,MADRE DE DIOS,MASCULINO,46 a 55,13
2024,ABRIL,MADRE DE DIOS,MASCULINO,56 a mas,5
2024,ABRIL,MEXICO,MASCULINO,36 a 45,1
2024,ABRIL,MOQUEGUA,FEMENINO,18 a 25,7
2024,ABRIL,MOQUEGUA,FEMENINO,26 a 35,17
2024,ABRIL,MOQUEGUA,FEMENINO,36 a 45,7
2024,ABRIL,MOQUEGUA,FEMENINO,46 a 55,7
2024,ABRIL,MOQUEGUA,FEMENINO,56 a mas,4
2024,ABRIL,MOQUEGUA,MASCULINO,18 a 25,17
2024,ABRIL,MOQUEGUA,MASCULINO,26 a 35,27
2024,ABRIL,MOQUEGUA,MASCULINO,36 a 45,7
2024,ABRIL,MOQUEGUA,MASCULINO,46 a 55,7
2024,ABRIL,MOQUEGUA,MASCULINO,56 a mas,7
2024,ABRIL,NUEVA ZELANDA,FEMENINO,26 a 35,1
2024,ABRIL,PASCO,FEMENINO,18 a 25,8
2024,ABRIL,PASCO,FEMENINO,26 a 35,12
2024,ABRIL,PASCO,FEMENINO,36 a 45,6
2024,ABRIL,PASCO,FEMENINO,46 a 55,1
2024,ABRIL,PASCO,FEMENINO,56 a mas,2
2024,ABRIL,PASCO,MASCULINO,18 a 25,27
2024,ABRIL,PASCO,MASCULINO,26 a 35,43
2024,ABRIL,PASCO,MASCULINO,36 a 45,16
2024,ABRIL,PASCO,MASCULINO,46 a 55,6
2024,ABRIL,PASCO,MASCULINO,56 a mas,6
2024,ABRIL,PIURA,FEMENINO,18 a 25,112
2024,ABRIL,PIURA,FEMENINO,26 a 35,131
2024,ABRIL,PIURA,FEMENINO,36 a 45,41
2024,ABRIL,PIURA,FEMENINO,46 a 55,21
2024,ABRIL,PIURA,FEMENINO,56 a mas,16
2024,ABRIL,PIURA,MASCULINO,18 a 25,229
2024,ABRIL,PIURA,MASCULINO,26 a 35,219
2024,ABRIL,PIURA,MASCULINO,36 a 45,113
2024,ABRIL,PIURA,MASCULINO,46 a 55,44
2024,ABRIL,PIURA,MASCULINO,56 a mas,22
2024,ABRIL,PORTUGAL,FEMENINO,46 a 55,1
2024,ABRIL,PUNO,FEMENINO,18 a 25,52
2024,ABRIL,PUNO,FEMENINO,26 a 35,70
2024,ABRIL,PUNO,FEMENINO,36 a 45,35
2024,ABRIL,PUNO,FEMENINO,46 a 55,16
2024,ABRIL,PUNO,FEMENINO,56 a mas,10
2024,ABRIL,PUNO,MASCULINO,18 a 25,119
2024,ABRIL,PUNO,MASCULINO,26 a 35,151
2024,ABRIL,PUNO,MASCULINO,36 a 45,68
2024,ABRIL,PUNO,MASCULINO,46 a 55,19
2024,ABRIL,PUNO,MASCULINO,56 a mas,11
2024,ABRIL,REPUBLICA DE PANAMA,FEMENINO,26 a 35,1
2024,ABRIL,REPUBLICA DE PANAMA,FEMENINO,56 a mas,1
2024,ABRIL,SAN MARTIN,FEMENINO,18 a 25,43
2024,ABRIL,SAN MARTIN,FEMENINO,26 a 35,28
2024,ABRIL,SAN MARTIN,FEMENINO,36 a 45,18
2024,ABRIL,SAN MARTIN,FEMENINO,46 a 55,6
2024,ABRIL,SAN MARTIN,FEMENINO,56 a mas,7
2024,ABRIL,SAN MARTIN,MASCULINO,18 a 25,65
2024,ABRIL,SAN MARTIN,MASCULINO,26 a 35,56
2024,ABRIL,SAN MARTIN,MASCULINO,36 a 45,34
2024,ABRIL,SAN MARTIN,MASCULINO,46 a 55,13
2024,ABRIL,SAN MARTIN,MASCULINO,56 a mas,14
2024,ABRIL,SUIZA,FEMENINO,36 a 45,1
2024,ABRIL,SUIZA,FEMENINO,56 a mas,1
2024,ABRIL,TACNA,FEMENINO,18 a 25,32
2024,ABRIL,TACNA,FEMENINO,26 a 35,26
2024,ABRIL,TACNA,FEMENINO,36 a 45,8
2024,ABRIL,TACNA,FEMENINO,46 a 55,10
2024,ABRIL,TACNA,FEMENINO,56 a mas,4
2024,ABRIL,TACNA,MASCULINO,18 a 25,38
2024,ABRIL,TACNA,MASCULINO,26 a 35,50
2024,ABRIL,TACNA,MASCULINO,36 a 45,41
2024,ABRIL,TACNA,MASCULINO,46 a 55,24
2024,ABRIL,TACNA,MASCULINO,56 a mas,15
2024,ABRIL,TUMBES,FEMENINO,18 a 25,24
2024,ABRIL,TUMBES,FEMENINO,26 a 35,24
2024,ABRIL,TUMBES,FEMENINO,36 a 45,8
2024,ABRIL,TUMBES,FEMENINO,46 a 55,8
2024,ABRIL,TUMBES,FEMENINO,56 a mas,7
2024,ABRIL,TUMBES,MASCULINO,18 a 25,47
2024,ABRIL,TUMBES,MASCULINO,26 a 35,56
2024,ABRIL,TUMBES,MASCULINO,36 a 45,34
2024,ABRIL,TUMBES,MASCULINO,46 a 55,21
2024,ABRIL,TUMBES,MASCULINO,56 a mas,12
2024,ABRIL,UCAYALI,FEMENINO,18 a 25,63
2024,ABRIL,UCAYALI,FEMENINO,26 a 35,46
2024,ABRIL,UCAYALI,FEMENINO,36 a 45,26
2024,ABRIL,UCAYALI,FEMENINO,46 a 55,21
2024,ABRIL,UCAYALI,FEMENINO,56 a mas,10
2024,ABRIL,UCAYALI,MASCULINO,18 a 25,86
2024,ABRIL,UCAYALI,MASCULINO,26 a 35,88
2024,ABRIL,UCAYALI,MASCULINO,36 a 45,49
2024,ABRIL,UCAYALI,MASCULINO,46 a 55,31
2024,ABRIL,UCAYALI,MASCULINO,56 a mas,21
2024,ABRIL,VENEZUELA,FEMENINO,56 a mas,1
2024,ABRIL,VENEZUELA,MASCULINO,46 a 55,1
2024,AGOSTO,AMAZONAS,FEMENINO,18 a 25,24
2024,AGOSTO,AMAZONAS,FEMENINO,26 a 35,19
2024,AGOSTO,AMAZONAS,FEMENINO,36 a 45,2
2024,AGOSTO,AMAZONAS,FEMENINO,46 a 55,1
2024,AGOSTO,AMAZONAS,FEMENINO,56 a mas,4
2024,AGOSTO,AMAZONAS,MASCULINO,18 a 25,34
2024,AGOSTO,AMAZONAS,MASCULINO,26 a 35,22
2024,AGOSTO,AMAZONAS,MASCULINO,36 a 45,16
2024,AGOSTO,AMAZONAS,MASCULINO,46 a 55,10
2024,AGOSTO,AMAZONAS,MASCULINO,56 a mas,7
2024,AGOSTO,ANCASH,FEMENINO,18 a 25,74
2024,AGOSTO,ANCASH,FEMENINO,26 a 35,66
2024,AGOSTO,ANCASH,FEMENINO,36 a 45,34
2024,AGOSTO,ANCASH,FEMENINO,46 a 55,22
2024,AGOSTO,ANCASH,FEMENINO,56 a mas,28
2024,AGOSTO,ANCASH,MASCULINO,18 a 25,113
2024,AGOSTO,ANCASH,MASCULINO,26 a 35,132
2024,AGOSTO,ANCASH,MASCULINO,36 a 45,70
2024,AGOSTO,ANCASH,MASCULINO,46 a 55,38
2024,AGOSTO,ANCASH,MASCULINO,56 a mas,31
2024,AGOSTO,APURIMAC,FEMENINO,18 a 25,35
2024,AGOSTO,APURIMAC,FEMENINO,26 a 35,40
2024,AGOSTO,APURIMAC,FEMENINO,36 a 45,24
2024,AGOSTO,APURIMAC,FEMENINO,46 a 55,9
2024,AGOSTO,APURIMAC,FEMENINO,56 a mas,14
2024,AGOSTO,APURIMAC,MASCULINO,18 a 25,89
2024,AGOSTO,APURIMAC,MASCULINO,26 a 35,88
2024,AGOSTO,APURIMAC,MASCULINO,36 a 45,42
2024,AGOSTO,APURIMAC,MASCULINO,46 a 55,22
2024,AGOSTO,APURIMAC,MASCULINO,56 a mas,17
2024,AGOSTO,AREQUIPA,FEMENINO,18 a 25,127
2024,AGOSTO,AREQUIPA,FEMENINO,26 a 35,141
2024,AGOSTO,AREQUIPA,FEMENINO,36 a 45,85
2024,AGOSTO,AREQUIPA,FEMENINO,46 a 55,54
2024,AGOSTO,AREQUIPA,FEMENINO,56 a mas,37
2024,AGOSTO,AREQUIPA,MASCULINO,18 a 25,200
2024,AGOSTO,AREQUIPA,MASCULINO,26 a 35,293
2024,AGOSTO,AREQUIPA,MASCULINO,36 a 45,161
2024,AGOSTO,AREQUIPA,MASCULINO,46 a 55,93
2024,AGOSTO,AREQUIPA,MASCULINO,56 a mas,60
2024,AGOSTO,ARGENTINA,FEMENINO,18 a 25,1
2024,AGOSTO,ARGENTINA,FEMENINO,36 a 45,3
2024,AGOSTO,ARGENTINA,FEMENINO,56 a mas,1
2024,AGOSTO,ARGENTINA,MASCULINO,18 a 25,1
2024,AGOSTO,ARGENTINA,MASCULINO,26 a 35,3
2024,AGOSTO,ARGENTINA,MASCULINO,36 a 45,5
2024,AGOSTO,ARGENTINA,MASCULINO,46 a 55,3
2024,AGOSTO,ARGENTINA,MASCULINO,56 a mas,1
2024,AGOSTO,AUSTRALIA,FEMENINO,36 a 45,1
2024,AGOSTO,AYACUCHO,FEMENINO,18 a 25,80
2024,AGOSTO,AYACUCHO,FEMENINO,26 a 35,74
2024,AGOSTO,AYACUCHO,FEMENINO,36 a 45,31
2024,AGOSTO,AYACUCHO,FEMENINO,46 a 55,14
2024,AGOSTO,AYACUCHO,FEMENINO,56 a mas,13
2024,AGOSTO,AYACUCHO,MASCULINO,18 a 25,130
2024,AGOSTO,AYACUCHO,MASCULINO,26 a 35,124
2024,AGOSTO,AYACUCHO,MASCULINO,36 a 45,68
2024,AGOSTO,AYACUCHO,MASCULINO,46 a 55,42
2024,AGOSTO,AYACUCHO,MASCULINO,56 a mas,20
2024,AGOSTO,BELGICA,FEMENINO,46 a 55,1
2024,AGOSTO,BOLIVIA,FEMENINO,56 a mas,1
2024,AGOSTO,BOLIVIA,MASCULINO,46 a 55,1
2024,AGOSTO,BRASIL,MASCULINO,36 a 45,2
2024,AGOSTO,BRASIL,MASCULINO,56 a mas,1
2024,AGOSTO,CAJAMARCA,FEMENINO,18 a 25,94
2024,AGOSTO,CAJAMARCA,FEMENINO,26 a 35,60
2024,AGOSTO,CAJAMARCA,FEMENINO,36 a 45,29
2024,AGOSTO,CAJAMARCA,FEMENINO,46 a 55,17
2024,AGOSTO,CAJAMARCA,FEMENINO,56 a mas,15
2024,AGOSTO,CAJAMARCA,MASCULINO,18 a 25,121
2024,AGOSTO,CAJAMARCA,MASCULINO,26 a 35,144
2024,AGOSTO,CAJAMARCA,MASCULINO,36 a 45,57
2024,AGOSTO,CAJAMARCA,MASCULINO,46 a 55,33
2024,AGOSTO,CAJAMARCA,MASCULINO,56 a mas,21
2024,AGOSTO,CALLAO,FEMENINO,18 a 25,140
2024,AGOSTO,CALLAO,FEMENINO,26 a 35,155
2024,AGOSTO,CALLAO,FEMENINO,36 a 45,66
2024,AGOSTO,CALLAO,FEMENINO,46 a 55,48
2024,AGOSTO,CALLAO,FEMENINO,56 a mas,33
2024,AGOSTO,CALLAO,MASCULINO,18 a 25,231
2024,AGOSTO,CALLAO,MASCULINO,26 a 35,269
2024,AGOSTO,CALLAO,MASCULINO,36 a 45,138
2024,AGOSTO,CALLAO,MASCULINO,46 a 55,69
2024,AGOSTO,CALLAO,MASCULINO,56 a mas,43
2024,AGOSTO,CANADA,FEMENINO,36 a 45,1
2024,AGOSTO,CANADA,MASCULINO,18 a 25,1
2024,AGOSTO,CANADA,MASCULINO,46 a 55,1
2024,AGOSTO,CHILE,FEMENINO,26 a 35,2
2024,AGOSTO,CHILE,FEMENINO,46 a 55,6
2024,AGOSTO,CHILE,FEMENINO,56 a mas,2
2024,AGOSTO,CHILE,MASCULINO,18 a 25,1
2024,AGOSTO,CHILE,MASCULINO,26 a 35,4
2024,AGOSTO,CHILE,MASCULINO,36 a 45,5
2024,AGOSTO,CHILE,MASCULINO,46 a 55,2
2024,AGOSTO,CHILE,MASCULINO,56 a mas,1
2024,AGOSTO,CUSCO,FEMENINO,18 a 25,146
2024,AGOSTO,CUSCO,FEMENINO,26 a 35,141
2024,AGOSTO,CUSCO,FEMENINO,36 a 45,55
2024,AGOSTO,CUSCO,FEMENINO,46 a 55,45
2024,AGOSTO,CUSCO,FEMENINO,56 a mas,38
2024,AGOSTO,CUSCO,MASCULINO,18 a 25,261
2024,AGOSTO,CUSCO,MASCULINO,26 a 35,274
2024,AGOSTO,CUSCO,MASCULINO,36 a 45,181
2024,AGOSTO,CUSCO,MASCULINO,46 a 55,75
2024,AGOSTO,CUSCO,MASCULINO,56 a mas,45
2024,AGOSTO,ESPAÑA,FEMENINO,26 a 35,5
2024,AGOSTO,ESPAÑA,FEMENINO,36 a 45,3
2024,AGOSTO,ESPAÑA,FEMENINO,46 a 55,6
2024,AGOSTO,ESPAÑA,FEMENINO,56 a mas,3
2024,AGOSTO,ESPAÑA,MASCULINO,18 a 25,3
2024,AGOSTO,ESPAÑA,MASCULINO,26 a 35,2
2024,AGOSTO,ESPAÑA,MASCULINO,36 a 45,2
2024,AGOSTO,ESPAÑA,MASCULINO,46 a 55,4
2024,AGOSTO,ESPAÑA,MASCULINO,56 a mas,2
2024,AGOSTO,ESTADOS UNIDOS DE AMERICA,FEMENINO,18 a 25,1
2024,AGOSTO,ESTADOS UNIDOS DE AMERICA,FEMENINO,26 a 35,3
2024,AGOSTO,ESTADOS UNIDOS DE AMERICA,FEMENINO,36 a 45,5
2024,AGOSTO,ESTADOS UNIDOS DE AMERICA,FEMENINO,46 a 55,11
2024,AGOSTO,ESTADOS UNIDOS DE AMERICA,FEMENINO,56 a mas,9
2024,AGOSTO,ESTADOS UNIDOS DE AMERICA,MASCULINO,18 a 25,1
2024,AGOSTO,ESTADOS UNIDOS DE AMERICA,MASCULINO,26 a 35,2
2024,AGOSTO,ESTADOS UNIDOS DE AMERICA,MASCULINO,36 a 45,6
2024,AGOSTO,ESTADOS UNIDOS DE AMERICA,MASCULINO,46 a 55,2
2024,AGOSTO,ESTADOS UNIDOS DE AMERICA,MASCULINO,56 a mas,7
2024,AGOSTO,FRANCIA,FEMENINO,26 a 35,1
2024,AGOSTO,FRANCIA,MASCULINO,36 a 45,1
2024,AGOSTO,FRANCIA,MASCULINO,46 a 55,1
2024,AGOSTO,GRAN BRETAÑA,FEMENINO,46 a 55,1
2024,AGOSTO,GRAN BRETAÑA,FEMENINO,56 a mas,1
2024,AGOSTO,GRAN BRETAÑA,MASCULINO,56 a mas,1
2024,AGOSTO,HOLANDA,FEMENINO,56 a mas,1
2024,AGOSTO,HUANCAVELICA,FEMENINO,18 a 25,34
2024,AGOSTO,HUANCAVELICA,FEMENINO,26 a 35,34
2024,AGOSTO,HUANCAVELICA,FEMENINO,36 a 45,16
2024,AGOSTO,HUANCAVELICA,FEMENINO,46 a 55,11
2024,AGOSTO,HUANCAVELICA,FEMENINO,56 a mas,7
2024,AGOSTO,HUANCAVELICA,MASCULINO,18 a 25,91
2024,AGOSTO,HUANCAVELICA,MASCULINO,26 a 35,71
2024,AGOSTO,HUANCAVELICA,MASCULINO,36 a 45,28
2024,AGOSTO,HUANCAVELICA,MASCULINO,46 a 55,21
2024,AGOSTO,HUANCAVELICA,MASCULINO,56 a mas,6
2024,AGOSTO,HUANUCO,FEMENINO,18 a 25,65
2024,AGOSTO,HUANUCO,FEMENINO,26 a 35,60
2024,AGOSTO,HUANUCO,FEMENINO,36 a 45,30
2024,AGOSTO,HUANUCO,FEMENINO,46 a 55,14
2024,AGOSTO,HUANUCO,FEMENINO,56 a mas,15
2024,AGOSTO,HUANUCO,MASCULINO,18 a 25,98
2024,AGOSTO,HUANUCO,MASCULINO,26 a 35,108
2024,AGOSTO,HUANUCO,MASCULINO,36 a 45,54
2024,AGOSTO,HUANUCO,MASCULINO,46 a 55,25
2024,AGOSTO,HUANUCO,MASCULINO,56 a mas,16
2024,AGOSTO,ICA,FEMENINO,18 a 25,78
2024,AGOSTO,ICA,FEMENINO,26 a 35,97
2024,AGOSTO,ICA,FEMENINO,36 a 45,39
2024,AGOSTO,ICA,FEMENINO,46 a 55,25
2024,AGOSTO,ICA,FEMENINO,56 a mas,12
2024,AGOSTO,ICA,MASCULINO,18 a 25,130
2024,AGOSTO,ICA,MASCULINO,26 a 35,175
2024,AGOSTO,ICA,MASCULINO,36 a 45,75
2024,AGOSTO,ICA,MASCULINO,46 a 55,47
2024,AGOSTO,ICA,MASCULINO,56 a mas,34
2024,AGOSTO,ISRAEL,FEMENINO,46 a 55,1
2024,AGOSTO,ISRAEL,FEMENINO,56 a mas,1
2024,AGOSTO,ITALIA,FEMENINO,26 a 35,1
2024,AGOSTO,ITALIA,FEMENINO,46 a 55,2
2024,AGOSTO,ITALIA,FEMENINO,56 a mas,4
2024,AGOSTO,ITALIA,MASCULINO,26 a 35,2
2024,AGOSTO,ITALIA,MASCULINO,36 a 45,3
2024,AGOSTO,ITALIA,MASCULINO,46 a 55,2
2024,AGOSTO,ITALIA,MASCULINO,56 a mas,2
2024,AGOSTO,JAPON,MASCULINO,46 a 55,1
2024,AGOSTO,JUNIN,FEMENINO,18 a 25,136
2024,AGOSTO,JUNIN,FEMENINO,26 a 35,113
2024,AGOSTO,JUNIN,FEMENINO,36 a 45,43
2024,AGOSTO,JUNIN,FEMENINO,46 a 55,33
2024,AGOSTO,JUNIN,FEMENINO,56 a mas,23
2024,AGOSTO,JUNIN,MASCULINO,18 a 25,168
2024,AGOSTO,JUNIN,MASCULINO,26 a 35,228
2024,AGOSTO,JUNIN,MASCULINO,36 a 45,97
2024,AGOSTO,JUNIN,MASCULINO,46 a 55,61
2024,AGOSTO,JUNIN,MASCULINO,56 a mas,33
2024,AGOSTO,LA LIBERTAD,FEMENINO,18 a 25,120
2024,AGOSTO,LA LIBERTAD,FEMENINO,26 a 35,126
2024,AGOSTO,LA LIBERTAD,FEMENINO,36 a 45,59
2024,AGOSTO,LA LIBERTAD,FEMENINO,46 a 55,35
2024,AGOSTO,LA LIBERTAD,FEMENINO,56 a mas,29
2024,AGOSTO,LA LIBERTAD,MASCULINO,18 a 25,200
2024,AGOSTO,LA LIBERTAD,MASCULINO,26 a 35,257
2024,AGOSTO,LA LIBERTAD,MASCULINO,36 a 45,124
2024,AGOSTO,LA LIBERTAD,MASCULINO,46 a 55,73
2024,AGOSTO,LA LIBERTAD,MASCULINO,56 a mas,51
2024,AGOSTO,LAMBAYEQUE,FEMENINO,18 a 25,103
2024,AGOSTO,LAMBAYEQUE,FEMENINO,26 a 35,113
2024,AGOSTO,LAMBAYEQUE,FEMENINO,36 a 45,52
2024,AGOSTO,LAMBAYEQUE,FEMENINO,46 a 55,28
2024,AGOSTO,LAMBAYEQUE,FEMENINO,56 a mas,29
2024,AGOSTO,LAMBAYEQUE,MASCULINO,18 a 25,150
2024,AGOSTO,LAMBAYEQUE,MASCULINO,26 a 35,189
2024,AGOSTO,LAMBAYEQUE,MASCULINO,36 a 45,84
2024,AGOSTO,LAMBAYEQUE,MASCULINO,46 a 55,52
2024,AGOSTO,LAMBAYEQUE,MASCULINO,56 a mas,22
2024,AGOSTO,LIMA,FEMENINO,18 a 25,1073
2024,AGOSTO,LIMA,FEMENINO,26 a 35,1225
2024,AGOSTO,LIMA,FEMENINO,36 a 45,613
2024,AGOSTO,LIMA,FEMENINO,46 a 55,425
2024,AGOSTO,LIMA,FEMENINO,56 a mas,355
2024,AGOSTO,LIMA,MASCULINO,18 a 25,1584
2024,AGOSTO,LIMA,MASCULINO,26 a 35,2191
2024,AGOSTO,LIMA,MASCULINO,36 a 45,1341
2024,AGOSTO,LIMA,MASCULINO,46 a 55,703
2024,AGOSTO,LIMA,MASCULINO,56 a mas,482
2024,AGOSTO,LORETO,FEMENINO,18 a 25,132
2024,AGOSTO,LORETO,FEMENINO,26 a 35,119
2024,AGOSTO,LORETO,FEMENINO,36 a 45,58
2024,AGOSTO,LORETO,FEMENINO,46 a 55,29
2024,AGOSTO,LORETO,FEMENINO,56 a mas,37
2024,AGOSTO,LORETO,MASCULINO,18 a 25,237
2024,AGOSTO,LORETO,MASCULINO,26 a 35,210
2024,AGOSTO,LORETO,MASCULINO,36 a 45,129
2024,AGOSTO,LORETO,MASCULINO,46 a 55,81
2024,AGOSTO,LORETO,MASCULINO,56 a mas,66
2024,AGOSTO,MADRE DE DIOS,FEMENINO,18 a 25,34
2024,AGOSTO,MADRE DE DIOS,FEMENINO,26 a 35,29
2024,AGOSTO,MADRE DE DIOS,FEMENINO,36 a 45,19
2024,AGOSTO,MADRE DE DIOS,FEMENINO,46 a 55,5
2024,AGOSTO,MADRE DE DIOS,FEMENINO,56 a mas,4
2024,AGOSTO,MADRE DE DIOS,MASCULINO,18 a 25,48
2024,AGOSTO,MADRE DE DIOS,MASCULINO,26 a 35,47
2024,AGOSTO,MADRE DE DIOS,MASCULINO,36 a 45,29
2024,AGOSTO,MADRE DE DIOS,MASCULINO,46 a 55,17
2024,AGOSTO,MADRE DE DIOS,MASCULINO,56 a mas,8
2024,AGOSTO,MEXICO,MASCULINO,56 a mas,1
2024,AGOSTO,MOQUEGUA,FEMENINO,18 a 25,13
2024,AGOSTO,MOQUEGUA,FEMENINO,26 a 35,18
2024,AGOSTO,MOQUEGUA,FEMENINO,36 a 45,11
2024,AGOSTO,MOQUEGUA,FEMENINO,46 a 55,8
2024,AGOSTO,MOQUEGUA,FEMENINO,56 a mas,2
2024,AGOSTO,MOQUEGUA,MASCULINO,18 a 25,26
2024,AGOSTO,MOQUEGUA,MASCULINO,26 a 35,43
2024,AGOSTO,MOQUEGUA,MASCULINO,36 a 45,23
2024,AGOSTO,MOQUEGUA,MASCULINO,46 a 55,15
2024,AGOSTO,MOQUEGUA,MASCULINO,56 a mas,6
2024,AGOSTO,PASCO,FEMENINO,18 a 25,25
2024,AGOSTO,PASCO,FEMENINO,26 a 35,13
2024,AGOSTO,PASCO,FEMENINO,36 a 45,14
2024,AGOSTO,PASCO,FEMENINO,46 a 55,3
2024,AGOSTO,PASCO,FEMENINO,56 a mas,1
2024,AGOSTO,PASCO,MASCULINO,18 a 25,31
2024,AGOSTO,PASCO,MASCULINO,26 a 35,46
2024,AGOSTO,PASCO,MASCULINO,36 a 45,40
2024,AGOSTO,PASCO,MASCULINO,46 a 55,11
2024,AGOSTO,PASCO,MASCULINO,56 a mas,3
2024,AGOSTO,PIURA,FEMENINO,18 a 25,234
2024,AGOSTO,PIURA,FEMENINO,26 a 35,225
2024,AGOSTO,PIURA,FEMENINO,36 a 45,118
2024,AGOSTO,PIURA,FEMENINO,46 a 55,70
2024,AGOSTO,PIURA,FEMENINO,56 a mas,48
2024,AGOSTO,PIURA,MASCULINO,18 a 25,265
2024,AGOSTO,PIURA,MASCULINO,26 a 35,263
2024,AGOSTO,PIURA,MASCULINO,36 a 45,146
2024,AGOSTO,PIURA,MASCULINO,46 a 55,85
2024,AGOSTO,PIURA,MASCULINO,56 a mas,37
2024,AGOSTO,PUNO,FEMENINO,18 a 25,119
2024,AGOSTO,PUNO,FEMENINO,26 a 35,112
2024,AGOSTO,PUNO,FEMENINO,36 a 45,46
2024,AGOSTO,PUNO,FEMENINO,46 a 55,21
2024,AGOSTO,PUNO,FEMENINO,56 a mas,18
2024,AGOSTO,PUNO,MASCULINO,18 a 25,219
2024,AGOSTO,PUNO,MASCULINO,26 a 35,209
2024,AGOSTO,PUNO,MASCULINO,36 a 45,113
2024,AGOSTO,PUNO,MASCULINO,46 a 55,51
2024,AGOSTO,PUNO,MASCULINO,56 a mas,26
2024,AGOSTO,REPUBLICA DOMINICANA,FEMENINO,26 a 35,1
2024,AGOSTO,RUSIA,MASCULINO,26 a 35,1
2024,AGOSTO,SAN MARTIN,FEMENINO,18 a 25,72
2024,AGOSTO,SAN MARTIN,FEMENINO,26 a 35,43
2024,AGOSTO,SAN MARTIN,FEMENINO,36 a 45,27
2024,AGOSTO,SAN MARTIN,FEMENINO,46 a 55,15
2024,AGOSTO,SAN MARTIN,FEMENINO,56 a mas,15
2024,AGOSTO,SAN MARTIN,MASCULINO,18 a 25,95
2024,AGOSTO,SAN MARTIN,MASCULINO,26 a 35,95
2024,AGOSTO,SAN MARTIN,MASCULINO,36 a 45,54
2024,AGOSTO,SAN MARTIN,MASCULINO,46 a 55,36
2024,AGOSTO,SAN MARTIN,MASCULINO,56 a mas,23
2024,AGOSTO,SUECIA,FEMENINO,46 a 55,1
2024,AGOSTO,SUECIA,MASCULINO,46 a 55,1
2024,AGOSTO,SUIZA,FEMENINO,46 a 55,1
2024,AGOSTO,SUIZA,MASCULINO,56 a mas,1
2024,AGOSTO,TACNA,FEMENINO,18 a 25,24
2024,AGOSTO,TACNA,FEMENINO,26 a 35,19
2024,AGOSTO,TACNA,FEMENINO,36 a 45,15
2024,AGOSTO,TACNA,FEMENINO,46 a 55,13
2024,AGOSTO,TACNA,FEMENINO,56 a mas,6
2024,AGOSTO,TACNA,MASCULINO,18 a 25,42
2024,AGOSTO,TACNA,MASCULINO,26 a 35,45
2024,AGOSTO,TACNA,MASCULINO,36 a 45,26
2024,AGOSTO,TACNA,MASCULINO,46 a 55,20
2024,AGOSTO,TACNA,MASCULINO,56 a mas,15
2024,AGOSTO,TUMBES,FEMENINO,18 a 25,39
2024,AGOSTO,TUMBES,FEMENINO,26 a 35,52
2024,AGOSTO,TUMBES,FEMENINO,36 a 45,16
2024,AGOSTO,TUMBES,FEMENINO,46 a 55,17
2024,AGOSTO,TUMBES,FEMENINO,56 a mas,4
2024,AGOSTO,TUMBES,MASCULINO,18 a 25,82
2024,AGOSTO,TUMBES,MASCULINO,26 a 35,81
2024,AGOSTO,TUMBES,MASCULINO,36 a 45,71
2024,AGOSTO,TUMBES,MASCULINO,46 a 55,45
2024,AGOSTO,TUMBES,MASCULINO,56 a mas,25
2024,AGOSTO,UCAYALI,FEMENINO,18 a 25,68
2024,AGOSTO,UCAYALI,FEMENINO,26 a 35,52
2024,AGOSTO,UCAYALI,FEMENINO,36 a 45,30
2024,AGOSTO,UCAYALI,FEMENINO,46 a 55,17
2024,AGOSTO,UCAYALI,FEMENINO,56 a mas,17
2024,AGOSTO,UCAYALI,MASCULINO,18 a 25,80
2024,AGOSTO,UCAYALI,MASCULINO,26 a 35,116
2024,AGOSTO,UCAYALI,MASCULINO,36 a 45,77
2024,AGOSTO,UCAYALI,MASCULINO,46 a 55,33
2024,AGOSTO,UCAYALI,MASCULINO,56 a mas,24
2024,DICIEMBRE,ALEMANIA,FEMENINO,36 a 45,1
2024,DICIEMBRE,AMAZONAS,FEMENINO,18 a 25,24
2024,DICIEMBRE,AMAZONAS,FEMENINO,26 a 35,23
2024,DICIEMBRE,AMAZONAS,FEMENINO,36 a 45,8
2024,DICIEMBRE,AMAZONAS,FEMENINO,46 a 55,3
2024,DICIEMBRE,AMAZONAS,FEMENINO,56 a mas,8
2024,DICIEMBRE,AMAZONAS,MASCULINO,18 a 25,29
2024,DICIEMBRE,AMAZONAS,MASCULINO,26 a 35,29
2024,DICIEMBRE,AMAZONAS,MASCULINO,36 a 45,16
2024,DICIEMBRE,AMAZONAS,MASCULINO,46 a 55,8
2024,DICIEMBRE,AMAZONAS,MASCULINO,56 a mas,5
2024,DICIEMBRE,ANCASH,FEMENINO,18 a 25,90
2024,DICIEMBRE,ANCASH,FEMENINO,26 a 35,99
2024,DICIEMBRE,ANCASH,FEMENINO,36 a 45,41
2024,DICIEMBRE,ANCASH,FEMENINO,46 a 55,17
2024,DICIEMBRE,ANCASH,FEMENINO,56 a mas,24
2024,DICIEMBRE,ANCASH,MASCULINO,18 a 25,140
2024,DICIEMBRE,ANCASH,MASCULINO,26 a 35,136
2024,DICIEMBRE,ANCASH,MASCULINO,36 a 45,77
2024,DICIEMBRE,ANCASH,MASCULINO,46 a 55,44
2024,DICIEMBRE,ANCASH,MASCULINO,56 a mas,29
2024,DICIEMBRE,APURIMAC,FEMENINO,18 a 25,37
2024,DICIEMBRE,APURIMAC,FEMENINO,26 a 35,45
2024,DICIEMBRE,APURIMAC,FEMENINO,36 a 45,21
2024,DICIEMBRE,APURIMAC,FEMENINO,46 a 55,12
2024,DICIEMBRE,APURIMAC,FEMENINO,56 a mas,7
2024,DICIEMBRE,APURIMAC,MASCULINO,18 a 25,90
2024,DICIEMBRE,APURIMAC,MASCULINO,26 a 35,108
2024,DICIEMBRE,APURIMAC,MASCULINO,36 a 45,67
2024,DICIEMBRE,APURIMAC,MASCULINO,46 a 55,26
2024,DICIEMBRE,APURIMAC,MASCULINO,56 a mas,10
2024,DICIEMBRE,AREQUIPA,FEMENINO,18 a 25,142
2024,DICIEMBRE,AREQUIPA,FEMENINO,26 a 35,164
2024,DICIEMBRE,AREQUIPA,FEMENINO,36 a 45,69
2024,DICIEMBRE,AREQUIPA,FEMENINO,46 a 55,64
2024,DICIEMBRE,AREQUIPA,FEMENINO,56 a mas,46
2024,DICIEMBRE,AREQUIPA,MASCULINO,18 a 25,197
2024,DICIEMBRE,AREQUIPA,MASCULINO,26 a 35,270
2024,DICIEMBRE,AREQUIPA,MASCULINO,36 a 45,175
2024,DICIEMBRE,AREQUIPA,MASCULINO,46 a 55,99
2024,DICIEMBRE,AREQUIPA,MASCULINO,56 a mas,63
2024,DICIEMBRE,ARGENTINA,FEMENINO,36 a 45,2
2024,DICIEMBRE,ARGENTINA,FEMENINO,46 a 55,2
2024,DICIEMBRE,ARGENTINA,FEMENINO,56 a mas,2
2024,DICIEMBRE,ARGENTINA,MASCULINO,26 a 35,2
2024,DICIEMBRE,ARGENTINA,MASCULINO,36 a 45,3
2024,DICIEMBRE,ARGENTINA,MASCULINO,46 a 55,1
2024,DICIEMBRE,ARGENTINA,MASCULINO,56 a mas,1
2024,DICIEMBRE,AUSTRALIA,FEMENINO,36 a 45,1
2024,DICIEMBRE,AUSTRALIA,MASCULINO,18 a 25,1
2024,DICIEMBRE,AUSTRALIA,MASCULINO,36 a 45,2
2024,DICIEMBRE,AUSTRALIA,MASCULINO,56 a mas,1
2024,DICIEMBRE,AYACUCHO,FEMENINO,18 a 25,90
2024,DICIEMBRE,AYACUCHO,FEMENINO,26 a 35,61
2024,DICIEMBRE,AYACUCHO,FEMENINO,36 a 45,36
2024,DICIEMBRE,AYACUCHO,FEMENINO,46 a 55,20
2024,DICIEMBRE,AYACUCHO,FEMENINO,56 a mas,17
2024,DICIEMBRE,AYACUCHO,MASCULINO,18 a 25,122
2024,DICIEMBRE,AYACUCHO,MASCULINO,26 a 35,112
2024,DICIEMBRE,AYACUCHO,MASCULINO,36 a 45,61
2024,DICIEMBRE,AYACUCHO,MASCULINO,46 a 55,33
2024,DICIEMBRE,AYACUCHO,MASCULINO,56 a mas,20
2024,DICIEMBRE,BRASIL,FEMENINO,26 a 35,1
2024,DICIEMBRE,BRASIL,FEMENINO,46 a 55,1
2024,DICIEMBRE,BRASIL,MASCULINO,18 a 25,1
2024,DICIEMBRE,BRASIL,MASCULINO,26 a 35,1
2024,DICIEMBRE,BRASIL,MASCULINO,36 a 45,3
2024,DICIEMBRE,BRASIL,MASCULINO,46 a 55,2
2024,DICIEMBRE,BRASIL,MASCULINO,56 a mas,1
2024,DICIEMBRE,CAJAMARCA,FEMENINO,18 a 25,113
2024,DICIEMBRE,CAJAMARCA,FEMENINO,26 a 35,76
2024,DICIEMBRE,CAJAMARCA,FEMENINO,36 a 45,37
2024,DICIEMBRE,CAJAMARCA,FEMENINO,46 a 55,21
2024,DICIEMBRE,CAJAMARCA,FEMENINO,56 a mas,21
2024,DICIEMBRE,CAJAMARCA,MASCULINO,18 a 25,140
2024,DICIEMBRE,CAJAMARCA,MASCULINO,26 a 35,120
2024,DICIEMBRE,CAJAMARCA,MASCULINO,36 a 45,70
2024,DICIEMBRE,CAJAMARCA,MASCULINO,46 a 55,49
2024,DICIEMBRE,CAJAMARCA,MASCULINO,56 a mas,19
2024,DICIEMBRE,CALLAO,FEMENINO,18 a 25,153
2024,DICIEMBRE,CALLAO,FEMENINO,26 a 35,141
2024,DICIEMBRE,CALLAO,FEMENINO,36 a 45,92
2024,DICIEMBRE,CALLAO,FEMENINO,46 a 55,36
2024,DICIEMBRE,CALLAO,FEMENINO,56 a mas,24
2024,DICIEMBRE,CALLAO,MASCULINO,18 a 25,209
2024,DICIEMBRE,CALLAO,MASCULINO,26 a 35,237
2024,DICIEMBRE,CALLAO,MASCULINO,36 a 45,165
2024,DICIEMBRE,CALLAO,MASCULINO,46 a 55,91
2024,DICIEMBRE,CALLAO,MASCULINO,56 a mas,61
2024,DICIEMBRE,CANADA,FEMENINO,26 a 35,1
2024,DICIEMBRE,CANADA,FEMENINO,36 a 45,2
2024,DICIEMBRE,CHILE,FEMENINO,26 a 35,3
2024,DICIEMBRE,CHILE,FEMENINO,36 a 45,3
2024,DICIEMBRE,CHILE,FEMENINO,46 a 55,2
2024,DICIEMBRE,CHILE,FEMENINO,56 a mas,3
2024,DICIEMBRE,CHILE,MASCULINO,26 a 35,3
2024,DICIEMBRE,CHILE,MASCULINO,36 a 45,3
2024,DICIEMBRE,CHILE,MASCULINO,56 a mas,3
2024,DICIEMBRE,COLOMBIA,MASCULINO,46 a 55,1
2024,DICIEMBRE,COSTA RICA,FEMENINO,36 a 45,1
2024,DICIEMBRE,COSTA RICA,MASCULINO,18 a 25,1
2024,DICIEMBRE,CUSCO,FEMENINO,18 a 25,195
2024,DICIEMBRE,CUSCO,FEMENINO,26 a 35,184
2024,DICIEMBRE,CUSCO,FEMENINO,36 a 45,92
2024,DICIEMBRE,CUSCO,FEMENINO,46 a 55,56
2024,DICIEMBRE,CUSCO,FEMENINO,56 a mas,44
2024,DICIEMBRE,CUSCO,MASCULINO,18 a 25,351
2024,DICIEMBRE,CUSCO,MASCULINO,26 a 35,346
2024,DICIEMBRE,CUSCO,MASCULINO,36 a 45,200
2024,DICIEMBRE,CUSCO,MASCULINO,46 a 55,98
2024,DICIEMBRE,CUSCO,MASCULINO,56 a mas,69
2024,DICIEMBRE,ESPAÑA,FEMENINO,26 a 35,4
2024,DICIEMBRE,ESPAÑA,FEMENINO,36 a 45,2
2024,DICIEMBRE,ESPAÑA,FEMENINO,46 a 55,6
2024,DICIEMBRE,ESPAÑA,FEMENINO,56 a mas,4
2024,DICIEMBRE,ESPAÑA,MASCULINO,18 a 25,1
2024,DICIEMBRE,ESPAÑA,MASCULINO,26 a 35,4
2024,DICIEMBRE,ESPAÑA,MASCULINO,36 a 45,1
2024,DICIEMBRE,ESPAÑA,MASCULINO,46 a 55,3
2024,DICIEMBRE,ESPAÑA,MASCULINO,56 a mas,1
2024,DICIEMBRE,ESTADOS UNIDOS DE AMERICA,FEMENINO,18 a 25,2
2024,DICIEMBRE,ESTADOS UNIDOS DE AMERICA,FEMENINO,26 a 35,2
2024,DICIEMBRE,ESTADOS UNIDOS DE AMERICA,FEMENINO,36 a 45,1
2024,DICIEMBRE,ESTADOS UNIDOS DE AMERICA,FEMENINO,46 a 55,9
2024,DICIEMBRE,ESTADOS UNIDOS DE AMERICA,FEMENINO,56 a mas,4
2024,DICIEMBRE,ESTADOS UNIDOS DE AMERICA,MASCULINO,18 a 25,3
2024,DICIEMBRE,ESTADOS UNIDOS DE AMERICA,MASCULINO,26 a 35,4
2024,DICIEMBRE,ESTADOS UNIDOS DE AMERICA,MASCULINO,36 a 45,3
2024,DICIEMBRE,ESTADOS UNIDOS DE AMERICA,MASCULINO,46 a 55,4
2024,DICIEMBRE,ESTADOS UNIDOS DE AMERICA,MASCULINO,56 a mas,5
2024,DICIEMBRE,FRANCIA,MASCULINO,18 a 25,1
2024,DICIEMBRE,GRAN BRETAÑA,MASCULINO,56 a mas,1
2024,DICIEMBRE,HUANCAVELICA,FEMENINO,18 a 25,31
2024,DICIEMBRE,HUANCAVELICA,FEMENINO,26 a 35,17
2024,DICIEMBRE,HUANCAVELICA,FEMENINO,36 a 45,8
2024,DICIEMBRE,HUANCAVELICA,FEMENINO,46 a 55,6
2024,DICIEMBRE,HUANCAVELICA,FEMENINO,56 a mas,6
2024,DICIEMBRE,HUANCAVELICA,MASCULINO,18 a 25,66
2024,DICIEMBRE,HUANCAVELICA,MASCULINO,26 a 35,63
2024,DICIEMBRE,HUANCAVELICA,MASCULINO,36 a 45,17
2024,DICIEMBRE,HUANCAVELICA,MASCULINO,46 a 55,7
2024,DICIEMBRE,HUANCAVELICA,MASCULINO,56 a mas,1
2024,DICIEMBRE,HUANUCO,FEMENINO,18 a 25,84
2024,DICIEMBRE,HUANUCO,FEMENINO,26 a 35,67
2024,DICIEMBRE,HUANUCO,FEMENINO,36 a 45,32
2024,DICIEMBRE,HUANUCO,FEMENINO,46 a 55,12
2024,DICIEMBRE,HUANUCO,FEMENINO,56 a mas,16
2024,DICIEMBRE,HUANUCO,MASCULINO,18 a 25,122
2024,DICIEMBRE,HUANUCO,MASCULINO,26 a 35,139
2024,DICIEMBRE,HUANUCO,MASCULINO,36 a 45,71
2024,DICIEMBRE,HUANUCO,MASCULINO,46 a 55,28
2024,DICIEMBRE,HUANUCO,MASCULINO,56 a mas,26
2024,DICIEMBRE,ICA,FEMENINO,18 a 25,109
2024,DICIEMBRE,ICA,FEMENINO,26 a 35,120
2024,DICIEMBRE,ICA,FEMENINO,36 a 45,50
2024,DICIEMBRE,ICA,FEMENINO,46 a 55,28
2024,DICIEMBRE,ICA,FEMENINO,56 a mas,17
2024,DICIEMBRE,ICA,MASCULINO,18 a 25,157
2024,DICIEMBRE,ICA,MASCULINO,26 a 35,192
2024,DICIEMBRE,ICA,MASCULINO,36 a 45,99
2024,DICIEMBRE,ICA,MASCULINO,46 a 55,52
2024,DICIEMBRE,ICA,MASCULINO,56 a mas,25
2024,DICIEMBRE,ITALIA,FEMENINO,26 a 35,2
2024,DICIEMBRE,ITALIA,FEMENINO,36 a 45,1
2024,DICIEMBRE,ITALIA,FEMENINO,46 a 55,7
2024,DICIEMBRE,ITALIA,MASCULINO,26 a 35,1
2024,DICIEMBRE,ITALIA,MASCULINO,36 a 45,1
2024,DICIEMBRE,ITALIA,MASCULINO,56 a mas,2
2024,DICIEMBRE,JAPON,MASCULINO,36 a 45,1
2024,DICIEMBRE,JAPON,MASCULINO,46 a 55,2
2024,DICIEMBRE,JUNIN,FEMENINO,18 a 25,126
2024,DICIEMBRE,JUNIN,FEMENINO,26 a 35,94
2024,DICIEMBRE,JUNIN,FEMENINO,36 a 45,50
2024,DICIEMBRE,JUNIN,FEMENINO,46 a 55,23
2024,DICIEMBRE,JUNIN,FEMENINO,56 a mas,27
2024,DICIEMBRE,JUNIN,MASCULINO,18 a 25,175
2024,DICIEMBRE,JUNIN,MASCULINO,26 a 35,182
2024,DICIEMBRE,JUNIN,MASCULINO,36 a 45,101
2024,DICIEMBRE,JUNIN,MASCULINO,46 a 55,55
2024,DICIEMBRE,JUNIN,MASCULINO,56 a mas,32
2024,DICIEMBRE,LA LIBERTAD,FEMENINO,18 a 25,120
2024,DICIEMBRE,LA LIBERTAD,FEMENINO,26 a 35,150
2024,DICIEMBRE,LA LIBERTAD,FEMENINO,36 a 45,68
2024,DICIEMBRE,LA LIBERTAD,FEMENINO,46 a 55,42
2024,DICIEMBRE,LA LIBERTAD,FEMENINO,56 a mas,28
2024,DICIEMBRE,LA LIBERTAD,MASCULINO,18 a 25,193
2024,DICIEMBRE,LA LIBERTAD,MASCULINO,26 a 35,263
2024,DICIEMBRE,LA LIBERTAD,MASCULINO,36 a 45,146
2024,DICIEMBRE,LA LIBERTAD,MASCULINO,46 a 55,54
2024,DICIEMBRE,LA LIBERTAD,MASCULINO,56 a mas,47
2024,DICIEMBRE,LAMBAYEQUE,FEMENINO,18 a 25,164
2024,DICIEMBRE,LAMBAYEQUE,FEMENINO,26 a 35,166
2024,DICIEMBRE,LAMBAYEQUE,FEMENINO,36 a 45,82
2024,DICIEMBRE,LAMBAYEQUE,FEMENINO,46 a 55,36
2024,DICIEMBRE,LAMBAYEQUE,FEMENINO,56 a mas,30
2024,DICIEMBRE,LAMBAYEQUE,MASCULINO,18 a 25,239
2024,DICIEMBRE,LAMBAYEQUE,MASCULINO,26 a 35,235
2024,DICIEMBRE,LAMBAYEQUE,MASCULINO,36 a 45,125
2024,DICIEMBRE,LAMBAYEQUE,MASCULINO,46 a 55,71
2024,DICIEMBRE,LAMBAYEQUE,MASCULINO,56 a mas,37
2024,DICIEMBRE,LIMA,FEMENINO,0 a 17,2
2024,DICIEMBRE,LIMA,FEMENINO,18 a 25,1041
2024,DICIEMBRE,LIMA,FEMENINO,26 a 35,1186
2024,DICIEMBRE,LIMA,FEMENINO,36 a 45,656
2024,DICIEMBRE,LIMA,FEMENINO,46 a 55,377
2024,DICIEMBRE,LIMA,FEMENINO,56 a mas,339
2024,DICIEMBRE,LIMA,MASCULINO,0 a 17,1
2024,DICIEMBRE,LIMA,MASCULINO,18 a 25,1571
2024,DICIEMBRE,LIMA,MASCULINO,26 a 35,2090
2024,DICIEMBRE,LIMA,MASCULINO,36 a 45,1286
2024,DICIEMBRE,LIMA,MASCULINO,46 a 55,760
2024,DICIEMBRE,LIMA,MASCULINO,56 a mas,523
2024,DICIEMBRE,LORETO,FEMENINO,18 a 25,136
2024,DICIEMBRE,LORETO,FEMENINO,26 a 35,101
2024,DICIEMBRE,LORETO,FEMENINO,36 a 45,53
2024,DICIEMBRE,LORETO,FEMENINO,46 a 55,48
2024,DICIEMBRE,LORETO,FEMENINO,56 a mas,31
2024,DICIEMBRE,LORETO,MASCULINO,18 a 25,254
2024,DICIEMBRE,LORETO,MASCULINO,26 a 35,229
2024,DICIEMBRE,LORETO,MASCULINO,36 a 45,149
2024,DICIEMBRE,LORETO,MASCULINO,46 a 55,73
2024,DICIEMBRE,LORETO,MASCULINO,56 a mas,59
2024,DICIEMBRE,MADRE DE DIOS,FEMENINO,18 a 25,46
2024,DICIEMBRE,MADRE DE DIOS,FEMENINO,26 a 35,49
2024,DICIEMBRE,MADRE DE DIOS,FEMENINO,36 a 45,33
2024,DICIEMBRE,MADRE DE DIOS,FEMENINO,46 a 55,13
2024,DICIEMBRE,MADRE DE DIOS,FEMENINO,56 a mas,8
2024,DICIEMBRE,MADRE DE DIOS,MASCULINO,18 a 25,59
2024,DICIEMBRE,MADRE DE DIOS,MASCULINO,26 a 35,79
2024,DICIEMBRE,MADRE DE DIOS,MASCULINO,36 a 45,58
2024,DICIEMBRE,MADRE DE DIOS,MASCULINO,46 a 55,26
2024,DICIEMBRE,MADRE DE DIOS,MASCULINO,56 a mas,15
2024,DICIEMBRE,MEXICO,FEMENINO,26 a 35,1
2024,DICIEMBRE,MOQUEGUA,FEMENINO,18 a 25,18
2024,DICIEMBRE,MOQUEGUA,FEMENINO,26 a 35,25
2024,DICIEMBRE,MOQUEGUA,FEMENINO,36 a 45,18
2024,DICIEMBRE,MOQUEGUA,FEMENINO,46 a 55,11
2024,DICIEMBRE,MOQUEGUA,FEMENINO,56 a mas,4
2024,DICIEMBRE,MOQUEGUA,MASCULINO,18 a 25,28
2024,DICIEMBRE,MOQUEGUA,MASCULINO,26 a 35,40
2024,DICIEMBRE,MOQUEGUA,MASCULINO,36 a 45,38
2024,DICIEMBRE,MOQUEGUA,MASCULINO,46 a 55,15
2024,DICIEMBRE,MOQUEGUA,MASCULINO,56 a mas,11
2024,DICIEMBRE,PASCO,FEMENINO,18 a 25,40
2024,DICIEMBRE,PASCO,FEMENINO,26 a 35,46
2024,DICIEMBRE,PASCO,FEMENINO,36 a 45,24
2024,DICIEMBRE,PASCO,FEMENINO,46 a 55,12
2024,DICIEMBRE,PASCO,FEMENINO,56 a mas,6
2024,DICIEMBRE,PASCO,MASCULINO,18 a 25,50
2024,DICIEMBRE,PASCO,MASCULINO,26 a 35,80
2024,DICIEMBRE,PASCO,MASCULINO,36 a 45,64
2024,DICIEMBRE,PASCO,MASCULINO,46 a 55,30
2024,DICIEMBRE,PASCO,MASCULINO,56 a mas,6
2024,DICIEMBRE,PIURA,FEMENINO,18 a 25,282
2024,DICIEMBRE,PIURA,FEMENINO,26 a 35,269
2024,DICIEMBRE,PIURA,FEMENINO,36 a 45,174
2024,DICIEMBRE,PIURA,FEMENINO,46 a 55,76
2024,DICIEMBRE,PIURA,FEMENINO,56 a mas,57
2024,DICIEMBRE,PIURA,MASCULINO,18 a 25,337
2024,DICIEMBRE,PIURA,MASCULINO,26 a 35,343
2024,DICIEMBRE,PIURA,MASCULINO,36 a 45,208
2024,DICIEMBRE,PIURA,MASCULINO,46 a 55,89
2024,DICIEMBRE,PIURA,MASCULINO,56 a mas,64
2024,DICIEMBRE,PUNO,FEMENINO,18 a 25,103
2024,DICIEMBRE,PUNO,FEMENINO,26 a 35,108
2024,DICIEMBRE,PUNO,FEMENINO,36 a 45,57
2024,DICIEMBRE,PUNO,FEMENINO,46 a 55,34
2024,DICIEMBRE,PUNO,FEMENINO,56 a mas,23
2024,DICIEMBRE,PUNO,MASCULINO,18 a 25,178
2024,DICIEMBRE,PUNO,MASCULINO,26 a 35,225
2024,DICIEMBRE,PUNO,MASCULINO,36 a 45,115
2024,DICIEMBRE,PUNO,MASCULINO,46 a 55,56
2024,DICIEMBRE,PUNO,MASCULINO,56 a mas,23
2024,DICIEMBRE,REPUBLICA DE PANAMA,MASCULINO,36 a 45,2
2024,DICIEMBRE,REPUBLICA DOMINICANA,MASCULINO,36 a 45,1
2024,DICIEMBRE,SAN MARTIN,FEMENINO,18 a 25,78
2024,DICIEMBRE,SAN MARTIN,FEMENINO,26 a 35,60
2024,DICIEMBRE,SAN MARTIN,FEMENINO,36 a 45,31
2024,DICIEMBRE,SAN MARTIN,FEMENINO,46 a 55,23
2024,DICIEMBRE,SAN MARTIN,FEMENINO,56 a mas,23
2024,DICIEMBRE,SAN MARTIN,MASCULINO,18 a 25,117
2024,DICIEMBRE,SAN MARTIN,MASCULINO,26 a 35,106
2024,DICIEMBRE,SAN MARTIN,MASCULINO,36 a 45,44
2024,DICIEMBRE,SAN MARTIN,MASCULINO,46 a 55,34
2024,DICIEMBRE,SAN MARTIN,MASCULINO,56 a mas,25
2024,DICIEMBRE,SUECIA,MASCULINO,36 a 45,1
2024,DICIEMBRE,SUECIA,MASCULINO,46 a 55,1
2024,DICIEMBRE,TACNA,FEMENINO,18 a 25,41
2024,DICIEMBRE,TACNA,FEMENINO,26 a 35,37
2024,DICIEMBRE,TACNA,FEMENINO,36 a 45,31
2024,DICIEMBRE,TACNA,FEMENINO,46 a 55,18
2024,DICIEMBRE,TACNA,FEMENINO,56 a mas,8
2024,DICIEMBRE,TACNA,MASCULINO,18 a 25,66
2024,DICIEMBRE,TACNA,MASCULINO,26 a 35,61
2024,DICIEMBRE,TACNA,MASCULINO,36 a 45,54
2024,DICIEMBRE,TACNA,MASCULINO,46 a 55,28
2024,DICIEMBRE,TACNA,MASCULINO,56 a mas,17
2024,DICIEMBRE,TUMBES,FEMENINO,18 a 25,32
2024,DICIEMBRE,TUMBES,FEMENINO,26 a 35,46
2024,DICIEMBRE,TUMBES,FEMENINO,36 a 45,18
2024,DICIEMBRE,TUMBES,FEMENINO,46 a 55,4
2024,DICIEMBRE,TUMBES,FEMENINO,56 a mas,5
2024,DICIEMBRE,TUMBES,MASCULINO,18 a 25,53
2024,DICIEMBRE,TUMBES,MASCULINO,26 a 35,70
2024,DICIEMBRE,TUMBES,MASCULINO,36 a 45,43
2024,DICIEMBRE,TUMBES,MASCULINO,46 a 55,35
2024,DICIEMBRE,TUMBES,MASCULINO,56 a mas,22
2024,DICIEMBRE,UCAYALI,FEMENINO,18 a 25,71
2024,DICIEMBRE,UCAYALI,FEMENINO,26 a 35,52
2024,DICIEMBRE,UCAYALI,FEMENINO,36 a 45,37
2024,DICIEMBRE,UCAYALI,FEMENINO,46 a 55,21
2024,DICIEMBRE,UCAYALI,FEMENINO,56 a mas,18
2024,DICIEMBRE,UCAYALI,MASCULINO,18 a 25,110
2024,DICIEMBRE,UCAYALI,MASCULINO,26 a 35,103
2024,DICIEMBRE,UCAYALI,MASCULINO,36 a 45,53
2024,DICIEMBRE,UCAYALI,MASCULINO,46 a 55,33
2024,DICIEMBRE,UCAYALI,MASCULINO,56 a mas,19
2024,JULIO,ALEMANIA,FEMENINO,18 a 25,1
2024,JULIO,ALEMANIA,FEMENINO,46 a 55,1
2024,JULIO,AMAZONAS,FEMENINO,18 a 25,29
2024,JULIO,AMAZONAS,FEMENINO,26 a 35,14
2024,JULIO,AMAZONAS,FEMENINO,36 a 45,7
2024,JULIO,AMAZONAS,FEMENINO,46 a 55,12
2024,JULIO,AMAZONAS,FEMENINO,56 a mas,9
2024,JULIO,AMAZONAS,MASCULINO,18 a 25,75
2024,JULIO,AMAZONAS,MASCULINO,26 a 35,31
2024,JULIO,AMAZONAS,MASCULINO,36 a 45,17
2024,JULIO,AMAZONAS,MASCULINO,46 a 55,18
2024,JULIO,AMAZONAS,MASCULINO,56 a mas,18
2024,JULIO,ANCASH,FEMENINO,18 a 25,95
2024,JULIO,ANCASH,FEMENINO,26 a 35,86
2024,JULIO,ANCASH,FEMENINO,36 a 45,49
2024,JULIO,ANCASH,FEMENINO,46 a 55,27
2024,JULIO,ANCASH,FEMENINO,56 a mas,34
2024,JULIO,ANCASH,MASCULINO,18 a 25,132
2024,JULIO,ANCASH,MASCULINO,26 a 35,150
2024,JULIO,ANCASH,MASCULINO,36 a 45,81
2024,JULIO,ANCASH,MASCULINO,46 a 55,46
2024,JULIO,ANCASH,MASCULINO,56 a mas,19
2024,JULIO,APURIMAC,FEMENINO,18 a 25,56
2024,JULIO,APURIMAC,FEMENINO,26 a 35,70
2024,JULIO,APURIMAC,FEMENINO,36 a 45,22
2024,JULIO,APURIMAC,FEMENINO,46 a 55,17
2024,JULIO,APURIMAC,FEMENINO,56 a mas,18
2024,JULIO,APURIMAC,MASCULINO,18 a 25,136
2024,JULIO,APURIMAC,MASCULINO,26 a 35,158
2024,JULIO,APURIMAC,MASCULINO,36 a 45,83
2024,JULIO,APURIMAC,MASCULINO,46 a 55,45
2024,JULIO,APURIMAC,MASCULINO,56 a mas,25
2024,JULIO,AREQUIPA,FEMENINO,18 a 25,112
2024,JULIO,AREQUIPA,FEMENINO,26 a 35,161
2024,JULIO,AREQUIPA,FEMENINO,36 a 45,103
2024,JULIO,AREQUIPA,FEMENINO,46 a 55,74
2024,JULIO,AREQUIPA,FEMENINO,56 a mas,66
2024,JULIO,AREQUIPA,MASCULINO,18 a 25,199
2024,JULIO,AREQUIPA,MASCULINO,26 a 35,329
2024,JULIO,AREQUIPA,MASCULINO,36 a 45,213
2024,JULIO,AREQUIPA,MASCULINO,46 a 55,131
2024,JULIO,AREQUIPA,MASCULINO,56 a mas,101
2024,JULIO,ARGENTINA,FEMENINO,26 a 35,1
2024,JULIO,ARGENTINA,FEMENINO,46 a 55,1
2024,JULIO,ARGENTINA,FEMENINO,56 a mas,5
2024,JULIO,ARGENTINA,MASCULINO,18 a 25,3
2024,JULIO,ARGENTINA,MASCULINO,26 a 35,3
2024,JULIO,ARGENTINA,MASCULINO,36 a 45,2
2024,JULIO,ARGENTINA,MASCULINO,46 a 55,3
2024,JULIO,ARGENTINA,MASCULINO,56 a mas,3
2024,JULIO,AUSTRALIA,FEMENINO,46 a 55,1
2024,JULIO,AUSTRALIA,FEMENINO,56 a mas,1
2024,JULIO,AYACUCHO,FEMENINO,18 a 25,93
2024,JULIO,AYACUCHO,FEMENINO,26 a 35,98
2024,JULIO,AYACUCHO,FEMENINO,36 a 45,45
2024,JULIO,AYACUCHO,FEMENINO,46 a 55,27
2024,JULIO,AYACUCHO,FEMENINO,56 a mas,23
2024,JULIO,AYACUCHO,MASCULINO,18 a 25,156
2024,JULIO,AYACUCHO,MASCULINO,26 a 35,173
2024,JULIO,AYACUCHO,MASCULINO,36 a 45,86
2024,JULIO,AYACUCHO,MASCULINO,46 a 55,40
2024,JULIO,AYACUCHO,MASCULINO,56 a mas,27
2024,JULIO,BOLIVIA,FEMENINO,18 a 25,2
2024,JULIO,BOLIVIA,MASCULINO,26 a 35,1
2024,JULIO,BOLIVIA,MASCULINO,46 a 55,1
2024,JULIO,BOLIVIA,MASCULINO,56 a mas,1
2024,JULIO,BRASIL,FEMENINO,36 a 45,1
2024,JULIO,BRASIL,FEMENINO,46 a 55,1
2024,JULIO,BRASIL,FEMENINO,56 a mas,1
2024,JULIO,BRASIL,MASCULINO,26 a 35,5
2024,JULIO,BRASIL,MASCULINO,36 a 45,1
2024,JULIO,BRASIL,MASCULINO,46 a 55,3
2024,JULIO,BRASIL,MASCULINO,56 a mas,1
2024,JULIO,CAJAMARCA,FEMENINO,18 a 25,130
2024,JULIO,CAJAMARCA,FEMENINO,26 a 35,85
2024,JULIO,CAJAMARCA,FEMENINO,36 a 45,38
2024,JULIO,CAJAMARCA,FEMENINO,46 a 55,16
2024,JULIO,CAJAMARCA,FEMENINO,56 a mas,18
2024,JULIO,CAJAMARCA,MASCULINO,18 a 25,196
2024,JULIO,CAJAMARCA,MASCULINO,26 a 35,179
2024,JULIO,CAJAMARCA,MASCULINO,36 a 45,93
2024,JULIO,CAJAMARCA,MASCULINO,46 a 55,48
2024,JULIO,CAJAMARCA,MASCULINO,56 a mas,33
2024,JULIO,CALLAO,FEMENINO,18 a 25,149
2024,JULIO,CALLAO,FEMENINO,26 a 35,164
2024,JULIO,CALLAO,FEMENINO,36 a 45,91
2024,JULIO,CALLAO,FEMENINO,46 a 55,61
2024,JULIO,CALLAO,FEMENINO,56 a mas,55
2024,JULIO,CALLAO,MASCULINO,18 a 25,232
2024,JULIO,CALLAO,MASCULINO,26 a 35,274
2024,JULIO,CALLAO,MASCULINO,36 a 45,169
2024,JULIO,CALLAO,MASCULINO,46 a 55,101
2024,JULIO,CALLAO,MASCULINO,56 a mas,71
2024,JULIO,CANADA,FEMENINO,36 a 45,2
2024,JULIO,CANADA,FEMENINO,46 a 55,2
2024,JULIO,CANADA,FEMENINO,56 a mas,1
2024,JULIO,CANADA,MASCULINO,18 a 25,1
2024,JULIO,CANADA,MASCULINO,56 a mas,2
2024,JULIO,CHILE,FEMENINO,26 a 35,1
2024,JULIO,CHILE,FEMENINO,36 a 45,3
2024,JULIO,CHILE,FEMENINO,46 a 55,2
2024,JULIO,CHILE,FEMENINO,56 a mas,3
2024,JULIO,CHILE,MASCULINO,18 a 25,2
2024,JULIO,CHILE,MASCULINO,26 a 35,6
2024,JULIO,CHILE,MASCULINO,36 a 45,2
2024,JULIO,CHILE,MASCULINO,46 a 55,4
2024,JULIO,COLOMBIA,FEMENINO,26 a 35,1
2024,JULIO,COLOMBIA,MASCULINO,18 a 25,1
2024,JULIO,CUSCO,FEMENINO,18 a 25,223
2024,JULIO,CUSCO,FEMENINO,26 a 35,213
2024,JULIO,CUSCO,FEMENINO,36 a 45,99
2024,JULIO,CUSCO,FEMENINO,46 a 55,59
2024,JULIO,CUSCO,FEMENINO,56 a mas,48
2024,JULIO,CUSCO,MASCULINO,18 a 25,367
2024,JULIO,CUSCO,MASCULINO,26 a 35,397
2024,JULIO,CUSCO,MASCULINO,36 a 45,250
2024,JULIO,CUSCO,MASCULINO,46 a 55,121
2024,JULIO,CUSCO,MASCULINO,56 a mas,55
2024,JULIO,DINAMARCA,MASCULINO,36 a 45,1
2024,JULIO,ECUADOR,MASCULINO,36 a 45,1
2024,JULIO,ESPAÑA,FEMENINO,18 a 25,1
2024,JULIO,ESPAÑA,FEMENINO,26 a 35,3
2024,JULIO,ESPAÑA,FEMENINO,36 a 45,7
2024,JULIO,ESPAÑA,FEMENINO,46 a 55,10
2024,JULIO,ESPAÑA,FEMENINO,56 a mas,10
2024,JULIO,ESPAÑA,MASCULINO,18 a 25,1
2024,JULIO,ESPAÑA,MASCULINO,26 a 35,7
2024,JULIO,ESPAÑA,MASCULINO,36 a 45,8
2024,JULIO,ESPAÑA,MASCULINO,46 a 55,7
2024,JULIO,ESPAÑA,MASCULINO,56 a mas,3
2024,JULIO,ESTADOS UNIDOS DE AMERICA,FEMENINO,18 a 25,2
2024,JULIO,ESTADOS UNIDOS DE AMERICA,FEMENINO,26 a 35,10
2024,JULIO,ESTADOS UNIDOS DE AMERICA,FEMENINO,36 a 45,6
2024,JULIO,ESTADOS UNIDOS DE AMERICA,FEMENINO,46 a 55,12
2024,JULIO,ESTADOS UNIDOS DE AMERICA,FEMENINO,56 a mas,10
2024,JULIO,ESTADOS UNIDOS DE AMERICA,MASCULINO,18 a 25,1
2024,JULIO,ESTADOS UNIDOS DE AMERICA,MASCULINO,26 a 35,1
2024,JULIO,ESTADOS UNIDOS DE AMERICA,MASCULINO,36 a 45,9
2024,JULIO,ESTADOS UNIDOS DE AMERICA,MASCULINO,46 a 55,5
2024,JULIO,ESTADOS UNIDOS DE AMERICA,MASCULINO,56 a mas,8
2024,JULIO,FRANCIA,FEMENINO,36 a 45,3
2024,JULIO,FRANCIA,FEMENINO,56 a mas,1
2024,JULIO,FRANCIA,MASCULINO,36 a 45,1
2024,JULIO,FRANCIA,MASCULINO,46 a 55,1
2024,JULIO,FRANCIA,MASCULINO,56 a mas,1
2024,JULIO,GRAN BRETAÑA,FEMENINO,56 a mas,2
2024,JULIO,HONDURAS,MASCULINO,56 a mas,1
2024,JULIO,HUANCAVELICA,FEMENINO,18 a 25,32
2024,JULIO,HUANCAVELICA,FEMENINO,26 a 35,26
2024,JULIO,HUANCAVELICA,FEMENINO,36 a 45,9
2024,JULIO,HUANCAVELICA,FEMENINO,46 a 55,7
2024,JULIO,HUANCAVELICA,FEMENINO,56 a mas,4
2024,JULIO,HUANCAVELICA,MASCULINO,18 a 25,87
2024,JULIO,HUANCAVELICA,MASCULINO,26 a 35,66
2024,JULIO,HUANCAVELICA,MASCULINO,36 a 45,33
2024,JULIO,HUANCAVELICA,MASCULINO,46 a 55,14
2024,JULIO,HUANCAVELICA,MASCULINO,56 a mas,8
2024,JULIO,HUANUCO,FEMENINO,18 a 25,83
2024,JULIO,HUANUCO,FEMENINO,26 a 35,66
2024,JULIO,HUANUCO,FEMENINO,36 a 45,27
2024,JULIO,HUANUCO,FEMENINO,46 a 55,22
2024,JULIO,HUANUCO,FEMENINO,56 a mas,19
2024,JULIO,HUANUCO,MASCULINO,18 a 25,139
2024,JULIO,HUANUCO,MASCULINO,26 a 35,145
2024,JULIO,HUANUCO,MASCULINO,36 a 45,61
2024,JULIO,HUANUCO,MASCULINO,46 a 55,33
2024,JULIO,HUANUCO,MASCULINO,56 a mas,25
2024,JULIO,ICA,FEMENINO,18 a 25,101
2024,JULIO,ICA,FEMENINO,26 a 35,123
2024,JULIO,ICA,FEMENINO,36 a 45,55
2024,JULIO,ICA,FEMENINO,46 a 55,35
2024,JULIO,ICA,FEMENINO,56 a mas,28
2024,JULIO,ICA,MASCULINO,18 a 25,185
2024,JULIO,ICA,MASCULINO,26 a 35,217
2024,JULIO,ICA,MASCULINO,36 a 45,93
2024,JULIO,ICA,MASCULINO,46 a 55,61
2024,JULIO,ICA,MASCULINO,56 a mas,54
2024,JULIO,ITALIA,FEMENINO,18 a 25,2
2024,JULIO,ITALIA,FEMENINO,26 a 35,3
2024,JULIO,ITALIA,FEMENINO,36 a 45,5
2024,JULIO,ITALIA,FEMENINO,46 a 55,4
2024,JULIO,ITALIA,FEMENINO,56 a mas,2
2024,JULIO,ITALIA,MASCULINO,26 a 35,2
2024,JULIO,ITALIA,MASCULINO,36 a 45,4
2024,JULIO,ITALIA,MASCULINO,46 a 55,1
2024,JULIO,JAPON,MASCULINO,46 a 55,1
2024,JULIO,JUNIN,FEMENINO,18 a 25,169
2024,JULIO,JUNIN,FEMENINO,26 a 35,151
2024,JULIO,JUNIN,FEMENINO,36 a 45,76
2024,JULIO,JUNIN,FEMENINO,46 a 55,51
2024,JULIO,JUNIN,FEMENINO,56 a mas,46
2024,JULIO,JUNIN,MASCULINO,18 a 25,275
2024,JULIO,JUNIN,MASCULINO,26 a 35,262
2024,JULIO,JUNIN,MASCULINO,36 a 45,128
2024,JULIO,JUNIN,MASCULINO,46 a 55,73
2024,JULIO,JUNIN,MASCULINO,56 a mas,38
2024,JULIO,LA LIBERTAD,FEMENINO,18 a 25,151
2024,JULIO,LA LIBERTAD,FEMENINO,26 a 35,186
2024,JULIO,LA LIBERTAD,FEMENINO,36 a 45,85
2024,JULIO,LA LIBERTAD,FEMENINO,46 a 55,57
2024,JULIO,LA LIBERTAD,FEMENINO,56 a mas,49
2024,JULIO,LA LIBERTAD,MASCULINO,18 a 25,248
2024,JULIO,LA LIBERTAD,MASCULINO,26 a 35,307
2024,JULIO,LA LIBERTAD,MASCULINO,36 a 45,176
2024,JULIO,LA LIBERTAD,MASCULINO,46 a 55,100
2024,JULIO,LA LIBERTAD,MASCULINO,56 a mas,75
2024,JULIO,LAMBAYEQUE,FEMENINO,18 a 25,129
2024,JULIO,LAMBAYEQUE,FEMENINO,26 a 35,128
2024,JULIO,LAMBAYEQUE,FEMENINO,36 a 45,77
2024,JULIO,LAMBAYEQUE,FEMENINO,46 a 55,38
2024,JULIO,LAMBAYEQUE,FEMENINO,56 a mas,47
2024,JULIO,LAMBAYEQUE,MASCULINO,18 a 25,233
2024,JULIO,LAMBAYEQUE,MASCULINO,26 a 35,230
2024,JULIO,LAMBAYEQUE,MASCULINO,36 a 45,129
2024,JULIO,LAMBAYEQUE,MASCULINO,46 a 55,57
2024,JULIO,LAMBAYEQUE,MASCULINO,56 a mas,39
2024,JULIO,LIMA,FEMENINO,18 a 25,1206
2024,JULIO,LIMA,FEMENINO,26 a 35,1394
2024,JULIO,LIMA,FEMENINO,36 a 45,803
2024,JULIO,LIMA,FEMENINO,46 a 55,556
2024,JULIO,LIMA,FEMENINO,56 a mas,590
2024,JULIO,LIMA,MASCULINO,18 a 25,1797
2024,JULIO,LIMA,MASCULINO,26 a 35,2473
2024,JULIO,LIMA,MASCULINO,36 a 45,1581
2024,JULIO,LIMA,MASCULINO,46 a 55,933
2024,JULIO,LIMA,MASCULINO,56 a mas,810
2024,JULIO,LORETO,FEMENINO,18 a 25,149
2024,JULIO,LORETO,FEMENINO,26 a 35,118
2024,JULIO,LORETO,FEMENINO,36 a 45,79
2024,JULIO,LORETO,FEMENINO,46 a 55,57
2024,JULIO,LORETO,FEMENINO,56 a mas,38
2024,JULIO,LORETO,MASCULINO,18 a 25,260
2024,JULIO,LORETO,MASCULINO,26 a 35,283
2024,JULIO,LORETO,MASCULINO,36 a 45,159
2024,JULIO,LORETO,MASCULINO,46 a 55,93
2024,JULIO,LORETO,MASCULINO,56 a mas,88
2024,JULIO,MADRE DE DIOS,FEMENINO,18 a 25,31
2024,JULIO,MADRE DE DIOS,FEMENINO,26 a 35,57
2024,JULIO,MADRE DE DIOS,FEMENINO,36 a 45,37
2024,JULIO,MADRE DE DIOS,FEMENINO,46 a 55,18
2024,JULIO,MADRE DE DIOS,FEMENINO,56 a mas,14
2024,JULIO,MADRE DE DIOS,MASCULINO,18 a 25,57
2024,JULIO,MADRE DE DIOS,MASCULINO,26 a 35,73
2024,JULIO,MADRE DE DIOS,MASCULINO,36 a 45,46
2024,JULIO,MADRE DE DIOS,MASCULINO,46 a 55,23
2024,JULIO,MADRE DE DIOS,MASCULINO,56 a mas,24
2024,JULIO,MEXICO,MASCULINO,56 a mas,2
2024,JULIO,MOQUEGUA,FEMENINO,18 a 25,28
2024,JULIO,MOQUEGUA,FEMENINO,26 a 35,31
2024,JULIO,MOQUEGUA,FEMENINO,36 a 45,20
2024,JULIO,MOQUEGUA,FEMENINO,46 a 55,14
2024,JULIO,MOQUEGUA,FEMENINO,56 a mas,13
2024,JULIO,MOQUEGUA,MASCULINO,18 a 25,30
2024,JULIO,MOQUEGUA,MASCULINO,26 a 35,63
2024,JULIO,MOQUEGUA,MASCULINO,36 a 45,44
2024,JULIO,MOQUEGUA,MASCULINO,46 a 55,20
2024,JULIO,MOQUEGUA,MASCULINO,56 a mas,14
2024,JULIO,PASCO,FEMENINO,18 a 25,18
2024,JULIO,PASCO,FEMENINO,26 a 35,16
2024,JULIO,PASCO,FEMENINO,36 a 45,11
2024,JULIO,PASCO,FEMENINO,46 a 55,8
2024,JULIO,PASCO,FEMENINO,56 a mas,8
2024,JULIO,PASCO,MASCULINO,18 a 25,56
2024,JULIO,PASCO,MASCULINO,26 a 35,72
2024,JULIO,PASCO,MASCULINO,36 a 45,33
2024,JULIO,PASCO,MASCULINO,46 a 55,14
2024,JULIO,PASCO,MASCULINO,56 a mas,12
2024,JULIO,PIURA,FEMENINO,18 a 25,286
2024,JULIO,PIURA,FEMENINO,26 a 35,241
2024,JULIO,PIURA,FEMENINO,36 a 45,120
2024,JULIO,PIURA,FEMENINO,46 a 55,77
2024,JULIO,PIURA,FEMENINO,56 a mas,67
2024,JULIO,PIURA,MASCULINO,18 a 25,345
2024,JULIO,PIURA,MASCULINO,26 a 35,357
2024,JULIO,PIURA,MASCULINO,36 a 45,195
2024,JULIO,PIURA,MASCULINO,46 a 55,102
2024,JULIO,PIURA,MASCULINO,56 a mas,71
2024,JULIO,PUNO,FEMENINO,18 a 25,157
2024,JULIO,PUNO,FEMENINO,26 a 35,124
2024,JULIO,PUNO,FEMENINO,36 a 45,63
2024,JULIO,PUNO,FEMENINO,46 a 55,41
2024,JULIO,PUNO,FEMENINO,56 a mas,28
2024,JULIO,PUNO,MASCULINO,18 a 25,277
2024,JULIO,PUNO,MASCULINO,26 a 35,265
2024,JULIO,PUNO,MASCULINO,36 a 45,142
2024,JULIO,PUNO,MASCULINO,46 a 55,69
2024,JULIO,PUNO,MASCULINO,56 a mas,34
2024,JULIO,REPUBLICA DE PANAMA,MASCULINO,26 a 35,1
2024,JULIO,REPUBLICA DE PANAMA,MASCULINO,36 a 45,1
2024,JULIO,REPUBLICA DOMINICANA,MASCULINO,46 a 55,1
2024,JULIO,SAN MARTIN,FEMENINO,18 a 25,94
2024,JULIO,SAN MARTIN,FEMENINO,26 a 35,71
2024,JULIO,SAN MARTIN,FEMENINO,36 a 45,34
2024,JULIO,SAN MARTIN,FEMENINO,46 a 55,24
2024,JULIO,SAN MARTIN,FEMENINO,56 a mas,28
2024,JULIO,SAN MARTIN,MASCULINO,18 a 25,149
2024,JULIO,SAN MARTIN,MASCULINO,26 a 35,111
2024,JULIO,SAN MARTIN,MASCULINO,36 a 45,90
2024,JULIO,SAN MARTIN,MASCULINO,46 a 55,62
2024,JULIO,SAN MARTIN,MASCULINO,56 a mas,40
2024,JULIO,SUECIA,FEMENINO,46 a 55,3
2024,JULIO,SUECIA,MASCULINO,56 a mas,1
2024,JULIO,SUIZA,FEMENINO,56 a mas,1
2024,JULIO,TACNA,FEMENINO,18 a 25,39
2024,JULIO,TACNA,FEMENINO,26 a 35,41
2024,JULIO,TACNA,FEMENINO,36 a 45,15
2024,JULIO,TACNA,FEMENINO,46 a 55,16
2024,JULIO,TACNA,FEMENINO,56 a mas,17
2024,JULIO,TACNA,MASCULINO,18 a 25,40
2024,JULIO,TACNA,MASCULINO,26 a 35,55
2024,JULIO,TACNA,MASCULINO,36 a 45,40
2024,JULIO,TACNA,MASCULINO,46 a 55,29
2024,JULIO,TACNA,MASCULINO,56 a mas,7
2024,JULIO,TUMBES,FEMENINO,18 a 25,76
2024,JULIO,TUMBES,FEMENINO,26 a 35,57
2024,JULIO,TUMBES,FEMENINO,36 a 45,18
2024,JULIO,TUMBES,FEMENINO,46 a 55,25
2024,JULIO,TUMBES,FEMENINO,56 a mas,12
2024,JULIO,TUMBES,MASCULINO,18 a 25,222
2024,JULIO,TUMBES,MASCULINO,26 a 35,140
2024,JULIO,TUMBES,MASCULINO,36 a 45,80
2024,JULIO,TUMBES,MASCULINO,46 a 55,76
2024,JULIO,TUMBES,MASCULINO,56 a mas,66
2024,JULIO,UCAYALI,FEMENINO,18 a 25,57
2024,JULIO,UCAYALI,FEMENINO,26 a 35,66
2024,JULIO,UCAYALI,FEMENINO,36 a 45,43
2024,JULIO,UCAYALI,FEMENINO,46 a 55,22
2024,JULIO,UCAYALI,FEMENINO,56 a mas,16
2024,JULIO,UCAYALI,MASCULINO,18 a 25,110
2024,JULIO,UCAYALI,MASCULINO,26 a 35,118
2024,JULIO,UCAYALI,MASCULINO,36 a 45,72
2024,JULIO,UCAYALI,MASCULINO,46 a 55,41
2024,JULIO,UCAYALI,MASCULINO,56 a mas,30
2024,JULIO,VENEZUELA,MASCULINO,56 a mas,1
2024,JUNIO,AMAZONAS,FEMENINO,18 a 25,22
2024,JUNIO,AMAZONAS,FEMENINO,26 a 35,13
2024,JUNIO,AMAZONAS,FEMENINO,36 a 45,8
2024,JUNIO,AMAZONAS,FEMENINO,46 a 55,6
2024,JUNIO,AMAZONAS,FEMENINO,56 a mas,1
2024,JUNIO,AMAZONAS,MASCULINO,18 a 25,19
2024,JUNIO,AMAZONAS,MASCULINO,26 a 35,24
2024,JUNIO,AMAZONAS,MASCULINO,36 a 45,5
2024,JUNIO,AMAZONAS,MASCULINO,46 a 55,4
2024,JUNIO,AMAZONAS,MASCULINO,56 a mas,3
2024,JUNIO,ANCASH,FEMENINO,18 a 25,73
2024,JUNIO,ANCASH,FEMENINO,26 a 35,52
2024,JUNIO,ANCASH,FEMENINO,36 a 45,17
2024,JUNIO,ANCASH,FEMENINO,46 a 55,17
2024,JUNIO,ANCASH,FEMENINO,56 a mas,13
2024,JUNIO,ANCASH,MASCULINO,18 a 25,101
2024,JUNIO,ANCASH,MASCULINO,26 a 35,98
2024,JUNIO,ANCASH,MASCULINO,36 a 45,36
2024,JUNIO,ANCASH,MASCULINO,46 a 55,24
2024,JUNIO,ANCASH,MASCULINO,56 a mas,25
2024,JUNIO,APURIMAC,FEMENINO,18 a 25,21
2024,JUNIO,APURIMAC,FEMENINO,26 a 35,23
2024,JUNIO,APURIMAC,FEMENINO,36 a 45,17
2024,JUNIO,APURIMAC,FEMENINO,46 a 55,9
2024,JUNIO,APURIMAC,FEMENINO,56 a mas,5
2024,JUNIO,APURIMAC,MASCULINO,18 a 25,47
2024,JUNIO,APURIMAC,MASCULINO,26 a 35,55
2024,JUNIO,APURIMAC,MASCULINO,36 a 45,23
2024,JUNIO,APURIMAC,MASCULINO,46 a 55,21
2024,JUNIO,APURIMAC,MASCULINO,56 a mas,11
2024,JUNIO,AREQUIPA,FEMENINO,18 a 25,70
2024,JUNIO,AREQUIPA,FEMENINO,26 a 35,97
2024,JUNIO,AREQUIPA,FEMENINO,36 a 45,37
2024,JUNIO,AREQUIPA,FEMENINO,46 a 55,32
2024,JUNIO,AREQUIPA,FEMENINO,56 a mas,23
2024,JUNIO,AREQUIPA,MASCULINO,18 a 25,108
2024,JUNIO,AREQUIPA,MASCULINO,26 a 35,195
2024,JUNIO,AREQUIPA,MASCULINO,36 a 45,123
2024,JUNIO,AREQUIPA,MASCULINO,46 a 55,59
2024,JUNIO,AREQUIPA,MASCULINO,56 a mas,38
2024,JUNIO,ARGENTINA,FEMENINO,36 a 45,3
2024,JUNIO,ARGENTINA,FEMENINO,46 a 55,1
2024,JUNIO,ARGENTINA,MASCULINO,36 a 45,1
2024,JUNIO,ARGENTINA,MASCULINO,56 a mas,2
2024,JUNIO,AYACUCHO,FEMENINO,18 a 25,56
2024,JUNIO,AYACUCHO,FEMENINO,26 a 35,43
2024,JUNIO,AYACUCHO,FEMENINO,36 a 45,23
2024,JUNIO,AYACUCHO,FEMENINO,46 a 55,11
2024,JUNIO,AYACUCHO,FEMENINO,56 a mas,4
2024,JUNIO,AYACUCHO,MASCULINO,18 a 25,107
2024,JUNIO,AYACUCHO,MASCULINO,26 a 35,77
2024,JUNIO,AYACUCHO,MASCULINO,36 a 45,46
2024,JUNIO,AYACUCHO,MASCULINO,46 a 55,22
2024,JUNIO,AYACUCHO,MASCULINO,56 a mas,16
2024,JUNIO,BOLIVIA,FEMENINO,26 a 35,1
2024,JUNIO,BOLIVIA,MASCULINO,26 a 35,1
2024,JUNIO,BOLIVIA,MASCULINO,46 a 55,1
2024,JUNIO,BRASIL,MASCULINO,36 a 45,1
2024,JUNIO,BRASIL,MASCULINO,56 a mas,2
2024,JUNIO,CAJAMARCA,FEMENINO,18 a 25,86
2024,JUNIO,CAJAMARCA,FEMENINO,26 a 35,52
2024,JUNIO,CAJAMARCA,FEMENINO,36 a 45,18
2024,JUNIO,CAJAMARCA,FEMENINO,46 a 55,12
2024,JUNIO,CAJAMARCA,FEMENINO,56 a mas,15
2024,JUNIO,CAJAMARCA,MASCULINO,18 a 25,106
2024,JUNIO,CAJAMARCA,MASCULINO,26 a 35,115
2024,JUNIO,CAJAMARCA,MASCULINO,36 a 45,48
2024,JUNIO,CAJAMARCA,MASCULINO,46 a 55,23
2024,JUNIO,CAJAMARCA,MASCULINO,56 a mas,19
2024,JUNIO,CALLAO,FEMENINO,18 a 25,94
2024,JUNIO,CALLAO,FEMENINO,26 a 35,111
2024,JUNIO,CALLAO,FEMENINO,36 a 45,66
2024,JUNIO,CALLAO,FEMENINO,46 a 55,26
2024,JUNIO,CALLAO,FEMENINO,56 a mas,25
2024,JUNIO,CALLAO,MASCULINO,18 a 25,163
2024,JUNIO,CALLAO,MASCULINO,26 a 35,169
2024,JUNIO,CALLAO,MASCULINO,36 a 45,97
2024,JUNIO,CALLAO,MASCULINO,46 a 55,55
2024,JUNIO,CALLAO,MASCULINO,56 a mas,38
2024,JUNIO,CANADA,FEMENINO,46 a 55,1
2024,JUNIO,CANADA,FEMENINO,56 a mas,1
2024,JUNIO,CHILE,FEMENINO,26 a 35,3
2024,JUNIO,CHILE,FEMENINO,46 a 55,2
2024,JUNIO,CHILE,FEMENINO,56 a mas,1
2024,JUNIO,CHILE,MASCULINO,18 a 25,1
2024,JUNIO,CHILE,MASCULINO,26 a 35,1
2024,JUNIO,CHILE,MASCULINO,36 a 45,3
2024,JUNIO,CHILE,MASCULINO,46 a 55,1
2024,JUNIO,COLOMBIA,MASCULINO,26 a 35,1
2024,JUNIO,COLOMBIA,MASCULINO,56 a mas,1
2024,JUNIO,COSTA RICA,MASCULINO,56 a mas,1
2024,JUNIO,CUSCO,FEMENINO,18 a 25,132
2024,JUNIO,CUSCO,FEMENINO,26 a 35,86
2024,JUNIO,CUSCO,FEMENINO,36 a 45,46
2024,JUNIO,CUSCO,FEMENINO,46 a 55,28
2024,JUNIO,CUSCO,FEMENINO,56 a mas,16
2024,JUNIO,CUSCO,MASCULINO,18 a 25,235
2024,JUNIO,CUSCO,MASCULINO,26 a 35,250
2024,JUNIO,CUSCO,MASCULINO,36 a 45,132
2024,JUNIO,CUSCO,MASCULINO,46 a 55,61
2024,JUNIO,CUSCO,MASCULINO,56 a mas,22
2024,JUNIO,DINAMARCA,FEMENINO,56 a mas,2
2024,JUNIO,DINAMARCA,MASCULINO,56 a mas,1
2024,JUNIO,ECUADOR,FEMENINO,36 a 45,1
2024,JUNIO,ESPAÑA,FEMENINO,36 a 45,2
2024,JUNIO,ESPAÑA,FEMENINO,46 a 55,1
2024,JUNIO,ESPAÑA,FEMENINO,56 a mas,2
2024,JUNIO,ESPAÑA,MASCULINO,36 a 45,1
2024,JUNIO,ESPAÑA,MASCULINO,46 a 55,1
2024,JUNIO,ESPAÑA,MASCULINO,56 a mas,2
2024,JUNIO,ESTADOS UNIDOS DE AMERICA,FEMENINO,18 a 25,1
2024,JUNIO,ESTADOS UNIDOS DE AMERICA,FEMENINO,26 a 35,3
2024,JUNIO,ESTADOS UNIDOS DE AMERICA,FEMENINO,36 a 45,2
2024,JUNIO,ESTADOS UNIDOS DE AMERICA,FEMENINO,46 a 55,7
2024,JUNIO,ESTADOS UNIDOS DE AMERICA,FEMENINO,56 a mas,4
2024,JUNIO,ESTADOS UNIDOS DE AMERICA,MASCULINO,18 a 25,1
2024,JUNIO,ESTADOS UNIDOS DE AMERICA,MASCULINO,26 a 35,3
2024,JUNIO,ESTADOS UNIDOS DE AMERICA,MASCULINO,36 a 45,2
2024,JUNIO,ESTADOS UNIDOS DE AMERICA,MASCULINO,46 a 55,3
2024,JUNIO,ESTADOS UNIDOS DE AMERICA,MASCULINO,56 a mas,3
2024,JUNIO,FRANCIA,MASCULINO,46 a 55,1
2024,JUNIO,HUANCAVELICA,FEMENINO,18 a 25,22
2024,JUNIO,HUANCAVELICA,FEMENINO,26 a 35,20
2024,JUNIO,HUANCAVELICA,FEMENINO,36 a 45,15
2024,JUNIO,HUANCAVELICA,FEMENINO,46 a 55,9
2024,JUNIO,HUANCAVELICA,FEMENINO,56 a mas,5
2024,JUNIO,HUANCAVELICA,MASCULINO,18 a 25,61
2024,JUNIO,HUANCAVELICA,MASCULINO,26 a 35,34
2024,JUNIO,HUANCAVELICA,MASCULINO,36 a 45,17
2024,JUNIO,HUANCAVELICA,MASCULINO,46 a 55,10
2024,JUNIO,HUANCAVELICA,MASCULINO,56 a mas,4
2024,JUNIO,HUANUCO,FEMENINO,18 a 25,53
2024,JUNIO,HUANUCO,FEMENINO,26 a 35,29
2024,JUNIO,HUANUCO,FEMENINO,36 a 45,14
2024,JUNIO,HUANUCO,FEMENINO,46 a 55,13
2024,JUNIO,HUANUCO,FEMENINO,56 a mas,10
2024,JUNIO,HUANUCO,MASCULINO,18 a 25,79
2024,JUNIO,HUANUCO,MASCULINO,26 a 35,69
2024,JUNIO,HUANUCO,MASCULINO,36 a 45,47
2024,JUNIO,HUANUCO,MASCULINO,46 a 55,22
2024,JUNIO,HUANUCO,MASCULINO,56 a mas,12
2024,JUNIO,ICA,FEMENINO,18 a 25,51
2024,JUNIO,ICA,FEMENINO,26 a 35,67
2024,JUNIO,ICA,FEMENINO,36 a 45,25
2024,JUNIO,ICA,FEMENINO,46 a 55,16
2024,JUNIO,ICA,FEMENINO,56 a mas,22
2024,JUNIO,ICA,MASCULINO,18 a 25,101
2024,JUNIO,ICA,MASCULINO,26 a 35,112
2024,JUNIO,ICA,MASCULINO,36 a 45,61
2024,JUNIO,ICA,MASCULINO,46 a 55,30
2024,JUNIO,ICA,MASCULINO,56 a mas,22
2024,JUNIO,ITALIA,FEMENINO,18 a 25,1
2024,JUNIO,ITALIA,FEMENINO,26 a 35,1
2024,JUNIO,ITALIA,FEMENINO,36 a 45,2
2024,JUNIO,ITALIA,FEMENINO,46 a 55,3
2024,JUNIO,ITALIA,FEMENINO,56 a mas,1
2024,JUNIO,ITALIA,MASCULINO,26 a 35,1
2024,JUNIO,ITALIA,MASCULINO,36 a 45,1
2024,JUNIO,JUNIN,FEMENINO,18 a 25,117
2024,JUNIO,JUNIN,FEMENINO,26 a 35,86
2024,JUNIO,JUNIN,FEMENINO,36 a 45,48
2024,JUNIO,JUNIN,FEMENINO,46 a 55,19
2024,JUNIO,JUNIN,FEMENINO,56 a mas,14
2024,JUNIO,JUNIN,MASCULINO,18 a 25,203
2024,JUNIO,JUNIN,MASCULINO,26 a 35,177
2024,JUNIO,JUNIN,MASCULINO,36 a 45,105
2024,JUNIO,JUNIN,MASCULINO,46 a 55,49
2024,JUNIO,JUNIN,MASCULINO,56 a mas,33
2024,JUNIO,LA LIBERTAD,FEMENINO,18 a 25,75
2024,JUNIO,LA LIBERTAD,FEMENINO,26 a 35,113
2024,JUNIO,LA LIBERTAD,FEMENINO,36 a 45,48
2024,JUNIO,LA LIBERTAD,FEMENINO,46 a 55,25
2024,JUNIO,LA LIBERTAD,FEMENINO,56 a mas,22
2024,JUNIO,LA LIBERTAD,MASCULINO,18 a 25,130
2024,JUNIO,LA LIBERTAD,MASCULINO,26 a 35,200
2024,JUNIO,LA LIBERTAD,MASCULINO,36 a 45,82
2024,JUNIO,LA LIBERTAD,MASCULINO,46 a 55,42
2024,JUNIO,LA LIBERTAD,MASCULINO,56 a mas,35
2024,JUNIO,LAMBAYEQUE,FEMENINO,18 a 25,80
2024,JUNIO,LAMBAYEQUE,FEMENINO,26 a 35,83
2024,JUNIO,LAMBAYEQUE,FEMENINO,36 a 45,36
2024,JUNIO,LAMBAYEQUE,FEMENINO,46 a 55,20
2024,JUNIO,LAMBAYEQUE,FEMENINO,56 a mas,10
2024,JUNIO,LAMBAYEQUE,MASCULINO,18 a 25,123
2024,JUNIO,LAMBAYEQUE,MASCULINO,26 a 35,141
2024,JUNIO,LAMBAYEQUE,MASCULINO,36 a 45,72
2024,JUNIO,LAMBAYEQUE,MASCULINO,46 a 55,44
2024,JUNIO,LAMBAYEQUE,MASCULINO,56 a mas,18
2024,JUNIO,LIMA,FEMENINO,18 a 25,781
2024,JUNIO,LIMA,FEMENINO,26 a 35,1087
2024,JUNIO,LIMA,FEMENINO,36 a 45,523
2024,JUNIO,LIMA,FEMENINO,46 a 55,328
2024,JUNIO,LIMA,FEMENINO,56 a mas,289
2024,JUNIO,LIMA,MASCULINO,18 a 25,1266
2024,JUNIO,LIMA,MASCULINO,26 a 35,1783
2024,JUNIO,LIMA,MASCULINO,36 a 45,1093
2024,JUNIO,LIMA,MASCULINO,46 a 55,571
2024,JUNIO,LIMA,MASCULINO,56 a mas,389
2024,JUNIO,LORETO,FEMENINO,18 a 25,76
2024,JUNIO,LORETO,FEMENINO,26 a 35,69
2024,JUNIO,LORETO,FEMENINO,36 a 45,28
2024,JUNIO,LORETO,FEMENINO,46 a 55,28
2024,JUNIO,LORETO,FEMENINO,56 a mas,16
2024,JUNIO,LORETO,MASCULINO,18 a 25,177
2024,JUNIO,LORETO,MASCULINO,26 a 35,183
2024,JUNIO,LORETO,MASCULINO,36 a 45,100
2024,JUNIO,LORETO,MASCULINO,46 a 55,64
2024,JUNIO,LORETO,MASCULINO,56 a mas,38
2024,JUNIO,MADRE DE DIOS,FEMENINO,18 a 25,14
2024,JUNIO,MADRE DE DIOS,FEMENINO,26 a 35,9
2024,JUNIO,MADRE DE DIOS,FEMENINO,36 a 45,7
2024,JUNIO,MADRE DE DIOS,FEMENINO,46 a 55,6
2024,JUNIO,MADRE DE DIOS,FEMENINO,56 a mas,2
2024,JUNIO,MADRE DE DIOS,MASCULINO,18 a 25,29
2024,JUNIO,MADRE DE DIOS,MASCULINO,26 a 35,39
2024,JUNIO,MADRE DE DIOS,MASCULINO,36 a 45,15
2024,JUNIO,MADRE DE DIOS,MASCULINO,46 a 55,11
2024,JUNIO,MADRE DE DIOS,MASCULINO,56 a mas,5
2024,JUNIO,MOQUEGUA,FEMENINO,18 a 25,15
2024,JUNIO,MOQUEGUA,FEMENINO,26 a 35,15
2024,JUNIO,MOQUEGUA,FEMENINO,36 a 45,7
2024,JUNIO,MOQUEGUA,FEMENINO,46 a 55,1
2024,JUNIO,MOQUEGUA,FEMENINO,56 a mas,4
2024,JUNIO,MOQUEGUA,MASCULINO,18 a 25,19
2024,JUNIO,MOQUEGUA,MASCULINO,26 a 35,25
2024,JUNIO,MOQUEGUA,MASCULINO,36 a 45,18
2024,JUNIO,MOQUEGUA,MASCULINO,46 a 55,7
2024,JUNIO,MOQUEGUA,MASCULINO,56 a mas,3
2024,JUNIO,PASCO,FEMENINO,18 a 25,10
2024,JUNIO,PASCO,FEMENINO,26 a 35,10
2024,JUNIO,PASCO,FEMENINO,36 a 45,5
2024,JUNIO,PASCO,FEMENINO,46 a 55,4
2024,JUNIO,PASCO,FEMENINO,56 a mas,2
2024,JUNIO,PASCO,MASCULINO,18 a 25,52
2024,JUNIO,PASCO,MASCULINO,26 a 35,39
2024,JUNIO,PASCO,MASCULINO,36 a 45,15
2024,JUNIO,PASCO,MASCULINO,46 a 55,10
2024,JUNIO,PASCO,MASCULINO,56 a mas,4
2024,JUNIO,PIURA,FEMENINO,18 a 25,144
2024,JUNIO,PIURA,FEMENINO,26 a 35,165
2024,JUNIO,PIURA,FEMENINO,36 a 45,72
2024,JUNIO,PIURA,FEMENINO,46 a 55,42
2024,JUNIO,PIURA,FEMENINO,56 a mas,40
2024,JUNIO,PIURA,MASCULINO,18 a 25,182
2024,JUNIO,PIURA,MASCULINO,26 a 35,240
2024,JUNIO,PIURA,MASCULINO,36 a 45,106
2024,JUNIO,PIURA,MASCULINO,46 a 55,61
2024,JUNIO,PIURA,MASCULINO,56 a mas,34
2024,JUNIO,PUNO,FEMENINO,18 a 25,85
2024,JUNIO,PUNO,FEMENINO,26 a 35,57
2024,JUNIO,PUNO,FEMENINO,36 a 45,33
2024,JUNIO,PUNO,FEMENINO,46 a 55,19
2024,JUNIO,PUNO,FEMENINO,56 a mas,4
2024,JUNIO,PUNO,MASCULINO,18 a 25,124
2024,JUNIO,PUNO,MASCULINO,26 a 35,152
2024,JUNIO,PUNO,MASCULINO,36 a 45,70
2024,JUNIO,PUNO,MASCULINO,46 a 55,33
2024,JUNIO,PUNO,MASCULINO,56 a mas,15
2024,JUNIO,REPUBLICA DOMINICANA,FEMENINO,56 a mas,1
2024,JUNIO,SAN MARTIN,FEMENINO,18 a 25,37
2024,JUNIO,SAN MARTIN,FEMENINO,26 a 35,35
2024,JUNIO,SAN MARTIN,FEMENINO,36 a 45,17
2024,JUNIO,SAN MARTIN,FEMENINO,46 a 55,9
2024,JUNIO,SAN MARTIN,FEMENINO,56 a mas,10
2024,JUNIO,SAN MARTIN,MASCULINO,18 a 25,59
2024,JUNIO,SAN MARTIN,MASCULINO,26 a 35,78
2024,JUNIO,SAN MARTIN,MASCULINO,36 a 45,32
2024,JUNIO,SAN MARTIN,MASCULINO,46 a 55,21
2024,JUNIO,SAN MARTIN,MASCULINO,56 a mas,17
2024,JUNIO,SUIZA,FEMENINO,56 a mas,1
2024,JUNIO,TACNA,FEMENINO,18 a 25,19
2024,JUNIO,TACNA,FEMENINO,26 a 35,30
2024,JUNIO,TACNA,FEMENINO,36 a 45,13
2024,JUNIO,TACNA,FEMENINO,46 a 55,11
2024,JUNIO,TACNA,FEMENINO,56 a mas,3
2024,JUNIO,TACNA,MASCULINO,18 a 25,39
2024,JUNIO,TACNA,MASCULINO,26 a 35,53
2024,JUNIO,TACNA,MASCULINO,36 a 45,31
2024,JUNIO,TACNA,MASCULINO,46 a 55,22
2024,JUNIO,TACNA,MASCULINO,56 a mas,11
2024,JUNIO,TUMBES,FEMENINO,18 a 25,37
2024,JUNIO,TUMBES,FEMENINO,26 a 35,21
2024,JUNIO,TUMBES,FEMENINO,36 a 45,20
2024,JUNIO,TUMBES,FEMENINO,46 a 55,9
2024,JUNIO,TUMBES,FEMENINO,56 a mas,3
2024,JUNIO,TUMBES,MASCULINO,18 a 25,58
2024,JUNIO,TUMBES,MASCULINO,26 a 35,57
2024,JUNIO,TUMBES,MASCULINO,36 a 45,75
2024,JUNIO,TUMBES,MASCULINO,46 a 55,46
2024,JUNIO,TUMBES,MASCULINO,56 a mas,22
2024,JUNIO,UCAYALI,FEMENINO,18 a 25,57
2024,JUNIO,UCAYALI,FEMENINO,26 a 35,38
2024,JUNIO,UCAYALI,FEMENINO,36 a 45,35
2024,JUNIO,UCAYALI,FEMENINO,46 a 55,11
2024,JUNIO,UCAYALI,FEMENINO,56 a mas,12
2024,JUNIO,UCAYALI,MASCULINO,18 a 25,72
2024,JUNIO,UCAYALI,MASCULINO,26 a 35,81
2024,JUNIO,UCAYALI,MASCULINO,36 a 45,40
2024,JUNIO,UCAYALI,MASCULINO,46 a 55,25
2024,JUNIO,UCAYALI,MASCULINO,56 a mas,26
2024,JUNIO,VENEZUELA,FEMENINO,46 a 55,1
2024,JUNIO,VENEZUELA,MASCULINO,26 a 35,1
2024,MARZO,ALEMANIA,MASCULINO,18 a 25,1
2024,MARZO,AMAZONAS,FEMENINO,18 a 25,10
2024,MARZO,AMAZONAS,FEMENINO,26 a 35,2
2024,MARZO,AMAZONAS,FEMENINO,36 a 45,2
2024,MARZO,AMAZONAS,FEMENINO,56 a mas,3
2024,MARZO,AMAZONAS,MASCULINO,18 a 25,12
2024,MARZO,AMAZONAS,MASCULINO,26 a 35,5
2024,MARZO,AMAZONAS,MASCULINO,36 a 45,3
2024,MARZO,AMAZONAS,MASCULINO,46 a 55,1
2024,MARZO,ANCASH,FEMENINO,18 a 25,20
2024,MARZO,ANCASH,FEMENINO,26 a 35,17
2024,MARZO,ANCASH,FEMENINO,36 a 45,2
2024,MARZO,ANCASH,FEMENINO,46 a 55,5
2024,MARZO,ANCASH,FEMENINO,56 a mas,3
2024,MARZO,ANCASH,MASCULINO,18 a 25,41
2024,MARZO,ANCASH,MASCULINO,26 a 35,44
2024,MARZO,ANCASH,MASCULINO,36 a 45,10
2024,MARZO,ANCASH,MASCULINO,46 a 55,5
2024,MARZO,ANCASH,MASCULINO,56 a mas,4
2024,MARZO,APURIMAC,FEMENINO,18 a 25,14
2024,MARZO,APURIMAC,FEMENINO,26 a 35,4
2024,MARZO,APURIMAC,FEMENINO,36 a 45,2
2024,MARZO,APURIMAC,FEMENINO,46 a 55,2
2024,MARZO,APURIMAC,FEMENINO,56 a mas,4
2024,MARZO,APURIMAC,MASCULINO,18 a 25,35
2024,MARZO,APURIMAC,MASCULINO,26 a 35,12
2024,MARZO,APURIMAC,MASCULINO,36 a 45,4
2024,MARZO,APURIMAC,MASCULINO,46 a 55,3
2024,MARZO,APURIMAC,MASCULINO,56 a mas,5
2024,MARZO,AREQUIPA,FEMENINO,18 a 25,35
2024,MARZO,AREQUIPA,FEMENINO,26 a 35,29
2024,MARZO,AREQUIPA,FEMENINO,36 a 45,19
2024,MARZO,AREQUIPA,FEMENINO,46 a 55,6
2024,MARZO,AREQUIPA,FEMENINO,56 a mas,3
2024,MARZO,AREQUIPA,MASCULINO,18 a 25,47
2024,MARZO,AREQUIPA,MASCULINO,26 a 35,66
2024,MARZO,AREQUIPA,MASCULINO,36 a 45,32
2024,MARZO,AREQUIPA,MASCULINO,46 a 55,9
2024,MARZO,AREQUIPA,MASCULINO,56 a mas,4
2024,MARZO,ARGENTINA,MASCULINO,18 a 25,1
2024,MARZO,ARGENTINA,MASCULINO,26 a 35,2
2024,MARZO,ARGENTINA,MASCULINO,36 a 45,1
2024,MARZO,ARGENTINA,MASCULINO,56 a mas,1
2024,MARZO,AYACUCHO,FEMENINO,18 a 25,13
2024,MARZO,AYACUCHO,FEMENINO,26 a 35,13
2024,MARZO,AYACUCHO,FEMENINO,36 a 45,3
2024,MARZO,AYACUCHO,FEMENINO,46 a 55,3
2024,MARZO,AYACUCHO,MASCULINO,18 a 25,24
2024,MARZO,AYACUCHO,MASCULINO,26 a 35,25
2024,MARZO,AYACUCHO,MASCULINO,36 a 45,7
2024,MARZO,AYACUCHO,MASCULINO,46 a 55,10
2024,MARZO,AYACUCHO,MASCULINO,56 a mas,4
2024,MARZO,BOLIVIA,FEMENINO,46 a 55,1
2024,MARZO,BOLIVIA,FEMENINO,56 a mas,2
2024,MARZO,BRASIL,FEMENINO,36 a 45,1
2024,MARZO,CAJAMARCA,FEMENINO,18 a 25,23
2024,MARZO,CAJAMARCA,FEMENINO,26 a 35,17
2024,MARZO,CAJAMARCA,FEMENINO,36 a 45,8
2024,MARZO,CAJAMARCA,FEMENINO,46 a 55,1
2024,MARZO,CAJAMARCA,FEMENINO,56 a mas,5
2024,MARZO,CAJAMARCA,MASCULINO,18 a 25,48
2024,MARZO,CAJAMARCA,MASCULINO,26 a 35,30
2024,MARZO,CAJAMARCA,MASCULINO,36 a 45,18
2024,MARZO,CAJAMARCA,MASCULINO,46 a 55,5
2024,MARZO,CAJAMARCA,MASCULINO,56 a mas,4
2024,MARZO,CALLAO,FEMENINO,18 a 25,35
2024,MARZO,CALLAO,FEMENINO,26 a 35,30
2024,MARZO,CALLAO,FEMENINO,36 a 45,17
2024,MARZO,CALLAO,FEMENINO,46 a 55,10
2024,MARZO,CALLAO,FEMENINO,56 a mas,6
2024,MARZO,CALLAO,MASCULINO,18 a 25,86
2024,MARZO,CALLAO,MASCULINO,26 a 35,77
2024,MARZO,CALLAO,MASCULINO,36 a 45,32
2024,MARZO,CALLAO,MASCULINO,46 a 55,23
2024,MARZO,CALLAO,MASCULINO,56 a mas,11
2024,MARZO,CANADA,FEMENINO,36 a 45,1
2024,MARZO,CANADA,MASCULINO,36 a 45,1
2024,MARZO,CHILE,FEMENINO,26 a 35,1
2024,MARZO,CHILE,FEMENINO,46 a 55,1
2024,MARZO,COLOMBIA,MASCULINO,26 a 35,1
2024,MARZO,CUSCO,FEMENINO,18 a 25,37
2024,MARZO,CUSCO,FEMENINO,26 a 35,30
2024,MARZO,CUSCO,FEMENINO,36 a 45,15
2024,MARZO,CUSCO,FEMENINO,46 a 55,16
2024,MARZO,CUSCO,FEMENINO,56 a mas,7
2024,MARZO,CUSCO,MASCULINO,18 a 25,86
2024,MARZO,CUSCO,MASCULINO,26 a 35,60
2024,MARZO,CUSCO,MASCULINO,36 a 45,22
2024,MARZO,CUSCO,MASCULINO,46 a 55,16
2024,MARZO,CUSCO,MASCULINO,56 a mas,11
2024,MARZO,ESPAÑA,FEMENINO,26 a 35,1
2024,MARZO,ESPAÑA,FEMENINO,46 a 55,1
2024,MARZO,ESPAÑA,MASCULINO,18 a 25,1
2024,MARZO,ESPAÑA,MASCULINO,36 a 45,2
2024,MARZO,ESPAÑA,MASCULINO,56 a mas,1
2024,MARZO,ESTADOS UNIDOS DE AMERICA,FEMENINO,26 a 35,1
2024,MARZO,ESTADOS UNIDOS DE AMERICA,FEMENINO,36 a 45,2
2024,MARZO,ESTADOS UNIDOS DE AMERICA,FEMENINO,46 a 55,1
2024,MARZO,ESTADOS UNIDOS DE AMERICA,FEMENINO,56 a mas,2
2024,MARZO,ESTADOS UNIDOS DE AMERICA,MASCULINO,26 a 35,2
2024,MARZO,ESTADOS UNIDOS DE AMERICA,MASCULINO,36 a 45,1
2024,MARZO,ESTADOS UNIDOS DE AMERICA,MASCULINO,56 a mas,1
2024,MARZO,HUANCAVELICA,FEMENINO,18 a 25,8
2024,MARZO,HUANCAVELICA,FEMENINO,26 a 35,5
2024,MARZO,HUANCAVELICA,FEMENINO,36 a 45,2
2024,MARZO,HUANCAVELICA,FEMENINO,46 a 55,1
2024,MARZO,HUANCAVELICA,FEMENINO,56 a mas,1
2024,MARZO,HUANCAVELICA,MASCULINO,18 a 25,9
2024,MARZO,HUANCAVELICA,MASCULINO,26 a 35,6
2024,MARZO,HUANCAVELICA,MASCULINO,36 a 45,3
2024,MARZO,HUANCAVELICA,MASCULINO,46 a 55,4
2024,MARZO,HUANCAVELICA,MASCULINO,56 a mas,4
2024,MARZO,HUANUCO,FEMENINO,0 a 17,1
2024,MARZO,HUANUCO,FEMENINO,18 a 25,12
2024,MARZO,HUANUCO,FEMENINO,26 a 35,7
2024,MARZO,HUANUCO,FEMENINO,36 a 45,2
2024,MARZO,HUANUCO,FEMENINO,46 a 55,3
2024,MARZO,HUANUCO,FEMENINO,56 a mas,3
2024,MARZO,HUANUCO,MASCULINO,18 a 25,40
2024,MARZO,HUANUCO,MASCULINO,26 a 35,26
2024,MARZO,HUANUCO,MASCULINO,36 a 45,12
2024,MARZO,HUANUCO,MASCULINO,46 a 55,6
2024,MARZO,HUANUCO,MASCULINO,56 a mas,3
2024,MARZO,ICA,FEMENINO,18 a 25,38
2024,MARZO,ICA,FEMENINO,26 a 35,28
2024,MARZO,ICA,FEMENINO,36 a 45,7
2024,MARZO,ICA,FEMENINO,46 a 55,3
2024,MARZO,ICA,FEMENINO,56 a mas,4
2024,MARZO,ICA,MASCULINO,18 a 25,61
2024,MARZO,ICA,MASCULINO,26 a 35,64
2024,MARZO,ICA,MASCULINO,36 a 45,27
2024,MARZO,ICA,MASCULINO,46 a 55,18
2024,MARZO,ICA,MASCULINO,56 a mas,9
2024,MARZO,ITALIA,MASCULINO,26 a 35,1
2024,MARZO,JAPON,MASCULINO,46 a 55,1
2024,MARZO,JUNIN,FEMENINO,18 a 25,35
2024,MARZO,JUNIN,FEMENINO,26 a 35,35
2024,MARZO,JUNIN,FEMENINO,36 a 45,12
2024,MARZO,JUNIN,FEMENINO,46 a 55,7
2024,MARZO,JUNIN,FEMENINO,56 a mas,6
2024,MARZO,JUNIN,MASCULINO,18 a 25,79
2024,MARZO,JUNIN,MASCULINO,26 a 35,83
2024,MARZO,JUNIN,MASCULINO,36 a 45,38
2024,MARZO,JUNIN,MASCULINO,46 a 55,12
2024,MARZO,JUNIN,MASCULINO,56 a mas,10
2024,MARZO,LA LIBERTAD,FEMENINO,18 a 25,36
2024,MARZO,LA LIBERTAD,FEMENINO,26 a 35,52
2024,MARZO,LA LIBERTAD,FEMENINO,36 a 45,12
2024,MARZO,LA LIBERTAD,FEMENINO,46 a 55,4
2024,MARZO,LA LIBERTAD,FEMENINO,56 a mas,10
2024,MARZO,LA LIBERTAD,MASCULINO,18 a 25,64
2024,MARZO,LA LIBERTAD,MASCULINO,26 a 35,85
2024,MARZO,LA LIBERTAD,MASCULINO,36 a 45,32
2024,MARZO,LA LIBERTAD,MASCULINO,46 a 55,19
2024,MARZO,LA LIBERTAD,MASCULINO,56 a mas,9
2024,MARZO,LAMBAYEQUE,FEMENINO,18 a 25,30
2024,MARZO,LAMBAYEQUE,FEMENINO,26 a 35,27
2024,MARZO,LAMBAYEQUE,FEMENINO,36 a 45,9
2024,MARZO,LAMBAYEQUE,FEMENINO,46 a 55,6
2024,MARZO,LAMBAYEQUE,FEMENINO,56 a mas,4
2024,MARZO,LAMBAYEQUE,MASCULINO,18 a 25,52
2024,MARZO,LAMBAYEQUE,MASCULINO,26 a 35,60
2024,MARZO,LAMBAYEQUE,MASCULINO,36 a 45,21
2024,MARZO,LAMBAYEQUE,MASCULINO,46 a 55,11
2024,MARZO,LAMBAYEQUE,MASCULINO,56 a mas,4
2024,MARZO,LIMA,FEMENINO,18 a 25,397
2024,MARZO,LIMA,FEMENINO,26 a 35,464
2024,MARZO,LIMA,FEMENINO,36 a 45,214
2024,MARZO,LIMA,FEMENINO,46 a 55,97
2024,MARZO,LIMA,FEMENINO,56 a mas,85
2024,MARZO,LIMA,MASCULINO,18 a 25,648
2024,MARZO,LIMA,MASCULINO,26 a 35,873
2024,MARZO,LIMA,MASCULINO,36 a 45,442
2024,MARZO,LIMA,MASCULINO,46 a 55,204
2024,MARZO,LIMA,MASCULINO,56 a mas,123
2024,MARZO,LORETO,FEMENINO,18 a 25,29
2024,MARZO,LORETO,FEMENINO,26 a 35,22
2024,MARZO,LORETO,FEMENINO,36 a 45,12
2024,MARZO,LORETO,FEMENINO,46 a 55,5
2024,MARZO,LORETO,FEMENINO,56 a mas,2
2024,MARZO,LORETO,MASCULINO,18 a 25,71
2024,MARZO,LORETO,MASCULINO,26 a 35,62
2024,MARZO,LORETO,MASCULINO,36 a 45,35
2024,MARZO,LORETO,MASCULINO,46 a 55,20
2024,MARZO,LORETO,MASCULINO,56 a mas,11
2024,MARZO,MADRE DE DIOS,FEMENINO,18 a 25,10
2024,MARZO,MADRE DE DIOS,FEMENINO,26 a 35,17
2024,MARZO,MADRE DE DIOS,FEMENINO,36 a 45,4
2024,MARZO,MADRE DE DIOS,FEMENINO,46 a 55,4
2024,MARZO,MADRE DE DIOS,MASCULINO,18 a 25,11
2024,MARZO,MADRE DE DIOS,MASCULINO,26 a 35,12
2024,MARZO,MADRE DE DIOS,MASCULINO,36 a 45,9
2024,MARZO,MADRE DE DIOS,MASCULINO,46 a 55,3
2024,MARZO,MADRE DE DIOS,MASCULINO,56 a mas,2
2024,MARZO,MOQUEGUA,FEMENINO,18 a 25,6
2024,MARZO,MOQUEGUA,FEMENINO,26 a 35,14
2024,MARZO,MOQUEGUA,FEMENINO,36 a 45,6
2024,MARZO,MOQUEGUA,FEMENINO,46 a 55,2
2024,MARZO,MOQUEGUA,MASCULINO,18 a 25,9
2024,MARZO,MOQUEGUA,MASCULINO,26 a 35,11
2024,MARZO,MOQUEGUA,MASCULINO,36 a 45,3
2024,MARZO,MOQUEGUA,MASCULINO,46 a 55,5
2024,MARZO,MOQUEGUA,MASCULINO,56 a mas,2
2024,MARZO,PASCO,FEMENINO,18 a 25,6
2024,MARZO,PASCO,FEMENINO,26 a 35,5
2024,MARZO,PASCO,FEMENINO,36 a 45,1
2024,MARZO,PASCO,FEMENINO,56 a mas,1
2024,MARZO,PASCO,MASCULINO,18 a 25,27
2024,MARZO,PASCO,MASCULINO,26 a 35,13
2024,MARZO,PASCO,MASCULINO,36 a 45,2
2024,MARZO,PASCO,MASCULINO,46 a 55,3
2024,MARZO,PASCO,MASCULINO,56 a mas,1
2024,MARZO,PIURA,FEMENINO,18 a 25,46
2024,MARZO,PIURA,FEMENINO,26 a 35,55
2024,MARZO,PIURA,FEMENINO,36 a 45,21
2024,MARZO,PIURA,FEMENINO,46 a 55,15
2024,MARZO,PIURA,FEMENINO,56 a mas,4
2024,MARZO,PIURA,MASCULINO,18 a 25,92
2024,MARZO,PIURA,MASCULINO,26 a 35,91
2024,MARZO,PIURA,MASCULINO,36 a 45,33
2024,MARZO,PIURA,MASCULINO,46 a 55,19
2024,MARZO,PIURA,MASCULINO,56 a mas,5
2024,MARZO,PUNO,FEMENINO,18 a 25,25
2024,MARZO,PUNO,FEMENINO,26 a 35,27
2024,MARZO,PUNO,FEMENINO,36 a 45,12
2024,MARZO,PUNO,FEMENINO,46 a 55,4
2024,MARZO,PUNO,FEMENINO,56 a mas,1
2024,MARZO,PUNO,MASCULINO,18 a 25,70
2024,MARZO,PUNO,MASCULINO,26 a 35,72
2024,MARZO,PUNO,MASCULINO,36 a 45,30
2024,MARZO,PUNO,MASCULINO,46 a 55,10
2024,MARZO,PUNO,MASCULINO,56 a mas,5
2024,MARZO,SAN MARTIN,FEMENINO,18 a 25,14
2024,MARZO,SAN MARTIN,FEMENINO,26 a 35,15
2024,MARZO,SAN MARTIN,FEMENINO,36 a 45,2
2024,MARZO,SAN MARTIN,FEMENINO,46 a 55,4
2024,MARZO,SAN MARTIN,FEMENINO,56 a mas,1
2024,MARZO,SAN MARTIN,MASCULINO,18 a 25,15
2024,MARZO,SAN MARTIN,MASCULINO,26 a 35,20
2024,MARZO,SAN MARTIN,MASCULINO,36 a 45,8
2024,MARZO,SAN MARTIN,MASCULINO,46 a 55,2
2024,MARZO,SAN MARTIN,MASCULINO,56 a mas,3
2024,MARZO,TACNA,FEMENINO,18 a 25,17
2024,MARZO,TACNA,FEMENINO,26 a 35,14
2024,MARZO,TACNA,FEMENINO,36 a 45,8
2024,MARZO,TACNA,FEMENINO,46 a 55,5
2024,MARZO,TACNA,FEMENINO,56 a mas,9
2024,MARZO,TACNA,MASCULINO,18 a 25,33
2024,MARZO,TACNA,MASCULINO,26 a 35,23
2024,MARZO,TACNA,MASCULINO,36 a 45,13
2024,MARZO,TACNA,MASCULINO,46 a 55,4
2024,MARZO,TACNA,MASCULINO,56 a mas,6
2024,MARZO,TUMBES,FEMENINO,18 a 25,13
2024,MARZO,TUMBES,FEMENINO,26 a 35,12
2024,MARZO,TUMBES,FEMENINO,36 a 45,3
2024,MARZO,TUMBES,FEMENINO,46 a 55,4
2024,MARZO,TUMBES,FEMENINO,56 a mas,2
2024,MARZO,TUMBES,MASCULINO,18 a 25,15
2024,MARZO,TUMBES,MASCULINO,26 a 35,23
2024,MARZO,TUMBES,MASCULINO,36 a 45,8
2024,MARZO,TUMBES,MASCULINO,46 a 55,3
2024,MARZO,TUMBES,MASCULINO,56 a mas,7
2024,MARZO,UCAYALI,FEMENINO,18 a 25,24
2024,MARZO,UCAYALI,FEMENINO,26 a 35,15
2024,MARZO,UCAYALI,FEMENINO,36 a 45,11
2024,MARZO,UCAYALI,FEMENINO,46 a 55,8
2024,MARZO,UCAYALI,FEMENINO,56 a mas,3
2024,MARZO,UCAYALI,MASCULINO,18 a 25,38
2024,MARZO,UCAYALI,MASCULINO,26 a 35,42
2024,MARZO,UCAYALI,MASCULINO,36 a 45,17
2024,MARZO,UCAYALI,MASCULINO,46 a 55,10
2024,MARZO,UCAYALI,MASCULINO,56 a mas,6
2024,MARZO,VENEZUELA,MASCULINO,46 a 55,1
2024,MAYO,ALEMANIA,MASCULINO,18 a 25,2
2024,MAYO,AMAZONAS,FEMENINO,18 a 25,12
2024,MAYO,AMAZONAS,FEMENINO,26 a 35,17
2024,MAYO,AMAZONAS,FEMENINO,36 a 45,2
2024,MAYO,AMAZONAS,FEMENINO,56 a mas,5
2024,MAYO,AMAZONAS,MASCULINO,18 a 25,32
2024,MAYO,AMAZONAS,MASCULINO,26 a 35,14
2024,MAYO,AMAZONAS,MASCULINO,36 a 45,12
2024,MAYO,AMAZONAS,MASCULINO,46 a 55,4
2024,MAYO,AMAZONAS,MASCULINO,56 a mas,2
2024,MAYO,ANCASH,FEMENINO,18 a 25,44
2024,MAYO,ANCASH,FEMENINO,26 a 35,52
2024,MAYO,ANCASH,FEMENINO,36 a 45,17
2024,MAYO,ANCASH,FEMENINO,46 a 55,13
2024,MAYO,ANCASH,FEMENINO,56 a mas,9
2024,MAYO,ANCASH,MASCULINO,18 a 25,74
2024,MAYO,ANCASH,MASCULINO,26 a 35,102
2024,MAYO,ANCASH,MASCULINO,36 a 45,63
2024,MAYO,ANCASH,MASCULINO,46 a 55,24
2024,MAYO,ANCASH,MASCULINO,56 a mas,13
2024,MAYO,APURIMAC,FEMENINO,18 a 25,27
2024,MAYO,APURIMAC,FEMENINO,26 a 35,12
2024,MAYO,APURIMAC,FEMENINO,36 a 45,11
2024,MAYO,APURIMAC,FEMENINO,46 a 55,5
2024,MAYO,APURIMAC,FEMENINO,56 a mas,3
2024,MAYO,APURIMAC,MASCULINO,18 a 25,39
2024,MAYO,APURIMAC,MASCULINO,26 a 35,41
2024,MAYO,APURIMAC,MASCULINO,36 a 45,18
2024,MAYO,APURIMAC,MASCULINO,46 a 55,10
2024,MAYO,APURIMAC,MASCULINO,56 a mas,9
2024,MAYO,AREQUIPA,FEMENINO,18 a 25,81
2024,MAYO,AREQUIPA,FEMENINO,26 a 35,97
2024,MAYO,AREQUIPA,FEMENINO,36 a 45,40
2024,MAYO,AREQUIPA,FEMENINO,46 a 55,20
2024,MAYO,AREQUIPA,FEMENINO,56 a mas,18
2024,MAYO,AREQUIPA,MASCULINO,18 a 25,130
2024,MAYO,AREQUIPA,MASCULINO,26 a 35,216
2024,MAYO,AREQUIPA,MASCULINO,36 a 45,114
2024,MAYO,AREQUIPA,MASCULINO,46 a 55,54
2024,MAYO,AREQUIPA,MASCULINO,56 a mas,43
2024,MAYO,ARGENTINA,FEMENINO,26 a 35,1
2024,MAYO,ARGENTINA,FEMENINO,36 a 45,2
2024,MAYO,ARGENTINA,FEMENINO,56 a mas,1
2024,MAYO,ARGENTINA,MASCULINO,26 a 35,2
2024,MAYO,ARGENTINA,MASCULINO,36 a 45,2
2024,MAYO,AYACUCHO,FEMENINO,18 a 25,35
2024,MAYO,AYACUCHO,FEMENINO,26 a 35,34
2024,MAYO,AYACUCHO,FEMENINO,36 a 45,27
2024,MAYO,AYACUCHO,FEMENINO,46 a 55,16
2024,MAYO,AYACUCHO,FEMENINO,56 a mas,8
2024,MAYO,AYACUCHO,MASCULINO,18 a 25,88
2024,MAYO,AYACUCHO,MASCULINO,26 a 35,80
2024,MAYO,AYACUCHO,MASCULINO,36 a 45,32
2024,MAYO,AYACUCHO,MASCULINO,46 a 55,15
2024,MAYO,AYACUCHO,MASCULINO,56 a mas,12
2024,MAYO,BOLIVIA,MASCULINO,26 a 35,1
2024,MAYO,BRASIL,FEMENINO,26 a 35,1
2024,MAYO,BRASIL,MASCULINO,36 a 45,1
2024,MAYO,BRASIL,MASCULINO,46 a 55,1
2024,MAYO,BRASIL,MASCULINO,56 a mas,2
2024,MAYO,CAJAMARCA,FEMENINO,18 a 25,61
2024,MAYO,CAJAMARCA,FEMENINO,26 a 35,48
2024,MAYO,CAJAMARCA,FEMENINO,36 a 45,23
2024,MAYO,CAJAMARCA,FEMENINO,46 a 55,9
2024,MAYO,CAJAMARCA,FEMENINO,56 a mas,11
2024,MAYO,CAJAMARCA,MASCULINO,18 a 25,115
2024,MAYO,CAJAMARCA,MASCULINO,26 a 35,96
2024,MAYO,CAJAMARCA,MASCULINO,36 a 45,56
2024,MAYO,CAJAMARCA,MASCULINO,46 a 55,36
2024,MAYO,CAJAMARCA,MASCULINO,56 a mas,16
2024,MAYO,CALLAO,FEMENINO,18 a 25,101
2024,MAYO,CALLAO,FEMENINO,26 a 35,135
2024,MAYO,CALLAO,FEMENINO,36 a 45,66
2024,MAYO,CALLAO,FEMENINO,46 a 55,30
2024,MAYO,CALLAO,FEMENINO,56 a mas,20
2024,MAYO,CALLAO,MASCULINO,18 a 25,158
2024,MAYO,CALLAO,MASCULINO,26 a 35,220
2024,MAYO,CALLAO,MASCULINO,36 a 45,104
2024,MAYO,CALLAO,MASCULINO,46 a 55,67
2024,MAYO,CALLAO,MASCULINO,56 a mas,29
2024,MAYO,CANADA,FEMENINO,46 a 55,2
2024,MAYO,CHILE,FEMENINO,26 a 35,1
2024,MAYO,CHILE,FEMENINO,36 a 45,3
2024,MAYO,CHILE,MASCULINO,18 a 25,1
2024,MAYO,CHILE,MASCULINO,26 a 35,2
2024,MAYO,CHILE,MASCULINO,36 a 45,4
2024,MAYO,CHILE,MASCULINO,46 a 55,1
2024,MAYO,CUSCO,FEMENINO,18 a 25,184
2024,MAYO,CUSCO,FEMENINO,26 a 35,112
2024,MAYO,CUSCO,FEMENINO,36 a 45,44
2024,MAYO,CUSCO,FEMENINO,46 a 55,31
2024,MAYO,CUSCO,FEMENINO,56 a mas,20
2024,MAYO,CUSCO,MASCULINO,18 a 25,309
2024,MAYO,CUSCO,MASCULINO,26 a 35,218
2024,MAYO,CUSCO,MASCULINO,36 a 45,128
2024,MAYO,CUSCO,MASCULINO,46 a 55,59
2024,MAYO,CUSCO,MASCULINO,56 a mas,25
2024,MAYO,ECUADOR,MASCULINO,26 a 35,1
2024,MAYO,ESPAÑA,FEMENINO,18 a 25,1
2024,MAYO,ESPAÑA,FEMENINO,26 a 35,2
2024,MAYO,ESPAÑA,FEMENINO,36 a 45,3
2024,MAYO,ESPAÑA,FEMENINO,46 a 55,3
2024,MAYO,ESPAÑA,FEMENINO,56 a mas,3
2024,MAYO,ESPAÑA,MASCULINO,18 a 25,1
2024,MAYO,ESPAÑA,MASCULINO,36 a 45,5
2024,MAYO,ESPAÑA,MASCULINO,46 a 55,1
2024,MAYO,ESTADOS UNIDOS DE AMERICA,FEMENINO,18 a 25,1
2024,MAYO,ESTADOS UNIDOS DE AMERICA,FEMENINO,26 a 35,4
2024,MAYO,ESTADOS UNIDOS DE AMERICA,FEMENINO,36 a 45,2
2024,MAYO,ESTADOS UNIDOS DE AMERICA,FEMENINO,46 a 55,4
2024,MAYO,ESTADOS UNIDOS DE AMERICA,FEMENINO,56 a mas,6
2024,MAYO,ESTADOS UNIDOS DE AMERICA,MASCULINO,26 a 35,2
2024,MAYO,ESTADOS UNIDOS DE AMERICA,MASCULINO,36 a 45,4
2024,MAYO,ESTADOS UNIDOS DE AMERICA,MASCULINO,46 a 55,4
2024,MAYO,ESTADOS UNIDOS DE AMERICA,MASCULINO,56 a mas,8
2024,MAYO,GRAN BRETAÑA,FEMENINO,46 a 55,1
2024,MAYO,HUANCAVELICA,FEMENINO,18 a 25,29
2024,MAYO,HUANCAVELICA,FEMENINO,26 a 35,12
2024,MAYO,HUANCAVELICA,FEMENINO,36 a 45,6
2024,MAYO,HUANCAVELICA,FEMENINO,46 a 55,2
2024,MAYO,HUANCAVELICA,FEMENINO,56 a mas,2
2024,MAYO,HUANCAVELICA,MASCULINO,18 a 25,45
2024,MAYO,HUANCAVELICA,MASCULINO,26 a 35,46
2024,MAYO,HUANCAVELICA,MASCULINO,36 a 45,17
2024,MAYO,HUANCAVELICA,MASCULINO,46 a 55,5
2024,MAYO,HUANCAVELICA,MASCULINO,56 a mas,4
2024,MAYO,HUANUCO,FEMENINO,18 a 25,47
2024,MAYO,HUANUCO,FEMENINO,26 a 35,37
2024,MAYO,HUANUCO,FEMENINO,36 a 45,13
2024,MAYO,HUANUCO,FEMENINO,46 a 55,4
2024,MAYO,HUANUCO,FEMENINO,56 a mas,11
2024,MAYO,HUANUCO,MASCULINO,18 a 25,86
2024,MAYO,HUANUCO,MASCULINO,26 a 35,80
2024,MAYO,HUANUCO,MASCULINO,36 a 45,37
2024,MAYO,HUANUCO,MASCULINO,46 a 55,15
2024,MAYO,HUANUCO,MASCULINO,56 a mas,14
2024,MAYO,ICA,FEMENINO,18 a 25,64
2024,MAYO,ICA,FEMENINO,26 a 35,54
2024,MAYO,ICA,FEMENINO,36 a 45,34
2024,MAYO,ICA,FEMENINO,46 a 55,15
2024,MAYO,ICA,FEMENINO,56 a mas,13
2024,MAYO,ICA,MASCULINO,18 a 25,113
2024,MAYO,ICA,MASCULINO,26 a 35,137
2024,MAYO,ICA,MASCULINO,36 a 45,67
2024,MAYO,ICA,MASCULINO,46 a 55,31
2024,MAYO,ICA,MASCULINO,56 a mas,15
2024,MAYO,ITALIA,FEMENINO,36 a 45,2
2024,MAYO,ITALIA,FEMENINO,46 a 55,1
2024,MAYO,ITALIA,FEMENINO,56 a mas,1
2024,MAYO,ITALIA,MASCULINO,36 a 45,1
2024,MAYO,ITALIA,MASCULINO,56 a mas,1
2024,MAYO,JAPON,FEMENINO,56 a mas,1
2024,MAYO,JAPON,MASCULINO,36 a 45,1
2024,MAYO,JUNIN,FEMENINO,18 a 25,97
2024,MAYO,JUNIN,FEMENINO,26 a 35,80
2024,MAYO,JUNIN,FEMENINO,36 a 45,49
2024,MAYO,JUNIN,FEMENINO,46 a 55,19
2024,MAYO,JUNIN,FEMENINO,56 a mas,17
2024,MAYO,JUNIN,MASCULINO,18 a 25,151
2024,MAYO,JUNIN,MASCULINO,26 a 35,184
2024,MAYO,JUNIN,MASCULINO,36 a 45,81
2024,MAYO,JUNIN,MASCULINO,46 a 55,43
2024,MAYO,JUNIN,MASCULINO,56 a mas,21
2024,MAYO,LA LIBERTAD,FEMENINO,18 a 25,82
2024,MAYO,LA LIBERTAD,FEMENINO,26 a 35,113
2024,MAYO,LA LIBERTAD,FEMENINO,36 a 45,31
2024,MAYO,LA LIBERTAD,FEMENINO,46 a 55,36
2024,MAYO,LA LIBERTAD,FEMENINO,56 a mas,24
2024,MAYO,LA LIBERTAD,MASCULINO,18 a 25,140
2024,MAYO,LA LIBERTAD,MASCULINO,26 a 35,187
2024,MAYO,LA LIBERTAD,MASCULINO,36 a 45,102
2024,MAYO,LA LIBERTAD,MASCULINO,46 a 55,53
2024,MAYO,LA LIBERTAD,MASCULINO,56 a mas,24
2024,MAYO,LAMBAYEQUE,FEMENINO,18 a 25,95
2024,MAYO,LAMBAYEQUE,FEMENINO,26 a 35,88
2024,MAYO,LAMBAYEQUE,FEMENINO,36 a 45,34
2024,MAYO,LAMBAYEQUE,FEMENINO,46 a 55,22
2024,MAYO,LAMBAYEQUE,FEMENINO,56 a mas,16
2024,MAYO,LAMBAYEQUE,MASCULINO,18 a 25,157
2024,MAYO,LAMBAYEQUE,MASCULINO,26 a 35,189
2024,MAYO,LAMBAYEQUE,MASCULINO,36 a 45,75
2024,MAYO,LAMBAYEQUE,MASCULINO,46 a 55,49
2024,MAYO,LAMBAYEQUE,MASCULINO,56 a mas,26
2024,MAYO,LIMA,FEMENINO,18 a 25,831
2024,MAYO,LIMA,FEMENINO,26 a 35,1090
2024,MAYO,LIMA,FEMENINO,36 a 45,550
2024,MAYO,LIMA,FEMENINO,46 a 55,322
2024,MAYO,LIMA,FEMENINO,56 a mas,253
2024,MAYO,LIMA,MASCULINO,18 a 25,1504
2024,MAYO,LIMA,MASCULINO,26 a 35,1962
2024,MAYO,LIMA,MASCULINO,36 a 45,1128
2024,MAYO,LIMA,MASCULINO,46 a 55,605
2024,MAYO,LIMA,MASCULINO,56 a mas,393
2024,MAYO,LORETO,FEMENINO,18 a 25,82
2024,MAYO,LORETO,FEMENINO,26 a 35,67
2024,MAYO,LORETO,FEMENINO,36 a 45,42
2024,MAYO,LORETO,FEMENINO,46 a 55,20
2024,MAYO,LORETO,FEMENINO,56 a mas,13
2024,MAYO,LORETO,MASCULINO,18 a 25,171
2024,MAYO,LORETO,MASCULINO,26 a 35,194
2024,MAYO,LORETO,MASCULINO,36 a 45,102
2024,MAYO,LORETO,MASCULINO,46 a 55,66
2024,MAYO,LORETO,MASCULINO,56 a mas,30
2024,MAYO,MADRE DE DIOS,FEMENINO,18 a 25,10
2024,MAYO,MADRE DE DIOS,FEMENINO,26 a 35,18
2024,MAYO,MADRE DE DIOS,FEMENINO,36 a 45,6
2024,MAYO,MADRE DE DIOS,FEMENINO,46 a 55,6
2024,MAYO,MADRE DE DIOS,FEMENINO,56 a mas,1
2024,MAYO,MADRE DE DIOS,MASCULINO,18 a 25,19
2024,MAYO,MADRE DE DIOS,MASCULINO,26 a 35,23
2024,MAYO,MADRE DE DIOS,MASCULINO,36 a 45,21
2024,MAYO,MADRE DE DIOS,MASCULINO,46 a 55,12
2024,MAYO,MADRE DE DIOS,MASCULINO,56 a mas,6
2024,MAYO,MOQUEGUA,FEMENINO,18 a 25,11
2024,MAYO,MOQUEGUA,FEMENINO,26 a 35,14
2024,MAYO,MOQUEGUA,FEMENINO,36 a 45,9
2024,MAYO,MOQUEGUA,FEMENINO,46 a 55,4
2024,MAYO,MOQUEGUA,FEMENINO,56 a mas,5
2024,MAYO,MOQUEGUA,MASCULINO,18 a 25,22
2024,MAYO,MOQUEGUA,MASCULINO,26 a 35,30
2024,MAYO,MOQUEGUA,MASCULINO,36 a 45,19
2024,MAYO,MOQUEGUA,MASCULINO,46 a 55,6
2024,MAYO,MOQUEGUA,MASCULINO,56 a mas,5
2024,MAYO,NUEVA ZELANDA,MASCULINO,36 a 45,1
2024,MAYO,PASCO,FEMENINO,18 a 25,14
2024,MAYO,PASCO,FEMENINO,26 a 35,9
2024,MAYO,PASCO,FEMENINO,36 a 45,5
2024,MAYO,PASCO,FEMENINO,46 a 55,1
2024,MAYO,PASCO,FEMENINO,56 a mas,4
2024,MAYO,PASCO,MASCULINO,18 a 25,28
2024,MAYO,PASCO,MASCULINO,26 a 35,33
2024,MAYO,PASCO,MASCULINO,36 a 45,15
2024,MAYO,PASCO,MASCULINO,46 a 55,8
2024,MAYO,PASCO,MASCULINO,56 a mas,5
2024,MAYO,PIURA,FEMENINO,18 a 25,145
2024,MAYO,PIURA,FEMENINO,26 a 35,155
2024,MAYO,PIURA,FEMENINO,36 a 45,79
2024,MAYO,PIURA,FEMENINO,46 a 55,32
2024,MAYO,PIURA,FEMENINO,56 a mas,28
2024,MAYO,PIURA,MASCULINO,18 a 25,179
2024,MAYO,PIURA,MASCULINO,26 a 35,228
2024,MAYO,PIURA,MASCULINO,36 a 45,96
2024,MAYO,PIURA,MASCULINO,46 a 55,38
2024,MAYO,PIURA,MASCULINO,56 a mas,38
2024,MAYO,PUNO,FEMENINO,18 a 25,71
2024,MAYO,PUNO,FEMENINO,26 a 35,61
2024,MAYO,PUNO,FEMENINO,36 a 45,17
2024,MAYO,PUNO,FEMENINO,46 a 55,10
2024,MAYO,PUNO,FEMENINO,56 a mas,9
2024,MAYO,PUNO,MASCULINO,18 a 25,157
2024,MAYO,PUNO,MASCULINO,26 a 35,141
2024,MAYO,PUNO,MASCULINO,36 a 45,60
2024,MAYO,PUNO,MASCULINO,46 a 55,36
2024,MAYO,PUNO,MASCULINO,56 a mas,11
2024,MAYO,REPUBLICA DE PANAMA,MASCULINO,56 a mas,1
2024,MAYO,SAN MARTIN,FEMENINO,18 a 25,32
2024,MAYO,SAN MARTIN,FEMENINO,26 a 35,26
2024,MAYO,SAN MARTIN,FEMENINO,36 a 45,10
2024,MAYO,SAN MARTIN,FEMENINO,46 a 55,9
2024,MAYO,SAN MARTIN,FEMENINO,56 a mas,6
2024,MAYO,SAN MARTIN,MASCULINO,18 a 25,59
2024,MAYO,SAN MARTIN,MASCULINO,26 a 35,59
2024,MAYO,SAN MARTIN,MASCULINO,36 a 45,31
2024,MAYO,SAN MARTIN,MASCULINO,46 a 55,18
2024,MAYO,SAN MARTIN,MASCULINO,56 a mas,6
2024,MAYO,TACNA,FEMENINO,18 a 25,18
2024,MAYO,TACNA,FEMENINO,26 a 35,23
2024,MAYO,TACNA,FEMENINO,36 a 45,18
2024,MAYO,TACNA,FEMENINO,46 a 55,15
2024,MAYO,TACNA,FEMENINO,56 a mas,12
2024,MAYO,TACNA,MASCULINO,18 a 25,45
2024,MAYO,TACNA,MASCULINO,26 a 35,53
2024,MAYO,TACNA,MASCULINO,36 a 45,44
2024,MAYO,TACNA,MASCULINO,46 a 55,27
2024,MAYO,TACNA,MASCULINO,56 a mas,16
2024,MAYO,TUMBES,FEMENINO,18 a 25,27
2024,MAYO,TUMBES,FEMENINO,26 a 35,23
2024,MAYO,TUMBES,FEMENINO,36 a 45,10
2024,MAYO,TUMBES,FEMENINO,46 a 55,8
2024,MAYO,TUMBES,FEMENINO,56 a mas,7
2024,MAYO,TUMBES,MASCULINO,18 a 25,61
2024,MAYO,TUMBES,MASCULINO,26 a 35,56
2024,MAYO,TUMBES,MASCULINO,36 a 45,28
2024,MAYO,TUMBES,MASCULINO,46 a 55,27
2024,MAYO,TUMBES,MASCULINO,56 a mas,20
2024,MAYO,UCAYALI,FEMENINO,18 a 25,45
2024,MAYO,UCAYALI,FEMENINO,26 a 35,49
2024,MAYO,UCAYALI,FEMENINO,36 a 45,22
2024,MAYO,UCAYALI,FEMENINO,46 a 55,12
2024,MAYO,UCAYALI,FEMENINO,56 a mas,10
2024,MAYO,UCAYALI,MASCULINO,18 a 25,59
2024,MAYO,UCAYALI,MASCULINO,26 a 35,101
2024,MAYO,UCAYALI,MASCULINO,36 a 45,64
2024,MAYO,UCAYALI,MASCULINO,46 a 55,24
2024,MAYO,UCAYALI,MASCULINO,56 a mas,18
2024,NOVIEMBRE,ALEMANIA,MASCULINO,46 a 55,2
2024,NOVIEMBRE,ALEMANIA,MASCULINO,56 a mas,1
2024,NOVIEMBRE,AMAZONAS,FEMENINO,18 a 25,38
2024,NOVIEMBRE,AMAZONAS,FEMENINO,26 a 35,14
2024,NOVIEMBRE,AMAZONAS,FEMENINO,36 a 45,10
2024,NOVIEMBRE,AMAZONAS,FEMENINO,46 a 55,2
2024,NOVIEMBRE,AMAZONAS,FEMENINO,56 a mas,1
2024,NOVIEMBRE,AMAZONAS,MASCULINO,18 a 25,36
2024,NOVIEMBRE,AMAZONAS,MASCULINO,26 a 35,28
2024,NOVIEMBRE,AMAZONAS,MASCULINO,36 a 45,16
2024,NOVIEMBRE,AMAZONAS,MASCULINO,46 a 55,7
2024,NOVIEMBRE,AMAZONAS,MASCULINO,56 a mas,3
2024,NOVIEMBRE,ANCASH,FEMENINO,18 a 25,62
2024,NOVIEMBRE,ANCASH,FEMENINO,26 a 35,61
2024,NOVIEMBRE,ANCASH,FEMENINO,36 a 45,43
2024,NOVIEMBRE,ANCASH,FEMENINO,46 a 55,23
2024,NOVIEMBRE,ANCASH,FEMENINO,56 a mas,17
2024,NOVIEMBRE,ANCASH,MASCULINO,18 a 25,104
2024,NOVIEMBRE,ANCASH,MASCULINO,26 a 35,124
2024,NOVIEMBRE,ANCASH,MASCULINO,36 a 45,76
2024,NOVIEMBRE,ANCASH,MASCULINO,46 a 55,36
2024,NOVIEMBRE,ANCASH,MASCULINO,56 a mas,26
2024,NOVIEMBRE,APURIMAC,FEMENINO,18 a 25,27
2024,NOVIEMBRE,APURIMAC,FEMENINO,26 a 35,30
2024,NOVIEMBRE,APURIMAC,FEMENINO,36 a 45,15
2024,NOVIEMBRE,APURIMAC,FEMENINO,46 a 55,6
2024,NOVIEMBRE,APURIMAC,FEMENINO,56 a mas,9
2024,NOVIEMBRE,APURIMAC,MASCULINO,18 a 25,60
2024,NOVIEMBRE,APURIMAC,MASCULINO,26 a 35,69
2024,NOVIEMBRE,APURIMAC,MASCULINO,36 a 45,49
2024,NOVIEMBRE,APURIMAC,MASCULINO,46 a 55,19
2024,NOVIEMBRE,APURIMAC,MASCULINO,56 a mas,10
2024,NOVIEMBRE,AREQUIPA,FEMENINO,18 a 25,74
2024,NOVIEMBRE,AREQUIPA,FEMENINO,26 a 35,121
2024,NOVIEMBRE,AREQUIPA,FEMENINO,36 a 45,65
2024,NOVIEMBRE,AREQUIPA,FEMENINO,46 a 55,34
2024,NOVIEMBRE,AREQUIPA,FEMENINO,56 a mas,29
2024,NOVIEMBRE,AREQUIPA,MASCULINO,18 a 25,147
2024,NOVIEMBRE,AREQUIPA,MASCULINO,26 a 35,261
2024,NOVIEMBRE,AREQUIPA,MASCULINO,36 a 45,151
2024,NOVIEMBRE,AREQUIPA,MASCULINO,46 a 55,83
2024,NOVIEMBRE,AREQUIPA,MASCULINO,56 a mas,44
2024,NOVIEMBRE,ARGENTINA,FEMENINO,26 a 35,1
2024,NOVIEMBRE,ARGENTINA,FEMENINO,36 a 45,1
2024,NOVIEMBRE,ARGENTINA,FEMENINO,46 a 55,1
2024,NOVIEMBRE,ARGENTINA,FEMENINO,56 a mas,1
2024,NOVIEMBRE,ARGENTINA,MASCULINO,18 a 25,1
2024,NOVIEMBRE,ARGENTINA,MASCULINO,26 a 35,2
2024,NOVIEMBRE,ARGENTINA,MASCULINO,36 a 45,1
2024,NOVIEMBRE,ARGENTINA,MASCULINO,46 a 55,1
2024,NOVIEMBRE,AUSTRALIA,FEMENINO,18 a 25,1
2024,NOVIEMBRE,AYACUCHO,FEMENINO,18 a 25,79
2024,NOVIEMBRE,AYACUCHO,FEMENINO,26 a 35,57
2024,NOVIEMBRE,AYACUCHO,FEMENINO,36 a 45,21
2024,NOVIEMBRE,AYACUCHO,FEMENINO,46 a 55,19
2024,NOVIEMBRE,AYACUCHO,FEMENINO,56 a mas,5
2024,NOVIEMBRE,AYACUCHO,MASCULINO,18 a 25,116
2024,NOVIEMBRE,AYACUCHO,MASCULINO,26 a 35,109
2024,NOVIEMBRE,AYACUCHO,MASCULINO,36 a 45,57
2024,NOVIEMBRE,AYACUCHO,MASCULINO,46 a 55,30
2024,NOVIEMBRE,AYACUCHO,MASCULINO,56 a mas,15
2024,NOVIEMBRE,BELICE,FEMENINO,46 a 55,1
2024,NOVIEMBRE,BELICE,MASCULINO,46 a 55,1
2024,NOVIEMBRE,BOLIVIA,MASCULINO,26 a 35,2
2024,NOVIEMBRE,BRASIL,FEMENINO,46 a 55,1
2024,NOVIEMBRE,CAJAMARCA,FEMENINO,18 a 25,81
2024,NOVIEMBRE,CAJAMARCA,FEMENINO,26 a 35,48
2024,NOVIEMBRE,CAJAMARCA,FEMENINO,36 a 45,26
2024,NOVIEMBRE,CAJAMARCA,FEMENINO,46 a 55,21
2024,NOVIEMBRE,CAJAMARCA,FEMENINO,56 a mas,9
2024,NOVIEMBRE,CAJAMARCA,MASCULINO,18 a 25,128
2024,NOVIEMBRE,CAJAMARCA,MASCULINO,26 a 35,106
2024,NOVIEMBRE,CAJAMARCA,MASCULINO,36 a 45,43
2024,NOVIEMBRE,CAJAMARCA,MASCULINO,46 a 55,26
2024,NOVIEMBRE,CAJAMARCA,MASCULINO,56 a mas,18
2024,NOVIEMBRE,CALLAO,FEMENINO,18 a 25,126
2024,NOVIEMBRE,CALLAO,FEMENINO,26 a 35,133
2024,NOVIEMBRE,CALLAO,FEMENINO,36 a 45,80
2024,NOVIEMBRE,CALLAO,FEMENINO,46 a 55,36
2024,NOVIEMBRE,CALLAO,FEMENINO,56 a mas,25
2024,NOVIEMBRE,CALLAO,MASCULINO,18 a 25,184
2024,NOVIEMBRE,CALLAO,MASCULINO,26 a 35,206
2024,NOVIEMBRE,CALLAO,MASCULINO,36 a 45,128
2024,NOVIEMBRE,CALLAO,MASCULINO,46 a 55,71
2024,NOVIEMBRE,CALLAO,MASCULINO,56 a mas,48
2024,NOVIEMBRE,CANADA,MASCULINO,26 a 35,1
2024,NOVIEMBRE,CHILE,FEMENINO,36 a 45,1
2024,NOVIEMBRE,CHILE,FEMENINO,46 a 55,1
2024,NOVIEMBRE,CHILE,FEMENINO,56 a mas,2
2024,NOVIEMBRE,CHILE,MASCULINO,26 a 35,2
2024,NOVIEMBRE,CHILE,MASCULINO,56 a mas,1
2024,NOVIEMBRE,CUSCO,FEMENINO,18 a 25,126
2024,NOVIEMBRE,CUSCO,FEMENINO,26 a 35,146
2024,NOVIEMBRE,CUSCO,FEMENINO,36 a 45,66
2024,NOVIEMBRE,CUSCO,FEMENINO,46 a 55,36
2024,NOVIEMBRE,CUSCO,FEMENINO,56 a mas,36
2024,NOVIEMBRE,CUSCO,MASCULINO,0 a 17,1
2024,NOVIEMBRE,CUSCO,MASCULINO,18 a 25,220
2024,NOVIEMBRE,CUSCO,MASCULINO,26 a 35,276
2024,NOVIEMBRE,CUSCO,MASCULINO,36 a 45,150
2024,NOVIEMBRE,CUSCO,MASCULINO,46 a 55,86
2024,NOVIEMBRE,CUSCO,MASCULINO,56 a mas,35
2024,NOVIEMBRE,ECUADOR,MASCULINO,26 a 35,1
2024,NOVIEMBRE,ESPAÑA,FEMENINO,26 a 35,1
2024,NOVIEMBRE,ESPAÑA,FEMENINO,36 a 45,1
2024,NOVIEMBRE,ESPAÑA,FEMENINO,46 a 55,3
2024,NOVIEMBRE,ESPAÑA,FEMENINO,56 a mas,2
2024,NOVIEMBRE,ESPAÑA,MASCULINO,26 a 35,2
2024,NOVIEMBRE,ESPAÑA,MASCULINO,36 a 45,3
2024,NOVIEMBRE,ESPAÑA,MASCULINO,46 a 55,3
2024,NOVIEMBRE,ESPAÑA,MASCULINO,56 a mas,1
2024,NOVIEMBRE,ESTADOS UNIDOS DE AMERICA,FEMENINO,18 a 25,1
2024,NOVIEMBRE,ESTADOS UNIDOS DE AMERICA,FEMENINO,26 a 35,1
2024,NOVIEMBRE,ESTADOS UNIDOS DE AMERICA,FEMENINO,36 a 45,3
2024,NOVIEMBRE,ESTADOS UNIDOS DE AMERICA,FEMENINO,46 a 55,4
2024,NOVIEMBRE,ESTADOS UNIDOS DE AMERICA,FEMENINO,56 a mas,4
2024,NOVIEMBRE,ESTADOS UNIDOS DE AMERICA,MASCULINO,26 a 35,3
2024,NOVIEMBRE,ESTADOS UNIDOS DE AMERICA,MASCULINO,36 a 45,3
2024,NOVIEMBRE,ESTADOS UNIDOS DE AMERICA,MASCULINO,46 a 55,3
2024,NOVIEMBRE,ESTADOS UNIDOS DE AMERICA,MASCULINO,56 a mas,6
2024,NOVIEMBRE,FRANCIA,FEMENINO,36 a 45,1
2024,NOVIEMBRE,FRANCIA,MASCULINO,26 a 35,1
2024,NOVIEMBRE,GRAN BRETAÑA,FEMENINO,56 a mas,1
2024,NOVIEMBRE,HOLANDA,MASCULINO,36 a 45,1
2024,NOVIEMBRE,HUANCAVELICA,FEMENINO,18 a 25,32
2024,NOVIEMBRE,HUANCAVELICA,FEMENINO,26 a 35,9
2024,NOVIEMBRE,HUANCAVELICA,FEMENINO,36 a 45,8
2024,NOVIEMBRE,HUANCAVELICA,FEMENINO,46 a 55,2
2024,NOVIEMBRE,HUANCAVELICA,FEMENINO,56 a mas,2
2024,NOVIEMBRE,HUANCAVELICA,MASCULINO,18 a 25,53
2024,NOVIEMBRE,HUANCAVELICA,MASCULINO,26 a 35,50
2024,NOVIEMBRE,HUANCAVELICA,MASCULINO,36 a 45,21
2024,NOVIEMBRE,HUANCAVELICA,MASCULINO,46 a 55,15
2024,NOVIEMBRE,HUANCAVELICA,MASCULINO,56 a mas,10
2024,NOVIEMBRE,HUANUCO,FEMENINO,18 a 25,60
2024,NOVIEMBRE,HUANUCO,FEMENINO,26 a 35,53
2024,NOVIEMBRE,HUANUCO,FEMENINO,36 a 45,17
2024,NOVIEMBRE,HUANUCO,FEMENINO,46 a 55,22
2024,NOVIEMBRE,HUANUCO,FEMENINO,56 a mas,11
2024,NOVIEMBRE,HUANUCO,MASCULINO,18 a 25,91
2024,NOVIEMBRE,HUANUCO,MASCULINO,26 a 35,82
2024,NOVIEMBRE,HUANUCO,MASCULINO,36 a 45,49
2024,NOVIEMBRE,HUANUCO,MASCULINO,46 a 55,27
2024,NOVIEMBRE,HUANUCO,MASCULINO,56 a mas,9
2024,NOVIEMBRE,ICA,FEMENINO,18 a 25,83
2024,NOVIEMBRE,ICA,FEMENINO,26 a 35,89
2024,NOVIEMBRE,ICA,FEMENINO,36 a 45,40
2024,NOVIEMBRE,ICA,FEMENINO,46 a 55,28
2024,NOVIEMBRE,ICA,FEMENINO,56 a mas,14
2024,NOVIEMBRE,ICA,MASCULINO,18 a 25,119
2024,NOVIEMBRE,ICA,MASCULINO,26 a 35,156
2024,NOVIEMBRE,ICA,MASCULINO,36 a 45,86
2024,NOVIEMBRE,ICA,MASCULINO,46 a 55,48
2024,NOVIEMBRE,ICA,MASCULINO,56 a mas,28
2024,NOVIEMBRE,IRLANDA,FEMENINO,26 a 35,1
2024,NOVIEMBRE,ITALIA,FEMENINO,26 a 35,2
2024,NOVIEMBRE,ITALIA,FEMENINO,36 a 45,2
2024,NOVIEMBRE,ITALIA,FEMENINO,46 a 55,1
2024,NOVIEMBRE,ITALIA,FEMENINO,56 a mas,1
2024,NOVIEMBRE,ITALIA,MASCULINO,18 a 25,1
2024,NOVIEMBRE,ITALIA,MASCULINO,26 a 35,2
2024,NOVIEMBRE,ITALIA,MASCULINO,46 a 55,3
2024,NOVIEMBRE,ITALIA,MASCULINO,56 a mas,2
2024,NOVIEMBRE,JAPON,FEMENINO,56 a mas,1
2024,NOVIEMBRE,JAPON,MASCULINO,18 a 25,1
2024,NOVIEMBRE,JUNIN,FEMENINO,18 a 25,79
2024,NOVIEMBRE,JUNIN,FEMENINO,26 a 35,83
2024,NOVIEMBRE,JUNIN,FEMENINO,36 a 45,46
2024,NOVIEMBRE,JUNIN,FEMENINO,46 a 55,21
2024,NOVIEMBRE,JUNIN,FEMENINO,56 a mas,17
2024,NOVIEMBRE,JUNIN,MASCULINO,18 a 25,173
2024,NOVIEMBRE,JUNIN,MASCULINO,26 a 35,154
2024,NOVIEMBRE,JUNIN,MASCULINO,36 a 45,99
2024,NOVIEMBRE,JUNIN,MASCULINO,46 a 55,42
2024,NOVIEMBRE,JUNIN,MASCULINO,56 a mas,29
2024,NOVIEMBRE,LA LIBERTAD,FEMENINO,18 a 25,97
2024,NOVIEMBRE,LA LIBERTAD,FEMENINO,26 a 35,130
2024,NOVIEMBRE,LA LIBERTAD,FEMENINO,36 a 45,51
2024,NOVIEMBRE,LA LIBERTAD,FEMENINO,46 a 55,36
2024,NOVIEMBRE,LA LIBERTAD,FEMENINO,56 a mas,36
2024,NOVIEMBRE,LA LIBERTAD,MASCULINO,18 a 25,171
2024,NOVIEMBRE,LA LIBERTAD,MASCULINO,26 a 35,200
2024,NOVIEMBRE,LA LIBERTAD,MASCULINO,36 a 45,111
2024,NOVIEMBRE,LA LIBERTAD,MASCULINO,46 a 55,45
2024,NOVIEMBRE,LA LIBERTAD,MASCULINO,56 a mas,38
2024,NOVIEMBRE,LAMBAYEQUE,FEMENINO,18 a 25,170
2024,NOVIEMBRE,LAMBAYEQUE,FEMENINO,26 a 35,145
2024,NOVIEMBRE,LAMBAYEQUE,FEMENINO,36 a 45,68
2024,NOVIEMBRE,LAMBAYEQUE,FEMENINO,46 a 55,31
2024,NOVIEMBRE,LAMBAYEQUE,FEMENINO,56 a mas,20
2024,NOVIEMBRE,LAMBAYEQUE,MASCULINO,18 a 25,232
2024,NOVIEMBRE,LAMBAYEQUE,MASCULINO,26 a 35,222
2024,NOVIEMBRE,LAMBAYEQUE,MASCULINO,36 a 45,139
2024,NOVIEMBRE,LAMBAYEQUE,MASCULINO,46 a 55,65
2024,NOVIEMBRE,LAMBAYEQUE,MASCULINO,56 a mas,32
2024,NOVIEMBRE,LIMA,FEMENINO,18 a 25,852
2024,NOVIEMBRE,LIMA,FEMENINO,26 a 35,1041
2024,NOVIEMBRE,LIMA,FEMENINO,36 a 45,552
2024,NOVIEMBRE,LIMA,FEMENINO,46 a 55,375
2024,NOVIEMBRE,LIMA,FEMENINO,56 a mas,337
2024,NOVIEMBRE,LIMA,MASCULINO,18 a 25,1402
2024,NOVIEMBRE,LIMA,MASCULINO,26 a 35,1949
2024,NOVIEMBRE,LIMA,MASCULINO,36 a 45,1212
2024,NOVIEMBRE,LIMA,MASCULINO,46 a 55,745
2024,NOVIEMBRE,LIMA,MASCULINO,56 a mas,448
2024,NOVIEMBRE,LORETO,FEMENINO,18 a 25,77
2024,NOVIEMBRE,LORETO,FEMENINO,26 a 35,91
2024,NOVIEMBRE,LORETO,FEMENINO,36 a 45,48
2024,NOVIEMBRE,LORETO,FEMENINO,46 a 55,33
2024,NOVIEMBRE,LORETO,FEMENINO,56 a mas,22
2024,NOVIEMBRE,LORETO,MASCULINO,18 a 25,186
2024,NOVIEMBRE,LORETO,MASCULINO,26 a 35,168
2024,NOVIEMBRE,LORETO,MASCULINO,36 a 45,105
2024,NOVIEMBRE,LORETO,MASCULINO,46 a 55,58
2024,NOVIEMBRE,LORETO,MASCULINO,56 a mas,36
2024,NOVIEMBRE,MADRE DE DIOS,FEMENINO,18 a 25,29
2024,NOVIEMBRE,MADRE DE DIOS,FEMENINO,26 a 35,29
2024,NOVIEMBRE,MADRE DE DIOS,FEMENINO,36 a 45,24
2024,NOVIEMBRE,MADRE DE DIOS,FEMENINO,46 a 55,8
2024,NOVIEMBRE,MADRE DE DIOS,FEMENINO,56 a mas,5
2024,NOVIEMBRE,MADRE DE DIOS,MASCULINO,18 a 25,36
2024,NOVIEMBRE,MADRE DE DIOS,MASCULINO,26 a 35,43
2024,NOVIEMBRE,MADRE DE DIOS,MASCULINO,36 a 45,30
2024,NOVIEMBRE,MADRE DE DIOS,MASCULINO,46 a 55,17
2024,NOVIEMBRE,MADRE DE DIOS,MASCULINO,56 a mas,6
2024,NOVIEMBRE,MOQUEGUA,FEMENINO,18 a 25,21
2024,NOVIEMBRE,MOQUEGUA,FEMENINO,26 a 35,20
2024,NOVIEMBRE,MOQUEGUA,FEMENINO,36 a 45,14
2024,NOVIEMBRE,MOQUEGUA,FEMENINO,46 a 55,8
2024,NOVIEMBRE,MOQUEGUA,FEMENINO,56 a mas,7
2024,NOVIEMBRE,MOQUEGUA,MASCULINO,18 a 25,29
2024,NOVIEMBRE,MOQUEGUA,MASCULINO,26 a 35,34
2024,NOVIEMBRE,MOQUEGUA,MASCULINO,36 a 45,30
2024,NOVIEMBRE,MOQUEGUA,MASCULINO,46 a 55,11
2024,NOVIEMBRE,MOQUEGUA,MASCULINO,56 a mas,9
2024,NOVIEMBRE,PASCO,FEMENINO,18 a 25,27
2024,NOVIEMBRE,PASCO,FEMENINO,26 a 35,19
2024,NOVIEMBRE,PASCO,FEMENINO,36 a 45,10
2024,NOVIEMBRE,PASCO,FEMENINO,46 a 55,5
2024,NOVIEMBRE,PASCO,FEMENINO,56 a mas,8
2024,NOVIEMBRE,PASCO,MASCULINO,18 a 25,39
2024,NOVIEMBRE,PASCO,MASCULINO,26 a 35,70
2024,NOVIEMBRE,PASCO,MASCULINO,36 a 45,34
2024,NOVIEMBRE,PASCO,MASCULINO,46 a 55,11
2024,NOVIEMBRE,PASCO,MASCULINO,56 a mas,13
2024,NOVIEMBRE,PIURA,FEMENINO,18 a 25,212
2024,NOVIEMBRE,PIURA,FEMENINO,26 a 35,189
2024,NOVIEMBRE,PIURA,FEMENINO,36 a 45,111
2024,NOVIEMBRE,PIURA,FEMENINO,46 a 55,54
2024,NOVIEMBRE,PIURA,FEMENINO,56 a mas,46
2024,NOVIEMBRE,PIURA,MASCULINO,18 a 25,308
2024,NOVIEMBRE,PIURA,MASCULINO,26 a 35,313
2024,NOVIEMBRE,PIURA,MASCULINO,36 a 45,184
2024,NOVIEMBRE,PIURA,MASCULINO,46 a 55,72
2024,NOVIEMBRE,PIURA,MASCULINO,56 a mas,39
2024,NOVIEMBRE,PUNO,FEMENINO,18 a 25,78
2024,NOVIEMBRE,PUNO,FEMENINO,26 a 35,84
2024,NOVIEMBRE,PUNO,FEMENINO,36 a 45,31
2024,NOVIEMBRE,PUNO,FEMENINO,46 a 55,13
2024,NOVIEMBRE,PUNO,FEMENINO,56 a mas,11
2024,NOVIEMBRE,PUNO,MASCULINO,18 a 25,118
2024,NOVIEMBRE,PUNO,MASCULINO,26 a 35,172
2024,NOVIEMBRE,PUNO,MASCULINO,36 a 45,88
2024,NOVIEMBRE,PUNO,MASCULINO,46 a 55,30
2024,NOVIEMBRE,PUNO,MASCULINO,56 a mas,20
2024,NOVIEMBRE,REPUBLICA DE PANAMA,FEMENINO,26 a 35,1
2024,NOVIEMBRE,SAN MARTIN,FEMENINO,18 a 25,54
2024,NOVIEMBRE,SAN MARTIN,FEMENINO,26 a 35,38
2024,NOVIEMBRE,SAN MARTIN,FEMENINO,36 a 45,29
2024,NOVIEMBRE,SAN MARTIN,FEMENINO,46 a 55,20
2024,NOVIEMBRE,SAN MARTIN,FEMENINO,56 a mas,15
2024,NOVIEMBRE,SAN MARTIN,MASCULINO,18 a 25,74
2024,NOVIEMBRE,SAN MARTIN,MASCULINO,26 a 35,93
2024,NOVIEMBRE,SAN MARTIN,MASCULINO,36 a 45,48
2024,NOVIEMBRE,SAN MARTIN,MASCULINO,46 a 55,24
2024,NOVIEMBRE,SAN MARTIN,MASCULINO,56 a mas,15
2024,NOVIEMBRE,TACNA,FEMENINO,18 a 25,42
2024,NOVIEMBRE,TACNA,FEMENINO,26 a 35,31
2024,NOVIEMBRE,TACNA,FEMENINO,36 a 45,21
2024,NOVIEMBRE,TACNA,FEMENINO,46 a 55,16
2024,NOVIEMBRE,TACNA,FEMENINO,56 a mas,9
2024,NOVIEMBRE,TACNA,MASCULINO,18 a 25,50
2024,NOVIEMBRE,TACNA,MASCULINO,26 a 35,54
2024,NOVIEMBRE,TACNA,MASCULINO,36 a 45,36
2024,NOVIEMBRE,TACNA,MASCULINO,46 a 55,19
2024,NOVIEMBRE,TACNA,MASCULINO,56 a mas,8
2024,NOVIEMBRE,TUMBES,FEMENINO,18 a 25,32
2024,NOVIEMBRE,TUMBES,FEMENINO,26 a 35,29
2024,NOVIEMBRE,TUMBES,FEMENINO,36 a 45,22
2024,NOVIEMBRE,TUMBES,FEMENINO,46 a 55,6
2024,NOVIEMBRE,TUMBES,FEMENINO,56 a mas,5
2024,NOVIEMBRE,TUMBES,MASCULINO,18 a 25,72
2024,NOVIEMBRE,TUMBES,MASCULINO,26 a 35,55
2024,NOVIEMBRE,TUMBES,MASCULINO,36 a 45,59
2024,NOVIEMBRE,TUMBES,MASCULINO,46 a 55,26
2024,NOVIEMBRE,TUMBES,MASCULINO,56 a mas,13
2024,NOVIEMBRE,UCAYALI,FEMENINO,18 a 25,45
2024,NOVIEMBRE,UCAYALI,FEMENINO,26 a 35,50
2024,NOVIEMBRE,UCAYALI,FEMENINO,36 a 45,22
2024,NOVIEMBRE,UCAYALI,FEMENINO,46 a 55,10
2024,NOVIEMBRE,UCAYALI,FEMENINO,56 a mas,7
2024,NOVIEMBRE,UCAYALI,MASCULINO,18 a 25,63
2024,NOVIEMBRE,UCAYALI,MASCULINO,26 a 35,79
2024,NOVIEMBRE,UCAYALI,MASCULINO,36 a 45,54
2024,NOVIEMBRE,UCAYALI,MASCULINO,46 a 55,23
2024,NOVIEMBRE,UCAYALI,MASCULINO,56 a mas,15
2024,OCTUBRE,AMAZONAS,FEMENINO,18 a 25,23
2024,OCTUBRE,AMAZONAS,FEMENINO,26 a 35,16
2024,OCTUBRE,AMAZONAS,FEMENINO,36 a 45,9
2024,OCTUBRE,AMAZONAS,FEMENINO,46 a 55,3
2024,OCTUBRE,AMAZONAS,FEMENINO,56 a mas,5
2024,OCTUBRE,AMAZONAS,MASCULINO,18 a 25,34
2024,OCTUBRE,AMAZONAS,MASCULINO,26 a 35,26
2024,OCTUBRE,AMAZONAS,MASCULINO,36 a 45,6
2024,OCTUBRE,AMAZONAS,MASCULINO,46 a 55,6
2024,OCTUBRE,AMAZONAS,MASCULINO,56 a mas,6
2024,OCTUBRE,ANCASH,FEMENINO,18 a 25,70
2024,OCTUBRE,ANCASH,FEMENINO,26 a 35,83
2024,OCTUBRE,ANCASH,FEMENINO,36 a 45,34
2024,OCTUBRE,ANCASH,FEMENINO,46 a 55,24
2024,OCTUBRE,ANCASH,FEMENINO,56 a mas,13
2024,OCTUBRE,ANCASH,MASCULINO,18 a 25,120
2024,OCTUBRE,ANCASH,MASCULINO,26 a 35,119
2024,OCTUBRE,ANCASH,MASCULINO,36 a 45,75
2024,OCTUBRE,ANCASH,MASCULINO,46 a 55,37
2024,OCTUBRE,ANCASH,MASCULINO,56 a mas,20
2024,OCTUBRE,APURIMAC,FEMENINO,18 a 25,37
2024,OCTUBRE,APURIMAC,FEMENINO,26 a 35,27
2024,OCTUBRE,APURIMAC,FEMENINO,36 a 45,15
2024,OCTUBRE,APURIMAC,FEMENINO,46 a 55,15
2024,OCTUBRE,APURIMAC,FEMENINO,56 a mas,8
2024,OCTUBRE,APURIMAC,MASCULINO,18 a 25,66
2024,OCTUBRE,APURIMAC,MASCULINO,26 a 35,95
2024,OCTUBRE,APURIMAC,MASCULINO,36 a 45,43
2024,OCTUBRE,APURIMAC,MASCULINO,46 a 55,19
2024,OCTUBRE,APURIMAC,MASCULINO,56 a mas,11
2024,OCTUBRE,AREQUIPA,FEMENINO,18 a 25,78
2024,OCTUBRE,AREQUIPA,FEMENINO,26 a 35,135
2024,OCTUBRE,AREQUIPA,FEMENINO,36 a 45,60
2024,OCTUBRE,AREQUIPA,FEMENINO,46 a 55,41
2024,OCTUBRE,AREQUIPA,FEMENINO,56 a mas,38
2024,OCTUBRE,AREQUIPA,MASCULINO,18 a 25,170
2024,OCTUBRE,AREQUIPA,MASCULINO,26 a 35,275
2024,OCTUBRE,AREQUIPA,MASCULINO,36 a 45,172
2024,OCTUBRE,AREQUIPA,MASCULINO,46 a 55,70
2024,OCTUBRE,AREQUIPA,MASCULINO,56 a mas,47
2024,OCTUBRE,ARGENTINA,FEMENINO,56 a mas,1
2024,OCTUBRE,ARGENTINA,MASCULINO,26 a 35,1
2024,OCTUBRE,ARGENTINA,MASCULINO,46 a 55,1
2024,OCTUBRE,AYACUCHO,FEMENINO,18 a 25,65
2024,OCTUBRE,AYACUCHO,FEMENINO,26 a 35,54
2024,OCTUBRE,AYACUCHO,FEMENINO,36 a 45,33
2024,OCTUBRE,AYACUCHO,FEMENINO,46 a 55,24
2024,OCTUBRE,AYACUCHO,FEMENINO,56 a mas,10
2024,OCTUBRE,AYACUCHO,MASCULINO,18 a 25,104
2024,OCTUBRE,AYACUCHO,MASCULINO,26 a 35,117
2024,OCTUBRE,AYACUCHO,MASCULINO,36 a 45,74
2024,OCTUBRE,AYACUCHO,MASCULINO,46 a 55,30
2024,OCTUBRE,AYACUCHO,MASCULINO,56 a mas,18
2024,OCTUBRE,BOLIVIA,MASCULINO,36 a 45,1
2024,OCTUBRE,BOLIVIA,MASCULINO,56 a mas,1
2024,OCTUBRE,BRASIL,MASCULINO,36 a 45,1
2024,OCTUBRE,CAJAMARCA,FEMENINO,18 a 25,113
2024,OCTUBRE,CAJAMARCA,FEMENINO,26 a 35,62
2024,OCTUBRE,CAJAMARCA,FEMENINO,36 a 45,23
2024,OCTUBRE,CAJAMARCA,FEMENINO,46 a 55,18
2024,OCTUBRE,CAJAMARCA,FEMENINO,56 a mas,18
2024,OCTUBRE,CAJAMARCA,MASCULINO,18 a 25,108
2024,OCTUBRE,CAJAMARCA,MASCULINO,26 a 35,134
2024,OCTUBRE,CAJAMARCA,MASCULINO,36 a 45,68
2024,OCTUBRE,CAJAMARCA,MASCULINO,46 a 55,36
2024,OCTUBRE,CAJAMARCA,MASCULINO,56 a mas,12
2024,OCTUBRE,CALLAO,FEMENINO,18 a 25,109
2024,OCTUBRE,CALLAO,FEMENINO,26 a 35,112
2024,OCTUBRE,CALLAO,FEMENINO,36 a 45,64
2024,OCTUBRE,CALLAO,FEMENINO,46 a 55,42
2024,OCTUBRE,CALLAO,FEMENINO,56 a mas,27
2024,OCTUBRE,CALLAO,MASCULINO,18 a 25,212
2024,OCTUBRE,CALLAO,MASCULINO,26 a 35,241
2024,OCTUBRE,CALLAO,MASCULINO,36 a 45,137
2024,OCTUBRE,CALLAO,MASCULINO,46 a 55,60
2024,OCTUBRE,CALLAO,MASCULINO,56 a mas,57
2024,OCTUBRE,CHILE,FEMENINO,26 a 35,1
2024,OCTUBRE,CHILE,FEMENINO,36 a 45,2
2024,OCTUBRE,CHILE,FEMENINO,46 a 55,1
2024,OCTUBRE,CHILE,MASCULINO,26 a 35,4
2024,OCTUBRE,CHILE,MASCULINO,36 a 45,2
2024,OCTUBRE,CHILE,MASCULINO,46 a 55,1
2024,OCTUBRE,COLOMBIA,FEMENINO,18 a 25,1
2024,OCTUBRE,CUSCO,FEMENINO,18 a 25,238
2024,OCTUBRE,CUSCO,FEMENINO,26 a 35,154
2024,OCTUBRE,CUSCO,FEMENINO,36 a 45,56
2024,OCTUBRE,CUSCO,FEMENINO,46 a 55,45
2024,OCTUBRE,CUSCO,FEMENINO,56 a mas,29
2024,OCTUBRE,CUSCO,MASCULINO,18 a 25,362
2024,OCTUBRE,CUSCO,MASCULINO,26 a 35,317
2024,OCTUBRE,CUSCO,MASCULINO,36 a 45,161
2024,OCTUBRE,CUSCO,MASCULINO,46 a 55,79
2024,OCTUBRE,CUSCO,MASCULINO,56 a mas,45
2024,OCTUBRE,ECUADOR,MASCULINO,56 a mas,1
2024,OCTUBRE,ESPAÑA,FEMENINO,18 a 25,1
2024,OCTUBRE,ESPAÑA,FEMENINO,26 a 35,3
2024,OCTUBRE,ESPAÑA,FEMENINO,46 a 55,2
2024,OCTUBRE,ESPAÑA,FEMENINO,56 a mas,3
2024,OCTUBRE,ESPAÑA,MASCULINO,36 a 45,2
2024,OCTUBRE,ESPAÑA,MASCULINO,46 a 55,1
2024,OCTUBRE,ESPAÑA,MASCULINO,56 a mas,3
2024,OCTUBRE,ESTADOS UNIDOS DE AMERICA,FEMENINO,26 a 35,6
2024,OCTUBRE,ESTADOS UNIDOS DE AMERICA,FEMENINO,36 a 45,1
2024,OCTUBRE,ESTADOS UNIDOS DE AMERICA,FEMENINO,46 a 55,3
2024,OCTUBRE,ESTADOS UNIDOS DE AMERICA,FEMENINO,56 a mas,5
2024,OCTUBRE,ESTADOS UNIDOS DE AMERICA,MASCULINO,26 a 35,1
2024,OCTUBRE,ESTADOS UNIDOS DE AMERICA,MASCULINO,36 a 45,2
2024,OCTUBRE,ESTADOS UNIDOS DE AMERICA,MASCULINO,56 a mas,6
2024,OCTUBRE,FRANCIA,FEMENINO,36 a 45,1
2024,OCTUBRE,HOLANDA,FEMENINO,56 a mas,1
2024,OCTUBRE,HUANCAVELICA,FEMENINO,18 a 25,57
2024,OCTUBRE,HUANCAVELICA,FEMENINO,26 a 35,23
2024,OCTUBRE,HUANCAVELICA,FEMENINO,36 a 45,13
2024,OCTUBRE,HUANCAVELICA,FEMENINO,46 a 55,8
2024,OCTUBRE,HUANCAVELICA,FEMENINO,56 a mas,5
2024,OCTUBRE,HUANCAVELICA,MASCULINO,18 a 25,83
2024,OCTUBRE,HUANCAVELICA,MASCULINO,26 a 35,60
2024,OCTUBRE,HUANCAVELICA,MASCULINO,36 a 45,29
2024,OCTUBRE,HUANCAVELICA,MASCULINO,46 a 55,15
2024,OCTUBRE,HUANCAVELICA,MASCULINO,56 a mas,4
2024,OCTUBRE,HUANUCO,FEMENINO,18 a 25,69
2024,OCTUBRE,HUANUCO,FEMENINO,26 a 35,44
2024,OCTUBRE,HUANUCO,FEMENINO,36 a 45,27
2024,OCTUBRE,HUANUCO,FEMENINO,46 a 55,14
2024,OCTUBRE,HUANUCO,FEMENINO,56 a mas,16
2024,OCTUBRE,HUANUCO,MASCULINO,18 a 25,101
2024,OCTUBRE,HUANUCO,MASCULINO,26 a 35,114
2024,OCTUBRE,HUANUCO,MASCULINO,36 a 45,57
2024,OCTUBRE,HUANUCO,MASCULINO,46 a 55,30
2024,OCTUBRE,HUANUCO,MASCULINO,56 a mas,21
2024,OCTUBRE,ICA,FEMENINO,18 a 25,95
2024,OCTUBRE,ICA,FEMENINO,26 a 35,93
2024,OCTUBRE,ICA,FEMENINO,36 a 45,55
2024,OCTUBRE,ICA,FEMENINO,46 a 55,21
2024,OCTUBRE,ICA,FEMENINO,56 a mas,19
2024,OCTUBRE,ICA,MASCULINO,18 a 25,158
2024,OCTUBRE,ICA,MASCULINO,26 a 35,220
2024,OCTUBRE,ICA,MASCULINO,36 a 45,100
2024,OCTUBRE,ICA,MASCULINO,46 a 55,50
2024,OCTUBRE,ICA,MASCULINO,56 a mas,24
2024,OCTUBRE,ITALIA,FEMENINO,18 a 25,1
2024,OCTUBRE,ITALIA,FEMENINO,36 a 45,1
2024,OCTUBRE,ITALIA,FEMENINO,46 a 55,2
2024,OCTUBRE,ITALIA,MASCULINO,26 a 35,2
2024,OCTUBRE,ITALIA,MASCULINO,46 a 55,1
2024,OCTUBRE,ITALIA,MASCULINO,56 a mas,2
2024,OCTUBRE,JAPON,FEMENINO,56 a mas,2
2024,OCTUBRE,JUNIN,FEMENINO,18 a 25,116
2024,OCTUBRE,JUNIN,FEMENINO,26 a 35,88
2024,OCTUBRE,JUNIN,FEMENINO,36 a 45,43
2024,OCTUBRE,JUNIN,FEMENINO,46 a 55,26
2024,OCTUBRE,JUNIN,FEMENINO,56 a mas,16
2024,OCTUBRE,JUNIN,MASCULINO,18 a 25,163
2024,OCTUBRE,JUNIN,MASCULINO,26 a 35,165
2024,OCTUBRE,JUNIN,MASCULINO,36 a 45,105
2024,OCTUBRE,JUNIN,MASCULINO,46 a 55,47
2024,OCTUBRE,JUNIN,MASCULINO,56 a mas,26
2024,OCTUBRE,LA LIBERTAD,FEMENINO,18 a 25,144
2024,OCTUBRE,LA LIBERTAD,FEMENINO,26 a 35,143
2024,OCTUBRE,LA LIBERTAD,FEMENINO,36 a 45,87
2024,OCTUBRE,LA LIBERTAD,FEMENINO,46 a 55,29
2024,OCTUBRE,LA LIBERTAD,FEMENINO,56 a mas,35
2024,OCTUBRE,LA LIBERTAD,MASCULINO,18 a 25,212
2024,OCTUBRE,LA LIBERTAD,MASCULINO,26 a 35,231
2024,OCTUBRE,LA LIBERTAD,MASCULINO,36 a 45,115
2024,OCTUBRE,LA LIBERTAD,MASCULINO,46 a 55,57
2024,OCTUBRE,LA LIBERTAD,MASCULINO,56 a mas,42
2024,OCTUBRE,LAMBAYEQUE,FEMENINO,18 a 25,129
2024,OCTUBRE,LAMBAYEQUE,FEMENINO,26 a 35,120
2024,OCTUBRE,LAMBAYEQUE,FEMENINO,36 a 45,57
2024,OCTUBRE,LAMBAYEQUE,FEMENINO,46 a 55,49
2024,OCTUBRE,LAMBAYEQUE,FEMENINO,56 a mas,30
2024,OCTUBRE,LAMBAYEQUE,MASCULINO,18 a 25,189
2024,OCTUBRE,LAMBAYEQUE,MASCULINO,26 a 35,186
2024,OCTUBRE,LAMBAYEQUE,MASCULINO,36 a 45,83
2024,OCTUBRE,LAMBAYEQUE,MASCULINO,46 a 55,52
2024,OCTUBRE,LAMBAYEQUE,MASCULINO,56 a mas,30
2024,OCTUBRE,LIMA,FEMENINO,18 a 25,948
2024,OCTUBRE,LIMA,FEMENINO,26 a 35,1171
2024,OCTUBRE,LIMA,FEMENINO,36 a 45,594
2024,OCTUBRE,LIMA,FEMENINO,46 a 55,383
2024,OCTUBRE,LIMA,FEMENINO,56 a mas,359
2024,OCTUBRE,LIMA,MASCULINO,18 a 25,1481
2024,OCTUBRE,LIMA,MASCULINO,26 a 35,2100
2024,OCTUBRE,LIMA,MASCULINO,36 a 45,1210
2024,OCTUBRE,LIMA,MASCULINO,46 a 55,653
2024,OCTUBRE,LIMA,MASCULINO,56 a mas,458
2024,OCTUBRE,LORETO,FEMENINO,18 a 25,92
2024,OCTUBRE,LORETO,FEMENINO,26 a 35,95
2024,OCTUBRE,LORETO,FEMENINO,36 a 45,44
2024,OCTUBRE,LORETO,FEMENINO,46 a 55,43
2024,OCTUBRE,LORETO,FEMENINO,56 a mas,25
2024,OCTUBRE,LORETO,MASCULINO,18 a 25,179
2024,OCTUBRE,LORETO,MASCULINO,26 a 35,210
2024,OCTUBRE,LORETO,MASCULINO,36 a 45,95
2024,OCTUBRE,LORETO,MASCULINO,46 a 55,56
2024,OCTUBRE,LORETO,MASCULINO,56 a mas,50
2024,OCTUBRE,MADRE DE DIOS,FEMENINO,18 a 25,30
2024,OCTUBRE,MADRE DE DIOS,FEMENINO,26 a 35,30
2024,OCTUBRE,MADRE DE DIOS,FEMENINO,36 a 45,10
2024,OCTUBRE,MADRE DE DIOS,FEMENINO,46 a 55,11
2024,OCTUBRE,MADRE DE DIOS,FEMENINO,56 a mas,4
2024,OCTUBRE,MADRE DE DIOS,MASCULINO,18 a 25,37
2024,OCTUBRE,MADRE DE DIOS,MASCULINO,26 a 35,55
2024,OCTUBRE,MADRE DE DIOS,MASCULINO,36 a 45,28
2024,OCTUBRE,MADRE DE DIOS,MASCULINO,46 a 55,13
2024,OCTUBRE,MADRE DE DIOS,MASCULINO,56 a mas,8
2024,OCTUBRE,MOQUEGUA,FEMENINO,18 a 25,15
2024,OCTUBRE,MOQUEGUA,FEMENINO,26 a 35,12
2024,OCTUBRE,MOQUEGUA,FEMENINO,36 a 45,8
2024,OCTUBRE,MOQUEGUA,FEMENINO,46 a 55,3
2024,OCTUBRE,MOQUEGUA,FEMENINO,56 a mas,7
2024,OCTUBRE,MOQUEGUA,MASCULINO,18 a 25,21
2024,OCTUBRE,MOQUEGUA,MASCULINO,26 a 35,34
2024,OCTUBRE,MOQUEGUA,MASCULINO,36 a 45,24
2024,OCTUBRE,MOQUEGUA,MASCULINO,46 a 55,10
2024,OCTUBRE,MOQUEGUA,MASCULINO,56 a mas,6
2024,OCTUBRE,PASCO,FEMENINO,18 a 25,21
2024,OCTUBRE,PASCO,FEMENINO,26 a 35,20
2024,OCTUBRE,PASCO,FEMENINO,36 a 45,7
2024,OCTUBRE,PASCO,FEMENINO,46 a 55,3
2024,OCTUBRE,PASCO,FEMENINO,56 a mas,3
2024,OCTUBRE,PASCO,MASCULINO,18 a 25,37
2024,OCTUBRE,PASCO,MASCULINO,26 a 35,38
2024,OCTUBRE,PASCO,MASCULINO,36 a 45,24
2024,OCTUBRE,PASCO,MASCULINO,46 a 55,7
2024,OCTUBRE,PASCO,MASCULINO,56 a mas,4
2024,OCTUBRE,PIURA,FEMENINO,18 a 25,194
2024,OCTUBRE,PIURA,FEMENINO,26 a 35,207
2024,OCTUBRE,PIURA,FEMENINO,36 a 45,117
2024,OCTUBRE,PIURA,FEMENINO,46 a 55,60
2024,OCTUBRE,PIURA,FEMENINO,56 a mas,57
2024,OCTUBRE,PIURA,MASCULINO,18 a 25,277
2024,OCTUBRE,PIURA,MASCULINO,26 a 35,307
2024,OCTUBRE,PIURA,MASCULINO,36 a 45,142
2024,OCTUBRE,PIURA,MASCULINO,46 a 55,62
2024,OCTUBRE,PIURA,MASCULINO,56 a mas,41
2024,OCTUBRE,PUNO,FEMENINO,18 a 25,90
2024,OCTUBRE,PUNO,FEMENINO,26 a 35,75
2024,OCTUBRE,PUNO,FEMENINO,36 a 45,25
2024,OCTUBRE,PUNO,FEMENINO,46 a 55,17
2024,OCTUBRE,PUNO,FEMENINO,56 a mas,12
2024,OCTUBRE,PUNO,MASCULINO,18 a 25,140
2024,OCTUBRE,PUNO,MASCULINO,26 a 35,143
2024,OCTUBRE,PUNO,MASCULINO,36 a 45,84
2024,OCTUBRE,PUNO,MASCULINO,46 a 55,34
2024,OCTUBRE,PUNO,MASCULINO,56 a mas,25
2024,OCTUBRE,REPUBLICA DE PANAMA,MASCULINO,56 a mas,1
2024,OCTUBRE,RUSIA,MASCULINO,36 a 45,1
2024,OCTUBRE,SAN MARTIN,FEMENINO,18 a 25,45
2024,OCTUBRE,SAN MARTIN,FEMENINO,26 a 35,44
2024,OCTUBRE,SAN MARTIN,FEMENINO,36 a 45,21
2024,OCTUBRE,SAN MARTIN,FEMENINO,46 a 55,17
2024,OCTUBRE,SAN MARTIN,FEMENINO,56 a mas,13
2024,OCTUBRE,SAN MARTIN,MASCULINO,18 a 25,72
2024,OCTUBRE,SAN MARTIN,MASCULINO,26 a 35,102
2024,OCTUBRE,SAN MARTIN,MASCULINO,36 a 45,50
2024,OCTUBRE,SAN MARTIN,MASCULINO,46 a 55,23
2024,OCTUBRE,SAN MARTIN,MASCULINO,56 a mas,24
2024,OCTUBRE,TACNA,FEMENINO,18 a 25,22
2024,OCTUBRE,TACNA,FEMENINO,26 a 35,20
2024,OCTUBRE,TACNA,FEMENINO,36 a 45,12
2024,OCTUBRE,TACNA,FEMENINO,46 a 55,18
2024,OCTUBRE,TACNA,FEMENINO,56 a mas,7
2024,OCTUBRE,TACNA,MASCULINO,18 a 25,40
2024,OCTUBRE,TACNA,MASCULINO,26 a 35,60
2024,OCTUBRE,TACNA,MASCULINO,36 a 45,29
2024,OCTUBRE,TACNA,MASCULINO,46 a 55,23
2024,OCTUBRE,TACNA,MASCULINO,56 a mas,14
2024,OCTUBRE,TUMBES,FEMENINO,18 a 25,27
2024,OCTUBRE,TUMBES,FEMENINO,26 a 35,31
2024,OCTUBRE,TUMBES,FEMENINO,36 a 45,14
2024,OCTUBRE,TUMBES,FEMENINO,46 a 55,10
2024,OCTUBRE,TUMBES,FEMENINO,56 a mas,8
2024,OCTUBRE,TUMBES,MASCULINO,18 a 25,54
2024,OCTUBRE,TUMBES,MASCULINO,26 a 35,83
2024,OCTUBRE,TUMBES,MASCULINO,36 a 45,59
2024,OCTUBRE,TUMBES,MASCULINO,46 a 55,36
2024,OCTUBRE,TUMBES,MASCULINO,56 a mas,28
2024,OCTUBRE,UCAYALI,FEMENINO,18 a 25,54
2024,OCTUBRE,UCAYALI,FEMENINO,26 a 35,28
2024,OCTUBRE,UCAYALI,FEMENINO,36 a 45,28
2024,OCTUBRE,UCAYALI,FEMENINO,46 a 55,15
2024,OCTUBRE,UCAYALI,FEMENINO,56 a mas,16
2024,OCTUBRE,UCAYALI,MASCULINO,18 a 25,58
2024,OCTUBRE,UCAYALI,MASCULINO,26 a 35,92
2024,OCTUBRE,UCAYALI,MASCULINO,36 a 45,48
2024,OCTUBRE,UCAYALI,MASCULINO,46 a 55,26
2024,OCTUBRE,UCAYALI,MASCULINO,56 a mas,22
2024,OCTUBRE,VENEZUELA,MASCULINO,36 a 45,2
2024,SEPTIEMBRE,ALEMANIA,MASCULINO,26 a 35,2
2024,SEPTIEMBRE,AMAZONAS,FEMENINO,18 a 25,22
2024,SEPTIEMBRE,AMAZONAS,FEMENINO,26 a 35,13
2024,SEPTIEMBRE,AMAZONAS,FEMENINO,36 a 45,7
2024,SEPTIEMBRE,AMAZONAS,FEMENINO,46 a 55,3
2024,SEPTIEMBRE,AMAZONAS,FEMENINO,56 a mas,2
2024,SEPTIEMBRE,AMAZONAS,MASCULINO,18 a 25,32
2024,SEPTIEMBRE,AMAZONAS,MASCULINO,26 a 35,32
2024,SEPTIEMBRE,AMAZONAS,MASCULINO,36 a 45,22
2024,SEPTIEMBRE,AMAZONAS,MASCULINO,46 a 55,10
2024,SEPTIEMBRE,AMAZONAS,MASCULINO,56 a mas,7
2024,SEPTIEMBRE,ANCASH,FEMENINO,18 a 25,64
2024,SEPTIEMBRE,ANCASH,FEMENINO,26 a 35,97
2024,SEPTIEMBRE,ANCASH,FEMENINO,36 a 45,50
2024,SEPTIEMBRE,ANCASH,FEMENINO,46 a 55,21
2024,SEPTIEMBRE,ANCASH,FEMENINO,56 a mas,25
2024,SEPTIEMBRE,ANCASH,MASCULINO,18 a 25,123
2024,SEPTIEMBRE,ANCASH,MASCULINO,26 a 35,164
2024,SEPTIEMBRE,ANCASH,MASCULINO,36 a 45,77
2024,SEPTIEMBRE,ANCASH,MASCULINO,46 a 55,36
2024,SEPTIEMBRE,ANCASH,MASCULINO,56 a mas,24
2024,SEPTIEMBRE,ANTILLAS HOLANDESAS,FEMENINO,46 a 55,1
2024,SEPTIEMBRE,APURIMAC,FEMENINO,18 a 25,36
2024,SEPTIEMBRE,APURIMAC,FEMENINO,26 a 35,48
2024,SEPTIEMBRE,APURIMAC,FEMENINO,36 a 45,20
2024,SEPTIEMBRE,APURIMAC,FEMENINO,46 a 55,28
2024,SEPTIEMBRE,APURIMAC,FEMENINO,56 a mas,8
2024,SEPTIEMBRE,APURIMAC,MASCULINO,18 a 25,78
2024,SEPTIEMBRE,APURIMAC,MASCULINO,26 a 35,83
2024,SEPTIEMBRE,APURIMAC,MASCULINO,36 a 45,40
2024,SEPTIEMBRE,APURIMAC,MASCULINO,46 a 55,22
2024,SEPTIEMBRE,APURIMAC,MASCULINO,56 a mas,22
2024,SEPTIEMBRE,AREQUIPA,FEMENINO,18 a 25,85
2024,SEPTIEMBRE,AREQUIPA,FEMENINO,26 a 35,110
2024,SEPTIEMBRE,AREQUIPA,FEMENINO,36 a 45,69
2024,SEPTIEMBRE,AREQUIPA,FEMENINO,46 a 55,34
2024,SEPTIEMBRE,AREQUIPA,FEMENINO,56 a mas,31
2024,SEPTIEMBRE,AREQUIPA,MASCULINO,18 a 25,155
2024,SEPTIEMBRE,AREQUIPA,MASCULINO,26 a 35,290
2024,SEPTIEMBRE,AREQUIPA,MASCULINO,36 a 45,195
2024,SEPTIEMBRE,AREQUIPA,MASCULINO,46 a 55,98
2024,SEPTIEMBRE,AREQUIPA,MASCULINO,56 a mas,61
2024,SEPTIEMBRE,ARGENTINA,FEMENINO,26 a 35,1
2024,SEPTIEMBRE,ARGENTINA,FEMENINO,46 a 55,2
2024,SEPTIEMBRE,ARGENTINA,MASCULINO,26 a 35,2
2024,SEPTIEMBRE,ARGENTINA,MASCULINO,36 a 45,1
2024,SEPTIEMBRE,ARGENTINA,MASCULINO,46 a 55,1
2024,SEPTIEMBRE,ARGENTINA,MASCULINO,56 a mas,1
2024,SEPTIEMBRE,AUSTRALIA,FEMENINO,46 a 55,1
2024,SEPTIEMBRE,AYACUCHO,FEMENINO,18 a 25,78
2024,SEPTIEMBRE,AYACUCHO,FEMENINO,26 a 35,53
2024,SEPTIEMBRE,AYACUCHO,FEMENINO,36 a 45,38
2024,SEPTIEMBRE,AYACUCHO,FEMENINO,46 a 55,12
2024,SEPTIEMBRE,AYACUCHO,FEMENINO,56 a mas,10
2024,SEPTIEMBRE,AYACUCHO,MASCULINO,18 a 25,106
2024,SEPTIEMBRE,AYACUCHO,MASCULINO,26 a 35,122
2024,SEPTIEMBRE,AYACUCHO,MASCULINO,36 a 45,83
2024,SEPTIEMBRE,AYACUCHO,MASCULINO,46 a 55,33
2024,SEPTIEMBRE,AYACUCHO,MASCULINO,56 a mas,20
2024,SEPTIEMBRE,BOLIVIA,MASCULINO,46 a 55,2
2024,SEPTIEMBRE,BRASIL,FEMENINO,36 a 45,1
2024,SEPTIEMBRE,BRASIL,FEMENINO,56 a mas,1
2024,SEPTIEMBRE,BRASIL,MASCULINO,46 a 55,1
2024,SEPTIEMBRE,CAJAMARCA,FEMENINO,18 a 25,83
2024,SEPTIEMBRE,CAJAMARCA,FEMENINO,26 a 35,76
2024,SEPTIEMBRE,CAJAMARCA,FEMENINO,36 a 45,14
2024,SEPTIEMBRE,CAJAMARCA,FEMENINO,46 a 55,23
2024,SEPTIEMBRE,CAJAMARCA,FEMENINO,56 a mas,21
2024,SEPTIEMBRE,CAJAMARCA,MASCULINO,18 a 25,120
2024,SEPTIEMBRE,CAJAMARCA,MASCULINO,26 a 35,118
2024,SEPTIEMBRE,CAJAMARCA,MASCULINO,36 a 45,60
2024,SEPTIEMBRE,CAJAMARCA,MASCULINO,46 a 55,36
2024,SEPTIEMBRE,CAJAMARCA,MASCULINO,56 a mas,19
2024,SEPTIEMBRE,CALLAO,FEMENINO,18 a 25,128
2024,SEPTIEMBRE,CALLAO,FEMENINO,26 a 35,147
2024,SEPTIEMBRE,CALLAO,FEMENINO,36 a 45,82
2024,SEPTIEMBRE,CALLAO,FEMENINO,46 a 55,57
2024,SEPTIEMBRE,CALLAO,FEMENINO,56 a mas,37
2024,SEPTIEMBRE,CALLAO,MASCULINO,18 a 25,199
2024,SEPTIEMBRE,CALLAO,MASCULINO,26 a 35,226
2024,SEPTIEMBRE,CALLAO,MASCULINO,36 a 45,153
2024,SEPTIEMBRE,CALLAO,MASCULINO,46 a 55,81
2024,SEPTIEMBRE,CALLAO,MASCULINO,56 a mas,60
2024,SEPTIEMBRE,CANADA,FEMENINO,26 a 35,1
2024,SEPTIEMBRE,CANADA,FEMENINO,36 a 45,1
2024,SEPTIEMBRE,CANADA,FEMENINO,56 a mas,1
2024,SEPTIEMBRE,CANADA,MASCULINO,26 a 35,1
2024,SEPTIEMBRE,CANADA,MASCULINO,46 a 55,1
2024,SEPTIEMBRE,CANADA,MASCULINO,56 a mas,2
2024,SEPTIEMBRE,CHILE,FEMENINO,18 a 25,1
2024,SEPTIEMBRE,CHILE,FEMENINO,26 a 35,2
2024,SEPTIEMBRE,CHILE,FEMENINO,36 a 45,2
2024,SEPTIEMBRE,CHILE,FEMENINO,46 a 55,1
2024,SEPTIEMBRE,CHILE,MASCULINO,26 a 35,1
2024,SEPTIEMBRE,CHILE,MASCULINO,36 a 45,5
2024,SEPTIEMBRE,CHILE,MASCULINO,46 a 55,4
2024,SEPTIEMBRE,CHILE,MASCULINO,56 a mas,1
2024,SEPTIEMBRE,COLOMBIA,FEMENINO,56 a mas,1
2024,SEPTIEMBRE,CUSCO,FEMENINO,18 a 25,139
2024,SEPTIEMBRE,CUSCO,FEMENINO,26 a 35,137
2024,SEPTIEMBRE,CUSCO,FEMENINO,36 a 45,56
2024,SEPTIEMBRE,CUSCO,FEMENINO,46 a 55,46
2024,SEPTIEMBRE,CUSCO,FEMENINO,56 a mas,20
2024,SEPTIEMBRE,CUSCO,MASCULINO,18 a 25,275
2024,SEPTIEMBRE,CUSCO,MASCULINO,26 a 35,291
2024,SEPTIEMBRE,CUSCO,MASCULINO,36 a 45,169
2024,SEPTIEMBRE,CUSCO,MASCULINO,46 a 55,66
2024,SEPTIEMBRE,CUSCO,MASCULINO,56 a mas,47
2024,SEPTIEMBRE,DINAMARCA,FEMENINO,46 a 55,1
2024,SEPTIEMBRE,ESPAÑA,FEMENINO,26 a 35,4
2024,SEPTIEMBRE,ESPAÑA,FEMENINO,36 a 45,3
2024,SEPTIEMBRE,ESPAÑA,FEMENINO,46 a 55,5
2024,SEPTIEMBRE,ESPAÑA,FEMENINO,56 a mas,7
2024,SEPTIEMBRE,ESPAÑA,MASCULINO,26 a 35,4
2024,SEPTIEMBRE,ESPAÑA,MASCULINO,36 a 45,1
2024,SEPTIEMBRE,ESPAÑA,MASCULINO,46 a 55,2
2024,SEPTIEMBRE,ESPAÑA,MASCULINO,56 a mas,2
2024,SEPTIEMBRE,ESTADOS UNIDOS DE AMERICA,FEMENINO,26 a 35,2
2024,SEPTIEMBRE,ESTADOS UNIDOS DE AMERICA,FEMENINO,36 a 45,2
2024,SEPTIEMBRE,ESTADOS UNIDOS DE AMERICA,FEMENINO,46 a 55,4
2024,SEPTIEMBRE,ESTADOS UNIDOS DE AMERICA,FEMENINO,56 a mas,7
2024,SEPTIEMBRE,ESTADOS UNIDOS DE AMERICA,MASCULINO,18 a 25,1
2024,SEPTIEMBRE,ESTADOS UNIDOS DE AMERICA,MASCULINO,26 a 35,6
2024,SEPTIEMBRE,ESTADOS UNIDOS DE AMERICA,MASCULINO,36 a 45,6
2024,SEPTIEMBRE,ESTADOS UNIDOS DE AMERICA,MASCULINO,46 a 55,6
2024,SEPTIEMBRE,ESTADOS UNIDOS DE AMERICA,MASCULINO,56 a mas,5
2024,SEPTIEMBRE,FRANCIA,MASCULINO,46 a 55,1
2024,SEPTIEMBRE,GUATEMALA,MASCULINO,18 a 25,1
2024,SEPTIEMBRE,HUANCAVELICA,FEMENINO,18 a 25,37
2024,SEPTIEMBRE,HUANCAVELICA,FEMENINO,26 a 35,35
2024,SEPTIEMBRE,HUANCAVELICA,FEMENINO,36 a 45,18
2024,SEPTIEMBRE,HUANCAVELICA,FEMENINO,46 a 55,5
2024,SEPTIEMBRE,HUANCAVELICA,FEMENINO,56 a mas,6
2024,SEPTIEMBRE,HUANCAVELICA,MASCULINO,18 a 25,76
2024,SEPTIEMBRE,HUANCAVELICA,MASCULINO,26 a 35,88
2024,SEPTIEMBRE,HUANCAVELICA,MASCULINO,36 a 45,31
2024,SEPTIEMBRE,HUANCAVELICA,MASCULINO,46 a 55,21
2024,SEPTIEMBRE,HUANCAVELICA,MASCULINO,56 a mas,8
2024,SEPTIEMBRE,HUANUCO,FEMENINO,18 a 25,55
2024,SEPTIEMBRE,HUANUCO,FEMENINO,26 a 35,47
2024,SEPTIEMBRE,HUANUCO,FEMENINO,36 a 45,31
2024,SEPTIEMBRE,HUANUCO,FEMENINO,46 a 55,7
2024,SEPTIEMBRE,HUANUCO,FEMENINO,56 a mas,14
2024,SEPTIEMBRE,HUANUCO,MASCULINO,18 a 25,120
2024,SEPTIEMBRE,HUANUCO,MASCULINO,26 a 35,127
2024,SEPTIEMBRE,HUANUCO,MASCULINO,36 a 45,47
2024,SEPTIEMBRE,HUANUCO,MASCULINO,46 a 55,32
2024,SEPTIEMBRE,HUANUCO,MASCULINO,56 a mas,14
2024,SEPTIEMBRE,ICA,FEMENINO,18 a 25,94
2024,SEPTIEMBRE,ICA,FEMENINO,26 a 35,99
2024,SEPTIEMBRE,ICA,FEMENINO,36 a 45,41
2024,SEPTIEMBRE,ICA,FEMENINO,46 a 55,34
2024,SEPTIEMBRE,ICA,FEMENINO,56 a mas,20
2024,SEPTIEMBRE,ICA,MASCULINO,18 a 25,184
2024,SEPTIEMBRE,ICA,MASCULINO,26 a 35,188
2024,SEPTIEMBRE,ICA,MASCULINO,36 a 45,94
2024,SEPTIEMBRE,ICA,MASCULINO,46 a 55,48
2024,SEPTIEMBRE,ICA,MASCULINO,56 a mas,25
2024,SEPTIEMBRE,ITALIA,FEMENINO,18 a 25,1
2024,SEPTIEMBRE,ITALIA,FEMENINO,36 a 45,1
2024,SEPTIEMBRE,ITALIA,FEMENINO,46 a 55,4
2024,SEPTIEMBRE,ITALIA,FEMENINO,56 a mas,4
2024,SEPTIEMBRE,ITALIA,MASCULINO,26 a 35,1
2024,SEPTIEMBRE,ITALIA,MASCULINO,36 a 45,5
2024,SEPTIEMBRE,ITALIA,MASCULINO,46 a 55,4
2024,SEPTIEMBRE,JAPON,FEMENINO,56 a mas,1
2024,SEPTIEMBRE,JAPON,MASCULINO,36 a 45,1
2024,SEPTIEMBRE,JUNIN,FEMENINO,18 a 25,93
2024,SEPTIEMBRE,JUNIN,FEMENINO,26 a 35,99
2024,SEPTIEMBRE,JUNIN,FEMENINO,36 a 45,54
2024,SEPTIEMBRE,JUNIN,FEMENINO,46 a 55,17
2024,SEPTIEMBRE,JUNIN,FEMENINO,56 a mas,25
2024,SEPTIEMBRE,JUNIN,MASCULINO,18 a 25,148
2024,SEPTIEMBRE,JUNIN,MASCULINO,26 a 35,202
2024,SEPTIEMBRE,JUNIN,MASCULINO,36 a 45,132
2024,SEPTIEMBRE,JUNIN,MASCULINO,46 a 55,48
2024,SEPTIEMBRE,JUNIN,MASCULINO,56 a mas,30
2024,SEPTIEMBRE,LA LIBERTAD,FEMENINO,18 a 25,104
2024,SEPTIEMBRE,LA LIBERTAD,FEMENINO,26 a 35,118
2024,SEPTIEMBRE,LA LIBERTAD,FEMENINO,36 a 45,55
2024,SEPTIEMBRE,LA LIBERTAD,FEMENINO,46 a 55,38
2024,SEPTIEMBRE,LA LIBERTAD,FEMENINO,56 a mas,43
2024,SEPTIEMBRE,LA LIBERTAD,MASCULINO,18 a 25,205
2024,SEPTIEMBRE,LA LIBERTAD,MASCULINO,26 a 35,228
2024,SEPTIEMBRE,LA LIBERTAD,MASCULINO,36 a 45,129
2024,SEPTIEMBRE,LA LIBERTAD,MASCULINO,46 a 55,74
2024,SEPTIEMBRE,LA LIBERTAD,MASCULINO,56 a mas,29
2024,SEPTIEMBRE,LAMBAYEQUE,FEMENINO,18 a 25,112
2024,SEPTIEMBRE,LAMBAYEQUE,FEMENINO,26 a 35,100
2024,SEPTIEMBRE,LAMBAYEQUE,FEMENINO,36 a 45,53
2024,SEPTIEMBRE,LAMBAYEQUE,FEMENINO,46 a 55,52
2024,SEPTIEMBRE,LAMBAYEQUE,FEMENINO,56 a mas,29
2024,SEPTIEMBRE,LAMBAYEQUE,MASCULINO,18 a 25,158
2024,SEPTIEMBRE,LAMBAYEQUE,MASCULINO,26 a 35,201
2024,SEPTIEMBRE,LAMBAYEQUE,MASCULINO,36 a 45,87
2024,SEPTIEMBRE,LAMBAYEQUE,MASCULINO,46 a 55,51
2024,SEPTIEMBRE,LAMBAYEQUE,MASCULINO,56 a mas,27
2024,SEPTIEMBRE,LIMA,FEMENINO,18 a 25,907
2024,SEPTIEMBRE,LIMA,FEMENINO,26 a 35,1168
2024,SEPTIEMBRE,LIMA,FEMENINO,36 a 45,623
2024,SEPTIEMBRE,LIMA,FEMENINO,46 a 55,405
2024,SEPTIEMBRE,LIMA,FEMENINO,56 a mas,375
2024,SEPTIEMBRE,LIMA,MASCULINO,18 a 25,1522
2024,SEPTIEMBRE,LIMA,MASCULINO,26 a 35,2241
2024,SEPTIEMBRE,LIMA,MASCULINO,36 a 45,1300
2024,SEPTIEMBRE,LIMA,MASCULINO,46 a 55,731
2024,SEPTIEMBRE,LIMA,MASCULINO,56 a mas,543
2024,SEPTIEMBRE,LORETO,FEMENINO,18 a 25,98
2024,SEPTIEMBRE,LORETO,FEMENINO,26 a 35,114
2024,SEPTIEMBRE,LORETO,FEMENINO,36 a 45,58
2024,SEPTIEMBRE,LORETO,FEMENINO,46 a 55,31
2024,SEPTIEMBRE,LORETO,FEMENINO,56 a mas,26
2024,SEPTIEMBRE,LORETO,MASCULINO,18 a 25,241
2024,SEPTIEMBRE,LORETO,MASCULINO,26 a 35,225
2024,SEPTIEMBRE,LORETO,MASCULINO,36 a 45,120
2024,SEPTIEMBRE,LORETO,MASCULINO,46 a 55,54
2024,SEPTIEMBRE,LORETO,MASCULINO,56 a mas,51
2024,SEPTIEMBRE,MADRE DE DIOS,FEMENINO,18 a 25,27
2024,SEPTIEMBRE,MADRE DE DIOS,FEMENINO,26 a 35,26
2024,SEPTIEMBRE,MADRE DE DIOS,FEMENINO,36 a 45,19
2024,SEPTIEMBRE,MADRE DE DIOS,FEMENINO,46 a 55,10
2024,SEPTIEMBRE,MADRE DE DIOS,FEMENINO,56 a mas,6
2024,SEPTIEMBRE,MADRE DE DIOS,MASCULINO,18 a 25,46
2024,SEPTIEMBRE,MADRE DE DIOS,MASCULINO,26 a 35,40
2024,SEPTIEMBRE,MADRE DE DIOS,MASCULINO,36 a 45,25
2024,SEPTIEMBRE,MADRE DE DIOS,MASCULINO,46 a 55,18
2024,SEPTIEMBRE,MADRE DE DIOS,MASCULINO,56 a mas,11
2024,SEPTIEMBRE,MEXICO,FEMENINO,26 a 35,1
2024,SEPTIEMBRE,MEXICO,FEMENINO,46 a 55,1
2024,SEPTIEMBRE,MEXICO,MASCULINO,36 a 45,1
2024,SEPTIEMBRE,MEXICO,MASCULINO,46 a 55,1
2024,SEPTIEMBRE,MEXICO,MASCULINO,56 a mas,1
2024,SEPTIEMBRE,MOQUEGUA,FEMENINO,18 a 25,15
2024,SEPTIEMBRE,MOQUEGUA,FEMENINO,26 a 35,17
2024,SEPTIEMBRE,MOQUEGUA,FEMENINO,36 a 45,10
2024,SEPTIEMBRE,MOQUEGUA,FEMENINO,46 a 55,7
2024,SEPTIEMBRE,MOQUEGUA,FEMENINO,56 a mas,6
2024,SEPTIEMBRE,MOQUEGUA,MASCULINO,18 a 25,25
2024,SEPTIEMBRE,MOQUEGUA,MASCULINO,26 a 35,40
2024,SEPTIEMBRE,MOQUEGUA,MASCULINO,36 a 45,24
2024,SEPTIEMBRE,MOQUEGUA,MASCULINO,46 a 55,10
2024,SEPTIEMBRE,MOQUEGUA,MASCULINO,56 a mas,5
2024,SEPTIEMBRE,PARAGUAY,MASCULINO,36 a 45,1
2024,SEPTIEMBRE,PASCO,FEMENINO,18 a 25,12
2024,SEPTIEMBRE,PASCO,FEMENINO,26 a 35,11
2024,SEPTIEMBRE,PASCO,FEMENINO,36 a 45,10
2024,SEPTIEMBRE,PASCO,FEMENINO,46 a 55,1
2024,SEPTIEMBRE,PASCO,FEMENINO,56 a mas,3
2024,SEPTIEMBRE,PASCO,MASCULINO,18 a 25,39
2024,SEPTIEMBRE,PASCO,MASCULINO,26 a 35,58
2024,SEPTIEMBRE,PASCO,MASCULINO,36 a 45,24
2024,SEPTIEMBRE,PASCO,MASCULINO,46 a 55,6
2024,SEPTIEMBRE,PASCO,MASCULINO,56 a mas,4
2024,SEPTIEMBRE,PIURA,FEMENINO,18 a 25,197
2024,SEPTIEMBRE,PIURA,FEMENINO,26 a 35,202
2024,SEPTIEMBRE,PIURA,FEMENINO,36 a 45,110
2024,SEPTIEMBRE,PIURA,FEMENINO,46 a 55,69
2024,SEPTIEMBRE,PIURA,FEMENINO,56 a mas,58
2024,SEPTIEMBRE,PIURA,MASCULINO,18 a 25,265
2024,SEPTIEMBRE,PIURA,MASCULINO,26 a 35,301
2024,SEPTIEMBRE,PIURA,MASCULINO,36 a 45,169
2024,SEPTIEMBRE,PIURA,MASCULINO,46 a 55,95
2024,SEPTIEMBRE,PIURA,MASCULINO,56 a mas,48
2024,SEPTIEMBRE,PUNO,FEMENINO,18 a 25,90
2024,SEPTIEMBRE,PUNO,FEMENINO,26 a 35,89
2024,SEPTIEMBRE,PUNO,FEMENINO,36 a 45,36
2024,SEPTIEMBRE,PUNO,FEMENINO,46 a 55,29
2024,SEPTIEMBRE,PUNO,FEMENINO,56 a mas,11
2024,SEPTIEMBRE,PUNO,MASCULINO,18 a 25,146
2024,SEPTIEMBRE,PUNO,MASCULINO,26 a 35,191
2024,SEPTIEMBRE,PUNO,MASCULINO,36 a 45,118
2024,SEPTIEMBRE,PUNO,MASCULINO,46 a 55,57
2024,SEPTIEMBRE,PUNO,MASCULINO,56 a mas,40
2024,SEPTIEMBRE,REPUBLICA DOMINICANA,FEMENINO,56 a mas,1
2024,SEPTIEMBRE,SAN MARTIN,FEMENINO,18 a 25,53
2024,SEPTIEMBRE,SAN MARTIN,FEMENINO,26 a 35,38
2024,SEPTIEMBRE,SAN MARTIN,FEMENINO,36 a 45,12
2024,SEPTIEMBRE,SAN MARTIN,FEMENINO,46 a 55,13
2024,SEPTIEMBRE,SAN MARTIN,FEMENINO,56 a mas,9
2024,SEPTIEMBRE,SAN MARTIN,MASCULINO,18 a 25,71
2024,SEPTIEMBRE,SAN MARTIN,MASCULINO,26 a 35,91
2024,SEPTIEMBRE,SAN MARTIN,MASCULINO,36 a 45,54
2024,SEPTIEMBRE,SAN MARTIN,MASCULINO,46 a 55,27
2024,SEPTIEMBRE,SAN MARTIN,MASCULINO,56 a mas,20
2024,SEPTIEMBRE,SUIZA,FEMENINO,36 a 45,1
2024,SEPTIEMBRE,TACNA,FEMENINO,18 a 25,22
2024,SEPTIEMBRE,TACNA,FEMENINO,26 a 35,26
2024,SEPTIEMBRE,TACNA,FEMENINO,36 a 45,13
2024,SEPTIEMBRE,TACNA,FEMENINO,46 a 55,7
2024,SEPTIEMBRE,TACNA,FEMENINO,56 a mas,9
2024,SEPTIEMBRE,TACNA,MASCULINO,18 a 25,46
2024,SEPTIEMBRE,TACNA,MASCULINO,26 a 35,61
2024,SEPTIEMBRE,TACNA,MASCULINO,36 a 45,31
2024,SEPTIEMBRE,TACNA,MASCULINO,46 a 55,17
2024,SEPTIEMBRE,TACNA,MASCULINO,56 a mas,9
2024,SEPTIEMBRE,TUMBES,FEMENINO,18 a 25,34
2024,SEPTIEMBRE,TUMBES,FEMENINO,26 a 35,41
2024,SEPTIEMBRE,TUMBES,FEMENINO,36 a 45,23
2024,SEPTIEMBRE,TUMBES,FEMENINO,46 a 55,13
2024,SEPTIEMBRE,TUMBES,FEMENINO,56 a mas,6
2024,SEPTIEMBRE,TUMBES,MASCULINO,18 a 25,82
2024,SEPTIEMBRE,TUMBES,MASCULINO,26 a 35,84
2024,SEPTIEMBRE,TUMBES,MASCULINO,36 a 45,62
2024,SEPTIEMBRE,TUMBES,MASCULINO,46 a 55,41
2024,SEPTIEMBRE,TUMBES,MASCULINO,56 a mas,30
2024,SEPTIEMBRE,UCAYALI,FEMENINO,18 a 25,41
2024,SEPTIEMBRE,UCAYALI,FEMENINO,26 a 35,44
2024,SEPTIEMBRE,UCAYALI,FEMENINO,36 a 45,30
2024,SEPTIEMBRE,UCAYALI,FEMENINO,46 a 55,18
2024,SEPTIEMBRE,UCAYALI,FEMENINO,56 a mas,11
2024,SEPTIEMBRE,UCAYALI,MASCULINO,18 a 25,77
2024,SEPTIEMBRE,UCAYALI,MASCULINO,26 a 35,80
2024,SEPTIEMBRE,UCAYALI,MASCULINO,36 a 45,53
2024,SEPTIEMBRE,UCAYALI,MASCULINO,46 a 55,26
2024,SEPTIEMBRE,UCAYALI,MASCULINO,56 a mas,11
2024,SEPTIEMBRE,VENEZUELA,MASCULINO,56 a mas,1
2025,ABRIL,ALEMANIA,MASCULINO,46 a 55,1
2025,ABRIL,AMAZONAS,FEMENINO,18 a 25,16
2025,ABRIL,AMAZONAS,FEMENINO,26 a 35,14
2025,ABRIL,AMAZONAS,FEMENINO,36 a 45,5
2025,ABRIL,AMAZONAS,FEMENINO,46 a 55,5
2025,ABRIL,AMAZONAS,FEMENINO,56 a mas,1
2025,ABRIL,AMAZONAS,MASCULINO,18 a 25,38
2025,ABRIL,AMAZONAS,MASCULINO,26 a 35,28
2025,ABRIL,AMAZONAS,MASCULINO,36 a 45,12
2025,ABRIL,AMAZONAS,MASCULINO,46 a 55,8
2025,ABRIL,AMAZONAS,MASCULINO,56 a mas,4
2025,ABRIL,ANCASH,FEMENINO,18 a 25,74
2025,ABRIL,ANCASH,FEMENINO,26 a 35,86
2025,ABRIL,ANCASH,FEMENINO,36 a 45,42
2025,ABRIL,ANCASH,FEMENINO,46 a 55,28
2025,ABRIL,ANCASH,FEMENINO,56 a mas,29
2025,ABRIL,ANCASH,MASCULINO,18 a 25,136
2025,ABRIL,ANCASH,MASCULINO,26 a 35,147
2025,ABRIL,ANCASH,MASCULINO,36 a 45,77
2025,ABRIL,ANCASH,MASCULINO,46 a 55,45
2025,ABRIL,ANCASH,MASCULINO,56 a mas,35
2025,ABRIL,APURIMAC,FEMENINO,18 a 25,39
2025,ABRIL,APURIMAC,FEMENINO,26 a 35,60
2025,ABRIL,APURIMAC,FEMENINO,36 a 45,18
2025,ABRIL,APURIMAC,FEMENINO,46 a 55,9
2025,ABRIL,APURIMAC,FEMENINO,56 a mas,12
2025,ABRIL,APURIMAC,MASCULINO,18 a 25,95
2025,ABRIL,APURIMAC,MASCULINO,26 a 35,96
2025,ABRIL,APURIMAC,MASCULINO,36 a 45,47
2025,ABRIL,APURIMAC,MASCULINO,46 a 55,18
2025,ABRIL,APURIMAC,MASCULINO,56 a mas,6
2025,ABRIL,AREQUIPA,FEMENINO,18 a 25,141
2025,ABRIL,AREQUIPA,FEMENINO,26 a 35,133
2025,ABRIL,AREQUIPA,FEMENINO,36 a 45,88
2025,ABRIL,AREQUIPA,FEMENINO,46 a 55,47
2025,ABRIL,AREQUIPA,FEMENINO,56 a mas,38
2025,ABRIL,AREQUIPA,MASCULINO,18 a 25,219
2025,ABRIL,AREQUIPA,MASCULINO,26 a 35,327
2025,ABRIL,AREQUIPA,MASCULINO,36 a 45,215
2025,ABRIL,AREQUIPA,MASCULINO,46 a 55,96
2025,ABRIL,AREQUIPA,MASCULINO,56 a mas,60
2025,ABRIL,ARGENTINA,FEMENINO,26 a 35,2
2025,ABRIL,ARGENTINA,FEMENINO,36 a 45,1
2025,ABRIL,ARGENTINA,FEMENINO,46 a 55,1
2025,ABRIL,ARGENTINA,FEMENINO,56 a mas,1
2025,ABRIL,ARGENTINA,MASCULINO,18 a 25,1
2025,ABRIL,ARGENTINA,MASCULINO,26 a 35,5
2025,ABRIL,AYACUCHO,FEMENINO,18 a 25,65
2025,ABRIL,AYACUCHO,FEMENINO,26 a 35,70
2025,ABRIL,AYACUCHO,FEMENINO,36 a 45,26
2025,ABRIL,AYACUCHO,FEMENINO,46 a 55,26
2025,ABRIL,AYACUCHO,FEMENINO,56 a mas,18
2025,ABRIL,AYACUCHO,MASCULINO,18 a 25,131
2025,ABRIL,AYACUCHO,MASCULINO,26 a 35,144
2025,ABRIL,AYACUCHO,MASCULINO,36 a 45,80
2025,ABRIL,AYACUCHO,MASCULINO,46 a 55,40
2025,ABRIL,AYACUCHO,MASCULINO,56 a mas,23
2025,ABRIL,BOLIVIA,MASCULINO,56 a mas,1
2025,ABRIL,BRASIL,FEMENINO,36 a 45,1
2025,ABRIL,BRASIL,MASCULINO,26 a 35,1
2025,ABRIL,BRASIL,MASCULINO,36 a 45,2
2025,ABRIL,BRASIL,MASCULINO,46 a 55,2
2025,ABRIL,BRASIL,MASCULINO,56 a mas,1
2025,ABRIL,CAJAMARCA,FEMENINO,18 a 25,87
2025,ABRIL,CAJAMARCA,FEMENINO,26 a 35,64
2025,ABRIL,CAJAMARCA,FEMENINO,36 a 45,30
2025,ABRIL,CAJAMARCA,FEMENINO,46 a 55,19
2025,ABRIL,CAJAMARCA,FEMENINO,56 a mas,21
2025,ABRIL,CAJAMARCA,MASCULINO,18 a 25,143
2025,ABRIL,CAJAMARCA,MASCULINO,26 a 35,143
2025,ABRIL,CAJAMARCA,MASCULINO,36 a 45,68
2025,ABRIL,CAJAMARCA,MASCULINO,46 a 55,33
2025,ABRIL,CAJAMARCA,MASCULINO,56 a mas,23
2025,ABRIL,CALLAO,FEMENINO,18 a 25,133
2025,ABRIL,CALLAO,FEMENINO,26 a 35,119
2025,ABRIL,CALLAO,FEMENINO,36 a 45,90
2025,ABRIL,CALLAO,FEMENINO,46 a 55,47
2025,ABRIL,CALLAO,FEMENINO,56 a mas,41
2025,ABRIL,CALLAO,MASCULINO,18 a 25,220
2025,ABRIL,CALLAO,MASCULINO,26 a 35,279
2025,ABRIL,CALLAO,MASCULINO,36 a 45,173
2025,ABRIL,CALLAO,MASCULINO,46 a 55,87
2025,ABRIL,CALLAO,MASCULINO,56 a mas,72
2025,ABRIL,CANADA,FEMENINO,26 a 35,1
2025,ABRIL,CANADA,MASCULINO,46 a 55,1
2025,ABRIL,CANADA,MASCULINO,56 a mas,2
2025,ABRIL,CHILE,FEMENINO,36 a 45,2
2025,ABRIL,CHILE,FEMENINO,46 a 55,2
2025,ABRIL,CHILE,FEMENINO,56 a mas,2
2025,ABRIL,CHILE,MASCULINO,26 a 35,2
2025,ABRIL,CHILE,MASCULINO,36 a 45,2
2025,ABRIL,CHILE,MASCULINO,46 a 55,3
2025,ABRIL,CHILE,MASCULINO,56 a mas,1
2025,ABRIL,COLOMBIA,FEMENINO,36 a 45,1
2025,ABRIL,COLOMBIA,MASCULINO,36 a 45,1
2025,ABRIL,COLOMBIA,MASCULINO,46 a 55,1
2025,ABRIL,CUSCO,FEMENINO,18 a 25,166
2025,ABRIL,CUSCO,FEMENINO,26 a 35,147
2025,ABRIL,CUSCO,FEMENINO,36 a 45,84
2025,ABRIL,CUSCO,FEMENINO,46 a 55,49
2025,ABRIL,CUSCO,FEMENINO,56 a mas,28
2025,ABRIL,CUSCO,MASCULINO,18 a 25,301
2025,ABRIL,CUSCO,MASCULINO,26 a 35,360
2025,ABRIL,CUSCO,MASCULINO,36 a 45,182
2025,ABRIL,CUSCO,MASCULINO,46 a 55,77
2025,ABRIL,CUSCO,MASCULINO,56 a mas,58
2025,ABRIL,DINAMARCA,FEMENINO,36 a 45,1
2025,ABRIL,ECUADOR,FEMENINO,36 a 45,1
2025,ABRIL,ESPAÑA,FEMENINO,18 a 25,1
2025,ABRIL,ESPAÑA,FEMENINO,26 a 35,3
2025,ABRIL,ESPAÑA,FEMENINO,36 a 45,1
2025,ABRIL,ESPAÑA,FEMENINO,46 a 55,4
2025,ABRIL,ESPAÑA,FEMENINO,56 a mas,3
2025,ABRIL,ESPAÑA,MASCULINO,26 a 35,4
2025,ABRIL,ESPAÑA,MASCULINO,36 a 45,2
2025,ABRIL,ESPAÑA,MASCULINO,46 a 55,1
2025,ABRIL,ESTADOS UNIDOS DE AMERICA,FEMENINO,26 a 35,1
2025,ABRIL,ESTADOS UNIDOS DE AMERICA,FEMENINO,36 a 45,2
2025,ABRIL,ESTADOS UNIDOS DE AMERICA,FEMENINO,46 a 55,3
2025,ABRIL,ESTADOS UNIDOS DE AMERICA,FEMENINO,56 a mas,6
2025,ABRIL,ESTADOS UNIDOS DE AMERICA,MASCULINO,18 a 25,2
2025,ABRIL,ESTADOS UNIDOS DE AMERICA,MASCULINO,36 a 45,2
2025,ABRIL,ESTADOS UNIDOS DE AMERICA,MASCULINO,46 a 55,6
2025,ABRIL,ESTADOS UNIDOS DE AMERICA,MASCULINO,56 a mas,6
2025,ABRIL,FRANCIA,FEMENINO,26 a 35,1
2025,ABRIL,FRANCIA,FEMENINO,36 a 45,1
2025,ABRIL,FRANCIA,FEMENINO,46 a 55,1
2025,ABRIL,HUANCAVELICA,FEMENINO,18 a 25,16
2025,ABRIL,HUANCAVELICA,FEMENINO,26 a 35,12
2025,ABRIL,HUANCAVELICA,FEMENINO,36 a 45,5
2025,ABRIL,HUANCAVELICA,FEMENINO,46 a 55,1
2025,ABRIL,HUANCAVELICA,FEMENINO,56 a mas,2
2025,ABRIL,HUANCAVELICA,MASCULINO,18 a 25,53
2025,ABRIL,HUANCAVELICA,MASCULINO,26 a 35,58
2025,ABRIL,HUANCAVELICA,MASCULINO,36 a 45,15
2025,ABRIL,HUANCAVELICA,MASCULINO,46 a 55,4
2025,ABRIL,HUANCAVELICA,MASCULINO,56 a mas,3
2025,ABRIL,HUANUCO,FEMENINO,18 a 25,75
2025,ABRIL,HUANUCO,FEMENINO,26 a 35,43
2025,ABRIL,HUANUCO,FEMENINO,36 a 45,37
2025,ABRIL,HUANUCO,FEMENINO,46 a 55,12
2025,ABRIL,HUANUCO,FEMENINO,56 a mas,16
2025,ABRIL,HUANUCO,MASCULINO,18 a 25,100
2025,ABRIL,HUANUCO,MASCULINO,26 a 35,127
2025,ABRIL,HUANUCO,MASCULINO,36 a 45,61
2025,ABRIL,HUANUCO,MASCULINO,46 a 55,27
2025,ABRIL,HUANUCO,MASCULINO,56 a mas,28
2025,ABRIL,ICA,FEMENINO,18 a 25,86
2025,ABRIL,ICA,FEMENINO,26 a 35,99
2025,ABRIL,ICA,FEMENINO,36 a 45,47
2025,ABRIL,ICA,FEMENINO,46 a 55,21
2025,ABRIL,ICA,FEMENINO,56 a mas,22
2025,ABRIL,ICA,MASCULINO,18 a 25,127
2025,ABRIL,ICA,MASCULINO,26 a 35,149
2025,ABRIL,ICA,MASCULINO,36 a 45,104
2025,ABRIL,ICA,MASCULINO,46 a 55,42
2025,ABRIL,ICA,MASCULINO,56 a mas,26
2025,ABRIL,ITALIA,FEMENINO,18 a 25,1
2025,ABRIL,ITALIA,FEMENINO,26 a 35,1
2025,ABRIL,ITALIA,FEMENINO,46 a 55,2
2025,ABRIL,ITALIA,FEMENINO,56 a mas,3
2025,ABRIL,ITALIA,MASCULINO,26 a 35,1
2025,ABRIL,ITALIA,MASCULINO,36 a 45,1
2025,ABRIL,ITALIA,MASCULINO,46 a 55,1
2025,ABRIL,JAPON,FEMENINO,36 a 45,1
2025,ABRIL,JAPON,FEMENINO,46 a 55,1
2025,ABRIL,JAPON,FEMENINO,56 a mas,2
2025,ABRIL,JAPON,MASCULINO,26 a 35,1
2025,ABRIL,JAPON,MASCULINO,36 a 45,1
2025,ABRIL,JAPON,MASCULINO,46 a 55,1
2025,ABRIL,JUNIN,FEMENINO,18 a 25,111
2025,ABRIL,JUNIN,FEMENINO,26 a 35,92
2025,ABRIL,JUNIN,FEMENINO,36 a 45,51
2025,ABRIL,JUNIN,FEMENINO,46 a 55,24
2025,ABRIL,JUNIN,FEMENINO,56 a mas,33
2025,ABRIL,JUNIN,MASCULINO,18 a 25,179
2025,ABRIL,JUNIN,MASCULINO,26 a 35,210
2025,ABRIL,JUNIN,MASCULINO,36 a 45,97
2025,ABRIL,JUNIN,MASCULINO,46 a 55,43
2025,ABRIL,JUNIN,MASCULINO,56 a mas,30
2025,ABRIL,LA LIBERTAD,FEMENINO,18 a 25,111
2025,ABRIL,LA LIBERTAD,FEMENINO,26 a 35,127
2025,ABRIL,LA LIBERTAD,FEMENINO,36 a 45,78
2025,ABRIL,LA LIBERTAD,FEMENINO,46 a 55,19
2025,ABRIL,LA LIBERTAD,FEMENINO,56 a mas,35
2025,ABRIL,LA LIBERTAD,MASCULINO,18 a 25,172
2025,ABRIL,LA LIBERTAD,MASCULINO,26 a 35,225
2025,ABRIL,LA LIBERTAD,MASCULINO,36 a 45,131
2025,ABRIL,LA LIBERTAD,MASCULINO,46 a 55,70
2025,ABRIL,LA LIBERTAD,MASCULINO,56 a mas,39
2025,ABRIL,LAMBAYEQUE,FEMENINO,18 a 25,134
2025,ABRIL,LAMBAYEQUE,FEMENINO,26 a 35,146
2025,ABRIL,LAMBAYEQUE,FEMENINO,36 a 45,49
2025,ABRIL,LAMBAYEQUE,FEMENINO,46 a 55,37
2025,ABRIL,LAMBAYEQUE,FEMENINO,56 a mas,41
2025,ABRIL,LAMBAYEQUE,MASCULINO,18 a 25,195
2025,ABRIL,LAMBAYEQUE,MASCULINO,26 a 35,213
2025,ABRIL,LAMBAYEQUE,MASCULINO,36 a 45,112
2025,ABRIL,LAMBAYEQUE,MASCULINO,46 a 55,58
2025,ABRIL,LAMBAYEQUE,MASCULINO,56 a mas,38
2025,ABRIL,LIMA,FEMENINO,18 a 25,947
2025,ABRIL,LIMA,FEMENINO,26 a 35,1138
2025,ABRIL,LIMA,FEMENINO,36 a 45,655
2025,ABRIL,LIMA,FEMENINO,46 a 55,447
2025,ABRIL,LIMA,FEMENINO,56 a mas,415
2025,ABRIL,LIMA,MASCULINO,18 a 25,1666
2025,ABRIL,LIMA,MASCULINO,26 a 35,2297
2025,ABRIL,LIMA,MASCULINO,36 a 45,1472
2025,ABRIL,LIMA,MASCULINO,46 a 55,778
2025,ABRIL,LIMA,MASCULINO,56 a mas,526
2025,ABRIL,LORETO,FEMENINO,18 a 25,123
2025,ABRIL,LORETO,FEMENINO,26 a 35,100
2025,ABRIL,LORETO,FEMENINO,36 a 45,52
2025,ABRIL,LORETO,FEMENINO,46 a 55,32
2025,ABRIL,LORETO,FEMENINO,56 a mas,27
2025,ABRIL,LORETO,MASCULINO,18 a 25,231
2025,ABRIL,LORETO,MASCULINO,26 a 35,191
2025,ABRIL,LORETO,MASCULINO,36 a 45,101
2025,ABRIL,LORETO,MASCULINO,46 a 55,73
2025,ABRIL,LORETO,MASCULINO,56 a mas,34
2025,ABRIL,MADRE DE DIOS,FEMENINO,18 a 25,45
2025,ABRIL,MADRE DE DIOS,FEMENINO,26 a 35,49
2025,ABRIL,MADRE DE DIOS,FEMENINO,36 a 45,33
2025,ABRIL,MADRE DE DIOS,FEMENINO,46 a 55,17
2025,ABRIL,MADRE DE DIOS,FEMENINO,56 a mas,11
2025,ABRIL,MADRE DE DIOS,MASCULINO,18 a 25,77
2025,ABRIL,MADRE DE DIOS,MASCULINO,26 a 35,94
2025,ABRIL,MADRE DE DIOS,MASCULINO,36 a 45,82
2025,ABRIL,MADRE DE DIOS,MASCULINO,46 a 55,35
2025,ABRIL,MADRE DE DIOS,MASCULINO,56 a mas,20
2025,ABRIL,MOQUEGUA,FEMENINO,18 a 25,22
2025,ABRIL,MOQUEGUA,FEMENINO,26 a 35,26
2025,ABRIL,MOQUEGUA,FEMENINO,36 a 45,20
2025,ABRIL,MOQUEGUA,FEMENINO,46 a 55,11
2025,ABRIL,MOQUEGUA,FEMENINO,56 a mas,10
2025,ABRIL,MOQUEGUA,MASCULINO,18 a 25,31
2025,ABRIL,MOQUEGUA,MASCULINO,26 a 35,45
2025,ABRIL,MOQUEGUA,MASCULINO,36 a 45,21
2025,ABRIL,MOQUEGUA,MASCULINO,46 a 55,17
2025,ABRIL,MOQUEGUA,MASCULINO,56 a mas,13
2025,ABRIL,PASCO,FEMENINO,18 a 25,18
2025,ABRIL,PASCO,FEMENINO,26 a 35,13
2025,ABRIL,PASCO,FEMENINO,36 a 45,5
2025,ABRIL,PASCO,FEMENINO,46 a 55,1
2025,ABRIL,PASCO,FEMENINO,56 a mas,4
2025,ABRIL,PASCO,MASCULINO,18 a 25,53
2025,ABRIL,PASCO,MASCULINO,26 a 35,51
2025,ABRIL,PASCO,MASCULINO,36 a 45,25
2025,ABRIL,PASCO,MASCULINO,46 a 55,9
2025,ABRIL,PASCO,MASCULINO,56 a mas,2
2025,ABRIL,PIURA,FEMENINO,18 a 25,303
2025,ABRIL,PIURA,FEMENINO,26 a 35,360
2025,ABRIL,PIURA,FEMENINO,36 a 45,198
2025,ABRIL,PIURA,FEMENINO,46 a 55,129
2025,ABRIL,PIURA,FEMENINO,56 a mas,114
2025,ABRIL,PIURA,MASCULINO,18 a 25,377
2025,ABRIL,PIURA,MASCULINO,26 a 35,431
2025,ABRIL,PIURA,MASCULINO,36 a 45,202
2025,ABRIL,PIURA,MASCULINO,46 a 55,115
2025,ABRIL,PIURA,MASCULINO,56 a mas,68
2025,ABRIL,PUNO,FEMENINO,18 a 25,78
2025,ABRIL,PUNO,FEMENINO,26 a 35,95
2025,ABRIL,PUNO,FEMENINO,36 a 45,43
2025,ABRIL,PUNO,FEMENINO,46 a 55,21
2025,ABRIL,PUNO,FEMENINO,56 a mas,18
2025,ABRIL,PUNO,MASCULINO,18 a 25,179
2025,ABRIL,PUNO,MASCULINO,26 a 35,215
2025,ABRIL,PUNO,MASCULINO,36 a 45,91
2025,ABRIL,PUNO,MASCULINO,46 a 55,50
2025,ABRIL,PUNO,MASCULINO,56 a mas,25
2025,ABRIL,SAN MARTIN,FEMENINO,18 a 25,63
2025,ABRIL,SAN MARTIN,FEMENINO,26 a 35,48
2025,ABRIL,SAN MARTIN,FEMENINO,36 a 45,27
2025,ABRIL,SAN MARTIN,FEMENINO,46 a 55,20
2025,ABRIL,SAN MARTIN,FEMENINO,56 a mas,16
2025,ABRIL,SAN MARTIN,MASCULINO,18 a 25,93
2025,ABRIL,SAN MARTIN,MASCULINO,26 a 35,76
2025,ABRIL,SAN MARTIN,MASCULINO,36 a 45,46
2025,ABRIL,SAN MARTIN,MASCULINO,46 a 55,40
2025,ABRIL,SAN MARTIN,MASCULINO,56 a mas,24
2025,ABRIL,SUIZA,FEMENINO,46 a 55,1
2025,ABRIL,SUIZA,MASCULINO,26 a 35,1
2025,ABRIL,TACNA,FEMENINO,18 a 25,40
2025,ABRIL,TACNA,FEMENINO,26 a 35,34
2025,ABRIL,TACNA,FEMENINO,36 a 45,24
2025,ABRIL,TACNA,FEMENINO,46 a 55,10
2025,ABRIL,TACNA,FEMENINO,56 a mas,11
2025,ABRIL,TACNA,MASCULINO,18 a 25,48
2025,ABRIL,TACNA,MASCULINO,26 a 35,61
2025,ABRIL,TACNA,MASCULINO,36 a 45,49
2025,ABRIL,TACNA,MASCULINO,46 a 55,35
2025,ABRIL,TACNA,MASCULINO,56 a mas,19
2025,ABRIL,TUMBES,FEMENINO,18 a 25,26
2025,ABRIL,TUMBES,FEMENINO,26 a 35,30
2025,ABRIL,TUMBES,FEMENINO,36 a 45,13
2025,ABRIL,TUMBES,FEMENINO,46 a 55,4
2025,ABRIL,TUMBES,FEMENINO,56 a mas,7
2025,ABRIL,TUMBES,MASCULINO,18 a 25,62
2025,ABRIL,TUMBES,MASCULINO,26 a 35,52
2025,ABRIL,TUMBES,MASCULINO,36 a 45,35
2025,ABRIL,TUMBES,MASCULINO,46 a 55,21
2025,ABRIL,TUMBES,MASCULINO,56 a mas,7
2025,ABRIL,UCAYALI,FEMENINO,18 a 25,61
2025,ABRIL,UCAYALI,FEMENINO,26 a 35,56
2025,ABRIL,UCAYALI,FEMENINO,36 a 45,35
2025,ABRIL,UCAYALI,FEMENINO,46 a 55,21
2025,ABRIL,UCAYALI,FEMENINO,56 a mas,15
2025,ABRIL,UCAYALI,MASCULINO,18 a 25,94
2025,ABRIL,UCAYALI,MASCULINO,26 a 35,103
2025,ABRIL,UCAYALI,MASCULINO,36 a 45,54
2025,ABRIL,UCAYALI,MASCULINO,46 a 55,35
2025,ABRIL,UCAYALI,MASCULINO,56 a mas,28
2025,ABRIL,VENEZUELA,FEMENINO,36 a 45,1
2025,AGOSTO,AMAZONAS,FEMENINO,18 a 25,30
2025,AGOSTO,AMAZONAS,FEMENINO,26 a 35,19
2025,AGOSTO,AMAZONAS,FEMENINO,36 a 45,13
2025,AGOSTO,AMAZONAS,FEMENINO,46 a 55,9
2025,AGOSTO,AMAZONAS,FEMENINO,56 a mas,5
2025,AGOSTO,AMAZONAS,MASCULINO,18 a 25,47
2025,AGOSTO,AMAZONAS,MASCULINO,26 a 35,35
2025,AGOSTO,AMAZONAS,MASCULINO,36 a 45,20
2025,AGOSTO,AMAZONAS,MASCULINO,46 a 55,9
2025,AGOSTO,AMAZONAS,MASCULINO,56 a mas,8
2025,AGOSTO,ANCASH,FEMENINO,18 a 25,87
2025,AGOSTO,ANCASH,FEMENINO,26 a 35,99
2025,AGOSTO,ANCASH,FEMENINO,36 a 45,52
2025,AGOSTO,ANCASH,FEMENINO,46 a 55,33
2025,AGOSTO,ANCASH,FEMENINO,56 a mas,21
2025,AGOSTO,ANCASH,MASCULINO,18 a 25,161
2025,AGOSTO,ANCASH,MASCULINO,26 a 35,194
2025,AGOSTO,ANCASH,MASCULINO,36 a 45,85
2025,AGOSTO,ANCASH,MASCULINO,46 a 55,41
2025,AGOSTO,ANCASH,MASCULINO,56 a mas,37
2025,AGOSTO,APURIMAC,FEMENINO,18 a 25,52
2025,AGOSTO,APURIMAC,FEMENINO,26 a 35,37
2025,AGOSTO,APURIMAC,FEMENINO,36 a 45,19
2025,AGOSTO,APURIMAC,FEMENINO,46 a 55,12
2025,AGOSTO,APURIMAC,FEMENINO,56 a mas,11
2025,AGOSTO,APURIMAC,MASCULINO,18 a 25,114
2025,AGOSTO,APURIMAC,MASCULINO,26 a 35,127
2025,AGOSTO,APURIMAC,MASCULINO,36 a 45,55
2025,AGOSTO,APURIMAC,MASCULINO,46 a 55,30
2025,AGOSTO,APURIMAC,MASCULINO,56 a mas,20
2025,AGOSTO,AREQUIPA,FEMENINO,18 a 25,159
2025,AGOSTO,AREQUIPA,FEMENINO,26 a 35,195
2025,AGOSTO,AREQUIPA,FEMENINO,36 a 45,93
2025,AGOSTO,AREQUIPA,FEMENINO,46 a 55,58
2025,AGOSTO,AREQUIPA,FEMENINO,56 a mas,63
2025,AGOSTO,AREQUIPA,MASCULINO,18 a 25,232
2025,AGOSTO,AREQUIPA,MASCULINO,26 a 35,347
2025,AGOSTO,AREQUIPA,MASCULINO,36 a 45,216
2025,AGOSTO,AREQUIPA,MASCULINO,46 a 55,125
2025,AGOSTO,AREQUIPA,MASCULINO,56 a mas,81
2025,AGOSTO,ARGENTINA,FEMENINO,46 a 55,3
2025,AGOSTO,ARGENTINA,FEMENINO,56 a mas,3
2025,AGOSTO,ARGENTINA,MASCULINO,18 a 25,2
2025,AGOSTO,ARGENTINA,MASCULINO,26 a 35,5
2025,AGOSTO,ARGENTINA,MASCULINO,36 a 45,3
2025,AGOSTO,ARGENTINA,MASCULINO,46 a 55,2
2025,AGOSTO,ARGENTINA,MASCULINO,56 a mas,1
2025,AGOSTO,AUSTRALIA,FEMENINO,46 a 55,1
2025,AGOSTO,AYACUCHO,FEMENINO,18 a 25,100
2025,AGOSTO,AYACUCHO,FEMENINO,26 a 35,65
2025,AGOSTO,AYACUCHO,FEMENINO,36 a 45,43
2025,AGOSTO,AYACUCHO,FEMENINO,46 a 55,23
2025,AGOSTO,AYACUCHO,FEMENINO,56 a mas,20
2025,AGOSTO,AYACUCHO,MASCULINO,18 a 25,155
2025,AGOSTO,AYACUCHO,MASCULINO,26 a 35,172
2025,AGOSTO,AYACUCHO,MASCULINO,36 a 45,78
2025,AGOSTO,AYACUCHO,MASCULINO,46 a 55,55
2025,AGOSTO,AYACUCHO,MASCULINO,56 a mas,16
2025,AGOSTO,BOLIVIA,MASCULINO,18 a 25,1
2025,AGOSTO,BRASIL,FEMENINO,46 a 55,1
2025,AGOSTO,BRASIL,MASCULINO,46 a 55,1
2025,AGOSTO,BRASIL,MASCULINO,56 a mas,1
2025,AGOSTO,CAJAMARCA,FEMENINO,18 a 25,114
2025,AGOSTO,CAJAMARCA,FEMENINO,26 a 35,81
2025,AGOSTO,CAJAMARCA,FEMENINO,36 a 45,33
2025,AGOSTO,CAJAMARCA,FEMENINO,46 a 55,24
2025,AGOSTO,CAJAMARCA,FEMENINO,56 a mas,24
2025,AGOSTO,CAJAMARCA,MASCULINO,18 a 25,179
2025,AGOSTO,CAJAMARCA,MASCULINO,26 a 35,154
2025,AGOSTO,CAJAMARCA,MASCULINO,36 a 45,75
2025,AGOSTO,CAJAMARCA,MASCULINO,46 a 55,48
2025,AGOSTO,CAJAMARCA,MASCULINO,56 a mas,29
2025,AGOSTO,CALLAO,FEMENINO,18 a 25,158
2025,AGOSTO,CALLAO,FEMENINO,26 a 35,148
2025,AGOSTO,CALLAO,FEMENINO,36 a 45,93
2025,AGOSTO,CALLAO,FEMENINO,46 a 55,56
2025,AGOSTO,CALLAO,FEMENINO,56 a mas,40
2025,AGOSTO,CALLAO,MASCULINO,18 a 25,218
2025,AGOSTO,CALLAO,MASCULINO,26 a 35,254
2025,AGOSTO,CALLAO,MASCULINO,36 a 45,157
2025,AGOSTO,CALLAO,MASCULINO,46 a 55,92
2025,AGOSTO,CALLAO,MASCULINO,56 a mas,70
2025,AGOSTO,CANADA,FEMENINO,46 a 55,2
2025,AGOSTO,CANADA,FEMENINO,56 a mas,1
2025,AGOSTO,CANADA,MASCULINO,18 a 25,2
2025,AGOSTO,CHILE,FEMENINO,26 a 35,2
2025,AGOSTO,CHILE,FEMENINO,36 a 45,1
2025,AGOSTO,CHILE,FEMENINO,46 a 55,1
2025,AGOSTO,CHILE,FEMENINO,56 a mas,2
2025,AGOSTO,CHILE,MASCULINO,18 a 25,3
2025,AGOSTO,CHILE,MASCULINO,26 a 35,7
2025,AGOSTO,CHILE,MASCULINO,36 a 45,1
2025,AGOSTO,CHILE,MASCULINO,46 a 55,3
2025,AGOSTO,CHILE,MASCULINO,56 a mas,1
2025,AGOSTO,CUSCO,FEMENINO,18 a 25,191
2025,AGOSTO,CUSCO,FEMENINO,26 a 35,159
2025,AGOSTO,CUSCO,FEMENINO,36 a 45,106
2025,AGOSTO,CUSCO,FEMENINO,46 a 55,59
2025,AGOSTO,CUSCO,FEMENINO,56 a mas,31
2025,AGOSTO,CUSCO,MASCULINO,18 a 25,372
2025,AGOSTO,CUSCO,MASCULINO,26 a 35,402
2025,AGOSTO,CUSCO,MASCULINO,36 a 45,246
2025,AGOSTO,CUSCO,MASCULINO,46 a 55,92
2025,AGOSTO,CUSCO,MASCULINO,56 a mas,63
2025,AGOSTO,ECUADOR,MASCULINO,46 a 55,1
2025,AGOSTO,EMIRATOS ARABES UNIDOS,MASCULINO,36 a 45,1
2025,AGOSTO,ESPAÑA,FEMENINO,18 a 25,2
2025,AGOSTO,ESPAÑA,FEMENINO,26 a 35,1
2025,AGOSTO,ESPAÑA,FEMENINO,36 a 45,1
2025,AGOSTO,ESPAÑA,FEMENINO,46 a 55,5
2025,AGOSTO,ESPAÑA,FEMENINO,56 a mas,4
2025,AGOSTO,ESPAÑA,MASCULINO,26 a 35,3
2025,AGOSTO,ESPAÑA,MASCULINO,36 a 45,5
2025,AGOSTO,ESPAÑA,MASCULINO,46 a 55,7
2025,AGOSTO,ESTADOS UNIDOS DE AMERICA,FEMENINO,18 a 25,2
2025,AGOSTO,ESTADOS UNIDOS DE AMERICA,FEMENINO,26 a 35,2
2025,AGOSTO,ESTADOS UNIDOS DE AMERICA,FEMENINO,36 a 45,3
2025,AGOSTO,ESTADOS UNIDOS DE AMERICA,FEMENINO,46 a 55,9
2025,AGOSTO,ESTADOS UNIDOS DE AMERICA,FEMENINO,56 a mas,13
2025,AGOSTO,ESTADOS UNIDOS DE AMERICA,MASCULINO,18 a 25,1
2025,AGOSTO,ESTADOS UNIDOS DE AMERICA,MASCULINO,26 a 35,1
2025,AGOSTO,ESTADOS UNIDOS DE AMERICA,MASCULINO,36 a 45,5
2025,AGOSTO,ESTADOS UNIDOS DE AMERICA,MASCULINO,46 a 55,6
2025,AGOSTO,ESTADOS UNIDOS DE AMERICA,MASCULINO,56 a mas,10
2025,AGOSTO,FRANCIA,FEMENINO,36 a 45,1
2025,AGOSTO,FRANCIA,FEMENINO,46 a 55,1
2025,AGOSTO,FRANCIA,MASCULINO,36 a 45,1
2025,AGOSTO,GRAN BRETAÑA,FEMENINO,26 a 35,1
2025,AGOSTO,GRAN BRETAÑA,FEMENINO,46 a 55,1
2025,AGOSTO,GRAN BRETAÑA,MASCULINO,56 a mas,1
2025,AGOSTO,HUANCAVELICA,FEMENINO,18 a 25,43
2025,AGOSTO,HUANCAVELICA,FEMENINO,26 a 35,15
2025,AGOSTO,HUANCAVELICA,FEMENINO,36 a 45,4
2025,AGOSTO,HUANCAVELICA,FEMENINO,46 a 55,4
2025,AGOSTO,HUANCAVELICA,FEMENINO,56 a mas,3
2025,AGOSTO,HUANCAVELICA,MASCULINO,18 a 25,70
2025,AGOSTO,HUANCAVELICA,MASCULINO,26 a 35,66
2025,AGOSTO,HUANCAVELICA,MASCULINO,36 a 45,43
2025,AGOSTO,HUANCAVELICA,MASCULINO,46 a 55,14
2025,AGOSTO,HUANCAVELICA,MASCULINO,56 a mas,10
2025,AGOSTO,HUANUCO,FEMENINO,18 a 25,103
2025,AGOSTO,HUANUCO,FEMENINO,26 a 35,63
2025,AGOSTO,HUANUCO,FEMENINO,36 a 45,57
2025,AGOSTO,HUANUCO,FEMENINO,46 a 55,33
2025,AGOSTO,HUANUCO,FEMENINO,56 a mas,29
2025,AGOSTO,HUANUCO,MASCULINO,18 a 25,144
2025,AGOSTO,HUANUCO,MASCULINO,26 a 35,166
2025,AGOSTO,HUANUCO,MASCULINO,36 a 45,87
2025,AGOSTO,HUANUCO,MASCULINO,46 a 55,41
2025,AGOSTO,HUANUCO,MASCULINO,56 a mas,51
2025,AGOSTO,ICA,FEMENINO,18 a 25,91
2025,AGOSTO,ICA,FEMENINO,26 a 35,109
2025,AGOSTO,ICA,FEMENINO,36 a 45,46
2025,AGOSTO,ICA,FEMENINO,46 a 55,26
2025,AGOSTO,ICA,FEMENINO,56 a mas,29
2025,AGOSTO,ICA,MASCULINO,18 a 25,153
2025,AGOSTO,ICA,MASCULINO,26 a 35,164
2025,AGOSTO,ICA,MASCULINO,36 a 45,103
2025,AGOSTO,ICA,MASCULINO,46 a 55,50
2025,AGOSTO,ICA,MASCULINO,56 a mas,32
2025,AGOSTO,ITALIA,FEMENINO,26 a 35,2
2025,AGOSTO,ITALIA,FEMENINO,36 a 45,2
2025,AGOSTO,ITALIA,FEMENINO,46 a 55,2
2025,AGOSTO,ITALIA,FEMENINO,56 a mas,2
2025,AGOSTO,ITALIA,MASCULINO,36 a 45,3
2025,AGOSTO,ITALIA,MASCULINO,46 a 55,1
2025,AGOSTO,ITALIA,MASCULINO,56 a mas,2
2025,AGOSTO,JAPON,FEMENINO,36 a 45,1
2025,AGOSTO,JAPON,MASCULINO,36 a 45,1
2025,AGOSTO,JUNIN,FEMENINO,18 a 25,138
2025,AGOSTO,JUNIN,FEMENINO,26 a 35,105
2025,AGOSTO,JUNIN,FEMENINO,36 a 45,54
2025,AGOSTO,JUNIN,FEMENINO,46 a 55,40
2025,AGOSTO,JUNIN,FEMENINO,56 a mas,31
2025,AGOSTO,JUNIN,MASCULINO,18 a 25,231
2025,AGOSTO,JUNIN,MASCULINO,26 a 35,227
2025,AGOSTO,JUNIN,MASCULINO,36 a 45,114
2025,AGOSTO,JUNIN,MASCULINO,46 a 55,52
2025,AGOSTO,JUNIN,MASCULINO,56 a mas,44
2025,AGOSTO,LA LIBERTAD,FEMENINO,18 a 25,184
2025,AGOSTO,LA LIBERTAD,FEMENINO,26 a 35,172
2025,AGOSTO,LA LIBERTAD,FEMENINO,36 a 45,73
2025,AGOSTO,LA LIBERTAD,FEMENINO,46 a 55,49
2025,AGOSTO,LA LIBERTAD,FEMENINO,56 a mas,44
2025,AGOSTO,LA LIBERTAD,MASCULINO,18 a 25,263
2025,AGOSTO,LA LIBERTAD,MASCULINO,26 a 35,254
2025,AGOSTO,LA LIBERTAD,MASCULINO,36 a 45,134
2025,AGOSTO,LA LIBERTAD,MASCULINO,46 a 55,56
2025,AGOSTO,LA LIBERTAD,MASCULINO,56 a mas,44
2025,AGOSTO,LAMBAYEQUE,FEMENINO,18 a 25,184
2025,AGOSTO,LAMBAYEQUE,FEMENINO,26 a 35,134
2025,AGOSTO,LAMBAYEQUE,FEMENINO,36 a 45,86
2025,AGOSTO,LAMBAYEQUE,FEMENINO,46 a 55,47
2025,AGOSTO,LAMBAYEQUE,FEMENINO,56 a mas,37
2025,AGOSTO,LAMBAYEQUE,MASCULINO,18 a 25,228
2025,AGOSTO,LAMBAYEQUE,MASCULINO,26 a 35,250
2025,AGOSTO,LAMBAYEQUE,MASCULINO,36 a 45,122
2025,AGOSTO,LAMBAYEQUE,MASCULINO,46 a 55,50
2025,AGOSTO,LAMBAYEQUE,MASCULINO,56 a mas,39
2025,AGOSTO,LIMA,FEMENINO,18 a 25,1142
2025,AGOSTO,LIMA,FEMENINO,26 a 35,1449
2025,AGOSTO,LIMA,FEMENINO,36 a 45,770
2025,AGOSTO,LIMA,FEMENINO,46 a 55,500
2025,AGOSTO,LIMA,FEMENINO,56 a mas,527
2025,AGOSTO,LIMA,MASCULINO,18 a 25,1755
2025,AGOSTO,LIMA,MASCULINO,26 a 35,2503
2025,AGOSTO,LIMA,MASCULINO,36 a 45,1595
2025,AGOSTO,LIMA,MASCULINO,46 a 55,829
2025,AGOSTO,LIMA,MASCULINO,56 a mas,642
2025,AGOSTO,LORETO,FEMENINO,18 a 25,117
2025,AGOSTO,LORETO,FEMENINO,26 a 35,83
2025,AGOSTO,LORETO,FEMENINO,36 a 45,45
2025,AGOSTO,LORETO,FEMENINO,46 a 55,41
2025,AGOSTO,LORETO,FEMENINO,56 a mas,26
2025,AGOSTO,LORETO,MASCULINO,18 a 25,286
2025,AGOSTO,LORETO,MASCULINO,26 a 35,206
2025,AGOSTO,LORETO,MASCULINO,36 a 45,102
2025,AGOSTO,LORETO,MASCULINO,46 a 55,53
2025,AGOSTO,LORETO,MASCULINO,56 a mas,36
2025,AGOSTO,MADRE DE DIOS,FEMENINO,18 a 25,62
2025,AGOSTO,MADRE DE DIOS,FEMENINO,26 a 35,55
2025,AGOSTO,MADRE DE DIOS,FEMENINO,36 a 45,37
2025,AGOSTO,MADRE DE DIOS,FEMENINO,46 a 55,19
2025,AGOSTO,MADRE DE DIOS,FEMENINO,56 a mas,11
2025,AGOSTO,MADRE DE DIOS,MASCULINO,18 a 25,79
2025,AGOSTO,MADRE DE DIOS,MASCULINO,26 a 35,130
2025,AGOSTO,MADRE DE DIOS,MASCULINO,36 a 45,68
2025,AGOSTO,MADRE DE DIOS,MASCULINO,46 a 55,35
2025,AGOSTO,MADRE DE DIOS,MASCULINO,56 a mas,24
2025,AGOSTO,MOQUEGUA,FEMENINO,18 a 25,21
2025,AGOSTO,MOQUEGUA,FEMENINO,26 a 35,24
2025,AGOSTO,MOQUEGUA,FEMENINO,36 a 45,9
2025,AGOSTO,MOQUEGUA,FEMENINO,46 a 55,13
2025,AGOSTO,MOQUEGUA,FEMENINO,56 a mas,8
2025,AGOSTO,MOQUEGUA,MASCULINO,18 a 25,34
2025,AGOSTO,MOQUEGUA,MASCULINO,26 a 35,50
2025,AGOSTO,MOQUEGUA,MASCULINO,36 a 45,42
2025,AGOSTO,MOQUEGUA,MASCULINO,46 a 55,24
2025,AGOSTO,MOQUEGUA,MASCULINO,56 a mas,10
2025,AGOSTO,PARAGUAY,MASCULINO,46 a 55,1
2025,AGOSTO,PASCO,FEMENINO,18 a 25,18
2025,AGOSTO,PASCO,FEMENINO,26 a 35,21
2025,AGOSTO,PASCO,FEMENINO,36 a 45,7
2025,AGOSTO,PASCO,FEMENINO,46 a 55,3
2025,AGOSTO,PASCO,FEMENINO,56 a mas,5
2025,AGOSTO,PASCO,MASCULINO,18 a 25,40
2025,AGOSTO,PASCO,MASCULINO,26 a 35,53
2025,AGOSTO,PASCO,MASCULINO,36 a 45,35
2025,AGOSTO,PASCO,MASCULINO,46 a 55,14
2025,AGOSTO,PASCO,MASCULINO,56 a mas,5
2025,AGOSTO,PIURA,FEMENINO,18 a 25,320
2025,AGOSTO,PIURA,FEMENINO,26 a 35,340
2025,AGOSTO,PIURA,FEMENINO,36 a 45,208
2025,AGOSTO,PIURA,FEMENINO,46 a 55,114
2025,AGOSTO,PIURA,FEMENINO,56 a mas,95
2025,AGOSTO,PIURA,MASCULINO,18 a 25,365
2025,AGOSTO,PIURA,MASCULINO,26 a 35,404
2025,AGOSTO,PIURA,MASCULINO,36 a 45,200
2025,AGOSTO,PIURA,MASCULINO,46 a 55,136
2025,AGOSTO,PIURA,MASCULINO,56 a mas,68
2025,AGOSTO,PUNO,FEMENINO,18 a 25,119
2025,AGOSTO,PUNO,FEMENINO,26 a 35,106
2025,AGOSTO,PUNO,FEMENINO,36 a 45,59
2025,AGOSTO,PUNO,FEMENINO,46 a 55,40
2025,AGOSTO,PUNO,FEMENINO,56 a mas,32
2025,AGOSTO,PUNO,MASCULINO,18 a 25,213
2025,AGOSTO,PUNO,MASCULINO,26 a 35,248
2025,AGOSTO,PUNO,MASCULINO,36 a 45,156
2025,AGOSTO,PUNO,MASCULINO,46 a 55,78
2025,AGOSTO,PUNO,MASCULINO,56 a mas,54
2025,AGOSTO,RUMANIA,MASCULINO,26 a 35,1
2025,AGOSTO,SAN MARTIN,FEMENINO,18 a 25,87
2025,AGOSTO,SAN MARTIN,FEMENINO,26 a 35,54
2025,AGOSTO,SAN MARTIN,FEMENINO,36 a 45,39
2025,AGOSTO,SAN MARTIN,FEMENINO,46 a 55,13
2025,AGOSTO,SAN MARTIN,FEMENINO,56 a mas,27
2025,AGOSTO,SAN MARTIN,MASCULINO,18 a 25,124
2025,AGOSTO,SAN MARTIN,MASCULINO,26 a 35,110
2025,AGOSTO,SAN MARTIN,MASCULINO,36 a 45,72
2025,AGOSTO,SAN MARTIN,MASCULINO,46 a 55,43
2025,AGOSTO,SAN MARTIN,MASCULINO,56 a mas,28
2025,AGOSTO,SUECIA,FEMENINO,56 a mas,1
2025,AGOSTO,SUECIA,MASCULINO,18 a 25,1
2025,AGOSTO,SUECIA,MASCULINO,26 a 35,1
2025,AGOSTO,SUIZA,MASCULINO,56 a mas,1
2025,AGOSTO,TACNA,FEMENINO,18 a 25,34
2025,AGOSTO,TACNA,FEMENINO,26 a 35,50
2025,AGOSTO,TACNA,FEMENINO,36 a 45,22
2025,AGOSTO,TACNA,FEMENINO,46 a 55,21
2025,AGOSTO,TACNA,FEMENINO,56 a mas,11
2025,AGOSTO,TACNA,MASCULINO,18 a 25,65
2025,AGOSTO,TACNA,MASCULINO,26 a 35,66
2025,AGOSTO,TACNA,MASCULINO,36 a 45,50
2025,AGOSTO,TACNA,MASCULINO,46 a 55,35
2025,AGOSTO,TACNA,MASCULINO,56 a mas,19
2025,AGOSTO,TUMBES,FEMENINO,18 a 25,27
2025,AGOSTO,TUMBES,FEMENINO,26 a 35,29
2025,AGOSTO,TUMBES,FEMENINO,36 a 45,19
2025,AGOSTO,TUMBES,FEMENINO,46 a 55,5
2025,AGOSTO,TUMBES,FEMENINO,56 a mas,5
2025,AGOSTO,TUMBES,MASCULINO,18 a 25,94
2025,AGOSTO,TUMBES,MASCULINO,26 a 35,67
2025,AGOSTO,TUMBES,MASCULINO,36 a 45,34
2025,AGOSTO,TUMBES,MASCULINO,46 a 55,23
2025,AGOSTO,TUMBES,MASCULINO,56 a mas,12
2025,AGOSTO,UCAYALI,FEMENINO,18 a 25,66
2025,AGOSTO,UCAYALI,FEMENINO,26 a 35,62
2025,AGOSTO,UCAYALI,FEMENINO,36 a 45,34
2025,AGOSTO,UCAYALI,FEMENINO,46 a 55,22
2025,AGOSTO,UCAYALI,FEMENINO,56 a mas,12
2025,AGOSTO,UCAYALI,MASCULINO,18 a 25,106
2025,AGOSTO,UCAYALI,MASCULINO,26 a 35,94
2025,AGOSTO,UCAYALI,MASCULINO,36 a 45,61
2025,AGOSTO,UCAYALI,MASCULINO,46 a 55,32
2025,AGOSTO,UCAYALI,MASCULINO,56 a mas,20
2025,AGOSTO,VENEZUELA,MASCULINO,18 a 25,1
2025,AGOSTO,VENEZUELA,MASCULINO,56 a mas,1
2025,DICIEMBRE,ALEMANIA,FEMENINO,26 a 35,1
2025,DICIEMBRE,ALEMANIA,FEMENINO,36 a 45,1
2025,DICIEMBRE,ALEMANIA,FEMENINO,56 a mas,1
2025,DICIEMBRE,ALEMANIA,MASCULINO,18 a 25,1
2025,DICIEMBRE,ALEMANIA,MASCULINO,36 a 45,2
2025,DICIEMBRE,AMAZONAS,FEMENINO,18 a 25,34
2025,DICIEMBRE,AMAZONAS,FEMENINO,26 a 35,20
2025,DICIEMBRE,AMAZONAS,FEMENINO,36 a 45,5
2025,DICIEMBRE,AMAZONAS,FEMENINO,46 a 55,3
2025,DICIEMBRE,AMAZONAS,FEMENINO,56 a mas,7
2025,DICIEMBRE,AMAZONAS,MASCULINO,18 a 25,59
2025,DICIEMBRE,AMAZONAS,MASCULINO,26 a 35,42
2025,DICIEMBRE,AMAZONAS,MASCULINO,36 a 45,10
2025,DICIEMBRE,AMAZONAS,MASCULINO,46 a 55,7
2025,DICIEMBRE,AMAZONAS,MASCULINO,56 a mas,6
2025,DICIEMBRE,ANCASH,FEMENINO,18 a 25,150
2025,DICIEMBRE,ANCASH,FEMENINO,26 a 35,136
2025,DICIEMBRE,ANCASH,FEMENINO,36 a 45,69
2025,DICIEMBRE,ANCASH,FEMENINO,46 a 55,46
2025,DICIEMBRE,ANCASH,FEMENINO,56 a mas,39
2025,DICIEMBRE,ANCASH,MASCULINO,18 a 25,177
2025,DICIEMBRE,ANCASH,MASCULINO,26 a 35,219
2025,DICIEMBRE,ANCASH,MASCULINO,36 a 45,96
2025,DICIEMBRE,ANCASH,MASCULINO,46 a 55,67
2025,DICIEMBRE,ANCASH,MASCULINO,56 a mas,42
2025,DICIEMBRE,APURIMAC,FEMENINO,18 a 25,70
2025,DICIEMBRE,APURIMAC,FEMENINO,26 a 35,46
2025,DICIEMBRE,APURIMAC,FEMENINO,36 a 45,23
2025,DICIEMBRE,APURIMAC,FEMENINO,46 a 55,8
2025,DICIEMBRE,APURIMAC,FEMENINO,56 a mas,10
2025,DICIEMBRE,APURIMAC,MASCULINO,18 a 25,116
2025,DICIEMBRE,APURIMAC,MASCULINO,26 a 35,128
2025,DICIEMBRE,APURIMAC,MASCULINO,36 a 45,73
2025,DICIEMBRE,APURIMAC,MASCULINO,46 a 55,24
2025,DICIEMBRE,APURIMAC,MASCULINO,56 a mas,20
2025,DICIEMBRE,AREQUIPA,FEMENINO,18 a 25,214
2025,DICIEMBRE,AREQUIPA,FEMENINO,26 a 35,229
2025,DICIEMBRE,AREQUIPA,FEMENINO,36 a 45,126
2025,DICIEMBRE,AREQUIPA,FEMENINO,46 a 55,71
2025,DICIEMBRE,AREQUIPA,FEMENINO,56 a mas,62
2025,DICIEMBRE,AREQUIPA,MASCULINO,18 a 25,343
2025,DICIEMBRE,AREQUIPA,MASCULINO,26 a 35,499
2025,DICIEMBRE,AREQUIPA,MASCULINO,36 a 45,296
2025,DICIEMBRE,AREQUIPA,MASCULINO,46 a 55,156
2025,DICIEMBRE,AREQUIPA,MASCULINO,56 a mas,91
2025,DICIEMBRE,ARGENTINA,FEMENINO,26 a 35,3
2025,DICIEMBRE,ARGENTINA,FEMENINO,36 a 45,5
2025,DICIEMBRE,ARGENTINA,FEMENINO,56 a mas,2
2025,DICIEMBRE,ARGENTINA,MASCULINO,18 a 25,4
2025,DICIEMBRE,ARGENTINA,MASCULINO,26 a 35,3
2025,DICIEMBRE,ARGENTINA,MASCULINO,36 a 45,5
2025,DICIEMBRE,ARGENTINA,MASCULINO,46 a 55,2
2025,DICIEMBRE,ARGENTINA,MASCULINO,56 a mas,5
2025,DICIEMBRE,AUSTRALIA,MASCULINO,36 a 45,1
2025,DICIEMBRE,AYACUCHO,FEMENINO,18 a 25,107
2025,DICIEMBRE,AYACUCHO,FEMENINO,26 a 35,67
2025,DICIEMBRE,AYACUCHO,FEMENINO,36 a 45,40
2025,DICIEMBRE,AYACUCHO,FEMENINO,46 a 55,13
2025,DICIEMBRE,AYACUCHO,FEMENINO,56 a mas,24
2025,DICIEMBRE,AYACUCHO,MASCULINO,18 a 25,157
2025,DICIEMBRE,AYACUCHO,MASCULINO,26 a 35,149
2025,DICIEMBRE,AYACUCHO,MASCULINO,36 a 45,81
2025,DICIEMBRE,AYACUCHO,MASCULINO,46 a 55,30
2025,DICIEMBRE,AYACUCHO,MASCULINO,56 a mas,20
2025,DICIEMBRE,BELGICA,FEMENINO,36 a 45,1
2025,DICIEMBRE,BELGICA,MASCULINO,26 a 35,1
2025,DICIEMBRE,BOLIVIA,FEMENINO,18 a 25,1
2025,DICIEMBRE,BOLIVIA,MASCULINO,18 a 25,5
2025,DICIEMBRE,BOLIVIA,MASCULINO,46 a 55,1
2025,DICIEMBRE,BRASIL,FEMENINO,36 a 45,1
2025,DICIEMBRE,BRASIL,FEMENINO,56 a mas,2
2025,DICIEMBRE,BRASIL,MASCULINO,18 a 25,1
2025,DICIEMBRE,BRASIL,MASCULINO,26 a 35,1
2025,DICIEMBRE,BRASIL,MASCULINO,36 a 45,1
2025,DICIEMBRE,BRASIL,MASCULINO,46 a 55,2
2025,DICIEMBRE,BRASIL,MASCULINO,56 a mas,1
2025,DICIEMBRE,CAJAMARCA,FEMENINO,18 a 25,143
2025,DICIEMBRE,CAJAMARCA,FEMENINO,26 a 35,104
2025,DICIEMBRE,CAJAMARCA,FEMENINO,36 a 45,51
2025,DICIEMBRE,CAJAMARCA,FEMENINO,46 a 55,25
2025,DICIEMBRE,CAJAMARCA,FEMENINO,56 a mas,28
2025,DICIEMBRE,CAJAMARCA,MASCULINO,18 a 25,180
2025,DICIEMBRE,CAJAMARCA,MASCULINO,26 a 35,160
2025,DICIEMBRE,CAJAMARCA,MASCULINO,36 a 45,94
2025,DICIEMBRE,CAJAMARCA,MASCULINO,46 a 55,32
2025,DICIEMBRE,CAJAMARCA,MASCULINO,56 a mas,31
2025,DICIEMBRE,CALLAO,FEMENINO,18 a 25,198
2025,DICIEMBRE,CALLAO,FEMENINO,26 a 35,177
2025,DICIEMBRE,CALLAO,FEMENINO,36 a 45,81
2025,DICIEMBRE,CALLAO,FEMENINO,46 a 55,47
2025,DICIEMBRE,CALLAO,FEMENINO,56 a mas,48
2025,DICIEMBRE,CALLAO,MASCULINO,18 a 25,335
2025,DICIEMBRE,CALLAO,MASCULINO,26 a 35,326
2025,DICIEMBRE,CALLAO,MASCULINO,36 a 45,194
2025,DICIEMBRE,CALLAO,MASCULINO,46 a 55,105
2025,DICIEMBRE,CALLAO,MASCULINO,56 a mas,73
2025,DICIEMBRE,CANADA,FEMENINO,36 a 45,2
2025,DICIEMBRE,CANADA,FEMENINO,46 a 55,1
2025,DICIEMBRE,CANADA,FEMENINO,56 a mas,1
2025,DICIEMBRE,CANADA,MASCULINO,18 a 25,1
2025,DICIEMBRE,CANADA,MASCULINO,26 a 35,2
2025,DICIEMBRE,CANADA,MASCULINO,36 a 45,1
2025,DICIEMBRE,CANADA,MASCULINO,46 a 55,2
2025,DICIEMBRE,CHILE,FEMENINO,18 a 25,1
2025,DICIEMBRE,CHILE,FEMENINO,26 a 35,6
2025,DICIEMBRE,CHILE,FEMENINO,36 a 45,1
2025,DICIEMBRE,CHILE,FEMENINO,46 a 55,2
2025,DICIEMBRE,CHILE,FEMENINO,56 a mas,1
2025,DICIEMBRE,CHILE,MASCULINO,18 a 25,1
2025,DICIEMBRE,CHILE,MASCULINO,26 a 35,3
2025,DICIEMBRE,CHILE,MASCULINO,36 a 45,5
2025,DICIEMBRE,CHILE,MASCULINO,56 a mas,4
2025,DICIEMBRE,COLOMBIA,FEMENINO,36 a 45,3
2025,DICIEMBRE,COSTA RICA,MASCULINO,36 a 45,1
2025,DICIEMBRE,CUBA,MASCULINO,56 a mas,1
2025,DICIEMBRE,CUSCO,FEMENINO,18 a 25,377
2025,DICIEMBRE,CUSCO,FEMENINO,26 a 35,267
2025,DICIEMBRE,CUSCO,FEMENINO,36 a 45,122
2025,DICIEMBRE,CUSCO,FEMENINO,46 a 55,85
2025,DICIEMBRE,CUSCO,FEMENINO,56 a mas,61
2025,DICIEMBRE,CUSCO,MASCULINO,18 a 25,621
2025,DICIEMBRE,CUSCO,MASCULINO,26 a 35,525
2025,DICIEMBRE,CUSCO,MASCULINO,36 a 45,326
2025,DICIEMBRE,CUSCO,MASCULINO,46 a 55,140
2025,DICIEMBRE,CUSCO,MASCULINO,56 a mas,92
2025,DICIEMBRE,ESPAÑA,FEMENINO,18 a 25,3
2025,DICIEMBRE,ESPAÑA,FEMENINO,26 a 35,6
2025,DICIEMBRE,ESPAÑA,FEMENINO,36 a 45,4
2025,DICIEMBRE,ESPAÑA,FEMENINO,46 a 55,4
2025,DICIEMBRE,ESPAÑA,FEMENINO,56 a mas,3
2025,DICIEMBRE,ESPAÑA,MASCULINO,18 a 25,2
2025,DICIEMBRE,ESPAÑA,MASCULINO,26 a 35,5
2025,DICIEMBRE,ESPAÑA,MASCULINO,36 a 45,9
2025,DICIEMBRE,ESPAÑA,MASCULINO,46 a 55,4
2025,DICIEMBRE,ESPAÑA,MASCULINO,56 a mas,6
2025,DICIEMBRE,ESTADOS UNIDOS DE AMERICA,FEMENINO,18 a 25,1
2025,DICIEMBRE,ESTADOS UNIDOS DE AMERICA,FEMENINO,26 a 35,5
2025,DICIEMBRE,ESTADOS UNIDOS DE AMERICA,FEMENINO,36 a 45,8
2025,DICIEMBRE,ESTADOS UNIDOS DE AMERICA,FEMENINO,46 a 55,5
2025,DICIEMBRE,ESTADOS UNIDOS DE AMERICA,FEMENINO,56 a mas,10
2025,DICIEMBRE,ESTADOS UNIDOS DE AMERICA,MASCULINO,18 a 25,3
2025,DICIEMBRE,ESTADOS UNIDOS DE AMERICA,MASCULINO,26 a 35,8
2025,DICIEMBRE,ESTADOS UNIDOS DE AMERICA,MASCULINO,36 a 45,7
2025,DICIEMBRE,ESTADOS UNIDOS DE AMERICA,MASCULINO,46 a 55,8
2025,DICIEMBRE,ESTADOS UNIDOS DE AMERICA,MASCULINO,56 a mas,14
2025,DICIEMBRE,FINLANDIA,FEMENINO,46 a 55,1
2025,DICIEMBRE,FRANCIA,FEMENINO,26 a 35,1
2025,DICIEMBRE,FRANCIA,FEMENINO,46 a 55,1
2025,DICIEMBRE,FRANCIA,MASCULINO,56 a mas,1
2025,DICIEMBRE,GRAN BRETAÑA,FEMENINO,18 a 25,1
2025,DICIEMBRE,GRAN BRETAÑA,FEMENINO,46 a 55,2
2025,DICIEMBRE,GRAN BRETAÑA,MASCULINO,26 a 35,3
2025,DICIEMBRE,HUANCAVELICA,FEMENINO,18 a 25,46
2025,DICIEMBRE,HUANCAVELICA,FEMENINO,26 a 35,26
2025,DICIEMBRE,HUANCAVELICA,FEMENINO,36 a 45,14
2025,DICIEMBRE,HUANCAVELICA,FEMENINO,46 a 55,9
2025,DICIEMBRE,HUANCAVELICA,FEMENINO,56 a mas,8
2025,DICIEMBRE,HUANCAVELICA,MASCULINO,18 a 25,114
2025,DICIEMBRE,HUANCAVELICA,MASCULINO,26 a 35,81
2025,DICIEMBRE,HUANCAVELICA,MASCULINO,36 a 45,35
2025,DICIEMBRE,HUANCAVELICA,MASCULINO,46 a 55,12
2025,DICIEMBRE,HUANCAVELICA,MASCULINO,56 a mas,5
2025,DICIEMBRE,HUANUCO,FEMENINO,18 a 25,111
2025,DICIEMBRE,HUANUCO,FEMENINO,26 a 35,66
2025,DICIEMBRE,HUANUCO,FEMENINO,36 a 45,30
2025,DICIEMBRE,HUANUCO,FEMENINO,46 a 55,13
2025,DICIEMBRE,HUANUCO,FEMENINO,56 a mas,23
2025,DICIEMBRE,HUANUCO,MASCULINO,18 a 25,170
2025,DICIEMBRE,HUANUCO,MASCULINO,26 a 35,151
2025,DICIEMBRE,HUANUCO,MASCULINO,36 a 45,70
2025,DICIEMBRE,HUANUCO,MASCULINO,46 a 55,24
2025,DICIEMBRE,HUANUCO,MASCULINO,56 a mas,18
2025,DICIEMBRE,ICA,FEMENINO,18 a 25,160
2025,DICIEMBRE,ICA,FEMENINO,26 a 35,145
2025,DICIEMBRE,ICA,FEMENINO,36 a 45,51
2025,DICIEMBRE,ICA,FEMENINO,46 a 55,41
2025,DICIEMBRE,ICA,FEMENINO,56 a mas,35
2025,DICIEMBRE,ICA,MASCULINO,18 a 25,251
2025,DICIEMBRE,ICA,MASCULINO,26 a 35,249
2025,DICIEMBRE,ICA,MASCULINO,36 a 45,128
2025,DICIEMBRE,ICA,MASCULINO,46 a 55,56
2025,DICIEMBRE,ICA,MASCULINO,56 a mas,36
2025,DICIEMBRE,ITALIA,FEMENINO,18 a 25,1
2025,DICIEMBRE,ITALIA,FEMENINO,26 a 35,1
2025,DICIEMBRE,ITALIA,FEMENINO,36 a 45,1
2025,DICIEMBRE,ITALIA,FEMENINO,46 a 55,4
2025,DICIEMBRE,ITALIA,FEMENINO,56 a mas,3
2025,DICIEMBRE,ITALIA,MASCULINO,26 a 35,1
2025,DICIEMBRE,ITALIA,MASCULINO,36 a 45,1
2025,DICIEMBRE,ITALIA,MASCULINO,46 a 55,6
2025,DICIEMBRE,ITALIA,MASCULINO,56 a mas,1
2025,DICIEMBRE,JAPON,FEMENINO,36 a 45,1
2025,DICIEMBRE,JUNIN,FEMENINO,18 a 25,230
2025,DICIEMBRE,JUNIN,FEMENINO,26 a 35,149
2025,DICIEMBRE,JUNIN,FEMENINO,36 a 45,81
2025,DICIEMBRE,JUNIN,FEMENINO,46 a 55,47
2025,DICIEMBRE,JUNIN,FEMENINO,56 a mas,50
2025,DICIEMBRE,JUNIN,MASCULINO,18 a 25,318
2025,DICIEMBRE,JUNIN,MASCULINO,26 a 35,268
2025,DICIEMBRE,JUNIN,MASCULINO,36 a 45,139
2025,DICIEMBRE,JUNIN,MASCULINO,46 a 55,62
2025,DICIEMBRE,JUNIN,MASCULINO,56 a mas,45
2025,DICIEMBRE,LA LIBERTAD,FEMENINO,18 a 25,204
2025,DICIEMBRE,LA LIBERTAD,FEMENINO,26 a 35,254
2025,DICIEMBRE,LA LIBERTAD,FEMENINO,36 a 45,86
2025,DICIEMBRE,LA LIBERTAD,FEMENINO,46 a 55,43
2025,DICIEMBRE,LA LIBERTAD,FEMENINO,56 a mas,56
2025,DICIEMBRE,LA LIBERTAD,MASCULINO,18 a 25,290
2025,DICIEMBRE,LA LIBERTAD,MASCULINO,26 a 35,314
2025,DICIEMBRE,LA LIBERTAD,MASCULINO,36 a 45,149
2025,DICIEMBRE,LA LIBERTAD,MASCULINO,46 a 55,71
2025,DICIEMBRE,LA LIBERTAD,MASCULINO,56 a mas,52
2025,DICIEMBRE,LAMBAYEQUE,FEMENINO,18 a 25,186
2025,DICIEMBRE,LAMBAYEQUE,FEMENINO,26 a 35,209
2025,DICIEMBRE,LAMBAYEQUE,FEMENINO,36 a 45,103
2025,DICIEMBRE,LAMBAYEQUE,FEMENINO,46 a 55,69
2025,DICIEMBRE,LAMBAYEQUE,FEMENINO,56 a mas,46
2025,DICIEMBRE,LAMBAYEQUE,MASCULINO,18 a 25,237
2025,DICIEMBRE,LAMBAYEQUE,MASCULINO,26 a 35,278
2025,DICIEMBRE,LAMBAYEQUE,MASCULINO,36 a 45,152
2025,DICIEMBRE,LAMBAYEQUE,MASCULINO,46 a 55,71
2025,DICIEMBRE,LAMBAYEQUE,MASCULINO,56 a mas,42
2025,DICIEMBRE,LIMA,FEMENINO,18 a 25,1491
2025,DICIEMBRE,LIMA,FEMENINO,26 a 35,1673
2025,DICIEMBRE,LIMA,FEMENINO,36 a 45,888
2025,DICIEMBRE,LIMA,FEMENINO,46 a 55,557
2025,DICIEMBRE,LIMA,FEMENINO,56 a mas,523
2025,DICIEMBRE,LIMA,MASCULINO,18 a 25,2365
2025,DICIEMBRE,LIMA,MASCULINO,26 a 35,3064
2025,DICIEMBRE,LIMA,MASCULINO,36 a 45,1838
2025,DICIEMBRE,LIMA,MASCULINO,46 a 55,1041
2025,DICIEMBRE,LIMA,MASCULINO,56 a mas,729
2025,DICIEMBRE,LORETO,FEMENINO,18 a 25,165
2025,DICIEMBRE,LORETO,FEMENINO,26 a 35,120
2025,DICIEMBRE,LORETO,FEMENINO,36 a 45,68
2025,DICIEMBRE,LORETO,FEMENINO,46 a 55,52
2025,DICIEMBRE,LORETO,FEMENINO,56 a mas,47
2025,DICIEMBRE,LORETO,MASCULINO,18 a 25,277
2025,DICIEMBRE,LORETO,MASCULINO,26 a 35,254
2025,DICIEMBRE,LORETO,MASCULINO,36 a 45,143
2025,DICIEMBRE,LORETO,MASCULINO,46 a 55,89
2025,DICIEMBRE,LORETO,MASCULINO,56 a mas,66
2025,DICIEMBRE,MADRE DE DIOS,FEMENINO,18 a 25,99
2025,DICIEMBRE,MADRE DE DIOS,FEMENINO,26 a 35,130
2025,DICIEMBRE,MADRE DE DIOS,FEMENINO,36 a 45,68
2025,DICIEMBRE,MADRE DE DIOS,FEMENINO,46 a 55,32
2025,DICIEMBRE,MADRE DE DIOS,FEMENINO,56 a mas,19
2025,DICIEMBRE,MADRE DE DIOS,MASCULINO,18 a 25,125
2025,DICIEMBRE,MADRE DE DIOS,MASCULINO,26 a 35,178
2025,DICIEMBRE,MADRE DE DIOS,MASCULINO,36 a 45,125
2025,DICIEMBRE,MADRE DE DIOS,MASCULINO,46 a 55,48
2025,DICIEMBRE,MADRE DE DIOS,MASCULINO,56 a mas,37
2025,DICIEMBRE,MEXICO,MASCULINO,46 a 55,1
2025,DICIEMBRE,MEXICO,MASCULINO,56 a mas,1
2025,DICIEMBRE,MOQUEGUA,FEMENINO,18 a 25,31
2025,DICIEMBRE,MOQUEGUA,FEMENINO,26 a 35,23
2025,DICIEMBRE,MOQUEGUA,FEMENINO,36 a 45,14
2025,DICIEMBRE,MOQUEGUA,FEMENINO,46 a 55,6
2025,DICIEMBRE,MOQUEGUA,FEMENINO,56 a mas,11
2025,DICIEMBRE,MOQUEGUA,MASCULINO,18 a 25,34
2025,DICIEMBRE,MOQUEGUA,MASCULINO,26 a 35,50
2025,DICIEMBRE,MOQUEGUA,MASCULINO,36 a 45,46
2025,DICIEMBRE,MOQUEGUA,MASCULINO,46 a 55,16
2025,DICIEMBRE,MOQUEGUA,MASCULINO,56 a mas,17
2025,DICIEMBRE,NUEVA ZELANDA,FEMENINO,56 a mas,1
2025,DICIEMBRE,PASCO,FEMENINO,18 a 25,36
2025,DICIEMBRE,PASCO,FEMENINO,26 a 35,22
2025,DICIEMBRE,PASCO,FEMENINO,36 a 45,10
2025,DICIEMBRE,PASCO,FEMENINO,46 a 55,7
2025,DICIEMBRE,PASCO,FEMENINO,56 a mas,6
2025,DICIEMBRE,PASCO,MASCULINO,18 a 25,72
2025,DICIEMBRE,PASCO,MASCULINO,26 a 35,69
2025,DICIEMBRE,PASCO,MASCULINO,36 a 45,29
2025,DICIEMBRE,PASCO,MASCULINO,46 a 55,7
2025,DICIEMBRE,PASCO,MASCULINO,56 a mas,9
2025,DICIEMBRE,PIURA,FEMENINO,18 a 25,385
2025,DICIEMBRE,PIURA,FEMENINO,26 a 35,415
2025,DICIEMBRE,PIURA,FEMENINO,36 a 45,224
2025,DICIEMBRE,PIURA,FEMENINO,46 a 55,151
2025,DICIEMBRE,PIURA,FEMENINO,56 a mas,116
2025,DICIEMBRE,PIURA,MASCULINO,18 a 25,426
2025,DICIEMBRE,PIURA,MASCULINO,26 a 35,421
2025,DICIEMBRE,PIURA,MASCULINO,36 a 45,248
2025,DICIEMBRE,PIURA,MASCULINO,46 a 55,99
2025,DICIEMBRE,PIURA,MASCULINO,56 a mas,53
2025,DICIEMBRE,PUNO,FEMENINO,18 a 25,119
2025,DICIEMBRE,PUNO,FEMENINO,26 a 35,126
2025,DICIEMBRE,PUNO,FEMENINO,36 a 45,60
2025,DICIEMBRE,PUNO,FEMENINO,46 a 55,33
2025,DICIEMBRE,PUNO,FEMENINO,56 a mas,20
2025,DICIEMBRE,PUNO,MASCULINO,18 a 25,219
2025,DICIEMBRE,PUNO,MASCULINO,26 a 35,221
2025,DICIEMBRE,PUNO,MASCULINO,36 a 45,125
2025,DICIEMBRE,PUNO,MASCULINO,46 a 55,61
2025,DICIEMBRE,PUNO,MASCULINO,56 a mas,30
2025,DICIEMBRE,REPUBLICA DE PANAMA,FEMENINO,26 a 35,1
2025,DICIEMBRE,REPUBLICA DE PANAMA,FEMENINO,56 a mas,1
2025,DICIEMBRE,SAN MARTIN,FEMENINO,18 a 25,103
2025,DICIEMBRE,SAN MARTIN,FEMENINO,26 a 35,75
2025,DICIEMBRE,SAN MARTIN,FEMENINO,36 a 45,32
2025,DICIEMBRE,SAN MARTIN,FEMENINO,46 a 55,32
2025,DICIEMBRE,SAN MARTIN,FEMENINO,56 a mas,31
2025,DICIEMBRE,SAN MARTIN,MASCULINO,18 a 25,128
2025,DICIEMBRE,SAN MARTIN,MASCULINO,26 a 35,131
2025,DICIEMBRE,SAN MARTIN,MASCULINO,36 a 45,63
2025,DICIEMBRE,SAN MARTIN,MASCULINO,46 a 55,36
2025,DICIEMBRE,SAN MARTIN,MASCULINO,56 a mas,30
2025,DICIEMBRE,SUECIA,MASCULINO,46 a 55,1
2025,DICIEMBRE,SUIZA,MASCULINO,46 a 55,1
2025,DICIEMBRE,TACNA,FEMENINO,18 a 25,54
2025,DICIEMBRE,TACNA,FEMENINO,26 a 35,44
2025,DICIEMBRE,TACNA,FEMENINO,36 a 45,22
2025,DICIEMBRE,TACNA,FEMENINO,46 a 55,25
2025,DICIEMBRE,TACNA,FEMENINO,56 a mas,13
2025,DICIEMBRE,TACNA,MASCULINO,18 a 25,61
2025,DICIEMBRE,TACNA,MASCULINO,26 a 35,71
2025,DICIEMBRE,TACNA,MASCULINO,36 a 45,63
2025,DICIEMBRE,TACNA,MASCULINO,46 a 55,37
2025,DICIEMBRE,TACNA,MASCULINO,56 a mas,23
2025,DICIEMBRE,TUMBES,FEMENINO,18 a 25,34
2025,DICIEMBRE,TUMBES,FEMENINO,26 a 35,27
2025,DICIEMBRE,TUMBES,FEMENINO,36 a 45,21
2025,DICIEMBRE,TUMBES,FEMENINO,46 a 55,12
2025,DICIEMBRE,TUMBES,FEMENINO,56 a mas,6
2025,DICIEMBRE,TUMBES,MASCULINO,18 a 25,55
2025,DICIEMBRE,TUMBES,MASCULINO,26 a 35,55
2025,DICIEMBRE,TUMBES,MASCULINO,36 a 45,35
2025,DICIEMBRE,TUMBES,MASCULINO,46 a 55,15
2025,DICIEMBRE,TUMBES,MASCULINO,56 a mas,11
2025,DICIEMBRE,UCAYALI,FEMENINO,18 a 25,80
2025,DICIEMBRE,UCAYALI,FEMENINO,26 a 35,74
2025,DICIEMBRE,UCAYALI,FEMENINO,36 a 45,50
2025,DICIEMBRE,UCAYALI,FEMENINO,46 a 55,19
2025,DICIEMBRE,UCAYALI,FEMENINO,56 a mas,14
2025,DICIEMBRE,UCAYALI,MASCULINO,18 a 25,169
2025,DICIEMBRE,UCAYALI,MASCULINO,26 a 35,131
2025,DICIEMBRE,UCAYALI,MASCULINO,36 a 45,63
2025,DICIEMBRE,UCAYALI,MASCULINO,46 a 55,43
2025,DICIEMBRE,UCAYALI,MASCULINO,56 a mas,30
2025,ENERO,ALEMANIA,FEMENINO,36 a 45,1
2025,ENERO,ALEMANIA,FEMENINO,46 a 55,1
2025,ENERO,ALEMANIA,MASCULINO,26 a 35,1
2025,ENERO,AMAZONAS,FEMENINO,18 a 25,26
2025,ENERO,AMAZONAS,FEMENINO,26 a 35,10
2025,ENERO,AMAZONAS,FEMENINO,36 a 45,5
2025,ENERO,AMAZONAS,FEMENINO,46 a 55,6
2025,ENERO,AMAZONAS,FEMENINO,56 a mas,8
2025,ENERO,AMAZONAS,MASCULINO,18 a 25,50
2025,ENERO,AMAZONAS,MASCULINO,26 a 35,25
2025,ENERO,AMAZONAS,MASCULINO,36 a 45,11
2025,ENERO,AMAZONAS,MASCULINO,46 a 55,10
2025,ENERO,AMAZONAS,MASCULINO,56 a mas,4
2025,ENERO,ANCASH,FEMENINO,18 a 25,87
2025,ENERO,ANCASH,FEMENINO,26 a 35,84
2025,ENERO,ANCASH,FEMENINO,36 a 45,37
2025,ENERO,ANCASH,FEMENINO,46 a 55,29
2025,ENERO,ANCASH,FEMENINO,56 a mas,20
2025,ENERO,ANCASH,MASCULINO,18 a 25,157
2025,ENERO,ANCASH,MASCULINO,26 a 35,159
2025,ENERO,ANCASH,MASCULINO,36 a 45,92
2025,ENERO,ANCASH,MASCULINO,46 a 55,55
2025,ENERO,ANCASH,MASCULINO,56 a mas,28
2025,ENERO,ANTILLAS HOLANDESAS,MASCULINO,46 a 55,1
2025,ENERO,APURIMAC,FEMENINO,18 a 25,51
2025,ENERO,APURIMAC,FEMENINO,26 a 35,29
2025,ENERO,APURIMAC,FEMENINO,36 a 45,24
2025,ENERO,APURIMAC,FEMENINO,46 a 55,10
2025,ENERO,APURIMAC,FEMENINO,56 a mas,11
2025,ENERO,APURIMAC,MASCULINO,18 a 25,89
2025,ENERO,APURIMAC,MASCULINO,26 a 35,100
2025,ENERO,APURIMAC,MASCULINO,36 a 45,58
2025,ENERO,APURIMAC,MASCULINO,46 a 55,19
2025,ENERO,APURIMAC,MASCULINO,56 a mas,14
2025,ENERO,AREQUIPA,FEMENINO,18 a 25,118
2025,ENERO,AREQUIPA,FEMENINO,26 a 35,140
2025,ENERO,AREQUIPA,FEMENINO,36 a 45,80
2025,ENERO,AREQUIPA,FEMENINO,46 a 55,50
2025,ENERO,AREQUIPA,FEMENINO,56 a mas,52
2025,ENERO,AREQUIPA,MASCULINO,18 a 25,221
2025,ENERO,AREQUIPA,MASCULINO,26 a 35,282
2025,ENERO,AREQUIPA,MASCULINO,36 a 45,205
2025,ENERO,AREQUIPA,MASCULINO,46 a 55,90
2025,ENERO,AREQUIPA,MASCULINO,56 a mas,48
2025,ENERO,ARGENTINA,FEMENINO,18 a 25,1
2025,ENERO,ARGENTINA,FEMENINO,26 a 35,2
2025,ENERO,ARGENTINA,FEMENINO,36 a 45,2
2025,ENERO,ARGENTINA,FEMENINO,46 a 55,7
2025,ENERO,ARGENTINA,FEMENINO,56 a mas,3
2025,ENERO,ARGENTINA,MASCULINO,18 a 25,2
2025,ENERO,ARGENTINA,MASCULINO,26 a 35,3
2025,ENERO,ARGENTINA,MASCULINO,36 a 45,4
2025,ENERO,ARGENTINA,MASCULINO,46 a 55,3
2025,ENERO,AUSTRALIA,FEMENINO,36 a 45,1
2025,ENERO,AUSTRALIA,MASCULINO,18 a 25,1
2025,ENERO,AYACUCHO,FEMENINO,18 a 25,92
2025,ENERO,AYACUCHO,FEMENINO,26 a 35,62
2025,ENERO,AYACUCHO,FEMENINO,36 a 45,38
2025,ENERO,AYACUCHO,FEMENINO,46 a 55,17
2025,ENERO,AYACUCHO,FEMENINO,56 a mas,10
2025,ENERO,AYACUCHO,MASCULINO,18 a 25,142
2025,ENERO,AYACUCHO,MASCULINO,26 a 35,141
2025,ENERO,AYACUCHO,MASCULINO,36 a 45,88
2025,ENERO,AYACUCHO,MASCULINO,46 a 55,34
2025,ENERO,AYACUCHO,MASCULINO,56 a mas,15
2025,ENERO,BOLIVIA,FEMENINO,18 a 25,1
2025,ENERO,BOLIVIA,MASCULINO,18 a 25,1
2025,ENERO,BRASIL,FEMENINO,36 a 45,1
2025,ENERO,BRASIL,MASCULINO,26 a 35,2
2025,ENERO,BRASIL,MASCULINO,36 a 45,1
2025,ENERO,BRASIL,MASCULINO,56 a mas,1
2025,ENERO,CAJAMARCA,FEMENINO,18 a 25,94
2025,ENERO,CAJAMARCA,FEMENINO,26 a 35,80
2025,ENERO,CAJAMARCA,FEMENINO,36 a 45,46
2025,ENERO,CAJAMARCA,FEMENINO,46 a 55,27
2025,ENERO,CAJAMARCA,FEMENINO,56 a mas,26
2025,ENERO,CAJAMARCA,MASCULINO,18 a 25,110
2025,ENERO,CAJAMARCA,MASCULINO,26 a 35,151
2025,ENERO,CAJAMARCA,MASCULINO,36 a 45,60
2025,ENERO,CAJAMARCA,MASCULINO,46 a 55,44
2025,ENERO,CAJAMARCA,MASCULINO,56 a mas,34
2025,ENERO,CALLAO,FEMENINO,18 a 25,162
2025,ENERO,CALLAO,FEMENINO,26 a 35,163
2025,ENERO,CALLAO,FEMENINO,36 a 45,95
2025,ENERO,CALLAO,FEMENINO,46 a 55,53
2025,ENERO,CALLAO,FEMENINO,56 a mas,48
2025,ENERO,CALLAO,MASCULINO,18 a 25,229
2025,ENERO,CALLAO,MASCULINO,26 a 35,293
2025,ENERO,CALLAO,MASCULINO,36 a 45,174
2025,ENERO,CALLAO,MASCULINO,46 a 55,118
2025,ENERO,CALLAO,MASCULINO,56 a mas,58
2025,ENERO,CANADA,FEMENINO,46 a 55,2
2025,ENERO,CHILE,FEMENINO,26 a 35,6
2025,ENERO,CHILE,FEMENINO,36 a 45,3
2025,ENERO,CHILE,FEMENINO,46 a 55,2
2025,ENERO,CHILE,FEMENINO,56 a mas,2
2025,ENERO,CHILE,MASCULINO,18 a 25,2
2025,ENERO,CHILE,MASCULINO,26 a 35,3
2025,ENERO,CHILE,MASCULINO,36 a 45,5
2025,ENERO,CHILE,MASCULINO,46 a 55,2
2025,ENERO,CHILE,MASCULINO,56 a mas,2
2025,ENERO,COLOMBIA,FEMENINO,46 a 55,1
2025,ENERO,COLOMBIA,FEMENINO,56 a mas,1
2025,ENERO,CUSCO,FEMENINO,18 a 25,203
2025,ENERO,CUSCO,FEMENINO,26 a 35,198
2025,ENERO,CUSCO,FEMENINO,36 a 45,100
2025,ENERO,CUSCO,FEMENINO,46 a 55,51
2025,ENERO,CUSCO,FEMENINO,56 a mas,46
2025,ENERO,CUSCO,MASCULINO,18 a 25,347
2025,ENERO,CUSCO,MASCULINO,26 a 35,392
2025,ENERO,CUSCO,MASCULINO,36 a 45,258
2025,ENERO,CUSCO,MASCULINO,46 a 55,99
2025,ENERO,CUSCO,MASCULINO,56 a mas,78
2025,ENERO,ESPAÑA,FEMENINO,36 a 45,4
2025,ENERO,ESPAÑA,FEMENINO,46 a 55,4
2025,ENERO,ESPAÑA,FEMENINO,56 a mas,2
2025,ENERO,ESPAÑA,MASCULINO,18 a 25,1
2025,ENERO,ESPAÑA,MASCULINO,26 a 35,7
2025,ENERO,ESPAÑA,MASCULINO,36 a 45,3
2025,ENERO,ESPAÑA,MASCULINO,46 a 55,4
2025,ENERO,ESPAÑA,MASCULINO,56 a mas,1
2025,ENERO,ESTADOS UNIDOS DE AMERICA,FEMENINO,18 a 25,1
2025,ENERO,ESTADOS UNIDOS DE AMERICA,FEMENINO,26 a 35,2
2025,ENERO,ESTADOS UNIDOS DE AMERICA,FEMENINO,36 a 45,6
2025,ENERO,ESTADOS UNIDOS DE AMERICA,FEMENINO,46 a 55,3
2025,ENERO,ESTADOS UNIDOS DE AMERICA,FEMENINO,56 a mas,5
2025,ENERO,ESTADOS UNIDOS DE AMERICA,MASCULINO,18 a 25,1
2025,ENERO,ESTADOS UNIDOS DE AMERICA,MASCULINO,26 a 35,5
2025,ENERO,ESTADOS UNIDOS DE AMERICA,MASCULINO,36 a 45,2
2025,ENERO,ESTADOS UNIDOS DE AMERICA,MASCULINO,46 a 55,5
2025,ENERO,ESTADOS UNIDOS DE AMERICA,MASCULINO,56 a mas,13
2025,ENERO,FRANCIA,FEMENINO,26 a 35,1
2025,ENERO,FRANCIA,FEMENINO,36 a 45,1
2025,ENERO,GRAN BRETAÑA,FEMENINO,46 a 55,2
2025,ENERO,GRAN BRETAÑA,MASCULINO,26 a 35,1
2025,ENERO,HUANCAVELICA,FEMENINO,18 a 25,39
2025,ENERO,HUANCAVELICA,FEMENINO,26 a 35,13
2025,ENERO,HUANCAVELICA,FEMENINO,36 a 45,10
2025,ENERO,HUANCAVELICA,FEMENINO,46 a 55,6
2025,ENERO,HUANCAVELICA,FEMENINO,56 a mas,6
2025,ENERO,HUANCAVELICA,MASCULINO,18 a 25,79
2025,ENERO,HUANCAVELICA,MASCULINO,26 a 35,62
2025,ENERO,HUANCAVELICA,MASCULINO,36 a 45,28
2025,ENERO,HUANCAVELICA,MASCULINO,46 a 55,11
2025,ENERO,HUANCAVELICA,MASCULINO,56 a mas,8
2025,ENERO,HUANUCO,FEMENINO,18 a 25,95
2025,ENERO,HUANUCO,FEMENINO,26 a 35,84
2025,ENERO,HUANUCO,FEMENINO,36 a 45,36
2025,ENERO,HUANUCO,FEMENINO,46 a 55,16
2025,ENERO,HUANUCO,FEMENINO,56 a mas,23
2025,ENERO,HUANUCO,MASCULINO,18 a 25,140
2025,ENERO,HUANUCO,MASCULINO,26 a 35,122
2025,ENERO,HUANUCO,MASCULINO,36 a 45,75
2025,ENERO,HUANUCO,MASCULINO,46 a 55,41
2025,ENERO,HUANUCO,MASCULINO,56 a mas,26
2025,ENERO,ICA,FEMENINO,18 a 25,109
2025,ENERO,ICA,FEMENINO,26 a 35,99
2025,ENERO,ICA,FEMENINO,36 a 45,49
2025,ENERO,ICA,FEMENINO,46 a 55,36
2025,ENERO,ICA,FEMENINO,56 a mas,22
2025,ENERO,ICA,MASCULINO,18 a 25,169
2025,ENERO,ICA,MASCULINO,26 a 35,187
2025,ENERO,ICA,MASCULINO,36 a 45,93
2025,ENERO,ICA,MASCULINO,46 a 55,74
2025,ENERO,ICA,MASCULINO,56 a mas,40
2025,ENERO,ITALIA,FEMENINO,26 a 35,3
2025,ENERO,ITALIA,FEMENINO,36 a 45,4
2025,ENERO,ITALIA,FEMENINO,46 a 55,5
2025,ENERO,ITALIA,FEMENINO,56 a mas,4
2025,ENERO,ITALIA,MASCULINO,26 a 35,1
2025,ENERO,ITALIA,MASCULINO,36 a 45,1
2025,ENERO,ITALIA,MASCULINO,46 a 55,3
2025,ENERO,ITALIA,MASCULINO,56 a mas,1
2025,ENERO,JAPON,MASCULINO,46 a 55,1
2025,ENERO,JUNIN,FEMENINO,18 a 25,137
2025,ENERO,JUNIN,FEMENINO,26 a 35,106
2025,ENERO,JUNIN,FEMENINO,36 a 45,50
2025,ENERO,JUNIN,FEMENINO,46 a 55,40
2025,ENERO,JUNIN,FEMENINO,56 a mas,37
2025,ENERO,JUNIN,MASCULINO,18 a 25,211
2025,ENERO,JUNIN,MASCULINO,26 a 35,199
2025,ENERO,JUNIN,MASCULINO,36 a 45,87
2025,ENERO,JUNIN,MASCULINO,46 a 55,47
2025,ENERO,JUNIN,MASCULINO,56 a mas,38
2025,ENERO,LA LIBERTAD,FEMENINO,18 a 25,148
2025,ENERO,LA LIBERTAD,FEMENINO,26 a 35,149
2025,ENERO,LA LIBERTAD,FEMENINO,36 a 45,82
2025,ENERO,LA LIBERTAD,FEMENINO,46 a 55,55
2025,ENERO,LA LIBERTAD,FEMENINO,56 a mas,32
2025,ENERO,LA LIBERTAD,MASCULINO,18 a 25,239
2025,ENERO,LA LIBERTAD,MASCULINO,26 a 35,243
2025,ENERO,LA LIBERTAD,MASCULINO,36 a 45,145
2025,ENERO,LA LIBERTAD,MASCULINO,46 a 55,68
2025,ENERO,LA LIBERTAD,MASCULINO,56 a mas,47
2025,ENERO,LAMBAYEQUE,FEMENINO,18 a 25,154
2025,ENERO,LAMBAYEQUE,FEMENINO,26 a 35,148
2025,ENERO,LAMBAYEQUE,FEMENINO,36 a 45,91
2025,ENERO,LAMBAYEQUE,FEMENINO,46 a 55,50
2025,ENERO,LAMBAYEQUE,FEMENINO,56 a mas,32
2025,ENERO,LAMBAYEQUE,MASCULINO,18 a 25,231
2025,ENERO,LAMBAYEQUE,MASCULINO,26 a 35,265
2025,ENERO,LAMBAYEQUE,MASCULINO,36 a 45,115
2025,ENERO,LAMBAYEQUE,MASCULINO,46 a 55,67
2025,ENERO,LAMBAYEQUE,MASCULINO,56 a mas,39
2025,ENERO,LIMA,FEMENINO,18 a 25,1237
2025,ENERO,LIMA,FEMENINO,26 a 35,1414
2025,ENERO,LIMA,FEMENINO,36 a 45,782
2025,ENERO,LIMA,FEMENINO,46 a 55,468
2025,ENERO,LIMA,FEMENINO,56 a mas,445
2025,ENERO,LIMA,MASCULINO,18 a 25,1891
2025,ENERO,LIMA,MASCULINO,26 a 35,2508
2025,ENERO,LIMA,MASCULINO,36 a 45,1597
2025,ENERO,LIMA,MASCULINO,46 a 55,920
2025,ENERO,LIMA,MASCULINO,56 a mas,539
2025,ENERO,LORETO,FEMENINO,18 a 25,153
2025,ENERO,LORETO,FEMENINO,26 a 35,111
2025,ENERO,LORETO,FEMENINO,36 a 45,59
2025,ENERO,LORETO,FEMENINO,46 a 55,47
2025,ENERO,LORETO,FEMENINO,56 a mas,27
2025,ENERO,LORETO,MASCULINO,18 a 25,244
2025,ENERO,LORETO,MASCULINO,26 a 35,242
2025,ENERO,LORETO,MASCULINO,36 a 45,146
2025,ENERO,LORETO,MASCULINO,46 a 55,75
2025,ENERO,LORETO,MASCULINO,56 a mas,57
2025,ENERO,MADRE DE DIOS,FEMENINO,18 a 25,61
2025,ENERO,MADRE DE DIOS,FEMENINO,26 a 35,52
2025,ENERO,MADRE DE DIOS,FEMENINO,36 a 45,30
2025,ENERO,MADRE DE DIOS,FEMENINO,46 a 55,23
2025,ENERO,MADRE DE DIOS,FEMENINO,56 a mas,12
2025,ENERO,MADRE DE DIOS,MASCULINO,18 a 25,60
2025,ENERO,MADRE DE DIOS,MASCULINO,26 a 35,89
2025,ENERO,MADRE DE DIOS,MASCULINO,36 a 45,49
2025,ENERO,MADRE DE DIOS,MASCULINO,46 a 55,43
2025,ENERO,MADRE DE DIOS,MASCULINO,56 a mas,21
2025,ENERO,MEXICO,FEMENINO,56 a mas,1
2025,ENERO,MOQUEGUA,FEMENINO,18 a 25,33
2025,ENERO,MOQUEGUA,FEMENINO,26 a 35,29
2025,ENERO,MOQUEGUA,FEMENINO,36 a 45,12
2025,ENERO,MOQUEGUA,FEMENINO,46 a 55,8
2025,ENERO,MOQUEGUA,FEMENINO,56 a mas,6
2025,ENERO,MOQUEGUA,MASCULINO,18 a 25,53
2025,ENERO,MOQUEGUA,MASCULINO,26 a 35,44
2025,ENERO,MOQUEGUA,MASCULINO,36 a 45,36
2025,ENERO,MOQUEGUA,MASCULINO,46 a 55,17
2025,ENERO,MOQUEGUA,MASCULINO,56 a mas,9
2025,ENERO,PASCO,FEMENINO,18 a 25,16
2025,ENERO,PASCO,FEMENINO,26 a 35,21
2025,ENERO,PASCO,FEMENINO,36 a 45,9
2025,ENERO,PASCO,FEMENINO,46 a 55,9
2025,ENERO,PASCO,FEMENINO,56 a mas,3
2025,ENERO,PASCO,MASCULINO,18 a 25,59
2025,ENERO,PASCO,MASCULINO,26 a 35,60
2025,ENERO,PASCO,MASCULINO,36 a 45,20
2025,ENERO,PASCO,MASCULINO,46 a 55,12
2025,ENERO,PASCO,MASCULINO,56 a mas,6
2025,ENERO,PIURA,FEMENINO,18 a 25,320
2025,ENERO,PIURA,FEMENINO,26 a 35,300
2025,ENERO,PIURA,FEMENINO,36 a 45,165
2025,ENERO,PIURA,FEMENINO,46 a 55,100
2025,ENERO,PIURA,FEMENINO,56 a mas,75
2025,ENERO,PIURA,MASCULINO,18 a 25,378
2025,ENERO,PIURA,MASCULINO,26 a 35,413
2025,ENERO,PIURA,MASCULINO,36 a 45,244
2025,ENERO,PIURA,MASCULINO,46 a 55,119
2025,ENERO,PIURA,MASCULINO,56 a mas,67
2025,ENERO,PUERTO RICO,FEMENINO,56 a mas,1
2025,ENERO,PUNO,FEMENINO,18 a 25,119
2025,ENERO,PUNO,FEMENINO,26 a 35,111
2025,ENERO,PUNO,FEMENINO,36 a 45,52
2025,ENERO,PUNO,FEMENINO,46 a 55,35
2025,ENERO,PUNO,FEMENINO,56 a mas,29
2025,ENERO,PUNO,MASCULINO,18 a 25,226
2025,ENERO,PUNO,MASCULINO,26 a 35,213
2025,ENERO,PUNO,MASCULINO,36 a 45,126
2025,ENERO,PUNO,MASCULINO,46 a 55,55
2025,ENERO,PUNO,MASCULINO,56 a mas,30
2025,ENERO,SAN MARTIN,FEMENINO,18 a 25,71
2025,ENERO,SAN MARTIN,FEMENINO,26 a 35,69
2025,ENERO,SAN MARTIN,FEMENINO,36 a 45,28
2025,ENERO,SAN MARTIN,FEMENINO,46 a 55,14
2025,ENERO,SAN MARTIN,FEMENINO,56 a mas,19
2025,ENERO,SAN MARTIN,MASCULINO,18 a 25,99
2025,ENERO,SAN MARTIN,MASCULINO,26 a 35,115
2025,ENERO,SAN MARTIN,MASCULINO,36 a 45,48
2025,ENERO,SAN MARTIN,MASCULINO,46 a 55,46
2025,ENERO,SAN MARTIN,MASCULINO,56 a mas,23
2025,ENERO,SUIZA,FEMENINO,26 a 35,1
2025,ENERO,SUIZA,MASCULINO,26 a 35,1
2025,ENERO,TACNA,FEMENINO,18 a 25,33
2025,ENERO,TACNA,FEMENINO,26 a 35,27
2025,ENERO,TACNA,FEMENINO,36 a 45,20
2025,ENERO,TACNA,FEMENINO,46 a 55,12
2025,ENERO,TACNA,FEMENINO,56 a mas,12
2025,ENERO,TACNA,MASCULINO,18 a 25,43
2025,ENERO,TACNA,MASCULINO,26 a 35,54
2025,ENERO,TACNA,MASCULINO,36 a 45,46
2025,ENERO,TACNA,MASCULINO,46 a 55,23
2025,ENERO,TACNA,MASCULINO,56 a mas,10
2025,ENERO,TUMBES,FEMENINO,18 a 25,33
2025,ENERO,TUMBES,FEMENINO,26 a 35,43
2025,ENERO,TUMBES,FEMENINO,36 a 45,25
2025,ENERO,TUMBES,FEMENINO,46 a 55,15
2025,ENERO,TUMBES,FEMENINO,56 a mas,13
2025,ENERO,TUMBES,MASCULINO,18 a 25,67
2025,ENERO,TUMBES,MASCULINO,26 a 35,62
2025,ENERO,TUMBES,MASCULINO,36 a 45,52
2025,ENERO,TUMBES,MASCULINO,46 a 55,31
2025,ENERO,TUMBES,MASCULINO,56 a mas,13
2025,ENERO,UCAYALI,FEMENINO,18 a 25,65
2025,ENERO,UCAYALI,FEMENINO,26 a 35,93
2025,ENERO,UCAYALI,FEMENINO,36 a 45,36
2025,ENERO,UCAYALI,FEMENINO,46 a 55,30
2025,ENERO,UCAYALI,FEMENINO,56 a mas,20
2025,ENERO,UCAYALI,MASCULINO,18 a 25,113
2025,ENERO,UCAYALI,MASCULINO,26 a 35,118
2025,ENERO,UCAYALI,MASCULINO,36 a 45,67
2025,ENERO,UCAYALI,MASCULINO,46 a 55,46
2025,ENERO,UCAYALI,MASCULINO,56 a mas,27
2025,ENERO,URUGUAY,FEMENINO,26 a 35,1
2025,ENERO,URUGUAY,MASCULINO,36 a 45,1
2025,FEBRERO,ALEMANIA,FEMENINO,56 a mas,1
2025,FEBRERO,ALEMANIA,MASCULINO,56 a mas,1
2025,FEBRERO,AMAZONAS,FEMENINO,18 a 25,17
2025,FEBRERO,AMAZONAS,FEMENINO,26 a 35,22
2025,FEBRERO,AMAZONAS,FEMENINO,36 a 45,6
2025,FEBRERO,AMAZONAS,FEMENINO,46 a 55,8
2025,FEBRERO,AMAZONAS,FEMENINO,56 a mas,3
2025,FEBRERO,AMAZONAS,MASCULINO,18 a 25,30
2025,FEBRERO,AMAZONAS,MASCULINO,26 a 35,23
2025,FEBRERO,AMAZONAS,MASCULINO,36 a 45,14
2025,FEBRERO,AMAZONAS,MASCULINO,46 a 55,5
2025,FEBRERO,AMAZONAS,MASCULINO,56 a mas,6
2025,FEBRERO,ANCASH,FEMENINO,18 a 25,84
2025,FEBRERO,ANCASH,FEMENINO,26 a 35,63
2025,FEBRERO,ANCASH,FEMENINO,36 a 45,32
2025,FEBRERO,ANCASH,FEMENINO,46 a 55,20
2025,FEBRERO,ANCASH,FEMENINO,56 a mas,24
2025,FEBRERO,ANCASH,MASCULINO,18 a 25,118
2025,FEBRERO,ANCASH,MASCULINO,26 a 35,128
2025,FEBRERO,ANCASH,MASCULINO,36 a 45,56
2025,FEBRERO,ANCASH,MASCULINO,46 a 55,51
2025,FEBRERO,ANCASH,MASCULINO,56 a mas,32
2025,FEBRERO,APURIMAC,FEMENINO,18 a 25,26
2025,FEBRERO,APURIMAC,FEMENINO,26 a 35,35
2025,FEBRERO,APURIMAC,FEMENINO,36 a 45,21
2025,FEBRERO,APURIMAC,FEMENINO,46 a 55,10
2025,FEBRERO,APURIMAC,FEMENINO,56 a mas,10
2025,FEBRERO,APURIMAC,MASCULINO,18 a 25,88
2025,FEBRERO,APURIMAC,MASCULINO,26 a 35,79
2025,FEBRERO,APURIMAC,MASCULINO,36 a 45,29
2025,FEBRERO,APURIMAC,MASCULINO,46 a 55,15
2025,FEBRERO,APURIMAC,MASCULINO,56 a mas,6
2025,FEBRERO,AREQUIPA,FEMENINO,18 a 25,109
2025,FEBRERO,AREQUIPA,FEMENINO,26 a 35,118
2025,FEBRERO,AREQUIPA,FEMENINO,36 a 45,69
2025,FEBRERO,AREQUIPA,FEMENINO,46 a 55,54
2025,FEBRERO,AREQUIPA,FEMENINO,56 a mas,38
2025,FEBRERO,AREQUIPA,MASCULINO,18 a 25,193
2025,FEBRERO,AREQUIPA,MASCULINO,26 a 35,269
2025,FEBRERO,AREQUIPA,MASCULINO,36 a 45,169
2025,FEBRERO,AREQUIPA,MASCULINO,46 a 55,66
2025,FEBRERO,AREQUIPA,MASCULINO,56 a mas,48
2025,FEBRERO,ARGENTINA,FEMENINO,18 a 25,1
2025,FEBRERO,ARGENTINA,FEMENINO,26 a 35,1
2025,FEBRERO,ARGENTINA,FEMENINO,36 a 45,2
2025,FEBRERO,ARGENTINA,FEMENINO,46 a 55,1
2025,FEBRERO,ARGENTINA,FEMENINO,56 a mas,1
2025,FEBRERO,ARGENTINA,MASCULINO,18 a 25,3
2025,FEBRERO,ARGENTINA,MASCULINO,26 a 35,5
2025,FEBRERO,ARGENTINA,MASCULINO,36 a 45,4
2025,FEBRERO,ARGENTINA,MASCULINO,46 a 55,4
2025,FEBRERO,AYACUCHO,FEMENINO,18 a 25,70
2025,FEBRERO,AYACUCHO,FEMENINO,26 a 35,54
2025,FEBRERO,AYACUCHO,FEMENINO,36 a 45,37
2025,FEBRERO,AYACUCHO,FEMENINO,46 a 55,20
2025,FEBRERO,AYACUCHO,FEMENINO,56 a mas,22
2025,FEBRERO,AYACUCHO,MASCULINO,18 a 25,99
2025,FEBRERO,AYACUCHO,MASCULINO,26 a 35,121
2025,FEBRERO,AYACUCHO,MASCULINO,36 a 45,70
2025,FEBRERO,AYACUCHO,MASCULINO,46 a 55,39
2025,FEBRERO,AYACUCHO,MASCULINO,56 a mas,23
2025,FEBRERO,BOLIVIA,FEMENINO,26 a 35,1
2025,FEBRERO,BRASIL,FEMENINO,56 a mas,1
2025,FEBRERO,BRASIL,MASCULINO,18 a 25,1
2025,FEBRERO,BRASIL,MASCULINO,26 a 35,1
2025,FEBRERO,CAJAMARCA,FEMENINO,18 a 25,77
2025,FEBRERO,CAJAMARCA,FEMENINO,26 a 35,62
2025,FEBRERO,CAJAMARCA,FEMENINO,36 a 45,30
2025,FEBRERO,CAJAMARCA,FEMENINO,46 a 55,26
2025,FEBRERO,CAJAMARCA,FEMENINO,56 a mas,18
2025,FEBRERO,CAJAMARCA,MASCULINO,18 a 25,135
2025,FEBRERO,CAJAMARCA,MASCULINO,26 a 35,126
2025,FEBRERO,CAJAMARCA,MASCULINO,36 a 45,55
2025,FEBRERO,CAJAMARCA,MASCULINO,46 a 55,25
2025,FEBRERO,CAJAMARCA,MASCULINO,56 a mas,24
2025,FEBRERO,CALLAO,FEMENINO,18 a 25,162
2025,FEBRERO,CALLAO,FEMENINO,26 a 35,140
2025,FEBRERO,CALLAO,FEMENINO,36 a 45,70
2025,FEBRERO,CALLAO,FEMENINO,46 a 55,45
2025,FEBRERO,CALLAO,FEMENINO,56 a mas,32
2025,FEBRERO,CALLAO,MASCULINO,18 a 25,201
2025,FEBRERO,CALLAO,MASCULINO,26 a 35,225
2025,FEBRERO,CALLAO,MASCULINO,36 a 45,152
2025,FEBRERO,CALLAO,MASCULINO,46 a 55,79
2025,FEBRERO,CALLAO,MASCULINO,56 a mas,46
2025,FEBRERO,CHILE,FEMENINO,18 a 25,1
2025,FEBRERO,CHILE,FEMENINO,26 a 35,2
2025,FEBRERO,CHILE,FEMENINO,36 a 45,2
2025,FEBRERO,CHILE,FEMENINO,46 a 55,3
2025,FEBRERO,CHILE,FEMENINO,56 a mas,2
2025,FEBRERO,CHILE,MASCULINO,18 a 25,1
2025,FEBRERO,CHILE,MASCULINO,26 a 35,4
2025,FEBRERO,CHILE,MASCULINO,36 a 45,6
2025,FEBRERO,CHILE,MASCULINO,46 a 55,1
2025,FEBRERO,CHILE,MASCULINO,56 a mas,2
2025,FEBRERO,COLOMBIA,MASCULINO,18 a 25,1
2025,FEBRERO,CUSCO,FEMENINO,18 a 25,164
2025,FEBRERO,CUSCO,FEMENINO,26 a 35,155
2025,FEBRERO,CUSCO,FEMENINO,36 a 45,73
2025,FEBRERO,CUSCO,FEMENINO,46 a 55,46
2025,FEBRERO,CUSCO,FEMENINO,56 a mas,30
2025,FEBRERO,CUSCO,MASCULINO,18 a 25,273
2025,FEBRERO,CUSCO,MASCULINO,26 a 35,296
2025,FEBRERO,CUSCO,MASCULINO,36 a 45,184
2025,FEBRERO,CUSCO,MASCULINO,46 a 55,98
2025,FEBRERO,CUSCO,MASCULINO,56 a mas,43
2025,FEBRERO,ECUADOR,MASCULINO,36 a 45,1
2025,FEBRERO,ESPAÑA,FEMENINO,26 a 35,1
2025,FEBRERO,ESPAÑA,FEMENINO,36 a 45,3
2025,FEBRERO,ESPAÑA,FEMENINO,46 a 55,1
2025,FEBRERO,ESPAÑA,FEMENINO,56 a mas,5
2025,FEBRERO,ESPAÑA,MASCULINO,36 a 45,5
2025,FEBRERO,ESPAÑA,MASCULINO,46 a 55,3
2025,FEBRERO,ESPAÑA,MASCULINO,56 a mas,1
2025,FEBRERO,ESTADOS UNIDOS DE AMERICA,FEMENINO,26 a 35,3
2025,FEBRERO,ESTADOS UNIDOS DE AMERICA,FEMENINO,36 a 45,3
2025,FEBRERO,ESTADOS UNIDOS DE AMERICA,FEMENINO,46 a 55,6
2025,FEBRERO,ESTADOS UNIDOS DE AMERICA,FEMENINO,56 a mas,10
2025,FEBRERO,ESTADOS UNIDOS DE AMERICA,MASCULINO,26 a 35,4
2025,FEBRERO,ESTADOS UNIDOS DE AMERICA,MASCULINO,36 a 45,5
2025,FEBRERO,ESTADOS UNIDOS DE AMERICA,MASCULINO,46 a 55,5
2025,FEBRERO,ESTADOS UNIDOS DE AMERICA,MASCULINO,56 a mas,9
2025,FEBRERO,FRANCIA,FEMENINO,46 a 55,1
2025,FEBRERO,FRANCIA,MASCULINO,18 a 25,1
2025,FEBRERO,FRANCIA,MASCULINO,36 a 45,1
2025,FEBRERO,HUANCAVELICA,FEMENINO,18 a 25,17
2025,FEBRERO,HUANCAVELICA,FEMENINO,26 a 35,18
2025,FEBRERO,HUANCAVELICA,FEMENINO,36 a 45,6
2025,FEBRERO,HUANCAVELICA,FEMENINO,46 a 55,8
2025,FEBRERO,HUANCAVELICA,FEMENINO,56 a mas,8
2025,FEBRERO,HUANCAVELICA,MASCULINO,18 a 25,39
2025,FEBRERO,HUANCAVELICA,MASCULINO,26 a 35,49
2025,FEBRERO,HUANCAVELICA,MASCULINO,36 a 45,20
2025,FEBRERO,HUANCAVELICA,MASCULINO,46 a 55,9
2025,FEBRERO,HUANCAVELICA,MASCULINO,56 a mas,9
2025,FEBRERO,HUANUCO,FEMENINO,18 a 25,68
2025,FEBRERO,HUANUCO,FEMENINO,26 a 35,48
2025,FEBRERO,HUANUCO,FEMENINO,36 a 45,35
2025,FEBRERO,HUANUCO,FEMENINO,46 a 55,19
2025,FEBRERO,HUANUCO,FEMENINO,56 a mas,20
2025,FEBRERO,HUANUCO,MASCULINO,18 a 25,119
2025,FEBRERO,HUANUCO,MASCULINO,26 a 35,105
2025,FEBRERO,HUANUCO,MASCULINO,36 a 45,43
2025,FEBRERO,HUANUCO,MASCULINO,46 a 55,31
2025,FEBRERO,HUANUCO,MASCULINO,56 a mas,20
2025,FEBRERO,ICA,FEMENINO,18 a 25,75
2025,FEBRERO,ICA,FEMENINO,26 a 35,98
2025,FEBRERO,ICA,FEMENINO,36 a 45,46
2025,FEBRERO,ICA,FEMENINO,46 a 55,28
2025,FEBRERO,ICA,FEMENINO,56 a mas,24
2025,FEBRERO,ICA,MASCULINO,18 a 25,177
2025,FEBRERO,ICA,MASCULINO,26 a 35,210
2025,FEBRERO,ICA,MASCULINO,36 a 45,94
2025,FEBRERO,ICA,MASCULINO,46 a 55,54
2025,FEBRERO,ICA,MASCULINO,56 a mas,18
2025,FEBRERO,ITALIA,FEMENINO,18 a 25,3
2025,FEBRERO,ITALIA,FEMENINO,26 a 35,1
2025,FEBRERO,ITALIA,FEMENINO,36 a 45,1
2025,FEBRERO,ITALIA,FEMENINO,46 a 55,2
2025,FEBRERO,ITALIA,FEMENINO,56 a mas,3
2025,FEBRERO,ITALIA,MASCULINO,36 a 45,2
2025,FEBRERO,ITALIA,MASCULINO,46 a 55,2
2025,FEBRERO,ITALIA,MASCULINO,56 a mas,5
2025,FEBRERO,JAPON,FEMENINO,18 a 25,1
2025,FEBRERO,JAPON,FEMENINO,26 a 35,1
2025,FEBRERO,JAPON,MASCULINO,46 a 55,1
2025,FEBRERO,JUNIN,FEMENINO,18 a 25,134
2025,FEBRERO,JUNIN,FEMENINO,26 a 35,90
2025,FEBRERO,JUNIN,FEMENINO,36 a 45,69
2025,FEBRERO,JUNIN,FEMENINO,46 a 55,35
2025,FEBRERO,JUNIN,FEMENINO,56 a mas,35
2025,FEBRERO,JUNIN,MASCULINO,18 a 25,174
2025,FEBRERO,JUNIN,MASCULINO,26 a 35,194
2025,FEBRERO,JUNIN,MASCULINO,36 a 45,121
2025,FEBRERO,JUNIN,MASCULINO,46 a 55,45
2025,FEBRERO,JUNIN,MASCULINO,56 a mas,31
2025,FEBRERO,LA LIBERTAD,FEMENINO,18 a 25,122
2025,FEBRERO,LA LIBERTAD,FEMENINO,26 a 35,148
2025,FEBRERO,LA LIBERTAD,FEMENINO,36 a 45,86
2025,FEBRERO,LA LIBERTAD,FEMENINO,46 a 55,57
2025,FEBRERO,LA LIBERTAD,FEMENINO,56 a mas,40
2025,FEBRERO,LA LIBERTAD,MASCULINO,18 a 25,207
2025,FEBRERO,LA LIBERTAD,MASCULINO,26 a 35,227
2025,FEBRERO,LA LIBERTAD,MASCULINO,36 a 45,127
2025,FEBRERO,LA LIBERTAD,MASCULINO,46 a 55,58
2025,FEBRERO,LA LIBERTAD,MASCULINO,56 a mas,43
2025,FEBRERO,LAMBAYEQUE,FEMENINO,18 a 25,111
2025,FEBRERO,LAMBAYEQUE,FEMENINO,26 a 35,150
2025,FEBRERO,LAMBAYEQUE,FEMENINO,36 a 45,78
2025,FEBRERO,LAMBAYEQUE,FEMENINO,46 a 55,42
2025,FEBRERO,LAMBAYEQUE,FEMENINO,56 a mas,36
2025,FEBRERO,LAMBAYEQUE,MASCULINO,18 a 25,171
2025,FEBRERO,LAMBAYEQUE,MASCULINO,26 a 35,197
2025,FEBRERO,LAMBAYEQUE,MASCULINO,36 a 45,119
2025,FEBRERO,LAMBAYEQUE,MASCULINO,46 a 55,52
2025,FEBRERO,LAMBAYEQUE,MASCULINO,56 a mas,29
2025,FEBRERO,LIMA,FEMENINO,0 a 17,1
2025,FEBRERO,LIMA,FEMENINO,18 a 25,959
2025,FEBRERO,LIMA,FEMENINO,26 a 35,1214
2025,FEBRERO,LIMA,FEMENINO,36 a 45,683
2025,FEBRERO,LIMA,FEMENINO,46 a 55,445
2025,FEBRERO,LIMA,FEMENINO,56 a mas,394
2025,FEBRERO,LIMA,MASCULINO,18 a 25,1706
2025,FEBRERO,LIMA,MASCULINO,26 a 35,2249
2025,FEBRERO,LIMA,MASCULINO,36 a 45,1447
2025,FEBRERO,LIMA,MASCULINO,46 a 55,859
2025,FEBRERO,LIMA,MASCULINO,56 a mas,505
2025,FEBRERO,LORETO,FEMENINO,18 a 25,103
2025,FEBRERO,LORETO,FEMENINO,26 a 35,79
2025,FEBRERO,LORETO,FEMENINO,36 a 45,53
2025,FEBRERO,LORETO,FEMENINO,46 a 55,20
2025,FEBRERO,LORETO,FEMENINO,56 a mas,23
2025,FEBRERO,LORETO,MASCULINO,18 a 25,212
2025,FEBRERO,LORETO,MASCULINO,26 a 35,195
2025,FEBRERO,LORETO,MASCULINO,36 a 45,110
2025,FEBRERO,LORETO,MASCULINO,46 a 55,67
2025,FEBRERO,LORETO,MASCULINO,56 a mas,33
2025,FEBRERO,MADRE DE DIOS,FEMENINO,18 a 25,45
2025,FEBRERO,MADRE DE DIOS,FEMENINO,26 a 35,61
2025,FEBRERO,MADRE DE DIOS,FEMENINO,36 a 45,32
2025,FEBRERO,MADRE DE DIOS,FEMENINO,46 a 55,25
2025,FEBRERO,MADRE DE DIOS,FEMENINO,56 a mas,11
2025,FEBRERO,MADRE DE DIOS,MASCULINO,18 a 25,54
2025,FEBRERO,MADRE DE DIOS,MASCULINO,26 a 35,72
2025,FEBRERO,MADRE DE DIOS,MASCULINO,36 a 45,59
2025,FEBRERO,MADRE DE DIOS,MASCULINO,46 a 55,32
2025,FEBRERO,MADRE DE DIOS,MASCULINO,56 a mas,14
2025,FEBRERO,MEXICO,MASCULINO,26 a 35,1
2025,FEBRERO,MEXICO,MASCULINO,56 a mas,2
2025,FEBRERO,MOQUEGUA,FEMENINO,18 a 25,20
2025,FEBRERO,MOQUEGUA,FEMENINO,26 a 35,23
2025,FEBRERO,MOQUEGUA,FEMENINO,36 a 45,15
2025,FEBRERO,MOQUEGUA,FEMENINO,46 a 55,8
2025,FEBRERO,MOQUEGUA,FEMENINO,56 a mas,4
2025,FEBRERO,MOQUEGUA,MASCULINO,18 a 25,28
2025,FEBRERO,MOQUEGUA,MASCULINO,26 a 35,44
2025,FEBRERO,MOQUEGUA,MASCULINO,36 a 45,20
2025,FEBRERO,MOQUEGUA,MASCULINO,46 a 55,19
2025,FEBRERO,MOQUEGUA,MASCULINO,56 a mas,7
2025,FEBRERO,PASCO,FEMENINO,18 a 25,25
2025,FEBRERO,PASCO,FEMENINO,26 a 35,18
2025,FEBRERO,PASCO,FEMENINO,36 a 45,10
2025,FEBRERO,PASCO,FEMENINO,46 a 55,2
2025,FEBRERO,PASCO,FEMENINO,56 a mas,6
2025,FEBRERO,PASCO,MASCULINO,18 a 25,40
2025,FEBRERO,PASCO,MASCULINO,26 a 35,48
2025,FEBRERO,PASCO,MASCULINO,36 a 45,37
2025,FEBRERO,PASCO,MASCULINO,46 a 55,8
2025,FEBRERO,PASCO,MASCULINO,56 a mas,5
2025,FEBRERO,PIURA,FEMENINO,18 a 25,279
2025,FEBRERO,PIURA,FEMENINO,26 a 35,338
2025,FEBRERO,PIURA,FEMENINO,36 a 45,196
2025,FEBRERO,PIURA,FEMENINO,46 a 55,112
2025,FEBRERO,PIURA,FEMENINO,56 a mas,105
2025,FEBRERO,PIURA,MASCULINO,18 a 25,323
2025,FEBRERO,PIURA,MASCULINO,26 a 35,353
2025,FEBRERO,PIURA,MASCULINO,36 a 45,177
2025,FEBRERO,PIURA,MASCULINO,46 a 55,101
2025,FEBRERO,PIURA,MASCULINO,56 a mas,55
2025,FEBRERO,PUNO,FEMENINO,18 a 25,103
2025,FEBRERO,PUNO,FEMENINO,26 a 35,92
2025,FEBRERO,PUNO,FEMENINO,36 a 45,46
2025,FEBRERO,PUNO,FEMENINO,46 a 55,22
2025,FEBRERO,PUNO,FEMENINO,56 a mas,24
2025,FEBRERO,PUNO,MASCULINO,18 a 25,188
2025,FEBRERO,PUNO,MASCULINO,26 a 35,188
2025,FEBRERO,PUNO,MASCULINO,36 a 45,105
2025,FEBRERO,PUNO,MASCULINO,46 a 55,55
2025,FEBRERO,PUNO,MASCULINO,56 a mas,28
2025,FEBRERO,SAN MARTIN,FEMENINO,18 a 25,63
2025,FEBRERO,SAN MARTIN,FEMENINO,26 a 35,46
2025,FEBRERO,SAN MARTIN,FEMENINO,36 a 45,22
2025,FEBRERO,SAN MARTIN,FEMENINO,46 a 55,11
2025,FEBRERO,SAN MARTIN,FEMENINO,56 a mas,11
2025,FEBRERO,SAN MARTIN,MASCULINO,18 a 25,100
2025,FEBRERO,SAN MARTIN,MASCULINO,26 a 35,106
2025,FEBRERO,SAN MARTIN,MASCULINO,36 a 45,45
2025,FEBRERO,SAN MARTIN,MASCULINO,46 a 55,29
2025,FEBRERO,SAN MARTIN,MASCULINO,56 a mas,20
2025,FEBRERO,SUECIA,MASCULINO,36 a 45,1
2025,FEBRERO,SUIZA,FEMENINO,36 a 45,1
2025,FEBRERO,SUIZA,FEMENINO,56 a mas,1
2025,FEBRERO,TACNA,FEMENINO,18 a 25,24
2025,FEBRERO,TACNA,FEMENINO,26 a 35,29
2025,FEBRERO,TACNA,FEMENINO,36 a 45,18
2025,FEBRERO,TACNA,FEMENINO,46 a 55,11
2025,FEBRERO,TACNA,FEMENINO,56 a mas,12
2025,FEBRERO,TACNA,MASCULINO,18 a 25,58
2025,FEBRERO,TACNA,MASCULINO,26 a 35,64
2025,FEBRERO,TACNA,MASCULINO,36 a 45,24
2025,FEBRERO,TACNA,MASCULINO,46 a 55,22
2025,FEBRERO,TACNA,MASCULINO,56 a mas,15
2025,FEBRERO,TUMBES,FEMENINO,18 a 25,32
2025,FEBRERO,TUMBES,FEMENINO,26 a 35,34
2025,FEBRERO,TUMBES,FEMENINO,36 a 45,16
2025,FEBRERO,TUMBES,FEMENINO,46 a 55,7
2025,FEBRERO,TUMBES,FEMENINO,56 a mas,6
2025,FEBRERO,TUMBES,MASCULINO,18 a 25,60
2025,FEBRERO,TUMBES,MASCULINO,26 a 35,59
2025,FEBRERO,TUMBES,MASCULINO,36 a 45,43
2025,FEBRERO,TUMBES,MASCULINO,46 a 55,24
2025,FEBRERO,TUMBES,MASCULINO,56 a mas,15
2025,FEBRERO,UCAYALI,FEMENINO,18 a 25,74
2025,FEBRERO,UCAYALI,FEMENINO,26 a 35,61
2025,FEBRERO,UCAYALI,FEMENINO,36 a 45,28
2025,FEBRERO,UCAYALI,FEMENINO,46 a 55,14
2025,FEBRERO,UCAYALI,FEMENINO,56 a mas,17
2025,FEBRERO,UCAYALI,MASCULINO,18 a 25,105
2025,FEBRERO,UCAYALI,MASCULINO,26 a 35,99
2025,FEBRERO,UCAYALI,MASCULINO,36 a 45,54
2025,FEBRERO,UCAYALI,MASCULINO,46 a 55,26
2025,FEBRERO,UCAYALI,MASCULINO,56 a mas,23
2025,FEBRERO,VENEZUELA,FEMENINO,46 a 55,1
2025,JULIO,AMAZONAS,FEMENINO,18 a 25,26
2025,JULIO,AMAZONAS,FEMENINO,26 a 35,17
2025,JULIO,AMAZONAS,FEMENINO,36 a 45,12
2025,JULIO,AMAZONAS,FEMENINO,46 a 55,7
2025,JULIO,AMAZONAS,FEMENINO,56 a mas,5
2025,JULIO,AMAZONAS,MASCULINO,18 a 25,50
2025,JULIO,AMAZONAS,MASCULINO,26 a 35,18
2025,JULIO,AMAZONAS,MASCULINO,36 a 45,16
2025,JULIO,AMAZONAS,MASCULINO,46 a 55,9
2025,JULIO,AMAZONAS,MASCULINO,56 a mas,6
2025,JULIO,ANCASH,FEMENINO,18 a 25,75
2025,JULIO,ANCASH,FEMENINO,26 a 35,97
2025,JULIO,ANCASH,FEMENINO,36 a 45,52
2025,JULIO,ANCASH,FEMENINO,46 a 55,44
2025,JULIO,ANCASH,FEMENINO,56 a mas,20
2025,JULIO,ANCASH,MASCULINO,18 a 25,146
2025,JULIO,ANCASH,MASCULINO,26 a 35,167
2025,JULIO,ANCASH,MASCULINO,36 a 45,90
2025,JULIO,ANCASH,MASCULINO,46 a 55,43
2025,JULIO,ANCASH,MASCULINO,56 a mas,26
2025,JULIO,ANTILLAS HOLANDESAS,MASCULINO,56 a mas,1
2025,JULIO,APURIMAC,FEMENINO,18 a 25,48
2025,JULIO,APURIMAC,FEMENINO,26 a 35,38
2025,JULIO,APURIMAC,FEMENINO,36 a 45,22
2025,JULIO,APURIMAC,FEMENINO,46 a 55,18
2025,JULIO,APURIMAC,FEMENINO,56 a mas,11
2025,JULIO,APURIMAC,MASCULINO,18 a 25,106
2025,JULIO,APURIMAC,MASCULINO,26 a 35,94
2025,JULIO,APURIMAC,MASCULINO,36 a 45,43
2025,JULIO,APURIMAC,MASCULINO,46 a 55,20
2025,JULIO,APURIMAC,MASCULINO,56 a mas,14
2025,JULIO,AREQUIPA,FEMENINO,18 a 25,153
2025,JULIO,AREQUIPA,FEMENINO,26 a 35,212
2025,JULIO,AREQUIPA,FEMENINO,36 a 45,88
2025,JULIO,AREQUIPA,FEMENINO,46 a 55,60
2025,JULIO,AREQUIPA,FEMENINO,56 a mas,44
2025,JULIO,AREQUIPA,MASCULINO,18 a 25,244
2025,JULIO,AREQUIPA,MASCULINO,26 a 35,325
2025,JULIO,AREQUIPA,MASCULINO,36 a 45,191
2025,JULIO,AREQUIPA,MASCULINO,46 a 55,116
2025,JULIO,AREQUIPA,MASCULINO,56 a mas,82
2025,JULIO,ARGENTINA,FEMENINO,26 a 35,1
2025,JULIO,ARGENTINA,FEMENINO,36 a 45,1
2025,JULIO,ARGENTINA,FEMENINO,46 a 55,4
2025,JULIO,ARGENTINA,FEMENINO,56 a mas,1
2025,JULIO,ARGENTINA,MASCULINO,18 a 25,1
2025,JULIO,ARGENTINA,MASCULINO,26 a 35,2
2025,JULIO,ARGENTINA,MASCULINO,36 a 45,3
2025,JULIO,ARGENTINA,MASCULINO,46 a 55,2
2025,JULIO,ARGENTINA,MASCULINO,56 a mas,1
2025,JULIO,AUSTRALIA,MASCULINO,46 a 55,1
2025,JULIO,AYACUCHO,FEMENINO,18 a 25,84
2025,JULIO,AYACUCHO,FEMENINO,26 a 35,87
2025,JULIO,AYACUCHO,FEMENINO,36 a 45,41
2025,JULIO,AYACUCHO,FEMENINO,46 a 55,24
2025,JULIO,AYACUCHO,FEMENINO,56 a mas,17
2025,JULIO,AYACUCHO,MASCULINO,18 a 25,151
2025,JULIO,AYACUCHO,MASCULINO,26 a 35,144
2025,JULIO,AYACUCHO,MASCULINO,36 a 45,89
2025,JULIO,AYACUCHO,MASCULINO,46 a 55,33
2025,JULIO,AYACUCHO,MASCULINO,56 a mas,34
2025,JULIO,BELGICA,FEMENINO,36 a 45,1
2025,JULIO,BOLIVIA,FEMENINO,18 a 25,1
2025,JULIO,BOLIVIA,MASCULINO,18 a 25,1
2025,JULIO,BOLIVIA,MASCULINO,26 a 35,2
2025,JULIO,BOLIVIA,MASCULINO,56 a mas,1
2025,JULIO,BRASIL,FEMENINO,18 a 25,1
2025,JULIO,BRASIL,FEMENINO,56 a mas,1
2025,JULIO,BRASIL,MASCULINO,18 a 25,1
2025,JULIO,BRASIL,MASCULINO,36 a 45,1
2025,JULIO,BRASIL,MASCULINO,46 a 55,1
2025,JULIO,BRASIL,MASCULINO,56 a mas,1
2025,JULIO,CAJAMARCA,FEMENINO,18 a 25,112
2025,JULIO,CAJAMARCA,FEMENINO,26 a 35,76
2025,JULIO,CAJAMARCA,FEMENINO,36 a 45,36
2025,JULIO,CAJAMARCA,FEMENINO,46 a 55,24
2025,JULIO,CAJAMARCA,FEMENINO,56 a mas,15
2025,JULIO,CAJAMARCA,MASCULINO,18 a 25,175
2025,JULIO,CAJAMARCA,MASCULINO,26 a 35,140
2025,JULIO,CAJAMARCA,MASCULINO,36 a 45,75
2025,JULIO,CAJAMARCA,MASCULINO,46 a 55,32
2025,JULIO,CAJAMARCA,MASCULINO,56 a mas,29
2025,JULIO,CALLAO,FEMENINO,18 a 25,157
2025,JULIO,CALLAO,FEMENINO,26 a 35,150
2025,JULIO,CALLAO,FEMENINO,36 a 45,101
2025,JULIO,CALLAO,FEMENINO,46 a 55,61
2025,JULIO,CALLAO,FEMENINO,56 a mas,36
2025,JULIO,CALLAO,MASCULINO,18 a 25,236
2025,JULIO,CALLAO,MASCULINO,26 a 35,285
2025,JULIO,CALLAO,MASCULINO,36 a 45,158
2025,JULIO,CALLAO,MASCULINO,46 a 55,98
2025,JULIO,CALLAO,MASCULINO,56 a mas,71
2025,JULIO,CANADA,FEMENINO,26 a 35,1
2025,JULIO,CANADA,MASCULINO,18 a 25,1
2025,JULIO,CHILE,FEMENINO,18 a 25,1
2025,JULIO,CHILE,FEMENINO,26 a 35,5
2025,JULIO,CHILE,FEMENINO,36 a 45,2
2025,JULIO,CHILE,FEMENINO,46 a 55,1
2025,JULIO,CHILE,FEMENINO,56 a mas,1
2025,JULIO,CHILE,MASCULINO,26 a 35,3
2025,JULIO,CHILE,MASCULINO,36 a 45,5
2025,JULIO,CHILE,MASCULINO,46 a 55,1
2025,JULIO,COLOMBIA,MASCULINO,46 a 55,1
2025,JULIO,COLOMBIA,MASCULINO,56 a mas,1
2025,JULIO,CUSCO,FEMENINO,18 a 25,216
2025,JULIO,CUSCO,FEMENINO,26 a 35,209
2025,JULIO,CUSCO,FEMENINO,36 a 45,97
2025,JULIO,CUSCO,FEMENINO,46 a 55,47
2025,JULIO,CUSCO,FEMENINO,56 a mas,37
2025,JULIO,CUSCO,MASCULINO,18 a 25,379
2025,JULIO,CUSCO,MASCULINO,26 a 35,387
2025,JULIO,CUSCO,MASCULINO,36 a 45,225
2025,JULIO,CUSCO,MASCULINO,46 a 55,113
2025,JULIO,CUSCO,MASCULINO,56 a mas,77
2025,JULIO,ECUADOR,FEMENINO,36 a 45,1
2025,JULIO,ESPAÑA,FEMENINO,18 a 25,2
2025,JULIO,ESPAÑA,FEMENINO,26 a 35,1
2025,JULIO,ESPAÑA,FEMENINO,36 a 45,4
2025,JULIO,ESPAÑA,FEMENINO,46 a 55,5
2025,JULIO,ESPAÑA,FEMENINO,56 a mas,7
2025,JULIO,ESPAÑA,MASCULINO,18 a 25,2
2025,JULIO,ESPAÑA,MASCULINO,26 a 35,3
2025,JULIO,ESPAÑA,MASCULINO,36 a 45,3
2025,JULIO,ESPAÑA,MASCULINO,56 a mas,2
2025,JULIO,ESTADOS UNIDOS DE AMERICA,FEMENINO,26 a 35,3
2025,JULIO,ESTADOS UNIDOS DE AMERICA,FEMENINO,36 a 45,3
2025,JULIO,ESTADOS UNIDOS DE AMERICA,FEMENINO,46 a 55,6
2025,JULIO,ESTADOS UNIDOS DE AMERICA,FEMENINO,56 a mas,9
2025,JULIO,ESTADOS UNIDOS DE AMERICA,MASCULINO,18 a 25,1
2025,JULIO,ESTADOS UNIDOS DE AMERICA,MASCULINO,26 a 35,4
2025,JULIO,ESTADOS UNIDOS DE AMERICA,MASCULINO,36 a 45,3
2025,JULIO,ESTADOS UNIDOS DE AMERICA,MASCULINO,46 a 55,5
2025,JULIO,ESTADOS UNIDOS DE AMERICA,MASCULINO,56 a mas,6
2025,JULIO,FRANCIA,FEMENINO,56 a mas,1
2025,JULIO,FRANCIA,MASCULINO,36 a 45,2
2025,JULIO,GRAN BRETAÑA,FEMENINO,18 a 25,1
2025,JULIO,HUANCAVELICA,FEMENINO,18 a 25,36
2025,JULIO,HUANCAVELICA,FEMENINO,26 a 35,28
2025,JULIO,HUANCAVELICA,FEMENINO,36 a 45,9
2025,JULIO,HUANCAVELICA,FEMENINO,46 a 55,3
2025,JULIO,HUANCAVELICA,FEMENINO,56 a mas,5
2025,JULIO,HUANCAVELICA,MASCULINO,18 a 25,60
2025,JULIO,HUANCAVELICA,MASCULINO,26 a 35,65
2025,JULIO,HUANCAVELICA,MASCULINO,36 a 45,14
2025,JULIO,HUANCAVELICA,MASCULINO,46 a 55,10
2025,JULIO,HUANCAVELICA,MASCULINO,56 a mas,7
2025,JULIO,HUANUCO,FEMENINO,18 a 25,84
2025,JULIO,HUANUCO,FEMENINO,26 a 35,55
2025,JULIO,HUANUCO,FEMENINO,36 a 45,34
2025,JULIO,HUANUCO,FEMENINO,46 a 55,23
2025,JULIO,HUANUCO,FEMENINO,56 a mas,15
2025,JULIO,HUANUCO,MASCULINO,18 a 25,113
2025,JULIO,HUANUCO,MASCULINO,26 a 35,115
2025,JULIO,HUANUCO,MASCULINO,36 a 45,63
2025,JULIO,HUANUCO,MASCULINO,46 a 55,23
2025,JULIO,HUANUCO,MASCULINO,56 a mas,15
2025,JULIO,ICA,FEMENINO,18 a 25,82
2025,JULIO,ICA,FEMENINO,26 a 35,105
2025,JULIO,ICA,FEMENINO,36 a 45,42
2025,JULIO,ICA,FEMENINO,46 a 55,27
2025,JULIO,ICA,FEMENINO,56 a mas,16
2025,JULIO,ICA,MASCULINO,18 a 25,145
2025,JULIO,ICA,MASCULINO,26 a 35,165
2025,JULIO,ICA,MASCULINO,36 a 45,102
2025,JULIO,ICA,MASCULINO,46 a 55,39
2025,JULIO,ICA,MASCULINO,56 a mas,25
2025,JULIO,ITALIA,FEMENINO,26 a 35,1
2025,JULIO,ITALIA,FEMENINO,36 a 45,1
2025,JULIO,ITALIA,FEMENINO,46 a 55,1
2025,JULIO,ITALIA,FEMENINO,56 a mas,2
2025,JULIO,ITALIA,MASCULINO,18 a 25,1
2025,JULIO,ITALIA,MASCULINO,36 a 45,3
2025,JULIO,ITALIA,MASCULINO,46 a 55,2
2025,JULIO,JAPON,FEMENINO,26 a 35,1
2025,JULIO,JAPON,MASCULINO,18 a 25,1
2025,JULIO,JAPON,MASCULINO,56 a mas,1
2025,JULIO,JUNIN,FEMENINO,18 a 25,182
2025,JULIO,JUNIN,FEMENINO,26 a 35,124
2025,JULIO,JUNIN,FEMENINO,36 a 45,56
2025,JULIO,JUNIN,FEMENINO,46 a 55,30
2025,JULIO,JUNIN,FEMENINO,56 a mas,31
2025,JULIO,JUNIN,MASCULINO,18 a 25,305
2025,JULIO,JUNIN,MASCULINO,26 a 35,235
2025,JULIO,JUNIN,MASCULINO,36 a 45,119
2025,JULIO,JUNIN,MASCULINO,46 a 55,67
2025,JULIO,JUNIN,MASCULINO,56 a mas,29
2025,JULIO,KENIA,MASCULINO,46 a 55,1
2025,JULIO,LA LIBERTAD,FEMENINO,18 a 25,154
2025,JULIO,LA LIBERTAD,FEMENINO,26 a 35,165
2025,JULIO,LA LIBERTAD,FEMENINO,36 a 45,82
2025,JULIO,LA LIBERTAD,FEMENINO,46 a 55,35
2025,JULIO,LA LIBERTAD,FEMENINO,56 a mas,33
2025,JULIO,LA LIBERTAD,MASCULINO,18 a 25,236
2025,JULIO,LA LIBERTAD,MASCULINO,26 a 35,281
2025,JULIO,LA LIBERTAD,MASCULINO,36 a 45,139
2025,JULIO,LA LIBERTAD,MASCULINO,46 a 55,54
2025,JULIO,LA LIBERTAD,MASCULINO,56 a mas,34
2025,JULIO,LAMBAYEQUE,FEMENINO,18 a 25,147
2025,JULIO,LAMBAYEQUE,FEMENINO,26 a 35,169
2025,JULIO,LAMBAYEQUE,FEMENINO,36 a 45,67
2025,JULIO,LAMBAYEQUE,FEMENINO,46 a 55,40
2025,JULIO,LAMBAYEQUE,FEMENINO,56 a mas,55
2025,JULIO,LAMBAYEQUE,MASCULINO,18 a 25,221
2025,JULIO,LAMBAYEQUE,MASCULINO,26 a 35,257
2025,JULIO,LAMBAYEQUE,MASCULINO,36 a 45,112
2025,JULIO,LAMBAYEQUE,MASCULINO,46 a 55,61
2025,JULIO,LAMBAYEQUE,MASCULINO,56 a mas,37
2025,JULIO,LIMA,FEMENINO,18 a 25,1113
2025,JULIO,LIMA,FEMENINO,26 a 35,1367
2025,JULIO,LIMA,FEMENINO,36 a 45,774
2025,JULIO,LIMA,FEMENINO,46 a 55,467
2025,JULIO,LIMA,FEMENINO,56 a mas,493
2025,JULIO,LIMA,MASCULINO,18 a 25,1671
2025,JULIO,LIMA,MASCULINO,26 a 35,2505
2025,JULIO,LIMA,MASCULINO,36 a 45,1509
2025,JULIO,LIMA,MASCULINO,46 a 55,846
2025,JULIO,LIMA,MASCULINO,56 a mas,613
2025,JULIO,LORETO,FEMENINO,18 a 25,130
2025,JULIO,LORETO,FEMENINO,26 a 35,88
2025,JULIO,LORETO,FEMENINO,36 a 45,56
2025,JULIO,LORETO,FEMENINO,46 a 55,38
2025,JULIO,LORETO,FEMENINO,56 a mas,29
2025,JULIO,LORETO,MASCULINO,18 a 25,190
2025,JULIO,LORETO,MASCULINO,26 a 35,183
2025,JULIO,LORETO,MASCULINO,36 a 45,115
2025,JULIO,LORETO,MASCULINO,46 a 55,61
2025,JULIO,LORETO,MASCULINO,56 a mas,40
2025,JULIO,MADRE DE DIOS,FEMENINO,18 a 25,47
2025,JULIO,MADRE DE DIOS,FEMENINO,26 a 35,56
2025,JULIO,MADRE DE DIOS,FEMENINO,36 a 45,40
2025,JULIO,MADRE DE DIOS,FEMENINO,46 a 55,14
2025,JULIO,MADRE DE DIOS,FEMENINO,56 a mas,7
2025,JULIO,MADRE DE DIOS,MASCULINO,18 a 25,63
2025,JULIO,MADRE DE DIOS,MASCULINO,26 a 35,102
2025,JULIO,MADRE DE DIOS,MASCULINO,36 a 45,66
2025,JULIO,MADRE DE DIOS,MASCULINO,46 a 55,35
2025,JULIO,MADRE DE DIOS,MASCULINO,56 a mas,20
2025,JULIO,MEXICO,FEMENINO,26 a 35,1
2025,JULIO,MOQUEGUA,FEMENINO,18 a 25,22
2025,JULIO,MOQUEGUA,FEMENINO,26 a 35,25
2025,JULIO,MOQUEGUA,FEMENINO,36 a 45,7
2025,JULIO,MOQUEGUA,FEMENINO,46 a 55,6
2025,JULIO,MOQUEGUA,FEMENINO,56 a mas,10
2025,JULIO,MOQUEGUA,MASCULINO,18 a 25,24
2025,JULIO,MOQUEGUA,MASCULINO,26 a 35,37
2025,JULIO,MOQUEGUA,MASCULINO,36 a 45,17
2025,JULIO,MOQUEGUA,MASCULINO,46 a 55,28
2025,JULIO,MOQUEGUA,MASCULINO,56 a mas,8
2025,JULIO,PASCO,FEMENINO,18 a 25,24
2025,JULIO,PASCO,FEMENINO,26 a 35,13
2025,JULIO,PASCO,FEMENINO,36 a 45,10
2025,JULIO,PASCO,FEMENINO,46 a 55,7
2025,JULIO,PASCO,FEMENINO,56 a mas,3
2025,JULIO,PASCO,MASCULINO,18 a 25,53
2025,JULIO,PASCO,MASCULINO,26 a 35,51
2025,JULIO,PASCO,MASCULINO,36 a 45,27
2025,JULIO,PASCO,MASCULINO,46 a 55,9
2025,JULIO,PASCO,MASCULINO,56 a mas,10
2025,JULIO,PIURA,FEMENINO,18 a 25,325
2025,JULIO,PIURA,FEMENINO,26 a 35,407
2025,JULIO,PIURA,FEMENINO,36 a 45,228
2025,JULIO,PIURA,FEMENINO,46 a 55,128
2025,JULIO,PIURA,FEMENINO,56 a mas,102
2025,JULIO,PIURA,MASCULINO,18 a 25,373
2025,JULIO,PIURA,MASCULINO,26 a 35,399
2025,JULIO,PIURA,MASCULINO,36 a 45,230
2025,JULIO,PIURA,MASCULINO,46 a 55,98
2025,JULIO,PIURA,MASCULINO,56 a mas,77
2025,JULIO,PUNO,FEMENINO,18 a 25,142
2025,JULIO,PUNO,FEMENINO,26 a 35,107
2025,JULIO,PUNO,FEMENINO,36 a 45,55
2025,JULIO,PUNO,FEMENINO,46 a 55,24
2025,JULIO,PUNO,FEMENINO,56 a mas,20
2025,JULIO,PUNO,MASCULINO,18 a 25,247
2025,JULIO,PUNO,MASCULINO,26 a 35,198
2025,JULIO,PUNO,MASCULINO,36 a 45,116
2025,JULIO,PUNO,MASCULINO,46 a 55,47
2025,JULIO,PUNO,MASCULINO,56 a mas,31
2025,JULIO,SAN MARTIN,FEMENINO,18 a 25,80
2025,JULIO,SAN MARTIN,FEMENINO,26 a 35,53
2025,JULIO,SAN MARTIN,FEMENINO,36 a 45,37
2025,JULIO,SAN MARTIN,FEMENINO,46 a 55,10
2025,JULIO,SAN MARTIN,FEMENINO,56 a mas,22
2025,JULIO,SAN MARTIN,MASCULINO,18 a 25,120
2025,JULIO,SAN MARTIN,MASCULINO,26 a 35,97
2025,JULIO,SAN MARTIN,MASCULINO,36 a 45,61
2025,JULIO,SAN MARTIN,MASCULINO,46 a 55,34
2025,JULIO,SAN MARTIN,MASCULINO,56 a mas,25
2025,JULIO,SUIZA,FEMENINO,18 a 25,1
2025,JULIO,TACNA,FEMENINO,18 a 25,50
2025,JULIO,TACNA,FEMENINO,26 a 35,53
2025,JULIO,TACNA,FEMENINO,36 a 45,13
2025,JULIO,TACNA,FEMENINO,46 a 55,17
2025,JULIO,TACNA,FEMENINO,56 a mas,10
2025,JULIO,TACNA,MASCULINO,18 a 25,65
2025,JULIO,TACNA,MASCULINO,26 a 35,72
2025,JULIO,TACNA,MASCULINO,36 a 45,40
2025,JULIO,TACNA,MASCULINO,46 a 55,29
2025,JULIO,TACNA,MASCULINO,56 a mas,32
2025,JULIO,TUMBES,FEMENINO,18 a 25,43
2025,JULIO,TUMBES,FEMENINO,26 a 35,23
2025,JULIO,TUMBES,FEMENINO,36 a 45,19
2025,JULIO,TUMBES,FEMENINO,46 a 55,9
2025,JULIO,TUMBES,FEMENINO,56 a mas,14
2025,JULIO,TUMBES,MASCULINO,18 a 25,81
2025,JULIO,TUMBES,MASCULINO,26 a 35,54
2025,JULIO,TUMBES,MASCULINO,36 a 45,50
2025,JULIO,TUMBES,MASCULINO,46 a 55,26
2025,JULIO,TUMBES,MASCULINO,56 a mas,11
2025,JULIO,UCAYALI,FEMENINO,18 a 25,70
2025,JULIO,UCAYALI,FEMENINO,26 a 35,60
2025,JULIO,UCAYALI,FEMENINO,36 a 45,43
2025,JULIO,UCAYALI,FEMENINO,46 a 55,19
2025,JULIO,UCAYALI,FEMENINO,56 a mas,21
2025,JULIO,UCAYALI,MASCULINO,18 a 25,104
2025,JULIO,UCAYALI,MASCULINO,26 a 35,93
2025,JULIO,UCAYALI,MASCULINO,36 a 45,69
2025,JULIO,UCAYALI,MASCULINO,46 a 55,39
2025,JULIO,UCAYALI,MASCULINO,56 a mas,24
2025,JUNIO,AMAZONAS,FEMENINO,18 a 25,25
2025,JUNIO,AMAZONAS,FEMENINO,26 a 35,11
2025,JUNIO,AMAZONAS,FEMENINO,36 a 45,5
2025,JUNIO,AMAZONAS,FEMENINO,46 a 55,3
2025,JUNIO,AMAZONAS,FEMENINO,56 a mas,5
2025,JUNIO,AMAZONAS,MASCULINO,18 a 25,28
2025,JUNIO,AMAZONAS,MASCULINO,26 a 35,19
2025,JUNIO,AMAZONAS,MASCULINO,36 a 45,12
2025,JUNIO,AMAZONAS,MASCULINO,46 a 55,5
2025,JUNIO,AMAZONAS,MASCULINO,56 a mas,5
2025,JUNIO,ANCASH,FEMENINO,18 a 25,73
2025,JUNIO,ANCASH,FEMENINO,26 a 35,93
2025,JUNIO,ANCASH,FEMENINO,36 a 45,46
2025,JUNIO,ANCASH,FEMENINO,46 a 55,40
2025,JUNIO,ANCASH,FEMENINO,56 a mas,27
2025,JUNIO,ANCASH,MASCULINO,18 a 25,154
2025,JUNIO,ANCASH,MASCULINO,26 a 35,190
2025,JUNIO,ANCASH,MASCULINO,36 a 45,87
2025,JUNIO,ANCASH,MASCULINO,46 a 55,32
2025,JUNIO,ANCASH,MASCULINO,56 a mas,27
2025,JUNIO,APURIMAC,FEMENINO,18 a 25,28
2025,JUNIO,APURIMAC,FEMENINO,26 a 35,32
2025,JUNIO,APURIMAC,FEMENINO,36 a 45,11
2025,JUNIO,APURIMAC,FEMENINO,46 a 55,7
2025,JUNIO,APURIMAC,FEMENINO,56 a mas,8
2025,JUNIO,APURIMAC,MASCULINO,18 a 25,90
2025,JUNIO,APURIMAC,MASCULINO,26 a 35,110
2025,JUNIO,APURIMAC,MASCULINO,36 a 45,41
2025,JUNIO,APURIMAC,MASCULINO,46 a 55,21
2025,JUNIO,APURIMAC,MASCULINO,56 a mas,16
2025,JUNIO,AREQUIPA,FEMENINO,18 a 25,134
2025,JUNIO,AREQUIPA,FEMENINO,26 a 35,160
2025,JUNIO,AREQUIPA,FEMENINO,36 a 45,74
2025,JUNIO,AREQUIPA,FEMENINO,46 a 55,41
2025,JUNIO,AREQUIPA,FEMENINO,56 a mas,37
2025,JUNIO,AREQUIPA,MASCULINO,18 a 25,187
2025,JUNIO,AREQUIPA,MASCULINO,26 a 35,317
2025,JUNIO,AREQUIPA,MASCULINO,36 a 45,200
2025,JUNIO,AREQUIPA,MASCULINO,46 a 55,88
2025,JUNIO,AREQUIPA,MASCULINO,56 a mas,61
2025,JUNIO,ARGENTINA,FEMENINO,26 a 35,2
2025,JUNIO,ARGENTINA,FEMENINO,56 a mas,1
2025,JUNIO,ARGENTINA,MASCULINO,18 a 25,1
2025,JUNIO,ARGENTINA,MASCULINO,26 a 35,2
2025,JUNIO,ARGENTINA,MASCULINO,36 a 45,1
2025,JUNIO,ARGENTINA,MASCULINO,46 a 55,1
2025,JUNIO,ARGENTINA,MASCULINO,56 a mas,1
2025,JUNIO,AUSTRALIA,FEMENINO,26 a 35,1
2025,JUNIO,AUSTRALIA,MASCULINO,26 a 35,1
2025,JUNIO,AYACUCHO,FEMENINO,18 a 25,95
2025,JUNIO,AYACUCHO,FEMENINO,26 a 35,84
2025,JUNIO,AYACUCHO,FEMENINO,36 a 45,38
2025,JUNIO,AYACUCHO,FEMENINO,46 a 55,11
2025,JUNIO,AYACUCHO,FEMENINO,56 a mas,17
2025,JUNIO,AYACUCHO,MASCULINO,18 a 25,198
2025,JUNIO,AYACUCHO,MASCULINO,26 a 35,153
2025,JUNIO,AYACUCHO,MASCULINO,36 a 45,109
2025,JUNIO,AYACUCHO,MASCULINO,46 a 55,38
2025,JUNIO,AYACUCHO,MASCULINO,56 a mas,26
2025,JUNIO,BOLIVIA,FEMENINO,46 a 55,1
2025,JUNIO,BRASIL,FEMENINO,56 a mas,1
2025,JUNIO,BRASIL,MASCULINO,56 a mas,1
2025,JUNIO,CAJAMARCA,FEMENINO,18 a 25,98
2025,JUNIO,CAJAMARCA,FEMENINO,26 a 35,55
2025,JUNIO,CAJAMARCA,FEMENINO,36 a 45,30
2025,JUNIO,CAJAMARCA,FEMENINO,46 a 55,21
2025,JUNIO,CAJAMARCA,FEMENINO,56 a mas,25
2025,JUNIO,CAJAMARCA,MASCULINO,18 a 25,136
2025,JUNIO,CAJAMARCA,MASCULINO,26 a 35,141
2025,JUNIO,CAJAMARCA,MASCULINO,36 a 45,82
2025,JUNIO,CAJAMARCA,MASCULINO,46 a 55,33
2025,JUNIO,CAJAMARCA,MASCULINO,56 a mas,31
2025,JUNIO,CALLAO,FEMENINO,18 a 25,151
2025,JUNIO,CALLAO,FEMENINO,26 a 35,160
2025,JUNIO,CALLAO,FEMENINO,36 a 45,96
2025,JUNIO,CALLAO,FEMENINO,46 a 55,59
2025,JUNIO,CALLAO,FEMENINO,56 a mas,45
2025,JUNIO,CALLAO,MASCULINO,18 a 25,220
2025,JUNIO,CALLAO,MASCULINO,26 a 35,252
2025,JUNIO,CALLAO,MASCULINO,36 a 45,191
2025,JUNIO,CALLAO,MASCULINO,46 a 55,94
2025,JUNIO,CALLAO,MASCULINO,56 a mas,49
2025,JUNIO,CANADA,FEMENINO,36 a 45,1
2025,JUNIO,CANADA,FEMENINO,46 a 55,1
2025,JUNIO,CANADA,MASCULINO,56 a mas,1
2025,JUNIO,CHILE,FEMENINO,18 a 25,1
2025,JUNIO,CHILE,FEMENINO,26 a 35,1
2025,JUNIO,CHILE,FEMENINO,36 a 45,3
2025,JUNIO,CHILE,FEMENINO,56 a mas,1
2025,JUNIO,CHILE,MASCULINO,26 a 35,5
2025,JUNIO,CHILE,MASCULINO,36 a 45,4
2025,JUNIO,CHILE,MASCULINO,56 a mas,1
2025,JUNIO,COLOMBIA,MASCULINO,26 a 35,1
2025,JUNIO,CUSCO,FEMENINO,18 a 25,175
2025,JUNIO,CUSCO,FEMENINO,26 a 35,158
2025,JUNIO,CUSCO,FEMENINO,36 a 45,68
2025,JUNIO,CUSCO,FEMENINO,46 a 55,40
2025,JUNIO,CUSCO,FEMENINO,56 a mas,36
2025,JUNIO,CUSCO,MASCULINO,18 a 25,323
2025,JUNIO,CUSCO,MASCULINO,26 a 35,367
2025,JUNIO,CUSCO,MASCULINO,36 a 45,216
2025,JUNIO,CUSCO,MASCULINO,46 a 55,86
2025,JUNIO,CUSCO,MASCULINO,56 a mas,57
2025,JUNIO,ECUADOR,MASCULINO,26 a 35,1
2025,JUNIO,ESPAÑA,FEMENINO,18 a 25,1
2025,JUNIO,ESPAÑA,FEMENINO,36 a 45,3
2025,JUNIO,ESPAÑA,FEMENINO,46 a 55,3
2025,JUNIO,ESPAÑA,FEMENINO,56 a mas,3
2025,JUNIO,ESPAÑA,MASCULINO,18 a 25,2
2025,JUNIO,ESPAÑA,MASCULINO,26 a 35,2
2025,JUNIO,ESPAÑA,MASCULINO,46 a 55,2
2025,JUNIO,ESPAÑA,MASCULINO,56 a mas,2
2025,JUNIO,ESTADOS UNIDOS DE AMERICA,FEMENINO,26 a 35,3
2025,JUNIO,ESTADOS UNIDOS DE AMERICA,FEMENINO,36 a 45,5
2025,JUNIO,ESTADOS UNIDOS DE AMERICA,FEMENINO,46 a 55,3
2025,JUNIO,ESTADOS UNIDOS DE AMERICA,FEMENINO,56 a mas,10
2025,JUNIO,ESTADOS UNIDOS DE AMERICA,MASCULINO,18 a 25,1
2025,JUNIO,ESTADOS UNIDOS DE AMERICA,MASCULINO,26 a 35,3
2025,JUNIO,ESTADOS UNIDOS DE AMERICA,MASCULINO,36 a 45,6
2025,JUNIO,ESTADOS UNIDOS DE AMERICA,MASCULINO,46 a 55,5
2025,JUNIO,ESTADOS UNIDOS DE AMERICA,MASCULINO,56 a mas,4
2025,JUNIO,FRANCIA,MASCULINO,36 a 45,1
2025,JUNIO,HOLANDA,FEMENINO,18 a 25,1
2025,JUNIO,HUANCAVELICA,FEMENINO,18 a 25,34
2025,JUNIO,HUANCAVELICA,FEMENINO,26 a 35,20
2025,JUNIO,HUANCAVELICA,FEMENINO,36 a 45,7
2025,JUNIO,HUANCAVELICA,FEMENINO,46 a 55,2
2025,JUNIO,HUANCAVELICA,FEMENINO,56 a mas,5
2025,JUNIO,HUANCAVELICA,MASCULINO,18 a 25,70
2025,JUNIO,HUANCAVELICA,MASCULINO,26 a 35,59
2025,JUNIO,HUANCAVELICA,MASCULINO,36 a 45,28
2025,JUNIO,HUANCAVELICA,MASCULINO,46 a 55,5
2025,JUNIO,HUANCAVELICA,MASCULINO,56 a mas,8
2025,JUNIO,HUANUCO,FEMENINO,18 a 25,55
2025,JUNIO,HUANUCO,FEMENINO,26 a 35,52
2025,JUNIO,HUANUCO,FEMENINO,36 a 45,29
2025,JUNIO,HUANUCO,FEMENINO,46 a 55,16
2025,JUNIO,HUANUCO,FEMENINO,56 a mas,8
2025,JUNIO,HUANUCO,MASCULINO,18 a 25,122
2025,JUNIO,HUANUCO,MASCULINO,26 a 35,133
2025,JUNIO,HUANUCO,MASCULINO,36 a 45,56
2025,JUNIO,HUANUCO,MASCULINO,46 a 55,37
2025,JUNIO,HUANUCO,MASCULINO,56 a mas,20
2025,JUNIO,ICA,FEMENINO,18 a 25,77
2025,JUNIO,ICA,FEMENINO,26 a 35,80
2025,JUNIO,ICA,FEMENINO,36 a 45,41
2025,JUNIO,ICA,FEMENINO,46 a 55,24
2025,JUNIO,ICA,FEMENINO,56 a mas,18
2025,JUNIO,ICA,MASCULINO,18 a 25,144
2025,JUNIO,ICA,MASCULINO,26 a 35,150
2025,JUNIO,ICA,MASCULINO,36 a 45,90
2025,JUNIO,ICA,MASCULINO,46 a 55,59
2025,JUNIO,ICA,MASCULINO,56 a mas,19
2025,JUNIO,ITALIA,FEMENINO,26 a 35,2
2025,JUNIO,ITALIA,FEMENINO,36 a 45,4
2025,JUNIO,ITALIA,FEMENINO,46 a 55,4
2025,JUNIO,ITALIA,FEMENINO,56 a mas,2
2025,JUNIO,ITALIA,MASCULINO,18 a 25,1
2025,JUNIO,ITALIA,MASCULINO,26 a 35,1
2025,JUNIO,ITALIA,MASCULINO,36 a 45,1
2025,JUNIO,ITALIA,MASCULINO,46 a 55,1
2025,JUNIO,ITALIA,MASCULINO,56 a mas,3
2025,JUNIO,JAPON,MASCULINO,36 a 45,1
2025,JUNIO,JAPON,MASCULINO,56 a mas,1
2025,JUNIO,JUNIN,FEMENINO,18 a 25,140
2025,JUNIO,JUNIN,FEMENINO,26 a 35,107
2025,JUNIO,JUNIN,FEMENINO,36 a 45,63
2025,JUNIO,JUNIN,FEMENINO,46 a 55,34
2025,JUNIO,JUNIN,FEMENINO,56 a mas,26
2025,JUNIO,JUNIN,MASCULINO,18 a 25,233
2025,JUNIO,JUNIN,MASCULINO,26 a 35,226
2025,JUNIO,JUNIN,MASCULINO,36 a 45,114
2025,JUNIO,JUNIN,MASCULINO,46 a 55,55
2025,JUNIO,JUNIN,MASCULINO,56 a mas,51
2025,JUNIO,LA LIBERTAD,FEMENINO,18 a 25,117
2025,JUNIO,LA LIBERTAD,FEMENINO,26 a 35,134
2025,JUNIO,LA LIBERTAD,FEMENINO,36 a 45,70
2025,JUNIO,LA LIBERTAD,FEMENINO,46 a 55,36
2025,JUNIO,LA LIBERTAD,FEMENINO,56 a mas,31
2025,JUNIO,LA LIBERTAD,MASCULINO,18 a 25,194
2025,JUNIO,LA LIBERTAD,MASCULINO,26 a 35,265
2025,JUNIO,LA LIBERTAD,MASCULINO,36 a 45,143
2025,JUNIO,LA LIBERTAD,MASCULINO,46 a 55,68
2025,JUNIO,LA LIBERTAD,MASCULINO,56 a mas,47
2025,JUNIO,LAMBAYEQUE,FEMENINO,18 a 25,108
2025,JUNIO,LAMBAYEQUE,FEMENINO,26 a 35,135
2025,JUNIO,LAMBAYEQUE,FEMENINO,36 a 45,76
2025,JUNIO,LAMBAYEQUE,FEMENINO,46 a 55,48
2025,JUNIO,LAMBAYEQUE,FEMENINO,56 a mas,37
2025,JUNIO,LAMBAYEQUE,MASCULINO,18 a 25,215
2025,JUNIO,LAMBAYEQUE,MASCULINO,26 a 35,256
2025,JUNIO,LAMBAYEQUE,MASCULINO,36 a 45,97
2025,JUNIO,LAMBAYEQUE,MASCULINO,46 a 55,49
2025,JUNIO,LAMBAYEQUE,MASCULINO,56 a mas,29
2025,JUNIO,LIMA,FEMENINO,18 a 25,899
2025,JUNIO,LIMA,FEMENINO,26 a 35,1285
2025,JUNIO,LIMA,FEMENINO,36 a 45,645
2025,JUNIO,LIMA,FEMENINO,46 a 55,424
2025,JUNIO,LIMA,FEMENINO,56 a mas,433
2025,JUNIO,LIMA,MASCULINO,18 a 25,1535
2025,JUNIO,LIMA,MASCULINO,26 a 35,2264
2025,JUNIO,LIMA,MASCULINO,36 a 45,1466
2025,JUNIO,LIMA,MASCULINO,46 a 55,857
2025,JUNIO,LIMA,MASCULINO,56 a mas,569
2025,JUNIO,LORETO,FEMENINO,18 a 25,117
2025,JUNIO,LORETO,FEMENINO,26 a 35,68
2025,JUNIO,LORETO,FEMENINO,36 a 45,61
2025,JUNIO,LORETO,FEMENINO,46 a 55,25
2025,JUNIO,LORETO,FEMENINO,56 a mas,19
2025,JUNIO,LORETO,MASCULINO,18 a 25,212
2025,JUNIO,LORETO,MASCULINO,26 a 35,207
2025,JUNIO,LORETO,MASCULINO,36 a 45,121
2025,JUNIO,LORETO,MASCULINO,46 a 55,71
2025,JUNIO,LORETO,MASCULINO,56 a mas,33
2025,JUNIO,MADRE DE DIOS,FEMENINO,18 a 25,46
2025,JUNIO,MADRE DE DIOS,FEMENINO,26 a 35,63
2025,JUNIO,MADRE DE DIOS,FEMENINO,36 a 45,36
2025,JUNIO,MADRE DE DIOS,FEMENINO,46 a 55,15
2025,JUNIO,MADRE DE DIOS,FEMENINO,56 a mas,18
2025,JUNIO,MADRE DE DIOS,MASCULINO,18 a 25,87
2025,JUNIO,MADRE DE DIOS,MASCULINO,26 a 35,121
2025,JUNIO,MADRE DE DIOS,MASCULINO,36 a 45,80
2025,JUNIO,MADRE DE DIOS,MASCULINO,46 a 55,27
2025,JUNIO,MADRE DE DIOS,MASCULINO,56 a mas,16
2025,JUNIO,MOQUEGUA,FEMENINO,18 a 25,19
2025,JUNIO,MOQUEGUA,FEMENINO,26 a 35,25
2025,JUNIO,MOQUEGUA,FEMENINO,36 a 45,13
2025,JUNIO,MOQUEGUA,FEMENINO,46 a 55,7
2025,JUNIO,MOQUEGUA,FEMENINO,56 a mas,6
2025,JUNIO,MOQUEGUA,MASCULINO,18 a 25,42
2025,JUNIO,MOQUEGUA,MASCULINO,26 a 35,53
2025,JUNIO,MOQUEGUA,MASCULINO,36 a 45,27
2025,JUNIO,MOQUEGUA,MASCULINO,46 a 55,15
2025,JUNIO,MOQUEGUA,MASCULINO,56 a mas,13
2025,JUNIO,PASCO,FEMENINO,18 a 25,35
2025,JUNIO,PASCO,FEMENINO,26 a 35,19
2025,JUNIO,PASCO,FEMENINO,36 a 45,9
2025,JUNIO,PASCO,FEMENINO,46 a 55,1
2025,JUNIO,PASCO,FEMENINO,56 a mas,3
2025,JUNIO,PASCO,MASCULINO,18 a 25,50
2025,JUNIO,PASCO,MASCULINO,26 a 35,60
2025,JUNIO,PASCO,MASCULINO,36 a 45,18
2025,JUNIO,PASCO,MASCULINO,46 a 55,12
2025,JUNIO,PASCO,MASCULINO,56 a mas,10
2025,JUNIO,PIURA,FEMENINO,18 a 25,295
2025,JUNIO,PIURA,FEMENINO,26 a 35,349
2025,JUNIO,PIURA,FEMENINO,36 a 45,189
2025,JUNIO,PIURA,FEMENINO,46 a 55,126
2025,JUNIO,PIURA,FEMENINO,56 a mas,93
2025,JUNIO,PIURA,MASCULINO,18 a 25,356
2025,JUNIO,PIURA,MASCULINO,26 a 35,389
2025,JUNIO,PIURA,MASCULINO,36 a 45,207
2025,JUNIO,PIURA,MASCULINO,46 a 55,87
2025,JUNIO,PIURA,MASCULINO,56 a mas,65
2025,JUNIO,PUNO,FEMENINO,18 a 25,72
2025,JUNIO,PUNO,FEMENINO,26 a 35,85
2025,JUNIO,PUNO,FEMENINO,36 a 45,41
2025,JUNIO,PUNO,FEMENINO,46 a 55,28
2025,JUNIO,PUNO,FEMENINO,56 a mas,21
2025,JUNIO,PUNO,MASCULINO,18 a 25,171
2025,JUNIO,PUNO,MASCULINO,26 a 35,200
2025,JUNIO,PUNO,MASCULINO,36 a 45,113
2025,JUNIO,PUNO,MASCULINO,46 a 55,48
2025,JUNIO,PUNO,MASCULINO,56 a mas,27
2025,JUNIO,REPUBLICA DE COREA,MASCULINO,56 a mas,1
2025,JUNIO,RUSIA,MASCULINO,18 a 25,1
2025,JUNIO,SAN MARTIN,FEMENINO,18 a 25,73
2025,JUNIO,SAN MARTIN,FEMENINO,26 a 35,59
2025,JUNIO,SAN MARTIN,FEMENINO,36 a 45,38
2025,JUNIO,SAN MARTIN,FEMENINO,46 a 55,16
2025,JUNIO,SAN MARTIN,FEMENINO,56 a mas,14
2025,JUNIO,SAN MARTIN,MASCULINO,18 a 25,119
2025,JUNIO,SAN MARTIN,MASCULINO,26 a 35,121
2025,JUNIO,SAN MARTIN,MASCULINO,36 a 45,66
2025,JUNIO,SAN MARTIN,MASCULINO,46 a 55,42
2025,JUNIO,SAN MARTIN,MASCULINO,56 a mas,24
2025,JUNIO,TACNA,FEMENINO,18 a 25,36
2025,JUNIO,TACNA,FEMENINO,26 a 35,32
2025,JUNIO,TACNA,FEMENINO,36 a 45,22
2025,JUNIO,TACNA,FEMENINO,46 a 55,15
2025,JUNIO,TACNA,FEMENINO,56 a mas,6
2025,JUNIO,TACNA,MASCULINO,18 a 25,40
2025,JUNIO,TACNA,MASCULINO,26 a 35,71
2025,JUNIO,TACNA,MASCULINO,36 a 45,41
2025,JUNIO,TACNA,MASCULINO,46 a 55,26
2025,JUNIO,TACNA,MASCULINO,56 a mas,20
2025,JUNIO,TUMBES,FEMENINO,18 a 25,34
2025,JUNIO,TUMBES,FEMENINO,26 a 35,38
2025,JUNIO,TUMBES,FEMENINO,36 a 45,17
2025,JUNIO,TUMBES,FEMENINO,46 a 55,13
2025,JUNIO,TUMBES,FEMENINO,56 a mas,10
2025,JUNIO,TUMBES,MASCULINO,18 a 25,57
2025,JUNIO,TUMBES,MASCULINO,26 a 35,63
2025,JUNIO,TUMBES,MASCULINO,36 a 45,45
2025,JUNIO,TUMBES,MASCULINO,46 a 55,34
2025,JUNIO,TUMBES,MASCULINO,56 a mas,15
2025,JUNIO,UCAYALI,FEMENINO,18 a 25,66
2025,JUNIO,UCAYALI,FEMENINO,26 a 35,56
2025,JUNIO,UCAYALI,FEMENINO,36 a 45,42
2025,JUNIO,UCAYALI,FEMENINO,46 a 55,18
2025,JUNIO,UCAYALI,FEMENINO,56 a mas,15
2025,JUNIO,UCAYALI,MASCULINO,18 a 25,110
2025,JUNIO,UCAYALI,MASCULINO,26 a 35,102
2025,JUNIO,UCAYALI,MASCULINO,36 a 45,52
2025,JUNIO,UCAYALI,MASCULINO,46 a 55,31
2025,JUNIO,UCAYALI,MASCULINO,56 a mas,16
2025,MARZO,ALEMANIA,FEMENINO,18 a 25,1
2025,MARZO,ALEMANIA,MASCULINO,56 a mas,2
2025,MARZO,AMAZONAS,FEMENINO,18 a 25,28
2025,MARZO,AMAZONAS,FEMENINO,26 a 35,13
2025,MARZO,AMAZONAS,FEMENINO,36 a 45,8
2025,MARZO,AMAZONAS,FEMENINO,46 a 55,4
2025,MARZO,AMAZONAS,FEMENINO,56 a mas,4
2025,MARZO,AMAZONAS,MASCULINO,18 a 25,38
2025,MARZO,AMAZONAS,MASCULINO,26 a 35,14
2025,MARZO,AMAZONAS,MASCULINO,36 a 45,13
2025,MARZO,AMAZONAS,MASCULINO,46 a 55,12
2025,MARZO,AMAZONAS,MASCULINO,56 a mas,3
2025,MARZO,ANCASH,FEMENINO,18 a 25,74
2025,MARZO,ANCASH,FEMENINO,26 a 35,73
2025,MARZO,ANCASH,FEMENINO,36 a 45,31
2025,MARZO,ANCASH,FEMENINO,46 a 55,19
2025,MARZO,ANCASH,FEMENINO,56 a mas,20
2025,MARZO,ANCASH,MASCULINO,18 a 25,149
2025,MARZO,ANCASH,MASCULINO,26 a 35,175
2025,MARZO,ANCASH,MASCULINO,36 a 45,75
2025,MARZO,ANCASH,MASCULINO,46 a 55,57
2025,MARZO,ANCASH,MASCULINO,56 a mas,33
2025,MARZO,ANTILLAS HOLANDESAS,MASCULINO,26 a 35,1
2025,MARZO,APURIMAC,FEMENINO,18 a 25,33
2025,MARZO,APURIMAC,FEMENINO,26 a 35,29
2025,MARZO,APURIMAC,FEMENINO,36 a 45,19
2025,MARZO,APURIMAC,FEMENINO,46 a 55,17
2025,MARZO,APURIMAC,FEMENINO,56 a mas,4
2025,MARZO,APURIMAC,MASCULINO,18 a 25,112
2025,MARZO,APURIMAC,MASCULINO,26 a 35,93
2025,MARZO,APURIMAC,MASCULINO,36 a 45,24
2025,MARZO,APURIMAC,MASCULINO,46 a 55,19
2025,MARZO,APURIMAC,MASCULINO,56 a mas,7
2025,MARZO,AREQUIPA,FEMENINO,18 a 25,140
2025,MARZO,AREQUIPA,FEMENINO,26 a 35,145
2025,MARZO,AREQUIPA,FEMENINO,36 a 45,78
2025,MARZO,AREQUIPA,FEMENINO,46 a 55,38
2025,MARZO,AREQUIPA,FEMENINO,56 a mas,41
2025,MARZO,AREQUIPA,MASCULINO,18 a 25,224
2025,MARZO,AREQUIPA,MASCULINO,26 a 35,326
2025,MARZO,AREQUIPA,MASCULINO,36 a 45,193
2025,MARZO,AREQUIPA,MASCULINO,46 a 55,79
2025,MARZO,AREQUIPA,MASCULINO,56 a mas,44
2025,MARZO,ARGENTINA,FEMENINO,18 a 25,1
2025,MARZO,ARGENTINA,FEMENINO,26 a 35,2
2025,MARZO,ARGENTINA,FEMENINO,36 a 45,3
2025,MARZO,ARGENTINA,FEMENINO,46 a 55,2
2025,MARZO,ARGENTINA,FEMENINO,56 a mas,1
2025,MARZO,ARGENTINA,MASCULINO,18 a 25,1
2025,MARZO,ARGENTINA,MASCULINO,26 a 35,4
2025,MARZO,ARGENTINA,MASCULINO,36 a 45,2
2025,MARZO,ARGENTINA,MASCULINO,46 a 55,3
2025,MARZO,AYACUCHO,FEMENINO,18 a 25,75
2025,MARZO,AYACUCHO,FEMENINO,26 a 35,64
2025,MARZO,AYACUCHO,FEMENINO,36 a 45,48
2025,MARZO,AYACUCHO,FEMENINO,46 a 55,22
2025,MARZO,AYACUCHO,FEMENINO,56 a mas,17
2025,MARZO,AYACUCHO,MASCULINO,18 a 25,144
2025,MARZO,AYACUCHO,MASCULINO,26 a 35,129
2025,MARZO,AYACUCHO,MASCULINO,36 a 45,72
2025,MARZO,AYACUCHO,MASCULINO,46 a 55,46
2025,MARZO,AYACUCHO,MASCULINO,56 a mas,30
2025,MARZO,BOLIVIA,MASCULINO,18 a 25,1
2025,MARZO,BOLIVIA,MASCULINO,46 a 55,1
2025,MARZO,BRASIL,MASCULINO,18 a 25,1
2025,MARZO,BRASIL,MASCULINO,26 a 35,2
2025,MARZO,BRASIL,MASCULINO,36 a 45,2
2025,MARZO,BRASIL,MASCULINO,56 a mas,2
2025,MARZO,CAJAMARCA,FEMENINO,18 a 25,98
2025,MARZO,CAJAMARCA,FEMENINO,26 a 35,79
2025,MARZO,CAJAMARCA,FEMENINO,36 a 45,41
2025,MARZO,CAJAMARCA,FEMENINO,46 a 55,21
2025,MARZO,CAJAMARCA,FEMENINO,56 a mas,14
2025,MARZO,CAJAMARCA,MASCULINO,18 a 25,173
2025,MARZO,CAJAMARCA,MASCULINO,26 a 35,150
2025,MARZO,CAJAMARCA,MASCULINO,36 a 45,57
2025,MARZO,CAJAMARCA,MASCULINO,46 a 55,36
2025,MARZO,CAJAMARCA,MASCULINO,56 a mas,17
2025,MARZO,CALLAO,FEMENINO,18 a 25,148
2025,MARZO,CALLAO,FEMENINO,26 a 35,157
2025,MARZO,CALLAO,FEMENINO,36 a 45,83
2025,MARZO,CALLAO,FEMENINO,46 a 55,51
2025,MARZO,CALLAO,FEMENINO,56 a mas,34
2025,MARZO,CALLAO,MASCULINO,18 a 25,223
2025,MARZO,CALLAO,MASCULINO,26 a 35,259
2025,MARZO,CALLAO,MASCULINO,36 a 45,158
2025,MARZO,CALLAO,MASCULINO,46 a 55,88
2025,MARZO,CALLAO,MASCULINO,56 a mas,51
2025,MARZO,CANADA,FEMENINO,36 a 45,1
2025,MARZO,CANADA,MASCULINO,56 a mas,1
2025,MARZO,CHILE,FEMENINO,18 a 25,1
2025,MARZO,CHILE,FEMENINO,26 a 35,1
2025,MARZO,CHILE,FEMENINO,36 a 45,2
2025,MARZO,CHILE,FEMENINO,46 a 55,3
2025,MARZO,CHILE,FEMENINO,56 a mas,1
2025,MARZO,CHILE,MASCULINO,26 a 35,5
2025,MARZO,CHILE,MASCULINO,36 a 45,6
2025,MARZO,CHILE,MASCULINO,46 a 55,3
2025,MARZO,CHILE,MASCULINO,56 a mas,1
2025,MARZO,COLOMBIA,FEMENINO,36 a 45,1
2025,MARZO,CUSCO,FEMENINO,18 a 25,149
2025,MARZO,CUSCO,FEMENINO,26 a 35,145
2025,MARZO,CUSCO,FEMENINO,36 a 45,68
2025,MARZO,CUSCO,FEMENINO,46 a 55,46
2025,MARZO,CUSCO,FEMENINO,56 a mas,25
2025,MARZO,CUSCO,MASCULINO,18 a 25,316
2025,MARZO,CUSCO,MASCULINO,26 a 35,326
2025,MARZO,CUSCO,MASCULINO,36 a 45,178
2025,MARZO,CUSCO,MASCULINO,46 a 55,92
2025,MARZO,CUSCO,MASCULINO,56 a mas,44
2025,MARZO,ECUADOR,FEMENINO,18 a 25,1
2025,MARZO,ESPAÑA,FEMENINO,26 a 35,4
2025,MARZO,ESPAÑA,FEMENINO,36 a 45,3
2025,MARZO,ESPAÑA,FEMENINO,46 a 55,1
2025,MARZO,ESPAÑA,FEMENINO,56 a mas,3
2025,MARZO,ESPAÑA,MASCULINO,26 a 35,1
2025,MARZO,ESPAÑA,MASCULINO,36 a 45,3
2025,MARZO,ESPAÑA,MASCULINO,46 a 55,3
2025,MARZO,ESPAÑA,MASCULINO,56 a mas,2
2025,MARZO,ESTADOS UNIDOS DE AMERICA,FEMENINO,18 a 25,1
2025,MARZO,ESTADOS UNIDOS DE AMERICA,FEMENINO,26 a 35,2
2025,MARZO,ESTADOS UNIDOS DE AMERICA,FEMENINO,36 a 45,2
2025,MARZO,ESTADOS UNIDOS DE AMERICA,FEMENINO,46 a 55,4
2025,MARZO,ESTADOS UNIDOS DE AMERICA,FEMENINO,56 a mas,9
2025,MARZO,ESTADOS UNIDOS DE AMERICA,MASCULINO,18 a 25,2
2025,MARZO,ESTADOS UNIDOS DE AMERICA,MASCULINO,26 a 35,1
2025,MARZO,ESTADOS UNIDOS DE AMERICA,MASCULINO,36 a 45,6
2025,MARZO,ESTADOS UNIDOS DE AMERICA,MASCULINO,46 a 55,4
2025,MARZO,ESTADOS UNIDOS DE AMERICA,MASCULINO,56 a mas,7
2025,MARZO,FRANCIA,FEMENINO,36 a 45,1
2025,MARZO,HUANCAVELICA,FEMENINO,18 a 25,27
2025,MARZO,HUANCAVELICA,FEMENINO,26 a 35,15
2025,MARZO,HUANCAVELICA,FEMENINO,36 a 45,3
2025,MARZO,HUANCAVELICA,FEMENINO,46 a 55,1
2025,MARZO,HUANCAVELICA,FEMENINO,56 a mas,5
2025,MARZO,HUANCAVELICA,MASCULINO,18 a 25,53
2025,MARZO,HUANCAVELICA,MASCULINO,26 a 35,52
2025,MARZO,HUANCAVELICA,MASCULINO,36 a 45,27
2025,MARZO,HUANCAVELICA,MASCULINO,46 a 55,11
2025,MARZO,HUANCAVELICA,MASCULINO,56 a mas,5
2025,MARZO,HUANUCO,FEMENINO,18 a 25,79
2025,MARZO,HUANUCO,FEMENINO,26 a 35,49
2025,MARZO,HUANUCO,FEMENINO,36 a 45,22
2025,MARZO,HUANUCO,FEMENINO,46 a 55,9
2025,MARZO,HUANUCO,FEMENINO,56 a mas,12
2025,MARZO,HUANUCO,MASCULINO,18 a 25,122
2025,MARZO,HUANUCO,MASCULINO,26 a 35,131
2025,MARZO,HUANUCO,MASCULINO,36 a 45,62
2025,MARZO,HUANUCO,MASCULINO,46 a 55,25
2025,MARZO,HUANUCO,MASCULINO,56 a mas,19
2025,MARZO,ICA,FEMENINO,18 a 25,91
2025,MARZO,ICA,FEMENINO,26 a 35,79
2025,MARZO,ICA,FEMENINO,36 a 45,45
2025,MARZO,ICA,FEMENINO,46 a 55,31
2025,MARZO,ICA,FEMENINO,56 a mas,19
2025,MARZO,ICA,MASCULINO,18 a 25,155
2025,MARZO,ICA,MASCULINO,26 a 35,207
2025,MARZO,ICA,MASCULINO,36 a 45,104
2025,MARZO,ICA,MASCULINO,46 a 55,43
2025,MARZO,ICA,MASCULINO,56 a mas,28
2025,MARZO,ITALIA,FEMENINO,26 a 35,1
2025,MARZO,ITALIA,FEMENINO,46 a 55,1
2025,MARZO,ITALIA,FEMENINO,56 a mas,4
2025,MARZO,ITALIA,MASCULINO,26 a 35,1
2025,MARZO,ITALIA,MASCULINO,36 a 45,2
2025,MARZO,ITALIA,MASCULINO,46 a 55,1
2025,MARZO,JAPON,MASCULINO,56 a mas,1
2025,MARZO,JUNIN,FEMENINO,18 a 25,106
2025,MARZO,JUNIN,FEMENINO,26 a 35,96
2025,MARZO,JUNIN,FEMENINO,36 a 45,45
2025,MARZO,JUNIN,FEMENINO,46 a 55,31
2025,MARZO,JUNIN,FEMENINO,56 a mas,30
2025,MARZO,JUNIN,MASCULINO,18 a 25,185
2025,MARZO,JUNIN,MASCULINO,26 a 35,189
2025,MARZO,JUNIN,MASCULINO,36 a 45,107
2025,MARZO,JUNIN,MASCULINO,46 a 55,51
2025,MARZO,JUNIN,MASCULINO,56 a mas,33
2025,MARZO,LA LIBERTAD,FEMENINO,18 a 25,134
2025,MARZO,LA LIBERTAD,FEMENINO,26 a 35,126
2025,MARZO,LA LIBERTAD,FEMENINO,36 a 45,61
2025,MARZO,LA LIBERTAD,FEMENINO,46 a 55,36
2025,MARZO,LA LIBERTAD,FEMENINO,56 a mas,23
2025,MARZO,LA LIBERTAD,MASCULINO,18 a 25,206
2025,MARZO,LA LIBERTAD,MASCULINO,26 a 35,239
2025,MARZO,LA LIBERTAD,MASCULINO,36 a 45,121
2025,MARZO,LA LIBERTAD,MASCULINO,46 a 55,51
2025,MARZO,LA LIBERTAD,MASCULINO,56 a mas,25
2025,MARZO,LAMBAYEQUE,FEMENINO,18 a 25,139
2025,MARZO,LAMBAYEQUE,FEMENINO,26 a 35,150
2025,MARZO,LAMBAYEQUE,FEMENINO,36 a 45,85
2025,MARZO,LAMBAYEQUE,FEMENINO,46 a 55,51
2025,MARZO,LAMBAYEQUE,FEMENINO,56 a mas,44
2025,MARZO,LAMBAYEQUE,MASCULINO,18 a 25,216
2025,MARZO,LAMBAYEQUE,MASCULINO,26 a 35,218
2025,MARZO,LAMBAYEQUE,MASCULINO,36 a 45,110
2025,MARZO,LAMBAYEQUE,MASCULINO,46 a 55,43
2025,MARZO,LAMBAYEQUE,MASCULINO,56 a mas,36
2025,MARZO,LIMA,FEMENINO,0 a 17,1
2025,MARZO,LIMA,FEMENINO,18 a 25,1057
2025,MARZO,LIMA,FEMENINO,26 a 35,1213
2025,MARZO,LIMA,FEMENINO,36 a 45,682
2025,MARZO,LIMA,FEMENINO,46 a 55,486
2025,MARZO,LIMA,FEMENINO,56 a mas,430
2025,MARZO,LIMA,MASCULINO,18 a 25,1942
2025,MARZO,LIMA,MASCULINO,26 a 35,2489
2025,MARZO,LIMA,MASCULINO,36 a 45,1502
2025,MARZO,LIMA,MASCULINO,46 a 55,819
2025,MARZO,LIMA,MASCULINO,56 a mas,563
2025,MARZO,LORETO,FEMENINO,18 a 25,136
2025,MARZO,LORETO,FEMENINO,26 a 35,91
2025,MARZO,LORETO,FEMENINO,36 a 45,53
2025,MARZO,LORETO,FEMENINO,46 a 55,37
2025,MARZO,LORETO,FEMENINO,56 a mas,23
2025,MARZO,LORETO,MASCULINO,18 a 25,265
2025,MARZO,LORETO,MASCULINO,26 a 35,235
2025,MARZO,LORETO,MASCULINO,36 a 45,128
2025,MARZO,LORETO,MASCULINO,46 a 55,78
2025,MARZO,LORETO,MASCULINO,56 a mas,58
2025,MARZO,MADRE DE DIOS,FEMENINO,18 a 25,40
2025,MARZO,MADRE DE DIOS,FEMENINO,26 a 35,48
2025,MARZO,MADRE DE DIOS,FEMENINO,36 a 45,33
2025,MARZO,MADRE DE DIOS,FEMENINO,46 a 55,16
2025,MARZO,MADRE DE DIOS,FEMENINO,56 a mas,6
2025,MARZO,MADRE DE DIOS,MASCULINO,18 a 25,71
2025,MARZO,MADRE DE DIOS,MASCULINO,26 a 35,79
2025,MARZO,MADRE DE DIOS,MASCULINO,36 a 45,72
2025,MARZO,MADRE DE DIOS,MASCULINO,46 a 55,24
2025,MARZO,MADRE DE DIOS,MASCULINO,56 a mas,16
2025,MARZO,MEXICO,MASCULINO,26 a 35,1
2025,MARZO,MOQUEGUA,FEMENINO,18 a 25,24
2025,MARZO,MOQUEGUA,FEMENINO,26 a 35,22
2025,MARZO,MOQUEGUA,FEMENINO,36 a 45,13
2025,MARZO,MOQUEGUA,FEMENINO,46 a 55,10
2025,MARZO,MOQUEGUA,FEMENINO,56 a mas,7
2025,MARZO,MOQUEGUA,MASCULINO,18 a 25,42
2025,MARZO,MOQUEGUA,MASCULINO,26 a 35,43
2025,MARZO,MOQUEGUA,MASCULINO,36 a 45,27
2025,MARZO,MOQUEGUA,MASCULINO,46 a 55,14
2025,MARZO,MOQUEGUA,MASCULINO,56 a mas,16
2025,MARZO,PARAGUAY,MASCULINO,36 a 45,1
2025,MARZO,PASCO,FEMENINO,18 a 25,21
2025,MARZO,PASCO,FEMENINO,26 a 35,11
2025,MARZO,PASCO,FEMENINO,36 a 45,5
2025,MARZO,PASCO,FEMENINO,46 a 55,5
2025,MARZO,PASCO,FEMENINO,56 a mas,3
2025,MARZO,PASCO,MASCULINO,18 a 25,70
2025,MARZO,PASCO,MASCULINO,26 a 35,75
2025,MARZO,PASCO,MASCULINO,36 a 45,34
2025,MARZO,PASCO,MASCULINO,46 a 55,13
2025,MARZO,PASCO,MASCULINO,56 a mas,4
2025,MARZO,PIURA,FEMENINO,18 a 25,297
2025,MARZO,PIURA,FEMENINO,26 a 35,340
2025,MARZO,PIURA,FEMENINO,36 a 45,217
2025,MARZO,PIURA,FEMENINO,46 a 55,115
2025,MARZO,PIURA,FEMENINO,56 a mas,120
2025,MARZO,PIURA,MASCULINO,18 a 25,393
2025,MARZO,PIURA,MASCULINO,26 a 35,408
2025,MARZO,PIURA,MASCULINO,36 a 45,218
2025,MARZO,PIURA,MASCULINO,46 a 55,104
2025,MARZO,PIURA,MASCULINO,56 a mas,69
2025,MARZO,PUNO,FEMENINO,18 a 25,127
2025,MARZO,PUNO,FEMENINO,26 a 35,82
2025,MARZO,PUNO,FEMENINO,36 a 45,39
2025,MARZO,PUNO,FEMENINO,46 a 55,24
2025,MARZO,PUNO,FEMENINO,56 a mas,12
2025,MARZO,PUNO,MASCULINO,18 a 25,236
2025,MARZO,PUNO,MASCULINO,26 a 35,233
2025,MARZO,PUNO,MASCULINO,36 a 45,102
2025,MARZO,PUNO,MASCULINO,46 a 55,46
2025,MARZO,PUNO,MASCULINO,56 a mas,22
2025,MARZO,RUSIA,MASCULINO,26 a 35,1
2025,MARZO,SAN MARTIN,FEMENINO,18 a 25,71
2025,MARZO,SAN MARTIN,FEMENINO,26 a 35,49
2025,MARZO,SAN MARTIN,FEMENINO,36 a 45,30
2025,MARZO,SAN MARTIN,FEMENINO,46 a 55,15
2025,MARZO,SAN MARTIN,FEMENINO,56 a mas,12
2025,MARZO,SAN MARTIN,MASCULINO,18 a 25,113
2025,MARZO,SAN MARTIN,MASCULINO,26 a 35,98
2025,MARZO,SAN MARTIN,MASCULINO,36 a 45,46
2025,MARZO,SAN MARTIN,MASCULINO,46 a 55,29
2025,MARZO,SAN MARTIN,MASCULINO,56 a mas,20
2025,MARZO,SUECIA,MASCULINO,56 a mas,1
2025,MARZO,TACNA,FEMENINO,18 a 25,29
2025,MARZO,TACNA,FEMENINO,26 a 35,24
2025,MARZO,TACNA,FEMENINO,36 a 45,17
2025,MARZO,TACNA,FEMENINO,46 a 55,14
2025,MARZO,TACNA,FEMENINO,56 a mas,9
2025,MARZO,TACNA,MASCULINO,18 a 25,64
2025,MARZO,TACNA,MASCULINO,26 a 35,81
2025,MARZO,TACNA,MASCULINO,36 a 45,56
2025,MARZO,TACNA,MASCULINO,46 a 55,30
2025,MARZO,TACNA,MASCULINO,56 a mas,29
2025,MARZO,TUMBES,FEMENINO,18 a 25,29
2025,MARZO,TUMBES,FEMENINO,26 a 35,37
2025,MARZO,TUMBES,FEMENINO,36 a 45,17
2025,MARZO,TUMBES,FEMENINO,46 a 55,7
2025,MARZO,TUMBES,FEMENINO,56 a mas,6
2025,MARZO,TUMBES,MASCULINO,18 a 25,86
2025,MARZO,TUMBES,MASCULINO,26 a 35,74
2025,MARZO,TUMBES,MASCULINO,36 a 45,35
2025,MARZO,TUMBES,MASCULINO,46 a 55,22
2025,MARZO,TUMBES,MASCULINO,56 a mas,17
2025,MARZO,UCAYALI,FEMENINO,18 a 25,70
2025,MARZO,UCAYALI,FEMENINO,26 a 35,58
2025,MARZO,UCAYALI,FEMENINO,36 a 45,42
2025,MARZO,UCAYALI,FEMENINO,46 a 55,24
2025,MARZO,UCAYALI,FEMENINO,56 a mas,12
2025,MARZO,UCAYALI,MASCULINO,18 a 25,138
2025,MARZO,UCAYALI,MASCULINO,26 a 35,103
2025,MARZO,UCAYALI,MASCULINO,36 a 45,53
2025,MARZO,UCAYALI,MASCULINO,46 a 55,30
2025,MARZO,UCAYALI,MASCULINO,56 a mas,19
2025,MARZO,VENEZUELA,FEMENINO,36 a 45,1
2025,MARZO,VENEZUELA,FEMENINO,46 a 55,1
2025,MAYO,ALEMANIA,FEMENINO,26 a 35,1
2025,MAYO,ALEMANIA,MASCULINO,36 a 45,1
2025,MAYO,AMAZONAS,FEMENINO,18 a 25,17
2025,MAYO,AMAZONAS,FEMENINO,26 a 35,21
2025,MAYO,AMAZONAS,FEMENINO,36 a 45,2
2025,MAYO,AMAZONAS,FEMENINO,46 a 55,3
2025,MAYO,AMAZONAS,FEMENINO,56 a mas,4
2025,MAYO,AMAZONAS,MASCULINO,18 a 25,35
2025,MAYO,AMAZONAS,MASCULINO,26 a 35,33
2025,MAYO,AMAZONAS,MASCULINO,36 a 45,16
2025,MAYO,AMAZONAS,MASCULINO,46 a 55,5
2025,MAYO,AMAZONAS,MASCULINO,56 a mas,6
2025,MAYO,ANCASH,FEMENINO,18 a 25,87
2025,MAYO,ANCASH,FEMENINO,26 a 35,100
2025,MAYO,ANCASH,FEMENINO,36 a 45,51
2025,MAYO,ANCASH,FEMENINO,46 a 55,41
2025,MAYO,ANCASH,FEMENINO,56 a mas,23
2025,MAYO,ANCASH,MASCULINO,18 a 25,135
2025,MAYO,ANCASH,MASCULINO,26 a 35,149
2025,MAYO,ANCASH,MASCULINO,36 a 45,96
2025,MAYO,ANCASH,MASCULINO,46 a 55,40
2025,MAYO,ANCASH,MASCULINO,56 a mas,29
2025,MAYO,APURIMAC,FEMENINO,18 a 25,43
2025,MAYO,APURIMAC,FEMENINO,26 a 35,36
2025,MAYO,APURIMAC,FEMENINO,36 a 45,16
2025,MAYO,APURIMAC,FEMENINO,46 a 55,8
2025,MAYO,APURIMAC,FEMENINO,56 a mas,7
2025,MAYO,APURIMAC,MASCULINO,18 a 25,95
2025,MAYO,APURIMAC,MASCULINO,26 a 35,75
2025,MAYO,APURIMAC,MASCULINO,36 a 45,39
2025,MAYO,APURIMAC,MASCULINO,46 a 55,19
2025,MAYO,APURIMAC,MASCULINO,56 a mas,4
2025,MAYO,AREQUIPA,FEMENINO,18 a 25,119
2025,MAYO,AREQUIPA,FEMENINO,26 a 35,165
2025,MAYO,AREQUIPA,FEMENINO,36 a 45,70
2025,MAYO,AREQUIPA,FEMENINO,46 a 55,37
2025,MAYO,AREQUIPA,FEMENINO,56 a mas,44
2025,MAYO,AREQUIPA,MASCULINO,18 a 25,180
2025,MAYO,AREQUIPA,MASCULINO,26 a 35,333
2025,MAYO,AREQUIPA,MASCULINO,36 a 45,213
2025,MAYO,AREQUIPA,MASCULINO,46 a 55,94
2025,MAYO,AREQUIPA,MASCULINO,56 a mas,48
2025,MAYO,ARGENTINA,FEMENINO,26 a 35,1
2025,MAYO,ARGENTINA,FEMENINO,46 a 55,2
2025,MAYO,ARGENTINA,FEMENINO,56 a mas,3
2025,MAYO,ARGENTINA,MASCULINO,18 a 25,3
2025,MAYO,ARGENTINA,MASCULINO,26 a 35,3
2025,MAYO,ARGENTINA,MASCULINO,36 a 45,3
2025,MAYO,AUSTRALIA,FEMENINO,36 a 45,1
2025,MAYO,AUSTRALIA,FEMENINO,46 a 55,1
2025,MAYO,AYACUCHO,FEMENINO,18 a 25,98
2025,MAYO,AYACUCHO,FEMENINO,26 a 35,67
2025,MAYO,AYACUCHO,FEMENINO,36 a 45,28
2025,MAYO,AYACUCHO,FEMENINO,46 a 55,14
2025,MAYO,AYACUCHO,FEMENINO,56 a mas,18
2025,MAYO,AYACUCHO,MASCULINO,18 a 25,172
2025,MAYO,AYACUCHO,MASCULINO,26 a 35,144
2025,MAYO,AYACUCHO,MASCULINO,36 a 45,95
2025,MAYO,AYACUCHO,MASCULINO,46 a 55,42
2025,MAYO,AYACUCHO,MASCULINO,56 a mas,33
2025,MAYO,BOLIVIA,FEMENINO,56 a mas,1
2025,MAYO,BOLIVIA,MASCULINO,36 a 45,1
2025,MAYO,BRASIL,MASCULINO,26 a 35,1
2025,MAYO,BRASIL,MASCULINO,46 a 55,1
2025,MAYO,BRASIL,MASCULINO,56 a mas,3
2025,MAYO,CAJAMARCA,FEMENINO,18 a 25,87
2025,MAYO,CAJAMARCA,FEMENINO,26 a 35,88
2025,MAYO,CAJAMARCA,FEMENINO,36 a 45,23
2025,MAYO,CAJAMARCA,FEMENINO,46 a 55,15
2025,MAYO,CAJAMARCA,FEMENINO,56 a mas,15
2025,MAYO,CAJAMARCA,MASCULINO,18 a 25,154
2025,MAYO,CAJAMARCA,MASCULINO,26 a 35,149
2025,MAYO,CAJAMARCA,MASCULINO,36 a 45,87
2025,MAYO,CAJAMARCA,MASCULINO,46 a 55,36
2025,MAYO,CAJAMARCA,MASCULINO,56 a mas,31
2025,MAYO,CALLAO,FEMENINO,18 a 25,155
2025,MAYO,CALLAO,FEMENINO,26 a 35,197
2025,MAYO,CALLAO,FEMENINO,36 a 45,86
2025,MAYO,CALLAO,FEMENINO,46 a 55,66
2025,MAYO,CALLAO,FEMENINO,56 a mas,40
2025,MAYO,CALLAO,MASCULINO,18 a 25,252
2025,MAYO,CALLAO,MASCULINO,26 a 35,294
2025,MAYO,CALLAO,MASCULINO,36 a 45,167
2025,MAYO,CALLAO,MASCULINO,46 a 55,108
2025,MAYO,CALLAO,MASCULINO,56 a mas,71
2025,MAYO,CANADA,FEMENINO,36 a 45,1
2025,MAYO,CHILE,FEMENINO,56 a mas,1
2025,MAYO,CHILE,MASCULINO,26 a 35,3
2025,MAYO,CHILE,MASCULINO,36 a 45,3
2025,MAYO,CHILE,MASCULINO,46 a 55,3
2025,MAYO,CHILE,MASCULINO,56 a mas,1
2025,MAYO,COLOMBIA,MASCULINO,26 a 35,1
2025,MAYO,CUSCO,FEMENINO,18 a 25,155
2025,MAYO,CUSCO,FEMENINO,26 a 35,178
2025,MAYO,CUSCO,FEMENINO,36 a 45,69
2025,MAYO,CUSCO,FEMENINO,46 a 55,60
2025,MAYO,CUSCO,FEMENINO,56 a mas,45
2025,MAYO,CUSCO,MASCULINO,18 a 25,325
2025,MAYO,CUSCO,MASCULINO,26 a 35,374
2025,MAYO,CUSCO,MASCULINO,36 a 45,200
2025,MAYO,CUSCO,MASCULINO,46 a 55,78
2025,MAYO,CUSCO,MASCULINO,56 a mas,43
2025,MAYO,ESPAÑA,FEMENINO,26 a 35,1
2025,MAYO,ESPAÑA,FEMENINO,46 a 55,4
2025,MAYO,ESPAÑA,FEMENINO,56 a mas,1
2025,MAYO,ESPAÑA,MASCULINO,18 a 25,1
2025,MAYO,ESPAÑA,MASCULINO,26 a 35,2
2025,MAYO,ESPAÑA,MASCULINO,36 a 45,1
2025,MAYO,ESPAÑA,MASCULINO,46 a 55,5
2025,MAYO,ESPAÑA,MASCULINO,56 a mas,3
2025,MAYO,ESTADOS UNIDOS DE AMERICA,FEMENINO,18 a 25,3
2025,MAYO,ESTADOS UNIDOS DE AMERICA,FEMENINO,26 a 35,4
2025,MAYO,ESTADOS UNIDOS DE AMERICA,FEMENINO,36 a 45,4
2025,MAYO,ESTADOS UNIDOS DE AMERICA,FEMENINO,46 a 55,8
2025,MAYO,ESTADOS UNIDOS DE AMERICA,FEMENINO,56 a mas,11
2025,MAYO,ESTADOS UNIDOS DE AMERICA,MASCULINO,18 a 25,4
2025,MAYO,ESTADOS UNIDOS DE AMERICA,MASCULINO,26 a 35,6
2025,MAYO,ESTADOS UNIDOS DE AMERICA,MASCULINO,36 a 45,6
2025,MAYO,ESTADOS UNIDOS DE AMERICA,MASCULINO,46 a 55,4
2025,MAYO,ESTADOS UNIDOS DE AMERICA,MASCULINO,56 a mas,9
2025,MAYO,FRANCIA,FEMENINO,36 a 45,1
2025,MAYO,HUANCAVELICA,FEMENINO,18 a 25,21
2025,MAYO,HUANCAVELICA,FEMENINO,26 a 35,18
2025,MAYO,HUANCAVELICA,FEMENINO,36 a 45,5
2025,MAYO,HUANCAVELICA,FEMENINO,46 a 55,6
2025,MAYO,HUANCAVELICA,FEMENINO,56 a mas,4
2025,MAYO,HUANCAVELICA,MASCULINO,18 a 25,58
2025,MAYO,HUANCAVELICA,MASCULINO,26 a 35,58
2025,MAYO,HUANCAVELICA,MASCULINO,36 a 45,29
2025,MAYO,HUANCAVELICA,MASCULINO,46 a 55,14
2025,MAYO,HUANCAVELICA,MASCULINO,56 a mas,6
2025,MAYO,HUANUCO,FEMENINO,18 a 25,75
2025,MAYO,HUANUCO,FEMENINO,26 a 35,64
2025,MAYO,HUANUCO,FEMENINO,36 a 45,31
2025,MAYO,HUANUCO,FEMENINO,46 a 55,18
2025,MAYO,HUANUCO,FEMENINO,56 a mas,18
2025,MAYO,HUANUCO,MASCULINO,18 a 25,132
2025,MAYO,HUANUCO,MASCULINO,26 a 35,134
2025,MAYO,HUANUCO,MASCULINO,36 a 45,65
2025,MAYO,HUANUCO,MASCULINO,46 a 55,31
2025,MAYO,HUANUCO,MASCULINO,56 a mas,25
2025,MAYO,ICA,FEMENINO,18 a 25,84
2025,MAYO,ICA,FEMENINO,26 a 35,87
2025,MAYO,ICA,FEMENINO,36 a 45,56
2025,MAYO,ICA,FEMENINO,46 a 55,29
2025,MAYO,ICA,FEMENINO,56 a mas,23
2025,MAYO,ICA,MASCULINO,18 a 25,140
2025,MAYO,ICA,MASCULINO,26 a 35,172
2025,MAYO,ICA,MASCULINO,36 a 45,82
2025,MAYO,ICA,MASCULINO,46 a 55,48
2025,MAYO,ICA,MASCULINO,56 a mas,28
2025,MAYO,INDIA,MASCULINO,36 a 45,1
2025,MAYO,ITALIA,FEMENINO,18 a 25,1
2025,MAYO,ITALIA,FEMENINO,46 a 55,1
2025,MAYO,ITALIA,FEMENINO,56 a mas,3
2025,MAYO,ITALIA,MASCULINO,26 a 35,1
2025,MAYO,ITALIA,MASCULINO,36 a 45,2
2025,MAYO,ITALIA,MASCULINO,46 a 55,2
2025,MAYO,ITALIA,MASCULINO,56 a mas,1
2025,MAYO,JAPON,FEMENINO,56 a mas,1
2025,MAYO,JAPON,MASCULINO,26 a 35,1
2025,MAYO,JAPON,MASCULINO,36 a 45,1
2025,MAYO,JAPON,MASCULINO,56 a mas,1
2025,MAYO,JUNIN,FEMENINO,18 a 25,136
2025,MAYO,JUNIN,FEMENINO,26 a 35,98
2025,MAYO,JUNIN,FEMENINO,36 a 45,52
2025,MAYO,JUNIN,FEMENINO,46 a 55,44
2025,MAYO,JUNIN,FEMENINO,56 a mas,41
2025,MAYO,JUNIN,MASCULINO,18 a 25,202
2025,MAYO,JUNIN,MASCULINO,26 a 35,205
2025,MAYO,JUNIN,MASCULINO,36 a 45,103
2025,MAYO,JUNIN,MASCULINO,46 a 55,55
2025,MAYO,JUNIN,MASCULINO,56 a mas,37
2025,MAYO,LA LIBERTAD,FEMENINO,18 a 25,95
2025,MAYO,LA LIBERTAD,FEMENINO,26 a 35,136
2025,MAYO,LA LIBERTAD,FEMENINO,36 a 45,81
2025,MAYO,LA LIBERTAD,FEMENINO,46 a 55,42
2025,MAYO,LA LIBERTAD,FEMENINO,56 a mas,41
2025,MAYO,LA LIBERTAD,MASCULINO,18 a 25,179
2025,MAYO,LA LIBERTAD,MASCULINO,26 a 35,253
2025,MAYO,LA LIBERTAD,MASCULINO,36 a 45,135
2025,MAYO,LA LIBERTAD,MASCULINO,46 a 55,78
2025,MAYO,LA LIBERTAD,MASCULINO,56 a mas,50
2025,MAYO,LAMBAYEQUE,FEMENINO,18 a 25,120
2025,MAYO,LAMBAYEQUE,FEMENINO,26 a 35,127
2025,MAYO,LAMBAYEQUE,FEMENINO,36 a 45,74
2025,MAYO,LAMBAYEQUE,FEMENINO,46 a 55,42
2025,MAYO,LAMBAYEQUE,FEMENINO,56 a mas,41
2025,MAYO,LAMBAYEQUE,MASCULINO,18 a 25,211
2025,MAYO,LAMBAYEQUE,MASCULINO,26 a 35,259
2025,MAYO,LAMBAYEQUE,MASCULINO,36 a 45,139
2025,MAYO,LAMBAYEQUE,MASCULINO,46 a 55,60
2025,MAYO,LAMBAYEQUE,MASCULINO,56 a mas,41
2025,MAYO,LIMA,FEMENINO,18 a 25,984
2025,MAYO,LIMA,FEMENINO,26 a 35,1270
2025,MAYO,LIMA,FEMENINO,36 a 45,769
2025,MAYO,LIMA,FEMENINO,46 a 55,488
2025,MAYO,LIMA,FEMENINO,56 a mas,471
2025,MAYO,LIMA,MASCULINO,18 a 25,1608
2025,MAYO,LIMA,MASCULINO,26 a 35,2482
2025,MAYO,LIMA,MASCULINO,36 a 45,1629
2025,MAYO,LIMA,MASCULINO,46 a 55,888
2025,MAYO,LIMA,MASCULINO,56 a mas,645
2025,MAYO,LORETO,FEMENINO,18 a 25,107
2025,MAYO,LORETO,FEMENINO,26 a 35,85
2025,MAYO,LORETO,FEMENINO,36 a 45,49
2025,MAYO,LORETO,FEMENINO,46 a 55,36
2025,MAYO,LORETO,FEMENINO,56 a mas,40
2025,MAYO,LORETO,MASCULINO,18 a 25,183
2025,MAYO,LORETO,MASCULINO,26 a 35,211
2025,MAYO,LORETO,MASCULINO,36 a 45,118
2025,MAYO,LORETO,MASCULINO,46 a 55,76
2025,MAYO,LORETO,MASCULINO,56 a mas,46
2025,MAYO,MADRE DE DIOS,FEMENINO,18 a 25,53
2025,MAYO,MADRE DE DIOS,FEMENINO,26 a 35,81
2025,MAYO,MADRE DE DIOS,FEMENINO,36 a 45,44
2025,MAYO,MADRE DE DIOS,FEMENINO,46 a 55,22
2025,MAYO,MADRE DE DIOS,FEMENINO,56 a mas,14
2025,MAYO,MADRE DE DIOS,MASCULINO,18 a 25,89
2025,MAYO,MADRE DE DIOS,MASCULINO,26 a 35,104
2025,MAYO,MADRE DE DIOS,MASCULINO,36 a 45,83
2025,MAYO,MADRE DE DIOS,MASCULINO,46 a 55,40
2025,MAYO,MADRE DE DIOS,MASCULINO,56 a mas,29
2025,MAYO,MOQUEGUA,FEMENINO,18 a 25,21
2025,MAYO,MOQUEGUA,FEMENINO,26 a 35,30
2025,MAYO,MOQUEGUA,FEMENINO,36 a 45,4
2025,MAYO,MOQUEGUA,FEMENINO,46 a 55,6
2025,MAYO,MOQUEGUA,FEMENINO,56 a mas,2
2025,MAYO,MOQUEGUA,MASCULINO,18 a 25,27
2025,MAYO,MOQUEGUA,MASCULINO,26 a 35,47
2025,MAYO,MOQUEGUA,MASCULINO,36 a 45,32
2025,MAYO,MOQUEGUA,MASCULINO,46 a 55,25
2025,MAYO,MOQUEGUA,MASCULINO,56 a mas,9
2025,MAYO,NUEVA ZELANDA,MASCULINO,26 a 35,1
2025,MAYO,PASCO,FEMENINO,18 a 25,19
2025,MAYO,PASCO,FEMENINO,26 a 35,16
2025,MAYO,PASCO,FEMENINO,36 a 45,3
2025,MAYO,PASCO,FEMENINO,46 a 55,6
2025,MAYO,PASCO,FEMENINO,56 a mas,2
2025,MAYO,PASCO,MASCULINO,18 a 25,37
2025,MAYO,PASCO,MASCULINO,26 a 35,44
2025,MAYO,PASCO,MASCULINO,36 a 45,25
2025,MAYO,PASCO,MASCULINO,46 a 55,6
2025,MAYO,PASCO,MASCULINO,56 a mas,4
2025,MAYO,PIURA,FEMENINO,18 a 25,328
2025,MAYO,PIURA,FEMENINO,26 a 35,348
2025,MAYO,PIURA,FEMENINO,36 a 45,201
2025,MAYO,PIURA,FEMENINO,46 a 55,121
2025,MAYO,PIURA,FEMENINO,56 a mas,112
2025,MAYO,PIURA,MASCULINO,18 a 25,384
2025,MAYO,PIURA,MASCULINO,26 a 35,412
2025,MAYO,PIURA,MASCULINO,36 a 45,254
2025,MAYO,PIURA,MASCULINO,46 a 55,117
2025,MAYO,PIURA,MASCULINO,56 a mas,69
2025,MAYO,POLONIA,FEMENINO,26 a 35,1
2025,MAYO,PRINCIPADO DE ANDORRA,MASCULINO,36 a 45,1
2025,MAYO,PUNO,FEMENINO,18 a 25,81
2025,MAYO,PUNO,FEMENINO,26 a 35,90
2025,MAYO,PUNO,FEMENINO,36 a 45,47
2025,MAYO,PUNO,FEMENINO,46 a 55,24
2025,MAYO,PUNO,FEMENINO,56 a mas,19
2025,MAYO,PUNO,MASCULINO,18 a 25,137
2025,MAYO,PUNO,MASCULINO,26 a 35,189
2025,MAYO,PUNO,MASCULINO,36 a 45,102
2025,MAYO,PUNO,MASCULINO,46 a 55,42
2025,MAYO,PUNO,MASCULINO,56 a mas,25
2025,MAYO,REPUBLICA DE PANAMA,MASCULINO,36 a 45,1
2025,MAYO,REPUBLICA POPULAR CHINA,MASCULINO,26 a 35,1
2025,MAYO,SAN MARTIN,FEMENINO,18 a 25,57
2025,MAYO,SAN MARTIN,FEMENINO,26 a 35,59
2025,MAYO,SAN MARTIN,FEMENINO,36 a 45,41
2025,MAYO,SAN MARTIN,FEMENINO,46 a 55,30
2025,MAYO,SAN MARTIN,FEMENINO,56 a mas,17
2025,MAYO,SAN MARTIN,MASCULINO,18 a 25,115
2025,MAYO,SAN MARTIN,MASCULINO,26 a 35,129
2025,MAYO,SAN MARTIN,MASCULINO,36 a 45,62
2025,MAYO,SAN MARTIN,MASCULINO,46 a 55,48
2025,MAYO,SAN MARTIN,MASCULINO,56 a mas,44
2025,MAYO,SUIZA,MASCULINO,36 a 45,1
2025,MAYO,SUIZA,MASCULINO,56 a mas,1
2025,MAYO,TACNA,FEMENINO,18 a 25,35
2025,MAYO,TACNA,FEMENINO,26 a 35,32
2025,MAYO,TACNA,FEMENINO,36 a 45,25
2025,MAYO,TACNA,FEMENINO,46 a 55,18
2025,MAYO,TACNA,FEMENINO,56 a mas,11
2025,MAYO,TACNA,MASCULINO,18 a 25,58
2025,MAYO,TACNA,MASCULINO,26 a 35,81
2025,MAYO,TACNA,MASCULINO,36 a 45,64
2025,MAYO,TACNA,MASCULINO,46 a 55,47
2025,MAYO,TACNA,MASCULINO,56 a mas,28
2025,MAYO,TUMBES,FEMENINO,18 a 25,38
2025,MAYO,TUMBES,FEMENINO,26 a 35,24
2025,MAYO,TUMBES,FEMENINO,36 a 45,19
2025,MAYO,TUMBES,FEMENINO,46 a 55,8
2025,MAYO,TUMBES,FEMENINO,56 a mas,11
2025,MAYO,TUMBES,MASCULINO,18 a 25,65
2025,MAYO,TUMBES,MASCULINO,26 a 35,57
2025,MAYO,TUMBES,MASCULINO,36 a 45,39
2025,MAYO,TUMBES,MASCULINO,46 a 55,33
2025,MAYO,TUMBES,MASCULINO,56 a mas,9
2025,MAYO,UCAYALI,FEMENINO,18 a 25,51
2025,MAYO,UCAYALI,FEMENINO,26 a 35,72
2025,MAYO,UCAYALI,FEMENINO,36 a 45,39
2025,MAYO,UCAYALI,FEMENINO,46 a 55,19
2025,MAYO,UCAYALI,FEMENINO,56 a mas,14
2025,MAYO,UCAYALI,MASCULINO,18 a 25,96
2025,MAYO,UCAYALI,MASCULINO,26 a 35,115
2025,MAYO,UCAYALI,MASCULINO,36 a 45,64
2025,MAYO,UCAYALI,MASCULINO,46 a 55,31
2025,MAYO,UCAYALI,MASCULINO,56 a mas,21
2025,NOVIEMBRE,ALEMANIA,FEMENINO,18 a 25,1
2025,NOVIEMBRE,ALEMANIA,MASCULINO,26 a 35,1
2025,NOVIEMBRE,ALEMANIA,MASCULINO,36 a 45,1
2025,NOVIEMBRE,AMAZONAS,FEMENINO,18 a 25,27
2025,NOVIEMBRE,AMAZONAS,FEMENINO,26 a 35,23
2025,NOVIEMBRE,AMAZONAS,FEMENINO,36 a 45,3
2025,NOVIEMBRE,AMAZONAS,FEMENINO,46 a 55,4
2025,NOVIEMBRE,AMAZONAS,FEMENINO,56 a mas,6
2025,NOVIEMBRE,AMAZONAS,MASCULINO,18 a 25,47
2025,NOVIEMBRE,AMAZONAS,MASCULINO,26 a 35,35
2025,NOVIEMBRE,AMAZONAS,MASCULINO,36 a 45,15
2025,NOVIEMBRE,AMAZONAS,MASCULINO,46 a 55,7
2025,NOVIEMBRE,AMAZONAS,MASCULINO,56 a mas,6
2025,NOVIEMBRE,ANCASH,FEMENINO,18 a 25,92
2025,NOVIEMBRE,ANCASH,FEMENINO,26 a 35,82
2025,NOVIEMBRE,ANCASH,FEMENINO,36 a 45,51
2025,NOVIEMBRE,ANCASH,FEMENINO,46 a 55,32
2025,NOVIEMBRE,ANCASH,FEMENINO,56 a mas,25
2025,NOVIEMBRE,ANCASH,MASCULINO,18 a 25,160
2025,NOVIEMBRE,ANCASH,MASCULINO,26 a 35,185
2025,NOVIEMBRE,ANCASH,MASCULINO,36 a 45,86
2025,NOVIEMBRE,ANCASH,MASCULINO,46 a 55,39
2025,NOVIEMBRE,ANCASH,MASCULINO,56 a mas,42
2025,NOVIEMBRE,APURIMAC,FEMENINO,18 a 25,41
2025,NOVIEMBRE,APURIMAC,FEMENINO,26 a 35,47
2025,NOVIEMBRE,APURIMAC,FEMENINO,36 a 45,20
2025,NOVIEMBRE,APURIMAC,FEMENINO,46 a 55,13
2025,NOVIEMBRE,APURIMAC,FEMENINO,56 a mas,14
2025,NOVIEMBRE,APURIMAC,MASCULINO,18 a 25,88
2025,NOVIEMBRE,APURIMAC,MASCULINO,26 a 35,117
2025,NOVIEMBRE,APURIMAC,MASCULINO,36 a 45,53
2025,NOVIEMBRE,APURIMAC,MASCULINO,46 a 55,23
2025,NOVIEMBRE,APURIMAC,MASCULINO,56 a mas,14
2025,NOVIEMBRE,AREQUIPA,FEMENINO,18 a 25,240
2025,NOVIEMBRE,AREQUIPA,FEMENINO,26 a 35,224
2025,NOVIEMBRE,AREQUIPA,FEMENINO,36 a 45,130
2025,NOVIEMBRE,AREQUIPA,FEMENINO,46 a 55,81
2025,NOVIEMBRE,AREQUIPA,FEMENINO,56 a mas,54
2025,NOVIEMBRE,AREQUIPA,MASCULINO,18 a 25,331
2025,NOVIEMBRE,AREQUIPA,MASCULINO,26 a 35,490
2025,NOVIEMBRE,AREQUIPA,MASCULINO,36 a 45,279
2025,NOVIEMBRE,AREQUIPA,MASCULINO,46 a 55,174
2025,NOVIEMBRE,AREQUIPA,MASCULINO,56 a mas,104
2025,NOVIEMBRE,ARGENTINA,FEMENINO,26 a 35,1
2025,NOVIEMBRE,ARGENTINA,FEMENINO,36 a 45,2
2025,NOVIEMBRE,ARGENTINA,MASCULINO,18 a 25,1
2025,NOVIEMBRE,ARGENTINA,MASCULINO,26 a 35,3
2025,NOVIEMBRE,ARGENTINA,MASCULINO,36 a 45,2
2025,NOVIEMBRE,ARGENTINA,MASCULINO,46 a 55,1
2025,NOVIEMBRE,AUSTRALIA,FEMENINO,56 a mas,1
2025,NOVIEMBRE,AUSTRALIA,MASCULINO,56 a mas,1
2025,NOVIEMBRE,AYACUCHO,FEMENINO,18 a 25,85
2025,NOVIEMBRE,AYACUCHO,FEMENINO,26 a 35,74
2025,NOVIEMBRE,AYACUCHO,FEMENINO,36 a 45,27
2025,NOVIEMBRE,AYACUCHO,FEMENINO,46 a 55,19
2025,NOVIEMBRE,AYACUCHO,FEMENINO,56 a mas,15
2025,NOVIEMBRE,AYACUCHO,MASCULINO,18 a 25,123
2025,NOVIEMBRE,AYACUCHO,MASCULINO,26 a 35,152
2025,NOVIEMBRE,AYACUCHO,MASCULINO,36 a 45,71
2025,NOVIEMBRE,AYACUCHO,MASCULINO,46 a 55,16
2025,NOVIEMBRE,AYACUCHO,MASCULINO,56 a mas,24
2025,NOVIEMBRE,BELGICA,FEMENINO,26 a 35,1
2025,NOVIEMBRE,BELGICA,MASCULINO,26 a 35,2
2025,NOVIEMBRE,BOLIVIA,FEMENINO,26 a 35,2
2025,NOVIEMBRE,BOLIVIA,MASCULINO,26 a 35,1
2025,NOVIEMBRE,BOLIVIA,MASCULINO,56 a mas,2
2025,NOVIEMBRE,BRASIL,MASCULINO,26 a 35,2
2025,NOVIEMBRE,BRASIL,MASCULINO,46 a 55,1
2025,NOVIEMBRE,CAJAMARCA,FEMENINO,18 a 25,113
2025,NOVIEMBRE,CAJAMARCA,FEMENINO,26 a 35,75
2025,NOVIEMBRE,CAJAMARCA,FEMENINO,36 a 45,41
2025,NOVIEMBRE,CAJAMARCA,FEMENINO,46 a 55,29
2025,NOVIEMBRE,CAJAMARCA,FEMENINO,56 a mas,26
2025,NOVIEMBRE,CAJAMARCA,MASCULINO,18 a 25,166
2025,NOVIEMBRE,CAJAMARCA,MASCULINO,26 a 35,152
2025,NOVIEMBRE,CAJAMARCA,MASCULINO,36 a 45,96
2025,NOVIEMBRE,CAJAMARCA,MASCULINO,46 a 55,39
2025,NOVIEMBRE,CAJAMARCA,MASCULINO,56 a mas,22
2025,NOVIEMBRE,CALLAO,FEMENINO,18 a 25,183
2025,NOVIEMBRE,CALLAO,FEMENINO,26 a 35,170
2025,NOVIEMBRE,CALLAO,FEMENINO,36 a 45,90
2025,NOVIEMBRE,CALLAO,FEMENINO,46 a 55,53
2025,NOVIEMBRE,CALLAO,FEMENINO,56 a mas,43
2025,NOVIEMBRE,CALLAO,MASCULINO,18 a 25,252
2025,NOVIEMBRE,CALLAO,MASCULINO,26 a 35,302
2025,NOVIEMBRE,CALLAO,MASCULINO,36 a 45,188
2025,NOVIEMBRE,CALLAO,MASCULINO,46 a 55,102
2025,NOVIEMBRE,CALLAO,MASCULINO,56 a mas,65
2025,NOVIEMBRE,CANADA,MASCULINO,36 a 45,1
2025,NOVIEMBRE,CHILE,FEMENINO,26 a 35,1
2025,NOVIEMBRE,CHILE,FEMENINO,36 a 45,4
2025,NOVIEMBRE,CHILE,FEMENINO,46 a 55,4
2025,NOVIEMBRE,CHILE,FEMENINO,56 a mas,3
2025,NOVIEMBRE,CHILE,MASCULINO,26 a 35,1
2025,NOVIEMBRE,CHILE,MASCULINO,36 a 45,5
2025,NOVIEMBRE,CHILE,MASCULINO,46 a 55,3
2025,NOVIEMBRE,CHILE,MASCULINO,56 a mas,2
2025,NOVIEMBRE,COLOMBIA,MASCULINO,26 a 35,1
2025,NOVIEMBRE,CUSCO,FEMENINO,18 a 25,273
2025,NOVIEMBRE,CUSCO,FEMENINO,26 a 35,262
2025,NOVIEMBRE,CUSCO,FEMENINO,36 a 45,158
2025,NOVIEMBRE,CUSCO,FEMENINO,46 a 55,80
2025,NOVIEMBRE,CUSCO,FEMENINO,56 a mas,75
2025,NOVIEMBRE,CUSCO,MASCULINO,18 a 25,421
2025,NOVIEMBRE,CUSCO,MASCULINO,26 a 35,511
2025,NOVIEMBRE,CUSCO,MASCULINO,36 a 45,288
2025,NOVIEMBRE,CUSCO,MASCULINO,46 a 55,147
2025,NOVIEMBRE,CUSCO,MASCULINO,56 a mas,101
2025,NOVIEMBRE,ECUADOR,MASCULINO,26 a 35,1
2025,NOVIEMBRE,ESPAÑA,FEMENINO,18 a 25,1
2025,NOVIEMBRE,ESPAÑA,FEMENINO,26 a 35,3
2025,NOVIEMBRE,ESPAÑA,FEMENINO,36 a 45,3
2025,NOVIEMBRE,ESPAÑA,FEMENINO,46 a 55,3
2025,NOVIEMBRE,ESPAÑA,FEMENINO,56 a mas,3
2025,NOVIEMBRE,ESPAÑA,MASCULINO,18 a 25,1
2025,NOVIEMBRE,ESPAÑA,MASCULINO,26 a 35,2
2025,NOVIEMBRE,ESPAÑA,MASCULINO,36 a 45,3
2025,NOVIEMBRE,ESPAÑA,MASCULINO,46 a 55,5
2025,NOVIEMBRE,ESPAÑA,MASCULINO,56 a mas,1
2025,NOVIEMBRE,ESTADOS UNIDOS DE AMERICA,FEMENINO,26 a 35,2
2025,NOVIEMBRE,ESTADOS UNIDOS DE AMERICA,FEMENINO,36 a 45,9
2025,NOVIEMBRE,ESTADOS UNIDOS DE AMERICA,FEMENINO,46 a 55,8
2025,NOVIEMBRE,ESTADOS UNIDOS DE AMERICA,FEMENINO,56 a mas,10
2025,NOVIEMBRE,ESTADOS UNIDOS DE AMERICA,MASCULINO,26 a 35,7
2025,NOVIEMBRE,ESTADOS UNIDOS DE AMERICA,MASCULINO,36 a 45,8
2025,NOVIEMBRE,ESTADOS UNIDOS DE AMERICA,MASCULINO,46 a 55,11
2025,NOVIEMBRE,ESTADOS UNIDOS DE AMERICA,MASCULINO,56 a mas,11
2025,NOVIEMBRE,FRANCIA,FEMENINO,36 a 45,1
2025,NOVIEMBRE,GRAN BRETAÑA,MASCULINO,56 a mas,1
2025,NOVIEMBRE,HOLANDA,FEMENINO,46 a 55,1
2025,NOVIEMBRE,HUANCAVELICA,FEMENINO,18 a 25,40
2025,NOVIEMBRE,HUANCAVELICA,FEMENINO,26 a 35,29
2025,NOVIEMBRE,HUANCAVELICA,FEMENINO,36 a 45,13
2025,NOVIEMBRE,HUANCAVELICA,FEMENINO,46 a 55,6
2025,NOVIEMBRE,HUANCAVELICA,FEMENINO,56 a mas,4
2025,NOVIEMBRE,HUANCAVELICA,MASCULINO,18 a 25,72
2025,NOVIEMBRE,HUANCAVELICA,MASCULINO,26 a 35,81
2025,NOVIEMBRE,HUANCAVELICA,MASCULINO,36 a 45,33
2025,NOVIEMBRE,HUANCAVELICA,MASCULINO,46 a 55,13
2025,NOVIEMBRE,HUANCAVELICA,MASCULINO,56 a mas,7
2025,NOVIEMBRE,HUANUCO,FEMENINO,18 a 25,72
2025,NOVIEMBRE,HUANUCO,FEMENINO,26 a 35,72
2025,NOVIEMBRE,HUANUCO,FEMENINO,36 a 45,28
2025,NOVIEMBRE,HUANUCO,FEMENINO,46 a 55,15
2025,NOVIEMBRE,HUANUCO,FEMENINO,56 a mas,15
2025,NOVIEMBRE,HUANUCO,MASCULINO,18 a 25,127
2025,NOVIEMBRE,HUANUCO,MASCULINO,26 a 35,125
2025,NOVIEMBRE,HUANUCO,MASCULINO,36 a 45,70
2025,NOVIEMBRE,HUANUCO,MASCULINO,46 a 55,28
2025,NOVIEMBRE,HUANUCO,MASCULINO,56 a mas,28
2025,NOVIEMBRE,ICA,FEMENINO,18 a 25,97
2025,NOVIEMBRE,ICA,FEMENINO,26 a 35,109
2025,NOVIEMBRE,ICA,FEMENINO,36 a 45,62
2025,NOVIEMBRE,ICA,FEMENINO,46 a 55,49
2025,NOVIEMBRE,ICA,FEMENINO,56 a mas,30
2025,NOVIEMBRE,ICA,MASCULINO,18 a 25,180
2025,NOVIEMBRE,ICA,MASCULINO,26 a 35,210
2025,NOVIEMBRE,ICA,MASCULINO,36 a 45,105
2025,NOVIEMBRE,ICA,MASCULINO,46 a 55,68
2025,NOVIEMBRE,ICA,MASCULINO,56 a mas,37
2025,NOVIEMBRE,ISRAEL,FEMENINO,56 a mas,1
2025,NOVIEMBRE,ITALIA,FEMENINO,18 a 25,1
2025,NOVIEMBRE,ITALIA,FEMENINO,26 a 35,2
2025,NOVIEMBRE,ITALIA,FEMENINO,46 a 55,1
2025,NOVIEMBRE,ITALIA,FEMENINO,56 a mas,5
2025,NOVIEMBRE,ITALIA,MASCULINO,36 a 45,1
2025,NOVIEMBRE,ITALIA,MASCULINO,46 a 55,3
2025,NOVIEMBRE,ITALIA,MASCULINO,56 a mas,3
2025,NOVIEMBRE,JAPON,MASCULINO,36 a 45,2
2025,NOVIEMBRE,JUNIN,FEMENINO,18 a 25,160
2025,NOVIEMBRE,JUNIN,FEMENINO,26 a 35,169
2025,NOVIEMBRE,JUNIN,FEMENINO,36 a 45,81
2025,NOVIEMBRE,JUNIN,FEMENINO,46 a 55,53
2025,NOVIEMBRE,JUNIN,FEMENINO,56 a mas,43
2025,NOVIEMBRE,JUNIN,MASCULINO,18 a 25,242
2025,NOVIEMBRE,JUNIN,MASCULINO,26 a 35,271
2025,NOVIEMBRE,JUNIN,MASCULINO,36 a 45,147
2025,NOVIEMBRE,JUNIN,MASCULINO,46 a 55,88
2025,NOVIEMBRE,JUNIN,MASCULINO,56 a mas,44
2025,NOVIEMBRE,LA LIBERTAD,FEMENINO,18 a 25,141
2025,NOVIEMBRE,LA LIBERTAD,FEMENINO,26 a 35,197
2025,NOVIEMBRE,LA LIBERTAD,FEMENINO,36 a 45,74
2025,NOVIEMBRE,LA LIBERTAD,FEMENINO,46 a 55,51
2025,NOVIEMBRE,LA LIBERTAD,FEMENINO,56 a mas,49
2025,NOVIEMBRE,LA LIBERTAD,MASCULINO,18 a 25,248
2025,NOVIEMBRE,LA LIBERTAD,MASCULINO,26 a 35,293
2025,NOVIEMBRE,LA LIBERTAD,MASCULINO,36 a 45,154
2025,NOVIEMBRE,LA LIBERTAD,MASCULINO,46 a 55,102
2025,NOVIEMBRE,LA LIBERTAD,MASCULINO,56 a mas,44
2025,NOVIEMBRE,LAMBAYEQUE,FEMENINO,18 a 25,165
2025,NOVIEMBRE,LAMBAYEQUE,FEMENINO,26 a 35,162
2025,NOVIEMBRE,LAMBAYEQUE,FEMENINO,36 a 45,84
2025,NOVIEMBRE,LAMBAYEQUE,FEMENINO,46 a 55,47
2025,NOVIEMBRE,LAMBAYEQUE,FEMENINO,56 a mas,41
2025,NOVIEMBRE,LAMBAYEQUE,MASCULINO,18 a 25,226
2025,NOVIEMBRE,LAMBAYEQUE,MASCULINO,26 a 35,246
2025,NOVIEMBRE,LAMBAYEQUE,MASCULINO,36 a 45,139
2025,NOVIEMBRE,LAMBAYEQUE,MASCULINO,46 a 55,53
2025,NOVIEMBRE,LAMBAYEQUE,MASCULINO,56 a mas,59
2025,NOVIEMBRE,LIMA,FEMENINO,18 a 25,1191
2025,NOVIEMBRE,LIMA,FEMENINO,26 a 35,1465
2025,NOVIEMBRE,LIMA,FEMENINO,36 a 45,785
2025,NOVIEMBRE,LIMA,FEMENINO,46 a 55,516
2025,NOVIEMBRE,LIMA,FEMENINO,56 a mas,552
2025,NOVIEMBRE,LIMA,MASCULINO,18 a 25,2038
2025,NOVIEMBRE,LIMA,MASCULINO,26 a 35,2829
2025,NOVIEMBRE,LIMA,MASCULINO,36 a 45,1814
2025,NOVIEMBRE,LIMA,MASCULINO,46 a 55,1031
2025,NOVIEMBRE,LIMA,MASCULINO,56 a mas,743
2025,NOVIEMBRE,LORETO,FEMENINO,18 a 25,97
2025,NOVIEMBRE,LORETO,FEMENINO,26 a 35,118
2025,NOVIEMBRE,LORETO,FEMENINO,36 a 45,57
2025,NOVIEMBRE,LORETO,FEMENINO,46 a 55,33
2025,NOVIEMBRE,LORETO,FEMENINO,56 a mas,25
2025,NOVIEMBRE,LORETO,MASCULINO,18 a 25,275
2025,NOVIEMBRE,LORETO,MASCULINO,26 a 35,205
2025,NOVIEMBRE,LORETO,MASCULINO,36 a 45,105
2025,NOVIEMBRE,LORETO,MASCULINO,46 a 55,68
2025,NOVIEMBRE,LORETO,MASCULINO,56 a mas,49
2025,NOVIEMBRE,MADRE DE DIOS,FEMENINO,18 a 25,68
2025,NOVIEMBRE,MADRE DE DIOS,FEMENINO,26 a 35,89
2025,NOVIEMBRE,MADRE DE DIOS,FEMENINO,36 a 45,53
2025,NOVIEMBRE,MADRE DE DIOS,FEMENINO,46 a 55,26
2025,NOVIEMBRE,MADRE DE DIOS,FEMENINO,56 a mas,14
2025,NOVIEMBRE,MADRE DE DIOS,MASCULINO,18 a 25,85
2025,NOVIEMBRE,MADRE DE DIOS,MASCULINO,26 a 35,124
2025,NOVIEMBRE,MADRE DE DIOS,MASCULINO,36 a 45,101
2025,NOVIEMBRE,MADRE DE DIOS,MASCULINO,46 a 55,59
2025,NOVIEMBRE,MADRE DE DIOS,MASCULINO,56 a mas,39
2025,NOVIEMBRE,MEXICO,MASCULINO,36 a 45,1
2025,NOVIEMBRE,MOQUEGUA,FEMENINO,18 a 25,18
2025,NOVIEMBRE,MOQUEGUA,FEMENINO,26 a 35,26
2025,NOVIEMBRE,MOQUEGUA,FEMENINO,36 a 45,10
2025,NOVIEMBRE,MOQUEGUA,FEMENINO,46 a 55,6
2025,NOVIEMBRE,MOQUEGUA,FEMENINO,56 a mas,5
2025,NOVIEMBRE,MOQUEGUA,MASCULINO,18 a 25,32
2025,NOVIEMBRE,MOQUEGUA,MASCULINO,26 a 35,61
2025,NOVIEMBRE,MOQUEGUA,MASCULINO,36 a 45,39
2025,NOVIEMBRE,MOQUEGUA,MASCULINO,46 a 55,13
2025,NOVIEMBRE,MOQUEGUA,MASCULINO,56 a mas,12
2025,NOVIEMBRE,NUEVA ZELANDA,FEMENINO,36 a 45,1
2025,NOVIEMBRE,PASCO,FEMENINO,18 a 25,93
2025,NOVIEMBRE,PASCO,FEMENINO,26 a 35,103
2025,NOVIEMBRE,PASCO,FEMENINO,36 a 45,56
2025,NOVIEMBRE,PASCO,FEMENINO,46 a 55,40
2025,NOVIEMBRE,PASCO,FEMENINO,56 a mas,26
2025,NOVIEMBRE,PASCO,MASCULINO,18 a 25,125
2025,NOVIEMBRE,PASCO,MASCULINO,26 a 35,132
2025,NOVIEMBRE,PASCO,MASCULINO,36 a 45,71
2025,NOVIEMBRE,PASCO,MASCULINO,46 a 55,71
2025,NOVIEMBRE,PASCO,MASCULINO,56 a mas,42
2025,NOVIEMBRE,PIURA,FEMENINO,18 a 25,312
2025,NOVIEMBRE,PIURA,FEMENINO,26 a 35,340
2025,NOVIEMBRE,PIURA,FEMENINO,36 a 45,217
2025,NOVIEMBRE,PIURA,FEMENINO,46 a 55,125
2025,NOVIEMBRE,PIURA,FEMENINO,56 a mas,94
2025,NOVIEMBRE,PIURA,MASCULINO,18 a 25,397
2025,NOVIEMBRE,PIURA,MASCULINO,26 a 35,423
2025,NOVIEMBRE,PIURA,MASCULINO,36 a 45,216
2025,NOVIEMBRE,PIURA,MASCULINO,46 a 55,106
2025,NOVIEMBRE,PIURA,MASCULINO,56 a mas,66
2025,NOVIEMBRE,PORTUGAL,FEMENINO,26 a 35,1
2025,NOVIEMBRE,PORTUGAL,MASCULINO,26 a 35,1
2025,NOVIEMBRE,PUERTO RICO,MASCULINO,56 a mas,1
2025,NOVIEMBRE,PUNO,FEMENINO,18 a 25,95
2025,NOVIEMBRE,PUNO,FEMENINO,26 a 35,110
2025,NOVIEMBRE,PUNO,FEMENINO,36 a 45,45
2025,NOVIEMBRE,PUNO,FEMENINO,46 a 55,30
2025,NOVIEMBRE,PUNO,FEMENINO,56 a mas,22
2025,NOVIEMBRE,PUNO,MASCULINO,18 a 25,227
2025,NOVIEMBRE,PUNO,MASCULINO,26 a 35,250
2025,NOVIEMBRE,PUNO,MASCULINO,36 a 45,141
2025,NOVIEMBRE,PUNO,MASCULINO,46 a 55,57
2025,NOVIEMBRE,PUNO,MASCULINO,56 a mas,33
2025,NOVIEMBRE,SAN MARTIN,FEMENINO,18 a 25,67
2025,NOVIEMBRE,SAN MARTIN,FEMENINO,26 a 35,60
2025,NOVIEMBRE,SAN MARTIN,FEMENINO,36 a 45,36
2025,NOVIEMBRE,SAN MARTIN,FEMENINO,46 a 55,20
2025,NOVIEMBRE,SAN MARTIN,FEMENINO,56 a mas,16
2025,NOVIEMBRE,SAN MARTIN,MASCULINO,18 a 25,120
2025,NOVIEMBRE,SAN MARTIN,MASCULINO,26 a 35,131
2025,NOVIEMBRE,SAN MARTIN,MASCULINO,36 a 45,44
2025,NOVIEMBRE,SAN MARTIN,MASCULINO,46 a 55,42
2025,NOVIEMBRE,SAN MARTIN,MASCULINO,56 a mas,26
2025,NOVIEMBRE,SUECIA,FEMENINO,56 a mas,1
2025,NOVIEMBRE,SUIZA,MASCULINO,36 a 45,1
2025,NOVIEMBRE,TACNA,FEMENINO,18 a 25,37
2025,NOVIEMBRE,TACNA,FEMENINO,26 a 35,33
2025,NOVIEMBRE,TACNA,FEMENINO,36 a 45,27
2025,NOVIEMBRE,TACNA,FEMENINO,46 a 55,13
2025,NOVIEMBRE,TACNA,FEMENINO,56 a mas,9
2025,NOVIEMBRE,TACNA,MASCULINO,18 a 25,55
2025,NOVIEMBRE,TACNA,MASCULINO,26 a 35,71
2025,NOVIEMBRE,TACNA,MASCULINO,36 a 45,53
2025,NOVIEMBRE,TACNA,MASCULINO,46 a 55,27
2025,NOVIEMBRE,TACNA,MASCULINO,56 a mas,22
2025,NOVIEMBRE,TUMBES,FEMENINO,18 a 25,29
2025,NOVIEMBRE,TUMBES,FEMENINO,26 a 35,23
2025,NOVIEMBRE,TUMBES,FEMENINO,36 a 45,18
2025,NOVIEMBRE,TUMBES,FEMENINO,46 a 55,6
2025,NOVIEMBRE,TUMBES,FEMENINO,56 a mas,6
2025,NOVIEMBRE,TUMBES,MASCULINO,18 a 25,84
2025,NOVIEMBRE,TUMBES,MASCULINO,26 a 35,48
2025,NOVIEMBRE,TUMBES,MASCULINO,36 a 45,30
2025,NOVIEMBRE,TUMBES,MASCULINO,46 a 55,8
2025,NOVIEMBRE,TUMBES,MASCULINO,56 a mas,12
2025,NOVIEMBRE,UCAYALI,FEMENINO,18 a 25,71
2025,NOVIEMBRE,UCAYALI,FEMENINO,26 a 35,61
2025,NOVIEMBRE,UCAYALI,FEMENINO,36 a 45,32
2025,NOVIEMBRE,UCAYALI,FEMENINO,46 a 55,23
2025,NOVIEMBRE,UCAYALI,FEMENINO,56 a mas,16
2025,NOVIEMBRE,UCAYALI,MASCULINO,18 a 25,126
2025,NOVIEMBRE,UCAYALI,MASCULINO,26 a 35,110
2025,NOVIEMBRE,UCAYALI,MASCULINO,36 a 45,68
2025,NOVIEMBRE,UCAYALI,MASCULINO,46 a 55,34
2025,NOVIEMBRE,UCAYALI,MASCULINO,56 a mas,25
2025,NOVIEMBRE,VENEZUELA,MASCULINO,26 a 35,1
2025,OCTUBRE,ALEMANIA,FEMENINO,18 a 25,1
2025,OCTUBRE,ALEMANIA,FEMENINO,26 a 35,3
2025,OCTUBRE,ALEMANIA,FEMENINO,36 a 45,1
2025,OCTUBRE,AMAZONAS,FEMENINO,18 a 25,29
2025,OCTUBRE,AMAZONAS,FEMENINO,26 a 35,16
2025,OCTUBRE,AMAZONAS,FEMENINO,36 a 45,12
2025,OCTUBRE,AMAZONAS,FEMENINO,46 a 55,7
2025,OCTUBRE,AMAZONAS,FEMENINO,56 a mas,7
2025,OCTUBRE,AMAZONAS,MASCULINO,18 a 25,40
2025,OCTUBRE,AMAZONAS,MASCULINO,26 a 35,35
2025,OCTUBRE,AMAZONAS,MASCULINO,36 a 45,19
2025,OCTUBRE,AMAZONAS,MASCULINO,46 a 55,7
2025,OCTUBRE,AMAZONAS,MASCULINO,56 a mas,5
2025,OCTUBRE,ANCASH,FEMENINO,18 a 25,70
2025,OCTUBRE,ANCASH,FEMENINO,26 a 35,119
2025,OCTUBRE,ANCASH,FEMENINO,36 a 45,49
2025,OCTUBRE,ANCASH,FEMENINO,46 a 55,41
2025,OCTUBRE,ANCASH,FEMENINO,56 a mas,37
2025,OCTUBRE,ANCASH,MASCULINO,18 a 25,151
2025,OCTUBRE,ANCASH,MASCULINO,26 a 35,221
2025,OCTUBRE,ANCASH,MASCULINO,36 a 45,78
2025,OCTUBRE,ANCASH,MASCULINO,46 a 55,54
2025,OCTUBRE,ANCASH,MASCULINO,56 a mas,53
2025,OCTUBRE,APURIMAC,FEMENINO,18 a 25,32
2025,OCTUBRE,APURIMAC,FEMENINO,26 a 35,49
2025,OCTUBRE,APURIMAC,FEMENINO,36 a 45,30
2025,OCTUBRE,APURIMAC,FEMENINO,46 a 55,20
2025,OCTUBRE,APURIMAC,FEMENINO,56 a mas,15
2025,OCTUBRE,APURIMAC,MASCULINO,18 a 25,112
2025,OCTUBRE,APURIMAC,MASCULINO,26 a 35,110
2025,OCTUBRE,APURIMAC,MASCULINO,36 a 45,57
2025,OCTUBRE,APURIMAC,MASCULINO,46 a 55,30
2025,OCTUBRE,APURIMAC,MASCULINO,56 a mas,17
2025,OCTUBRE,AREQUIPA,FEMENINO,18 a 25,192
2025,OCTUBRE,AREQUIPA,FEMENINO,26 a 35,248
2025,OCTUBRE,AREQUIPA,FEMENINO,36 a 45,144
2025,OCTUBRE,AREQUIPA,FEMENINO,46 a 55,70
2025,OCTUBRE,AREQUIPA,FEMENINO,56 a mas,82
2025,OCTUBRE,AREQUIPA,MASCULINO,18 a 25,361
2025,OCTUBRE,AREQUIPA,MASCULINO,26 a 35,504
2025,OCTUBRE,AREQUIPA,MASCULINO,36 a 45,306
2025,OCTUBRE,AREQUIPA,MASCULINO,46 a 55,172
2025,OCTUBRE,AREQUIPA,MASCULINO,56 a mas,119
2025,OCTUBRE,ARGENTINA,FEMENINO,18 a 25,1
2025,OCTUBRE,ARGENTINA,FEMENINO,26 a 35,3
2025,OCTUBRE,ARGENTINA,FEMENINO,36 a 45,2
2025,OCTUBRE,ARGENTINA,FEMENINO,46 a 55,2
2025,OCTUBRE,ARGENTINA,FEMENINO,56 a mas,3
2025,OCTUBRE,ARGENTINA,MASCULINO,26 a 35,3
2025,OCTUBRE,ARGENTINA,MASCULINO,36 a 45,3
2025,OCTUBRE,ARGENTINA,MASCULINO,46 a 55,1
2025,OCTUBRE,AUSTRALIA,FEMENINO,18 a 25,1
2025,OCTUBRE,AYACUCHO,FEMENINO,18 a 25,80
2025,OCTUBRE,AYACUCHO,FEMENINO,26 a 35,74
2025,OCTUBRE,AYACUCHO,FEMENINO,36 a 45,52
2025,OCTUBRE,AYACUCHO,FEMENINO,46 a 55,24
2025,OCTUBRE,AYACUCHO,FEMENINO,56 a mas,10
2025,OCTUBRE,AYACUCHO,MASCULINO,18 a 25,136
2025,OCTUBRE,AYACUCHO,MASCULINO,26 a 35,186
2025,OCTUBRE,AYACUCHO,MASCULINO,36 a 45,84
2025,OCTUBRE,AYACUCHO,MASCULINO,46 a 55,48
2025,OCTUBRE,AYACUCHO,MASCULINO,56 a mas,24
2025,OCTUBRE,BELGICA,FEMENINO,56 a mas,1
2025,OCTUBRE,BOLIVIA,FEMENINO,56 a mas,1
2025,OCTUBRE,BRASIL,FEMENINO,36 a 45,1
2025,OCTUBRE,CAJAMARCA,FEMENINO,18 a 25,100
2025,OCTUBRE,CAJAMARCA,FEMENINO,26 a 35,72
2025,OCTUBRE,CAJAMARCA,FEMENINO,36 a 45,37
2025,OCTUBRE,CAJAMARCA,FEMENINO,46 a 55,24
2025,OCTUBRE,CAJAMARCA,FEMENINO,56 a mas,21
2025,OCTUBRE,CAJAMARCA,MASCULINO,18 a 25,183
2025,OCTUBRE,CAJAMARCA,MASCULINO,26 a 35,157
2025,OCTUBRE,CAJAMARCA,MASCULINO,36 a 45,81
2025,OCTUBRE,CAJAMARCA,MASCULINO,46 a 55,54
2025,OCTUBRE,CAJAMARCA,MASCULINO,56 a mas,32
2025,OCTUBRE,CALLAO,FEMENINO,18 a 25,152
2025,OCTUBRE,CALLAO,FEMENINO,26 a 35,188
2025,OCTUBRE,CALLAO,FEMENINO,36 a 45,104
2025,OCTUBRE,CALLAO,FEMENINO,46 a 55,70
2025,OCTUBRE,CALLAO,FEMENINO,56 a mas,44
2025,OCTUBRE,CALLAO,MASCULINO,18 a 25,300
2025,OCTUBRE,CALLAO,MASCULINO,26 a 35,320
2025,OCTUBRE,CALLAO,MASCULINO,36 a 45,201
2025,OCTUBRE,CALLAO,MASCULINO,46 a 55,107
2025,OCTUBRE,CALLAO,MASCULINO,56 a mas,72
2025,OCTUBRE,CANADA,MASCULINO,56 a mas,1
2025,OCTUBRE,CHILE,FEMENINO,18 a 25,2
2025,OCTUBRE,CHILE,FEMENINO,26 a 35,4
2025,OCTUBRE,CHILE,FEMENINO,56 a mas,1
2025,OCTUBRE,CHILE,MASCULINO,26 a 35,4
2025,OCTUBRE,CHILE,MASCULINO,46 a 55,1
2025,OCTUBRE,CHILE,MASCULINO,56 a mas,2
2025,OCTUBRE,COLOMBIA,FEMENINO,36 a 45,1
2025,OCTUBRE,CUSCO,FEMENINO,18 a 25,271
2025,OCTUBRE,CUSCO,FEMENINO,26 a 35,249
2025,OCTUBRE,CUSCO,FEMENINO,36 a 45,111
2025,OCTUBRE,CUSCO,FEMENINO,46 a 55,71
2025,OCTUBRE,CUSCO,FEMENINO,56 a mas,58
2025,OCTUBRE,CUSCO,MASCULINO,18 a 25,391
2025,OCTUBRE,CUSCO,MASCULINO,26 a 35,499
2025,OCTUBRE,CUSCO,MASCULINO,36 a 45,302
2025,OCTUBRE,CUSCO,MASCULINO,46 a 55,121
2025,OCTUBRE,CUSCO,MASCULINO,56 a mas,70
2025,OCTUBRE,ECUADOR,MASCULINO,46 a 55,1
2025,OCTUBRE,ESPAÑA,FEMENINO,26 a 35,2
2025,OCTUBRE,ESPAÑA,FEMENINO,36 a 45,5
2025,OCTUBRE,ESPAÑA,FEMENINO,46 a 55,6
2025,OCTUBRE,ESPAÑA,FEMENINO,56 a mas,6
2025,OCTUBRE,ESPAÑA,MASCULINO,18 a 25,2
2025,OCTUBRE,ESPAÑA,MASCULINO,26 a 35,5
2025,OCTUBRE,ESPAÑA,MASCULINO,36 a 45,4
2025,OCTUBRE,ESPAÑA,MASCULINO,46 a 55,4
2025,OCTUBRE,ESPAÑA,MASCULINO,56 a mas,4
2025,OCTUBRE,ESTADOS UNIDOS DE AMERICA,FEMENINO,18 a 25,1
2025,OCTUBRE,ESTADOS UNIDOS DE AMERICA,FEMENINO,26 a 35,1
2025,OCTUBRE,ESTADOS UNIDOS DE AMERICA,FEMENINO,36 a 45,4
2025,OCTUBRE,ESTADOS UNIDOS DE AMERICA,FEMENINO,46 a 55,14
2025,OCTUBRE,ESTADOS UNIDOS DE AMERICA,FEMENINO,56 a mas,11
2025,OCTUBRE,ESTADOS UNIDOS DE AMERICA,MASCULINO,26 a 35,5
2025,OCTUBRE,ESTADOS UNIDOS DE AMERICA,MASCULINO,36 a 45,8
2025,OCTUBRE,ESTADOS UNIDOS DE AMERICA,MASCULINO,46 a 55,5
2025,OCTUBRE,ESTADOS UNIDOS DE AMERICA,MASCULINO,56 a mas,11
2025,OCTUBRE,HUANCAVELICA,FEMENINO,18 a 25,46
2025,OCTUBRE,HUANCAVELICA,FEMENINO,26 a 35,24
2025,OCTUBRE,HUANCAVELICA,FEMENINO,36 a 45,9
2025,OCTUBRE,HUANCAVELICA,FEMENINO,46 a 55,3
2025,OCTUBRE,HUANCAVELICA,FEMENINO,56 a mas,1
2025,OCTUBRE,HUANCAVELICA,MASCULINO,18 a 25,96
2025,OCTUBRE,HUANCAVELICA,MASCULINO,26 a 35,76
2025,OCTUBRE,HUANCAVELICA,MASCULINO,36 a 45,33
2025,OCTUBRE,HUANCAVELICA,MASCULINO,46 a 55,11
2025,OCTUBRE,HUANCAVELICA,MASCULINO,56 a mas,3
2025,OCTUBRE,HUANUCO,FEMENINO,18 a 25,92
2025,OCTUBRE,HUANUCO,FEMENINO,26 a 35,74
2025,OCTUBRE,HUANUCO,FEMENINO,36 a 45,25
2025,OCTUBRE,HUANUCO,FEMENINO,46 a 55,18
2025,OCTUBRE,HUANUCO,FEMENINO,56 a mas,14
2025,OCTUBRE,HUANUCO,MASCULINO,18 a 25,119
2025,OCTUBRE,HUANUCO,MASCULINO,26 a 35,130
2025,OCTUBRE,HUANUCO,MASCULINO,36 a 45,87
2025,OCTUBRE,HUANUCO,MASCULINO,46 a 55,30
2025,OCTUBRE,HUANUCO,MASCULINO,56 a mas,17
2025,OCTUBRE,ICA,FEMENINO,18 a 25,106
2025,OCTUBRE,ICA,FEMENINO,26 a 35,117
2025,OCTUBRE,ICA,FEMENINO,36 a 45,77
2025,OCTUBRE,ICA,FEMENINO,46 a 55,29
2025,OCTUBRE,ICA,FEMENINO,56 a mas,27
2025,OCTUBRE,ICA,MASCULINO,18 a 25,185
2025,OCTUBRE,ICA,MASCULINO,26 a 35,217
2025,OCTUBRE,ICA,MASCULINO,36 a 45,109
2025,OCTUBRE,ICA,MASCULINO,46 a 55,73
2025,OCTUBRE,ICA,MASCULINO,56 a mas,36
2025,OCTUBRE,ITALIA,FEMENINO,26 a 35,2
2025,OCTUBRE,ITALIA,FEMENINO,36 a 45,1
2025,OCTUBRE,ITALIA,FEMENINO,46 a 55,4
2025,OCTUBRE,ITALIA,FEMENINO,56 a mas,3
2025,OCTUBRE,ITALIA,MASCULINO,36 a 45,1
2025,OCTUBRE,ITALIA,MASCULINO,46 a 55,4
2025,OCTUBRE,ITALIA,MASCULINO,56 a mas,1
2025,OCTUBRE,JAPON,FEMENINO,36 a 45,1
2025,OCTUBRE,JAPON,MASCULINO,26 a 35,1
2025,OCTUBRE,JAPON,MASCULINO,36 a 45,2
2025,OCTUBRE,JAPON,MASCULINO,46 a 55,1
2025,OCTUBRE,JAPON,MASCULINO,56 a mas,1
2025,OCTUBRE,JUNIN,FEMENINO,18 a 25,145
2025,OCTUBRE,JUNIN,FEMENINO,26 a 35,155
2025,OCTUBRE,JUNIN,FEMENINO,36 a 45,68
2025,OCTUBRE,JUNIN,FEMENINO,46 a 55,50
2025,OCTUBRE,JUNIN,FEMENINO,56 a mas,43
2025,OCTUBRE,JUNIN,MASCULINO,18 a 25,222
2025,OCTUBRE,JUNIN,MASCULINO,26 a 35,300
2025,OCTUBRE,JUNIN,MASCULINO,36 a 45,161
2025,OCTUBRE,JUNIN,MASCULINO,46 a 55,70
2025,OCTUBRE,JUNIN,MASCULINO,56 a mas,50
2025,OCTUBRE,LA LIBERTAD,FEMENINO,18 a 25,158
2025,OCTUBRE,LA LIBERTAD,FEMENINO,26 a 35,195
2025,OCTUBRE,LA LIBERTAD,FEMENINO,36 a 45,89
2025,OCTUBRE,LA LIBERTAD,FEMENINO,46 a 55,54
2025,OCTUBRE,LA LIBERTAD,FEMENINO,56 a mas,60
2025,OCTUBRE,LA LIBERTAD,MASCULINO,18 a 25,265
2025,OCTUBRE,LA LIBERTAD,MASCULINO,26 a 35,290
2025,OCTUBRE,LA LIBERTAD,MASCULINO,36 a 45,153
2025,OCTUBRE,LA LIBERTAD,MASCULINO,46 a 55,76
2025,OCTUBRE,LA LIBERTAD,MASCULINO,56 a mas,59
2025,OCTUBRE,LAMBAYEQUE,FEMENINO,18 a 25,160
2025,OCTUBRE,LAMBAYEQUE,FEMENINO,26 a 35,173
2025,OCTUBRE,LAMBAYEQUE,FEMENINO,36 a 45,94
2025,OCTUBRE,LAMBAYEQUE,FEMENINO,46 a 55,59
2025,OCTUBRE,LAMBAYEQUE,FEMENINO,56 a mas,41
2025,OCTUBRE,LAMBAYEQUE,MASCULINO,18 a 25,248
2025,OCTUBRE,LAMBAYEQUE,MASCULINO,26 a 35,251
2025,OCTUBRE,LAMBAYEQUE,MASCULINO,36 a 45,115
2025,OCTUBRE,LAMBAYEQUE,MASCULINO,46 a 55,65
2025,OCTUBRE,LAMBAYEQUE,MASCULINO,56 a mas,27
2025,OCTUBRE,LIMA,FEMENINO,18 a 25,1315
2025,OCTUBRE,LIMA,FEMENINO,26 a 35,1581
2025,OCTUBRE,LIMA,FEMENINO,36 a 45,959
2025,OCTUBRE,LIMA,FEMENINO,46 a 55,685
2025,OCTUBRE,LIMA,FEMENINO,56 a mas,623
2025,OCTUBRE,LIMA,MASCULINO,18 a 25,2218
2025,OCTUBRE,LIMA,MASCULINO,26 a 35,3073
2025,OCTUBRE,LIMA,MASCULINO,36 a 45,2136
2025,OCTUBRE,LIMA,MASCULINO,46 a 55,1312
2025,OCTUBRE,LIMA,MASCULINO,56 a mas,832
2025,OCTUBRE,LORETO,FEMENINO,18 a 25,117
2025,OCTUBRE,LORETO,FEMENINO,26 a 35,95
2025,OCTUBRE,LORETO,FEMENINO,36 a 45,56
2025,OCTUBRE,LORETO,FEMENINO,46 a 55,35
2025,OCTUBRE,LORETO,FEMENINO,56 a mas,20
2025,OCTUBRE,LORETO,MASCULINO,18 a 25,248
2025,OCTUBRE,LORETO,MASCULINO,26 a 35,211
2025,OCTUBRE,LORETO,MASCULINO,36 a 45,105
2025,OCTUBRE,LORETO,MASCULINO,46 a 55,67
2025,OCTUBRE,LORETO,MASCULINO,56 a mas,45
2025,OCTUBRE,MADRE DE DIOS,FEMENINO,18 a 25,70
2025,OCTUBRE,MADRE DE DIOS,FEMENINO,26 a 35,88
2025,OCTUBRE,MADRE DE DIOS,FEMENINO,36 a 45,61
2025,OCTUBRE,MADRE DE DIOS,FEMENINO,46 a 55,15
2025,OCTUBRE,MADRE DE DIOS,FEMENINO,56 a mas,15
2025,OCTUBRE,MADRE DE DIOS,MASCULINO,18 a 25,96
2025,OCTUBRE,MADRE DE DIOS,MASCULINO,26 a 35,138
2025,OCTUBRE,MADRE DE DIOS,MASCULINO,36 a 45,102
2025,OCTUBRE,MADRE DE DIOS,MASCULINO,46 a 55,46
2025,OCTUBRE,MADRE DE DIOS,MASCULINO,56 a mas,24
2025,OCTUBRE,MEXICO,FEMENINO,26 a 35,1
2025,OCTUBRE,MEXICO,FEMENINO,36 a 45,1
2025,OCTUBRE,MOQUEGUA,FEMENINO,18 a 25,27
2025,OCTUBRE,MOQUEGUA,FEMENINO,26 a 35,27
2025,OCTUBRE,MOQUEGUA,FEMENINO,36 a 45,16
2025,OCTUBRE,MOQUEGUA,FEMENINO,46 a 55,6
2025,OCTUBRE,MOQUEGUA,FEMENINO,56 a mas,9
2025,OCTUBRE,MOQUEGUA,MASCULINO,18 a 25,38
2025,OCTUBRE,MOQUEGUA,MASCULINO,26 a 35,54
2025,OCTUBRE,MOQUEGUA,MASCULINO,36 a 45,34
2025,OCTUBRE,MOQUEGUA,MASCULINO,46 a 55,25
2025,OCTUBRE,MOQUEGUA,MASCULINO,56 a mas,9
2025,OCTUBRE,PASCO,FEMENINO,18 a 25,18
2025,OCTUBRE,PASCO,FEMENINO,26 a 35,21
2025,OCTUBRE,PASCO,FEMENINO,36 a 45,10
2025,OCTUBRE,PASCO,FEMENINO,46 a 55,5
2025,OCTUBRE,PASCO,FEMENINO,56 a mas,4
2025,OCTUBRE,PASCO,MASCULINO,18 a 25,53
2025,OCTUBRE,PASCO,MASCULINO,26 a 35,70
2025,OCTUBRE,PASCO,MASCULINO,36 a 45,45
2025,OCTUBRE,PASCO,MASCULINO,46 a 55,15
2025,OCTUBRE,PASCO,MASCULINO,56 a mas,13
2025,OCTUBRE,PIURA,FEMENINO,18 a 25,338
2025,OCTUBRE,PIURA,FEMENINO,26 a 35,415
2025,OCTUBRE,PIURA,FEMENINO,36 a 45,220
2025,OCTUBRE,PIURA,FEMENINO,46 a 55,154
2025,OCTUBRE,PIURA,FEMENINO,56 a mas,106
2025,OCTUBRE,PIURA,MASCULINO,18 a 25,403
2025,OCTUBRE,PIURA,MASCULINO,26 a 35,439
2025,OCTUBRE,PIURA,MASCULINO,36 a 45,245
2025,OCTUBRE,PIURA,MASCULINO,46 a 55,125
2025,OCTUBRE,PIURA,MASCULINO,56 a mas,80
2025,OCTUBRE,PUERTO RICO,MASCULINO,36 a 45,1
2025,OCTUBRE,PUERTO RICO,MASCULINO,56 a mas,1
2025,OCTUBRE,PUNO,FEMENINO,18 a 25,117
2025,OCTUBRE,PUNO,FEMENINO,26 a 35,126
2025,OCTUBRE,PUNO,FEMENINO,36 a 45,57
2025,OCTUBRE,PUNO,FEMENINO,46 a 55,41
2025,OCTUBRE,PUNO,FEMENINO,56 a mas,23
2025,OCTUBRE,PUNO,MASCULINO,18 a 25,186
2025,OCTUBRE,PUNO,MASCULINO,26 a 35,251
2025,OCTUBRE,PUNO,MASCULINO,36 a 45,155
2025,OCTUBRE,PUNO,MASCULINO,46 a 55,67
2025,OCTUBRE,PUNO,MASCULINO,56 a mas,31
2025,OCTUBRE,SAN MARTIN,FEMENINO,18 a 25,73
2025,OCTUBRE,SAN MARTIN,FEMENINO,26 a 35,52
2025,OCTUBRE,SAN MARTIN,FEMENINO,36 a 45,26
2025,OCTUBRE,SAN MARTIN,FEMENINO,46 a 55,16
2025,OCTUBRE,SAN MARTIN,FEMENINO,56 a mas,17
2025,OCTUBRE,SAN MARTIN,MASCULINO,18 a 25,131
2025,OCTUBRE,SAN MARTIN,MASCULINO,26 a 35,112
2025,OCTUBRE,SAN MARTIN,MASCULINO,36 a 45,66
2025,OCTUBRE,SAN MARTIN,MASCULINO,46 a 55,39
2025,OCTUBRE,SAN MARTIN,MASCULINO,56 a mas,21
2025,OCTUBRE,SUECIA,FEMENINO,46 a 55,1
2025,OCTUBRE,SUECIA,MASCULINO,56 a mas,1
2025,OCTUBRE,SUIZA,MASCULINO,36 a 45,2
2025,OCTUBRE,TACNA,FEMENINO,18 a 25,45
2025,OCTUBRE,TACNA,FEMENINO,26 a 35,38
2025,OCTUBRE,TACNA,FEMENINO,36 a 45,20
2025,OCTUBRE,TACNA,FEMENINO,46 a 55,15
2025,OCTUBRE,TACNA,FEMENINO,56 a mas,21
2025,OCTUBRE,TACNA,MASCULINO,18 a 25,62
2025,OCTUBRE,TACNA,MASCULINO,26 a 35,88
2025,OCTUBRE,TACNA,MASCULINO,36 a 45,68
2025,OCTUBRE,TACNA,MASCULINO,46 a 55,44
2025,OCTUBRE,TACNA,MASCULINO,56 a mas,25
2025,OCTUBRE,TUMBES,FEMENINO,18 a 25,34
2025,OCTUBRE,TUMBES,FEMENINO,26 a 35,43
2025,OCTUBRE,TUMBES,FEMENINO,36 a 45,18
2025,OCTUBRE,TUMBES,FEMENINO,46 a 55,9
2025,OCTUBRE,TUMBES,FEMENINO,56 a mas,9
2025,OCTUBRE,TUMBES,MASCULINO,18 a 25,85
2025,OCTUBRE,TUMBES,MASCULINO,26 a 35,61
2025,OCTUBRE,TUMBES,MASCULINO,36 a 45,44
2025,OCTUBRE,TUMBES,MASCULINO,46 a 55,20
2025,OCTUBRE,TUMBES,MASCULINO,56 a mas,12
2025,OCTUBRE,UCAYALI,FEMENINO,18 a 25,84
2025,OCTUBRE,UCAYALI,FEMENINO,26 a 35,48
2025,OCTUBRE,UCAYALI,FEMENINO,36 a 45,25
2025,OCTUBRE,UCAYALI,FEMENINO,46 a 55,17
2025,OCTUBRE,UCAYALI,FEMENINO,56 a mas,16
2025,OCTUBRE,UCAYALI,MASCULINO,18 a 25,99
2025,OCTUBRE,UCAYALI,MASCULINO,26 a 35,135
2025,OCTUBRE,UCAYALI,MASCULINO,36 a 45,50
2025,OCTUBRE,UCAYALI,MASCULINO,46 a 55,44
2025,OCTUBRE,UCAYALI,MASCULINO,56 a mas,16
2025,OCTUBRE,VIETNAM,MASCULINO,36 a 45,1
2025,SEPTIEMBRE,ALEMANIA,FEMENINO,26 a 35,1
2025,SEPTIEMBRE,ALEMANIA,FEMENINO,46 a 55,1
2025,SEPTIEMBRE,ALEMANIA,FEMENINO,56 a mas,1
2025,SEPTIEMBRE,AMAZONAS,FEMENINO,18 a 25,27
2025,SEPTIEMBRE,AMAZONAS,FEMENINO,26 a 35,14
2025,SEPTIEMBRE,AMAZONAS,FEMENINO,36 a 45,4
2025,SEPTIEMBRE,AMAZONAS,FEMENINO,46 a 55,5
2025,SEPTIEMBRE,AMAZONAS,FEMENINO,56 a mas,1
2025,SEPTIEMBRE,AMAZONAS,MASCULINO,18 a 25,43
2025,SEPTIEMBRE,AMAZONAS,MASCULINO,26 a 35,29
2025,SEPTIEMBRE,AMAZONAS,MASCULINO,36 a 45,20
2025,SEPTIEMBRE,AMAZONAS,MASCULINO,46 a 55,8
2025,SEPTIEMBRE,AMAZONAS,MASCULINO,56 a mas,6
2025,SEPTIEMBRE,ANCASH,FEMENINO,18 a 25,88
2025,SEPTIEMBRE,ANCASH,FEMENINO,26 a 35,102
2025,SEPTIEMBRE,ANCASH,FEMENINO,36 a 45,49
2025,SEPTIEMBRE,ANCASH,FEMENINO,46 a 55,30
2025,SEPTIEMBRE,ANCASH,FEMENINO,56 a mas,24
2025,SEPTIEMBRE,ANCASH,MASCULINO,18 a 25,145
2025,SEPTIEMBRE,ANCASH,MASCULINO,26 a 35,187
2025,SEPTIEMBRE,ANCASH,MASCULINO,36 a 45,110
2025,SEPTIEMBRE,ANCASH,MASCULINO,46 a 55,43
2025,SEPTIEMBRE,ANCASH,MASCULINO,56 a mas,44
2025,SEPTIEMBRE,APURIMAC,FEMENINO,18 a 25,38
2025,SEPTIEMBRE,APURIMAC,FEMENINO,26 a 35,37
2025,SEPTIEMBRE,APURIMAC,FEMENINO,36 a 45,35
2025,SEPTIEMBRE,APURIMAC,FEMENINO,46 a 55,16
2025,SEPTIEMBRE,APURIMAC,FEMENINO,56 a mas,12
2025,SEPTIEMBRE,APURIMAC,MASCULINO,18 a 25,123
2025,SEPTIEMBRE,APURIMAC,MASCULINO,26 a 35,116
2025,SEPTIEMBRE,APURIMAC,MASCULINO,36 a 45,49
2025,SEPTIEMBRE,APURIMAC,MASCULINO,46 a 55,20
2025,SEPTIEMBRE,APURIMAC,MASCULINO,56 a mas,11
2025,SEPTIEMBRE,AREQUIPA,FEMENINO,18 a 25,178
2025,SEPTIEMBRE,AREQUIPA,FEMENINO,26 a 35,173
2025,SEPTIEMBRE,AREQUIPA,FEMENINO,36 a 45,104
2025,SEPTIEMBRE,AREQUIPA,FEMENINO,46 a 55,61
2025,SEPTIEMBRE,AREQUIPA,FEMENINO,56 a mas,48
2025,SEPTIEMBRE,AREQUIPA,MASCULINO,18 a 25,260
2025,SEPTIEMBRE,AREQUIPA,MASCULINO,26 a 35,414
2025,SEPTIEMBRE,AREQUIPA,MASCULINO,36 a 45,232
2025,SEPTIEMBRE,AREQUIPA,MASCULINO,46 a 55,137
2025,SEPTIEMBRE,AREQUIPA,MASCULINO,56 a mas,93
2025,SEPTIEMBRE,ARGENTINA,FEMENINO,18 a 25,1
2025,SEPTIEMBRE,ARGENTINA,FEMENINO,26 a 35,1
2025,SEPTIEMBRE,ARGENTINA,FEMENINO,36 a 45,4
2025,SEPTIEMBRE,ARGENTINA,FEMENINO,46 a 55,1
2025,SEPTIEMBRE,ARGENTINA,FEMENINO,56 a mas,2
2025,SEPTIEMBRE,ARGENTINA,MASCULINO,26 a 35,4
2025,SEPTIEMBRE,ARGENTINA,MASCULINO,36 a 45,3
2025,SEPTIEMBRE,ARGENTINA,MASCULINO,46 a 55,1
2025,SEPTIEMBRE,ARGENTINA,MASCULINO,56 a mas,1
2025,SEPTIEMBRE,AYACUCHO,FEMENINO,18 a 25,96
2025,SEPTIEMBRE,AYACUCHO,FEMENINO,26 a 35,58
2025,SEPTIEMBRE,AYACUCHO,FEMENINO,36 a 45,25
2025,SEPTIEMBRE,AYACUCHO,FEMENINO,46 a 55,19
2025,SEPTIEMBRE,AYACUCHO,FEMENINO,56 a mas,20
2025,SEPTIEMBRE,AYACUCHO,MASCULINO,18 a 25,167
2025,SEPTIEMBRE,AYACUCHO,MASCULINO,26 a 35,169
2025,SEPTIEMBRE,AYACUCHO,MASCULINO,36 a 45,85
2025,SEPTIEMBRE,AYACUCHO,MASCULINO,46 a 55,40
2025,SEPTIEMBRE,AYACUCHO,MASCULINO,56 a mas,24
2025,SEPTIEMBRE,BELGICA,FEMENINO,18 a 25,1
2025,SEPTIEMBRE,BOLIVIA,MASCULINO,46 a 55,1
2025,SEPTIEMBRE,BRASIL,FEMENINO,26 a 35,2
2025,SEPTIEMBRE,BRASIL,FEMENINO,36 a 45,2
2025,SEPTIEMBRE,BRASIL,FEMENINO,56 a mas,1
2025,SEPTIEMBRE,BRASIL,MASCULINO,18 a 25,1
2025,SEPTIEMBRE,BRASIL,MASCULINO,46 a 55,2
2025,SEPTIEMBRE,CAJAMARCA,FEMENINO,18 a 25,116
2025,SEPTIEMBRE,CAJAMARCA,FEMENINO,26 a 35,82
2025,SEPTIEMBRE,CAJAMARCA,FEMENINO,36 a 45,30
2025,SEPTIEMBRE,CAJAMARCA,FEMENINO,46 a 55,23
2025,SEPTIEMBRE,CAJAMARCA,FEMENINO,56 a mas,22
2025,SEPTIEMBRE,CAJAMARCA,MASCULINO,18 a 25,185
2025,SEPTIEMBRE,CAJAMARCA,MASCULINO,26 a 35,155
2025,SEPTIEMBRE,CAJAMARCA,MASCULINO,36 a 45,81
2025,SEPTIEMBRE,CAJAMARCA,MASCULINO,46 a 55,47
2025,SEPTIEMBRE,CAJAMARCA,MASCULINO,56 a mas,24
2025,SEPTIEMBRE,CALLAO,FEMENINO,18 a 25,166
2025,SEPTIEMBRE,CALLAO,FEMENINO,26 a 35,174
2025,SEPTIEMBRE,CALLAO,FEMENINO,36 a 45,119
2025,SEPTIEMBRE,CALLAO,FEMENINO,46 a 55,64
2025,SEPTIEMBRE,CALLAO,FEMENINO,56 a mas,44
2025,SEPTIEMBRE,CALLAO,MASCULINO,18 a 25,252
2025,SEPTIEMBRE,CALLAO,MASCULINO,26 a 35,313
2025,SEPTIEMBRE,CALLAO,MASCULINO,36 a 45,191
2025,SEPTIEMBRE,CALLAO,MASCULINO,46 a 55,142
2025,SEPTIEMBRE,CALLAO,MASCULINO,56 a mas,71
2025,SEPTIEMBRE,CANADA,FEMENINO,46 a 55,1
2025,SEPTIEMBRE,CANADA,MASCULINO,46 a 55,1
2025,SEPTIEMBRE,CHILE,FEMENINO,18 a 25,1
2025,SEPTIEMBRE,CHILE,FEMENINO,26 a 35,1
2025,SEPTIEMBRE,CHILE,FEMENINO,36 a 45,2
2025,SEPTIEMBRE,CHILE,FEMENINO,46 a 55,5
2025,SEPTIEMBRE,CHILE,FEMENINO,56 a mas,1
2025,SEPTIEMBRE,CHILE,MASCULINO,26 a 35,4
2025,SEPTIEMBRE,CHILE,MASCULINO,36 a 45,2
2025,SEPTIEMBRE,CHILE,MASCULINO,46 a 55,3
2025,SEPTIEMBRE,CHILE,MASCULINO,56 a mas,1
2025,SEPTIEMBRE,COLOMBIA,FEMENINO,36 a 45,2
2025,SEPTIEMBRE,COLOMBIA,MASCULINO,56 a mas,1
2025,SEPTIEMBRE,COSTA RICA,MASCULINO,56 a mas,1
2025,SEPTIEMBRE,CUSCO,FEMENINO,18 a 25,186
2025,SEPTIEMBRE,CUSCO,FEMENINO,26 a 35,180
2025,SEPTIEMBRE,CUSCO,FEMENINO,36 a 45,77
2025,SEPTIEMBRE,CUSCO,FEMENINO,46 a 55,61
2025,SEPTIEMBRE,CUSCO,FEMENINO,56 a mas,50
2025,SEPTIEMBRE,CUSCO,MASCULINO,18 a 25,412
2025,SEPTIEMBRE,CUSCO,MASCULINO,26 a 35,414
2025,SEPTIEMBRE,CUSCO,MASCULINO,36 a 45,255
2025,SEPTIEMBRE,CUSCO,MASCULINO,46 a 55,122
2025,SEPTIEMBRE,CUSCO,MASCULINO,56 a mas,70
2025,SEPTIEMBRE,ESPAÑA,FEMENINO,18 a 25,1
2025,SEPTIEMBRE,ESPAÑA,FEMENINO,26 a 35,2
2025,SEPTIEMBRE,ESPAÑA,FEMENINO,36 a 45,2
2025,SEPTIEMBRE,ESPAÑA,FEMENINO,46 a 55,4
2025,SEPTIEMBRE,ESPAÑA,FEMENINO,56 a mas,4
2025,SEPTIEMBRE,ESPAÑA,MASCULINO,18 a 25,2
2025,SEPTIEMBRE,ESPAÑA,MASCULINO,26 a 35,3
2025,SEPTIEMBRE,ESPAÑA,MASCULINO,36 a 45,4
2025,SEPTIEMBRE,ESPAÑA,MASCULINO,46 a 55,4
2025,SEPTIEMBRE,ESPAÑA,MASCULINO,56 a mas,8
2025,SEPTIEMBRE,ESTADOS UNIDOS DE AMERICA,FEMENINO,18 a 25,1
2025,SEPTIEMBRE,ESTADOS UNIDOS DE AMERICA,FEMENINO,26 a 35,6
2025,SEPTIEMBRE,ESTADOS UNIDOS DE AMERICA,FEMENINO,36 a 45,6
2025,SEPTIEMBRE,ESTADOS UNIDOS DE AMERICA,FEMENINO,46 a 55,5
2025,SEPTIEMBRE,ESTADOS UNIDOS DE AMERICA,FEMENINO,56 a mas,8
2025,SEPTIEMBRE,ESTADOS UNIDOS DE AMERICA,MASCULINO,26 a 35,3
2025,SEPTIEMBRE,ESTADOS UNIDOS DE AMERICA,MASCULINO,36 a 45,5
2025,SEPTIEMBRE,ESTADOS UNIDOS DE AMERICA,MASCULINO,46 a 55,8
2025,SEPTIEMBRE,ESTADOS UNIDOS DE AMERICA,MASCULINO,56 a mas,7
2025,SEPTIEMBRE,FILIPINAS,MASCULINO,56 a mas,1
2025,SEPTIEMBRE,GRAN BRETAÑA,FEMENINO,46 a 55,2
2025,SEPTIEMBRE,GRECIA,FEMENINO,26 a 35,1
2025,SEPTIEMBRE,HUANCAVELICA,FEMENINO,18 a 25,30
2025,SEPTIEMBRE,HUANCAVELICA,FEMENINO,26 a 35,28
2025,SEPTIEMBRE,HUANCAVELICA,FEMENINO,36 a 45,10
2025,SEPTIEMBRE,HUANCAVELICA,FEMENINO,46 a 55,3
2025,SEPTIEMBRE,HUANCAVELICA,FEMENINO,56 a mas,5
2025,SEPTIEMBRE,HUANCAVELICA,MASCULINO,18 a 25,75
2025,SEPTIEMBRE,HUANCAVELICA,MASCULINO,26 a 35,105
2025,SEPTIEMBRE,HUANCAVELICA,MASCULINO,36 a 45,45
2025,SEPTIEMBRE,HUANCAVELICA,MASCULINO,46 a 55,18
2025,SEPTIEMBRE,HUANCAVELICA,MASCULINO,56 a mas,10
2025,SEPTIEMBRE,HUANUCO,FEMENINO,18 a 25,81
2025,SEPTIEMBRE,HUANUCO,FEMENINO,26 a 35,70
2025,SEPTIEMBRE,HUANUCO,FEMENINO,36 a 45,39
2025,SEPTIEMBRE,HUANUCO,FEMENINO,46 a 55,23
2025,SEPTIEMBRE,HUANUCO,FEMENINO,56 a mas,23
2025,SEPTIEMBRE,HUANUCO,MASCULINO,18 a 25,151
2025,SEPTIEMBRE,HUANUCO,MASCULINO,26 a 35,143
2025,SEPTIEMBRE,HUANUCO,MASCULINO,36 a 45,60
2025,SEPTIEMBRE,HUANUCO,MASCULINO,46 a 55,42
2025,SEPTIEMBRE,HUANUCO,MASCULINO,56 a mas,30
2025,SEPTIEMBRE,ICA,FEMENINO,18 a 25,123
2025,SEPTIEMBRE,ICA,FEMENINO,26 a 35,119
2025,SEPTIEMBRE,ICA,FEMENINO,36 a 45,59
2025,SEPTIEMBRE,ICA,FEMENINO,46 a 55,39
2025,SEPTIEMBRE,ICA,FEMENINO,56 a mas,20
2025,SEPTIEMBRE,ICA,MASCULINO,18 a 25,191
2025,SEPTIEMBRE,ICA,MASCULINO,26 a 35,223
2025,SEPTIEMBRE,ICA,MASCULINO,36 a 45,121
2025,SEPTIEMBRE,ICA,MASCULINO,46 a 55,62
2025,SEPTIEMBRE,ICA,MASCULINO,56 a mas,40
2025,SEPTIEMBRE,ISRAEL,FEMENINO,56 a mas,1
2025,SEPTIEMBRE,ITALIA,FEMENINO,26 a 35,2
2025,SEPTIEMBRE,ITALIA,FEMENINO,36 a 45,1
2025,SEPTIEMBRE,ITALIA,FEMENINO,46 a 55,5
2025,SEPTIEMBRE,ITALIA,FEMENINO,56 a mas,2
2025,SEPTIEMBRE,ITALIA,MASCULINO,26 a 35,3
2025,SEPTIEMBRE,ITALIA,MASCULINO,36 a 45,2
2025,SEPTIEMBRE,JAPON,FEMENINO,36 a 45,1
2025,SEPTIEMBRE,JAPON,MASCULINO,26 a 35,1
2025,SEPTIEMBRE,JUNIN,FEMENINO,18 a 25,138
2025,SEPTIEMBRE,JUNIN,FEMENINO,26 a 35,150
2025,SEPTIEMBRE,JUNIN,FEMENINO,36 a 45,90
2025,SEPTIEMBRE,JUNIN,FEMENINO,46 a 55,45
2025,SEPTIEMBRE,JUNIN,FEMENINO,56 a mas,36
2025,SEPTIEMBRE,JUNIN,MASCULINO,18 a 25,243
2025,SEPTIEMBRE,JUNIN,MASCULINO,26 a 35,258
2025,SEPTIEMBRE,JUNIN,MASCULINO,36 a 45,141
2025,SEPTIEMBRE,JUNIN,MASCULINO,46 a 55,69
2025,SEPTIEMBRE,JUNIN,MASCULINO,56 a mas,41
2025,SEPTIEMBRE,LA LIBERTAD,FEMENINO,18 a 25,147
2025,SEPTIEMBRE,LA LIBERTAD,FEMENINO,26 a 35,197
2025,SEPTIEMBRE,LA LIBERTAD,FEMENINO,36 a 45,104
2025,SEPTIEMBRE,LA LIBERTAD,FEMENINO,46 a 55,49
2025,SEPTIEMBRE,LA LIBERTAD,FEMENINO,56 a mas,59
2025,SEPTIEMBRE,LA LIBERTAD,MASCULINO,18 a 25,248
2025,SEPTIEMBRE,LA LIBERTAD,MASCULINO,26 a 35,296
2025,SEPTIEMBRE,LA LIBERTAD,MASCULINO,36 a 45,148
2025,SEPTIEMBRE,LA LIBERTAD,MASCULINO,46 a 55,70
2025,SEPTIEMBRE,LA LIBERTAD,MASCULINO,56 a mas,54
2025,SEPTIEMBRE,LAMBAYEQUE,FEMENINO,18 a 25,175
2025,SEPTIEMBRE,LAMBAYEQUE,FEMENINO,26 a 35,156
2025,SEPTIEMBRE,LAMBAYEQUE,FEMENINO,36 a 45,72
2025,SEPTIEMBRE,LAMBAYEQUE,FEMENINO,46 a 55,60
2025,SEPTIEMBRE,LAMBAYEQUE,FEMENINO,56 a mas,40
2025,SEPTIEMBRE,LAMBAYEQUE,MASCULINO,18 a 25,222
2025,SEPTIEMBRE,LAMBAYEQUE,MASCULINO,26 a 35,270
2025,SEPTIEMBRE,LAMBAYEQUE,MASCULINO,36 a 45,132
2025,SEPTIEMBRE,LAMBAYEQUE,MASCULINO,46 a 55,62
2025,SEPTIEMBRE,LAMBAYEQUE,MASCULINO,56 a mas,44
2025,SEPTIEMBRE,LIMA,FEMENINO,18 a 25,1055
2025,SEPTIEMBRE,LIMA,FEMENINO,26 a 35,1539
2025,SEPTIEMBRE,LIMA,FEMENINO,36 a 45,913
2025,SEPTIEMBRE,LIMA,FEMENINO,46 a 55,518
2025,SEPTIEMBRE,LIMA,FEMENINO,56 a mas,589
2025,SEPTIEMBRE,LIMA,MASCULINO,18 a 25,1873
2025,SEPTIEMBRE,LIMA,MASCULINO,26 a 35,2778
2025,SEPTIEMBRE,LIMA,MASCULINO,36 a 45,1873
2025,SEPTIEMBRE,LIMA,MASCULINO,46 a 55,1120
2025,SEPTIEMBRE,LIMA,MASCULINO,56 a mas,726
2025,SEPTIEMBRE,LORETO,FEMENINO,18 a 25,121
2025,SEPTIEMBRE,LORETO,FEMENINO,26 a 35,88
2025,SEPTIEMBRE,LORETO,FEMENINO,36 a 45,44
2025,SEPTIEMBRE,LORETO,FEMENINO,46 a 55,32
2025,SEPTIEMBRE,LORETO,FEMENINO,56 a mas,32
2025,SEPTIEMBRE,LORETO,MASCULINO,18 a 25,235
2025,SEPTIEMBRE,LORETO,MASCULINO,26 a 35,226
2025,SEPTIEMBRE,LORETO,MASCULINO,36 a 45,93
2025,SEPTIEMBRE,LORETO,MASCULINO,46 a 55,74
2025,SEPTIEMBRE,LORETO,MASCULINO,56 a mas,41
2025,SEPTIEMBRE,MADRE DE DIOS,FEMENINO,18 a 25,62
2025,SEPTIEMBRE,MADRE DE DIOS,FEMENINO,26 a 35,68
2025,SEPTIEMBRE,MADRE DE DIOS,FEMENINO,36 a 45,53
2025,SEPTIEMBRE,MADRE DE DIOS,FEMENINO,46 a 55,24
2025,SEPTIEMBRE,MADRE DE DIOS,FEMENINO,56 a mas,12
2025,SEPTIEMBRE,MADRE DE DIOS,MASCULINO,18 a 25,106
2025,SEPTIEMBRE,MADRE DE DIOS,MASCULINO,26 a 35,111
2025,SEPTIEMBRE,MADRE DE DIOS,MASCULINO,36 a 45,99
2025,SEPTIEMBRE,MADRE DE DIOS,MASCULINO,46 a 55,44
2025,SEPTIEMBRE,MADRE DE DIOS,MASCULINO,56 a mas,21
2025,SEPTIEMBRE,MOQUEGUA,FEMENINO,18 a 25,25
2025,SEPTIEMBRE,MOQUEGUA,FEMENINO,26 a 35,24
2025,SEPTIEMBRE,MOQUEGUA,FEMENINO,36 a 45,15
2025,SEPTIEMBRE,MOQUEGUA,FEMENINO,46 a 55,4
2025,SEPTIEMBRE,MOQUEGUA,FEMENINO,56 a mas,4
2025,SEPTIEMBRE,MOQUEGUA,MASCULINO,18 a 25,36
2025,SEPTIEMBRE,MOQUEGUA,MASCULINO,26 a 35,55
2025,SEPTIEMBRE,MOQUEGUA,MASCULINO,36 a 45,40
2025,SEPTIEMBRE,MOQUEGUA,MASCULINO,46 a 55,21
2025,SEPTIEMBRE,MOQUEGUA,MASCULINO,56 a mas,5
2025,SEPTIEMBRE,PASCO,FEMENINO,18 a 25,17
2025,SEPTIEMBRE,PASCO,FEMENINO,26 a 35,20
2025,SEPTIEMBRE,PASCO,FEMENINO,36 a 45,11
2025,SEPTIEMBRE,PASCO,FEMENINO,46 a 55,6
2025,SEPTIEMBRE,PASCO,FEMENINO,56 a mas,4
2025,SEPTIEMBRE,PASCO,MASCULINO,18 a 25,62
2025,SEPTIEMBRE,PASCO,MASCULINO,26 a 35,64
2025,SEPTIEMBRE,PASCO,MASCULINO,36 a 45,33
2025,SEPTIEMBRE,PASCO,MASCULINO,46 a 55,12
2025,SEPTIEMBRE,PASCO,MASCULINO,56 a mas,9
2025,SEPTIEMBRE,PIURA,FEMENINO,18 a 25,291
2025,SEPTIEMBRE,PIURA,FEMENINO,26 a 35,383
2025,SEPTIEMBRE,PIURA,FEMENINO,36 a 45,206
2025,SEPTIEMBRE,PIURA,FEMENINO,46 a 55,134
2025,SEPTIEMBRE,PIURA,FEMENINO,56 a mas,98
2025,SEPTIEMBRE,PIURA,MASCULINO,18 a 25,409
2025,SEPTIEMBRE,PIURA,MASCULINO,26 a 35,418
2025,SEPTIEMBRE,PIURA,MASCULINO,36 a 45,238
2025,SEPTIEMBRE,PIURA,MASCULINO,46 a 55,110
2025,SEPTIEMBRE,PIURA,MASCULINO,56 a mas,62
2025,SEPTIEMBRE,PUERTO RICO,FEMENINO,56 a mas,1
2025,SEPTIEMBRE,PUNO,FEMENINO,18 a 25,78
2025,SEPTIEMBRE,PUNO,FEMENINO,26 a 35,126
2025,SEPTIEMBRE,PUNO,FEMENINO,36 a 45,59
2025,SEPTIEMBRE,PUNO,FEMENINO,46 a 55,39
2025,SEPTIEMBRE,PUNO,FEMENINO,56 a mas,18
2025,SEPTIEMBRE,PUNO,MASCULINO,18 a 25,191
2025,SEPTIEMBRE,PUNO,MASCULINO,26 a 35,246
2025,SEPTIEMBRE,PUNO,MASCULINO,36 a 45,130
2025,SEPTIEMBRE,PUNO,MASCULINO,46 a 55,53
2025,SEPTIEMBRE,PUNO,MASCULINO,56 a mas,29
2025,SEPTIEMBRE,REPUBLICA DE PANAMA,MASCULINO,36 a 45,1
2025,SEPTIEMBRE,RUSIA,MASCULINO,36 a 45,1
2025,SEPTIEMBRE,SAN MARTIN,FEMENINO,18 a 25,66
2025,SEPTIEMBRE,SAN MARTIN,FEMENINO,26 a 35,67
2025,SEPTIEMBRE,SAN MARTIN,FEMENINO,36 a 45,32
2025,SEPTIEMBRE,SAN MARTIN,FEMENINO,46 a 55,17
2025,SEPTIEMBRE,SAN MARTIN,FEMENINO,56 a mas,23
2025,SEPTIEMBRE,SAN MARTIN,MASCULINO,18 a 25,131
2025,SEPTIEMBRE,SAN MARTIN,MASCULINO,26 a 35,117
2025,SEPTIEMBRE,SAN MARTIN,MASCULINO,36 a 45,75
2025,SEPTIEMBRE,SAN MARTIN,MASCULINO,46 a 55,34
2025,SEPTIEMBRE,SAN MARTIN,MASCULINO,56 a mas,36
2025,SEPTIEMBRE,TACNA,FEMENINO,18 a 25,43
2025,SEPTIEMBRE,TACNA,FEMENINO,26 a 35,33
2025,SEPTIEMBRE,TACNA,FEMENINO,36 a 45,38
2025,SEPTIEMBRE,TACNA,FEMENINO,46 a 55,13
2025,SEPTIEMBRE,TACNA,FEMENINO,56 a mas,13
2025,SEPTIEMBRE,TACNA,MASCULINO,18 a 25,71
2025,SEPTIEMBRE,TACNA,MASCULINO,26 a 35,111
2025,SEPTIEMBRE,TACNA,MASCULINO,36 a 45,61
2025,SEPTIEMBRE,TACNA,MASCULINO,46 a 55,40
2025,SEPTIEMBRE,TACNA,MASCULINO,56 a mas,34
2025,SEPTIEMBRE,TUMBES,FEMENINO,18 a 25,39
2025,SEPTIEMBRE,TUMBES,FEMENINO,26 a 35,32
2025,SEPTIEMBRE,TUMBES,FEMENINO,36 a 45,21
2025,SEPTIEMBRE,TUMBES,FEMENINO,46 a 55,15
2025,SEPTIEMBRE,TUMBES,FEMENINO,56 a mas,6
2025,SEPTIEMBRE,TUMBES,MASCULINO,18 a 25,65
2025,SEPTIEMBRE,TUMBES,MASCULINO,26 a 35,50
2025,SEPTIEMBRE,TUMBES,MASCULINO,36 a 45,41
2025,SEPTIEMBRE,TUMBES,MASCULINO,46 a 55,15
2025,SEPTIEMBRE,TUMBES,MASCULINO,56 a mas,9
2025,SEPTIEMBRE,UCAYALI,FEMENINO,18 a 25,84
2025,SEPTIEMBRE,UCAYALI,FEMENINO,26 a 35,71
2025,SEPTIEMBRE,UCAYALI,FEMENINO,36 a 45,32
2025,SEPTIEMBRE,UCAYALI,FEMENINO,46 a 55,22
2025,SEPTIEMBRE,UCAYALI,FEMENINO,56 a mas,20
2025,SEPTIEMBRE,UCAYALI,MASCULINO,18 a 25,113
2025,SEPTIEMBRE,UCAYALI,MASCULINO,26 a 35,108
2025,SEPTIEMBRE,UCAYALI,MASCULINO,36 a 45,57
2025,SEPTIEMBRE,UCAYALI,MASCULINO,46 a 55,32
2025,SEPTIEMBRE,UCAYALI,MASCULINO,56 a mas,25
2025,SEPTIEMBRE,VENEZUELA,FEMENINO,18 a 25,1
2025,SEPTIEMBRE,VENEZUELA,FEMENINO,46 a 55,2
2025,SEPTIEMBRE,VENEZUELA,MASCULINO,26 a 35,1
2026,ENERO,ALEMANIA,FEMENINO,18 a 25,1
2026,ENERO,ALEMANIA,FEMENINO,26 a 35,1
2026,ENERO,ALEMANIA,FEMENINO,36 a 45,2
2026,ENERO,ALEMANIA,FEMENINO,46 a 55,2
2026,ENERO,ALEMANIA,MASCULINO,36 a 45,1
2026,ENERO,ALEMANIA,MASCULINO,46 a 55,2
2026,ENERO,AMAZONAS,FEMENINO,18 a 25,32
2026,ENERO,AMAZONAS,FEMENINO,26 a 35,24
2026,ENERO,AMAZONAS,FEMENINO,36 a 45,14
2026,ENERO,AMAZONAS,FEMENINO,46 a 55,2
2026,ENERO,AMAZONAS,FEMENINO,56 a mas,1
2026,ENERO,AMAZONAS,MASCULINO,18 a 25,56
2026,ENERO,AMAZONAS,MASCULINO,26 a 35,35
2026,ENERO,AMAZONAS,MASCULINO,36 a 45,15
2026,ENERO,AMAZONAS,MASCULINO,46 a 55,8
2026,ENERO,AMAZONAS,MASCULINO,56 a mas,6
2026,ENERO,ANCASH,FEMENINO,18 a 25,128
2026,ENERO,ANCASH,FEMENINO,26 a 35,142
2026,ENERO,ANCASH,FEMENINO,36 a 45,65
2026,ENERO,ANCASH,FEMENINO,46 a 55,36
2026,ENERO,ANCASH,FEMENINO,56 a mas,30
2026,ENERO,ANCASH,MASCULINO,18 a 25,193
2026,ENERO,ANCASH,MASCULINO,26 a 35,245
2026,ENERO,ANCASH,MASCULINO,36 a 45,102
2026,ENERO,ANCASH,MASCULINO,46 a 55,71
2026,ENERO,ANCASH,MASCULINO,56 a mas,38
2026,ENERO,ANTILLAS HOLANDESAS,FEMENINO,46 a 55,1
2026,ENERO,ANTILLAS HOLANDESAS,MASCULINO,26 a 35,1
2026,ENERO,APURIMAC,FEMENINO,18 a 25,60
2026,ENERO,APURIMAC,FEMENINO,26 a 35,35
2026,ENERO,APURIMAC,FEMENINO,36 a 45,26
2026,ENERO,APURIMAC,FEMENINO,46 a 55,19
2026,ENERO,APURIMAC,FEMENINO,56 a mas,16
2026,ENERO,APURIMAC,MASCULINO,18 a 25,127
2026,ENERO,APURIMAC,MASCULINO,26 a 35,114
2026,ENERO,APURIMAC,MASCULINO,36 a 45,60
2026,ENERO,APURIMAC,MASCULINO,46 a 55,23
2026,ENERO,APURIMAC,MASCULINO,56 a mas,18
2026,ENERO,AREQUIPA,FEMENINO,18 a 25,290
2026,ENERO,AREQUIPA,FEMENINO,26 a 35,237
2026,ENERO,AREQUIPA,FEMENINO,36 a 45,136
2026,ENERO,AREQUIPA,FEMENINO,46 a 55,92
2026,ENERO,AREQUIPA,FEMENINO,56 a mas,63
2026,ENERO,AREQUIPA,MASCULINO,18 a 25,453
2026,ENERO,AREQUIPA,MASCULINO,26 a 35,543
2026,ENERO,AREQUIPA,MASCULINO,36 a 45,345
2026,ENERO,AREQUIPA,MASCULINO,46 a 55,173
2026,ENERO,AREQUIPA,MASCULINO,56 a mas,99
2026,ENERO,ARGENTINA,FEMENINO,18 a 25,2
2026,ENERO,ARGENTINA,FEMENINO,26 a 35,1
2026,ENERO,ARGENTINA,FEMENINO,36 a 45,5
2026,ENERO,ARGENTINA,FEMENINO,46 a 55,6
2026,ENERO,ARGENTINA,FEMENINO,56 a mas,5
2026,ENERO,ARGENTINA,MASCULINO,26 a 35,3
2026,ENERO,ARGENTINA,MASCULINO,36 a 45,6
2026,ENERO,ARGENTINA,MASCULINO,46 a 55,4
2026,ENERO,ARGENTINA,MASCULINO,56 a mas,2
2026,ENERO,AUSTRALIA,FEMENINO,26 a 35,2
2026,ENERO,AUSTRALIA,MASCULINO,26 a 35,1
2026,ENERO,AUSTRIA,MASCULINO,26 a 35,1
2026,ENERO,AYACUCHO,FEMENINO,18 a 25,78
2026,ENERO,AYACUCHO,FEMENINO,26 a 35,74
2026,ENERO,AYACUCHO,FEMENINO,36 a 45,28
2026,ENERO,AYACUCHO,FEMENINO,46 a 55,25
2026,ENERO,AYACUCHO,FEMENINO,56 a mas,19
2026,ENERO,AYACUCHO,MASCULINO,18 a 25,172
2026,ENERO,AYACUCHO,MASCULINO,26 a 35,150
2026,ENERO,AYACUCHO,MASCULINO,36 a 45,82
2026,ENERO,AYACUCHO,MASCULINO,46 a 55,38
2026,ENERO,AYACUCHO,MASCULINO,56 a mas,23
2026,ENERO,BOLIVIA,FEMENINO,18 a 25,3
2026,ENERO,BOLIVIA,FEMENINO,26 a 35,1
2026,ENERO,BOLIVIA,MASCULINO,26 a 35,1
2026,ENERO,BOLIVIA,MASCULINO,36 a 45,2
2026,ENERO,BRASIL,FEMENINO,26 a 35,1
2026,ENERO,BRASIL,MASCULINO,18 a 25,1
2026,ENERO,BRASIL,MASCULINO,26 a 35,3
2026,ENERO,BRASIL,MASCULINO,36 a 45,1
2026,ENERO,BRASIL,MASCULINO,46 a 55,3
2026,ENERO,BRASIL,MASCULINO,56 a mas,4
2026,ENERO,CAJAMARCA,FEMENINO,18 a 25,132
2026,ENERO,CAJAMARCA,FEMENINO,26 a 35,104
2026,ENERO,CAJAMARCA,FEMENINO,36 a 45,33
2026,ENERO,CAJAMARCA,FEMENINO,46 a 55,27
2026,ENERO,CAJAMARCA,FEMENINO,56 a mas,34
2026,ENERO,CAJAMARCA,MASCULINO,18 a 25,184
2026,ENERO,CAJAMARCA,MASCULINO,26 a 35,177
2026,ENERO,CAJAMARCA,MASCULINO,36 a 45,85
2026,ENERO,CAJAMARCA,MASCULINO,46 a 55,37
2026,ENERO,CAJAMARCA,MASCULINO,56 a mas,15
2026,ENERO,CALLAO,FEMENINO,18 a 25,204
2026,ENERO,CALLAO,FEMENINO,26 a 35,193
2026,ENERO,CALLAO,FEMENINO,36 a 45,104
2026,ENERO,CALLAO,FEMENINO,46 a 55,64
2026,ENERO,CALLAO,FEMENINO,56 a mas,40
2026,ENERO,CALLAO,MASCULINO,18 a 25,389
2026,ENERO,CALLAO,MASCULINO,26 a 35,377
2026,ENERO,CALLAO,MASCULINO,36 a 45,190
2026,ENERO,CALLAO,MASCULINO,46 a 55,146
2026,ENERO,CALLAO,MASCULINO,56 a mas,68
2026,ENERO,CANADA,FEMENINO,26 a 35,1
2026,ENERO,CANADA,FEMENINO,56 a mas,1
2026,ENERO,CANADA,MASCULINO,18 a 25,1
2026,ENERO,CANADA,MASCULINO,26 a 35,1
2026,ENERO,CANADA,MASCULINO,36 a 45,1
2026,ENERO,CANADA,MASCULINO,56 a mas,1
2026,ENERO,CHILE,FEMENINO,18 a 25,1
2026,ENERO,CHILE,FEMENINO,26 a 35,2
2026,ENERO,CHILE,FEMENINO,36 a 45,4
2026,ENERO,CHILE,FEMENINO,46 a 55,7
2026,ENERO,CHILE,FEMENINO,56 a mas,9
2026,ENERO,CHILE,MASCULINO,18 a 25,5
2026,ENERO,CHILE,MASCULINO,26 a 35,12
2026,ENERO,CHILE,MASCULINO,36 a 45,7
2026,ENERO,CHILE,MASCULINO,46 a 55,5
2026,ENERO,CHILE,MASCULINO,56 a mas,1
2026,ENERO,COLOMBIA,FEMENINO,26 a 35,1
2026,ENERO,COLOMBIA,MASCULINO,26 a 35,2
2026,ENERO,CUSCO,FEMENINO,18 a 25,300
2026,ENERO,CUSCO,FEMENINO,26 a 35,266
2026,ENERO,CUSCO,FEMENINO,36 a 45,132
2026,ENERO,CUSCO,FEMENINO,46 a 55,80
2026,ENERO,CUSCO,FEMENINO,56 a mas,61
2026,ENERO,CUSCO,MASCULINO,18 a 25,496
2026,ENERO,CUSCO,MASCULINO,26 a 35,570
2026,ENERO,CUSCO,MASCULINO,36 a 45,292
2026,ENERO,CUSCO,MASCULINO,46 a 55,132
2026,ENERO,CUSCO,MASCULINO,56 a mas,83
2026,ENERO,ECUADOR,MASCULINO,18 a 25,1
2026,ENERO,ECUADOR,MASCULINO,36 a 45,1
2026,ENERO,EMIRATOS ARABES UNIDOS,FEMENINO,36 a 45,1
2026,ENERO,ESPAÑA,FEMENINO,18 a 25,1
2026,ENERO,ESPAÑA,FEMENINO,26 a 35,1
2026,ENERO,ESPAÑA,FEMENINO,36 a 45,4
2026,ENERO,ESPAÑA,FEMENINO,46 a 55,3
2026,ENERO,ESPAÑA,FEMENINO,56 a mas,8
2026,ENERO,ESPAÑA,MASCULINO,18 a 25,1
2026,ENERO,ESPAÑA,MASCULINO,26 a 35,3
2026,ENERO,ESPAÑA,MASCULINO,36 a 45,10
2026,ENERO,ESPAÑA,MASCULINO,46 a 55,7
2026,ENERO,ESPAÑA,MASCULINO,56 a mas,4
2026,ENERO,ESTADOS UNIDOS DE AMERICA,FEMENINO,18 a 25,2
2026,ENERO,ESTADOS UNIDOS DE AMERICA,FEMENINO,26 a 35,3
2026,ENERO,ESTADOS UNIDOS DE AMERICA,FEMENINO,36 a 45,1
2026,ENERO,ESTADOS UNIDOS DE AMERICA,FEMENINO,46 a 55,6
2026,ENERO,ESTADOS UNIDOS DE AMERICA,FEMENINO,56 a mas,12
2026,ENERO,ESTADOS UNIDOS DE AMERICA,MASCULINO,18 a 25,3
2026,ENERO,ESTADOS UNIDOS DE AMERICA,MASCULINO,26 a 35,4
2026,ENERO,ESTADOS UNIDOS DE AMERICA,MASCULINO,36 a 45,10
2026,ENERO,ESTADOS UNIDOS DE AMERICA,MASCULINO,46 a 55,7
2026,ENERO,ESTADOS UNIDOS DE AMERICA,MASCULINO,56 a mas,12
2026,ENERO,FRANCIA,FEMENINO,36 a 45,2
2026,ENERO,FRANCIA,MASCULINO,18 a 25,1
2026,ENERO,FRANCIA,MASCULINO,56 a mas,1
2026,ENERO,GRAN BRETAÑA,FEMENINO,26 a 35,1
2026,ENERO,GRAN BRETAÑA,MASCULINO,46 a 55,1
2026,ENERO,GUAYANA FRANCESA,MASCULINO,26 a 35,1
2026,ENERO,HOLANDA,FEMENINO,36 a 45,1
2026,ENERO,HUANCAVELICA,FEMENINO,18 a 25,60
2026,ENERO,HUANCAVELICA,FEMENINO,26 a 35,38
2026,ENERO,HUANCAVELICA,FEMENINO,36 a 45,5
2026,ENERO,HUANCAVELICA,FEMENINO,46 a 55,10
2026,ENERO,HUANCAVELICA,FEMENINO,56 a mas,6
2026,ENERO,HUANCAVELICA,MASCULINO,18 a 25,118
2026,ENERO,HUANCAVELICA,MASCULINO,26 a 35,96
2026,ENERO,HUANCAVELICA,MASCULINO,36 a 45,32
2026,ENERO,HUANCAVELICA,MASCULINO,46 a 55,10
2026,ENERO,HUANCAVELICA,MASCULINO,56 a mas,10
2026,ENERO,HUANUCO,FEMENINO,18 a 25,119
2026,ENERO,HUANUCO,FEMENINO,26 a 35,101
2026,ENERO,HUANUCO,FEMENINO,36 a 45,41
2026,ENERO,HUANUCO,FEMENINO,46 a 55,20
2026,ENERO,HUANUCO,FEMENINO,56 a mas,18
2026,ENERO,HUANUCO,MASCULINO,18 a 25,170
2026,ENERO,HUANUCO,MASCULINO,26 a 35,164
2026,ENERO,HUANUCO,MASCULINO,36 a 45,96
2026,ENERO,HUANUCO,MASCULINO,46 a 55,42
2026,ENERO,HUANUCO,MASCULINO,56 a mas,21
2026,ENERO,ICA,FEMENINO,18 a 25,141
2026,ENERO,ICA,FEMENINO,26 a 35,118
2026,ENERO,ICA,FEMENINO,36 a 45,71
2026,ENERO,ICA,FEMENINO,46 a 55,42
2026,ENERO,ICA,FEMENINO,56 a mas,28
2026,ENERO,ICA,MASCULINO,18 a 25,232
2026,ENERO,ICA,MASCULINO,26 a 35,228
2026,ENERO,ICA,MASCULINO,36 a 45,139
2026,ENERO,ICA,MASCULINO,46 a 55,64
2026,ENERO,ICA,MASCULINO,56 a mas,40
2026,ENERO,ISRAEL,MASCULINO,46 a 55,1
2026,ENERO,ITALIA,FEMENINO,26 a 35,3
2026,ENERO,ITALIA,FEMENINO,36 a 45,2
2026,ENERO,ITALIA,FEMENINO,46 a 55,3
2026,ENERO,ITALIA,FEMENINO,56 a mas,1
2026,ENERO,ITALIA,MASCULINO,26 a 35,3
2026,ENERO,ITALIA,MASCULINO,36 a 45,3
2026,ENERO,ITALIA,MASCULINO,46 a 55,3
2026,ENERO,ITALIA,MASCULINO,56 a mas,4
2026,ENERO,JAPON,FEMENINO,36 a 45,1
2026,ENERO,JAPON,FEMENINO,56 a mas,1
2026,ENERO,JAPON,MASCULINO,36 a 45,1
2026,ENERO,JAPON,MASCULINO,46 a 55,1
2026,ENERO,JUNIN,FEMENINO,18 a 25,185
2026,ENERO,JUNIN,FEMENINO,26 a 35,170
2026,ENERO,JUNIN,FEMENINO,36 a 45,78
2026,ENERO,JUNIN,FEMENINO,46 a 55,50
2026,ENERO,JUNIN,FEMENINO,56 a mas,47
2026,ENERO,JUNIN,MASCULINO,18 a 25,334
2026,ENERO,JUNIN,MASCULINO,26 a 35,276
2026,ENERO,JUNIN,MASCULINO,36 a 45,148
2026,ENERO,JUNIN,MASCULINO,46 a 55,78
2026,ENERO,JUNIN,MASCULINO,56 a mas,56
2026,ENERO,LA LIBERTAD,FEMENINO,18 a 25,233
2026,ENERO,LA LIBERTAD,FEMENINO,26 a 35,242
2026,ENERO,LA LIBERTAD,FEMENINO,36 a 45,94
2026,ENERO,LA LIBERTAD,FEMENINO,46 a 55,65
2026,ENERO,LA LIBERTAD,FEMENINO,56 a mas,47
2026,ENERO,LA LIBERTAD,MASCULINO,18 a 25,347
2026,ENERO,LA LIBERTAD,MASCULINO,26 a 35,334
2026,ENERO,LA LIBERTAD,MASCULINO,36 a 45,170
2026,ENERO,LA LIBERTAD,MASCULINO,46 a 55,84
2026,ENERO,LA LIBERTAD,MASCULINO,56 a mas,56
2026,ENERO,LAMBAYEQUE,FEMENINO,18 a 25,197
2026,ENERO,LAMBAYEQUE,FEMENINO,26 a 35,187
2026,ENERO,LAMBAYEQUE,FEMENINO,36 a 45,105
2026,ENERO,LAMBAYEQUE,FEMENINO,46 a 55,56
2026,ENERO,LAMBAYEQUE,FEMENINO,56 a mas,52
2026,ENERO,LAMBAYEQUE,MASCULINO,18 a 25,284
2026,ENERO,LAMBAYEQUE,MASCULINO,26 a 35,284
2026,ENERO,LAMBAYEQUE,MASCULINO,36 a 45,140
2026,ENERO,LAMBAYEQUE,MASCULINO,46 a 55,54
2026,ENERO,LAMBAYEQUE,MASCULINO,56 a mas,51
2026,ENERO,LETONIA,MASCULINO,26 a 35,1
2026,ENERO,LIMA,FEMENINO,18 a 25,1606
2026,ENERO,LIMA,FEMENINO,26 a 35,1752
2026,ENERO,LIMA,FEMENINO,36 a 45,949
2026,ENERO,LIMA,FEMENINO,46 a 55,586
2026,ENERO,LIMA,FEMENINO,56 a mas,583
2026,ENERO,LIMA,MASCULINO,18 a 25,2572
2026,ENERO,LIMA,MASCULINO,26 a 35,3151
2026,ENERO,LIMA,MASCULINO,36 a 45,2055
2026,ENERO,LIMA,MASCULINO,46 a 55,1198
2026,ENERO,LIMA,MASCULINO,56 a mas,723
2026,ENERO,LORETO,FEMENINO,18 a 25,167
2026,ENERO,LORETO,FEMENINO,26 a 35,119
2026,ENERO,LORETO,FEMENINO,36 a 45,97
2026,ENERO,LORETO,FEMENINO,46 a 55,55
2026,ENERO,LORETO,FEMENINO,56 a mas,41
2026,ENERO,LORETO,MASCULINO,18 a 25,338
2026,ENERO,LORETO,MASCULINO,26 a 35,262
2026,ENERO,LORETO,MASCULINO,36 a 45,161
2026,ENERO,LORETO,MASCULINO,46 a 55,97
2026,ENERO,LORETO,MASCULINO,56 a mas,47
2026,ENERO,MADRE DE DIOS,FEMENINO,18 a 25,125
2026,ENERO,MADRE DE DIOS,FEMENINO,26 a 35,129
2026,ENERO,MADRE DE DIOS,FEMENINO,36 a 45,82
2026,ENERO,MADRE DE DIOS,FEMENINO,46 a 55,29
2026,ENERO,MADRE DE DIOS,FEMENINO,56 a mas,18
2026,ENERO,MADRE DE DIOS,MASCULINO,18 a 25,141
2026,ENERO,MADRE DE DIOS,MASCULINO,26 a 35,200
2026,ENERO,MADRE DE DIOS,MASCULINO,36 a 45,128
2026,ENERO,MADRE DE DIOS,MASCULINO,46 a 55,60
2026,ENERO,MADRE DE DIOS,MASCULINO,56 a mas,39
2026,ENERO,MEXICO,FEMENINO,26 a 35,1
2026,ENERO,MOQUEGUA,FEMENINO,18 a 25,43
2026,ENERO,MOQUEGUA,FEMENINO,26 a 35,39
2026,ENERO,MOQUEGUA,FEMENINO,36 a 45,16
2026,ENERO,MOQUEGUA,FEMENINO,46 a 55,7
2026,ENERO,MOQUEGUA,FEMENINO,56 a mas,2
2026,ENERO,MOQUEGUA,MASCULINO,18 a 25,52
2026,ENERO,MOQUEGUA,MASCULINO,26 a 35,57
2026,ENERO,MOQUEGUA,MASCULINO,36 a 45,39
2026,ENERO,MOQUEGUA,MASCULINO,46 a 55,17
2026,ENERO,MOQUEGUA,MASCULINO,56 a mas,10
2026,ENERO,PARAGUAY,MASCULINO,56 a mas,1
2026,ENERO,PASCO,FEMENINO,18 a 25,30
2026,ENERO,PASCO,FEMENINO,26 a 35,21
2026,ENERO,PASCO,FEMENINO,36 a 45,10
2026,ENERO,PASCO,FEMENINO,46 a 55,7
2026,ENERO,PASCO,FEMENINO,56 a mas,5
2026,ENERO,PASCO,MASCULINO,18 a 25,52
2026,ENERO,PASCO,MASCULINO,26 a 35,82
2026,ENERO,PASCO,MASCULINO,36 a 45,27
2026,ENERO,PASCO,MASCULINO,46 a 55,9
2026,ENERO,PASCO,MASCULINO,56 a mas,8
2026,ENERO,PIURA,FEMENINO,18 a 25,348
2026,ENERO,PIURA,FEMENINO,26 a 35,392
2026,ENERO,PIURA,FEMENINO,36 a 45,236
2026,ENERO,PIURA,FEMENINO,46 a 55,124
2026,ENERO,PIURA,FEMENINO,56 a mas,92
2026,ENERO,PIURA,MASCULINO,18 a 25,545
2026,ENERO,PIURA,MASCULINO,26 a 35,435
2026,ENERO,PIURA,MASCULINO,36 a 45,225
2026,ENERO,PIURA,MASCULINO,46 a 55,103
2026,ENERO,PIURA,MASCULINO,56 a mas,72
2026,ENERO,PORTUGAL,MASCULINO,56 a mas,1
2026,ENERO,PUNO,FEMENINO,18 a 25,169
2026,ENERO,PUNO,FEMENINO,26 a 35,134
2026,ENERO,PUNO,FEMENINO,36 a 45,66
2026,ENERO,PUNO,FEMENINO,46 a 55,29
2026,ENERO,PUNO,FEMENINO,56 a mas,32
2026,ENERO,PUNO,MASCULINO,18 a 25,284
2026,ENERO,PUNO,MASCULINO,26 a 35,325
2026,ENERO,PUNO,MASCULINO,36 a 45,152
2026,ENERO,PUNO,MASCULINO,46 a 55,90
2026,ENERO,PUNO,MASCULINO,56 a mas,31
2026,ENERO,REPUBLICA DE PANAMA,FEMENINO,46 a 55,1
2026,ENERO,REPUBLICA DE PANAMA,MASCULINO,36 a 45,1
2026,ENERO,SAN MARTIN,FEMENINO,18 a 25,90
2026,ENERO,SAN MARTIN,FEMENINO,26 a 35,68
2026,ENERO,SAN MARTIN,FEMENINO,36 a 45,41
2026,ENERO,SAN MARTIN,FEMENINO,46 a 55,18
2026,ENERO,SAN MARTIN,FEMENINO,56 a mas,29
2026,ENERO,SAN MARTIN,MASCULINO,18 a 25,161
2026,ENERO,SAN MARTIN,MASCULINO,26 a 35,145
2026,ENERO,SAN MARTIN,MASCULINO,36 a 45,65
2026,ENERO,SAN MARTIN,MASCULINO,46 a 55,30
2026,ENERO,SAN MARTIN,MASCULINO,56 a mas,37
2026,ENERO,SUIZA,FEMENINO,26 a 35,1
2026,ENERO,SUIZA,FEMENINO,46 a 55,1
2026,ENERO,SUIZA,FEMENINO,56 a mas,1
2026,ENERO,SUIZA,MASCULINO,46 a 55,1
2026,ENERO,SUIZA,MASCULINO,56 a mas,2
2026,ENERO,TACNA,FEMENINO,18 a 25,67
2026,ENERO,TACNA,FEMENINO,26 a 35,50
2026,ENERO,TACNA,FEMENINO,36 a 45,30
2026,ENERO,TACNA,FEMENINO,46 a 55,20
2026,ENERO,TACNA,FEMENINO,56 a mas,9
2026,ENERO,TACNA,MASCULINO,18 a 25,92
2026,ENERO,TACNA,MASCULINO,26 a 35,95
2026,ENERO,TACNA,MASCULINO,36 a 45,68
2026,ENERO,TACNA,MASCULINO,46 a 55,34
2026,ENERO,TACNA,MASCULINO,56 a mas,31
2026,ENERO,TUMBES,FEMENINO,18 a 25,29
2026,ENERO,TUMBES,FEMENINO,26 a 35,24
2026,ENERO,TUMBES,FEMENINO,36 a 45,8
2026,ENERO,TUMBES,FEMENINO,46 a 55,7
2026,ENERO,TUMBES,FEMENINO,56 a mas,13
2026,ENERO,TUMBES,MASCULINO,18 a 25,67
2026,ENERO,TUMBES,MASCULINO,26 a 35,58
2026,ENERO,TUMBES,MASCULINO,36 a 45,23
2026,ENERO,TUMBES,MASCULINO,46 a 55,18
2026,ENERO,TUMBES,MASCULINO,56 a mas,16
2026,ENERO,UCAYALI,FEMENINO,18 a 25,104
2026,ENERO,UCAYALI,FEMENINO,26 a 35,90
2026,ENERO,UCAYALI,FEMENINO,36 a 45,63
2026,ENERO,UCAYALI,FEMENINO,46 a 55,29
2026,ENERO,UCAYALI,FEMENINO,56 a mas,17
2026,ENERO,UCAYALI,MASCULINO,18 a 25,182
2026,ENERO,UCAYALI,MASCULINO,26 a 35,142
2026,ENERO,UCAYALI,MASCULINO,36 a 45,71
2026,ENERO,UCAYALI,MASCULINO,46 a 55,45
2026,ENERO,UCAYALI,MASCULINO,56 a mas,28
2026,ENERO,VENEZUELA,FEMENINO,36 a 45,1
2026,ENERO,VENEZUELA,MASCULINO,46 a 55,1
2026,FEBRERO,ALEMANIA,MASCULINO,26 a 35,1
2026,FEBRERO,ALEMANIA,MASCULINO,46 a 55,1
2026,FEBRERO,ALEMANIA,MASCULINO,56 a mas,1
2026,FEBRERO,AMAZONAS,FEMENINO,18 a 25,27
2026,FEBRERO,AMAZONAS,FEMENINO,26 a 35,24
2026,FEBRERO,AMAZONAS,FEMENINO,36 a 45,10
2026,FEBRERO,AMAZONAS,FEMENINO,46 a 55,12
2026,FEBRERO,AMAZONAS,FEMENINO,56 a mas,8
2026,FEBRERO,AMAZONAS,MASCULINO,18 a 25,70
2026,FEBRERO,AMAZONAS,MASCULINO,26 a 35,38
2026,FEBRERO,AMAZONAS,MASCULINO,36 a 45,20
2026,FEBRERO,AMAZONAS,MASCULINO,46 a 55,11
2026,FEBRERO,AMAZONAS,MASCULINO,56 a mas,9
2026,FEBRERO,ANCASH,FEMENINO,18 a 25,137
2026,FEBRERO,ANCASH,FEMENINO,26 a 35,111
2026,FEBRERO,ANCASH,FEMENINO,36 a 45,54
2026,FEBRERO,ANCASH,FEMENINO,46 a 55,41
2026,FEBRERO,ANCASH,FEMENINO,56 a mas,34
2026,FEBRERO,ANCASH,MASCULINO,18 a 25,193
2026,FEBRERO,ANCASH,MASCULINO,26 a 35,236
2026,FEBRERO,ANCASH,MASCULINO,36 a 45,119
2026,FEBRERO,ANCASH,MASCULINO,46 a 55,77
2026,FEBRERO,ANCASH,MASCULINO,56 a mas,38
2026,FEBRERO,APURIMAC,FEMENINO,18 a 25,52
2026,FEBRERO,APURIMAC,FEMENINO,26 a 35,55
2026,FEBRERO,APURIMAC,FEMENINO,36 a 45,22
2026,FEBRERO,APURIMAC,FEMENINO,46 a 55,12
2026,FEBRERO,APURIMAC,FEMENINO,56 a mas,12
2026,FEBRERO,APURIMAC,MASCULINO,18 a 25,119
2026,FEBRERO,APURIMAC,MASCULINO,26 a 35,120
2026,FEBRERO,APURIMAC,MASCULINO,36 a 45,57
2026,FEBRERO,APURIMAC,MASCULINO,46 a 55,19
2026,FEBRERO,APURIMAC,MASCULINO,56 a mas,13
2026,FEBRERO,AREQUIPA,FEMENINO,18 a 25,211
2026,FEBRERO,AREQUIPA,FEMENINO,26 a 35,219
2026,FEBRERO,AREQUIPA,FEMENINO,36 a 45,131
2026,FEBRERO,AREQUIPA,FEMENINO,46 a 55,77
2026,FEBRERO,AREQUIPA,FEMENINO,56 a mas,68
2026,FEBRERO,AREQUIPA,MASCULINO,18 a 25,397
2026,FEBRERO,AREQUIPA,MASCULINO,26 a 35,522
2026,FEBRERO,AREQUIPA,MASCULINO,36 a 45,302
2026,FEBRERO,AREQUIPA,MASCULINO,46 a 55,165
2026,FEBRERO,AREQUIPA,MASCULINO,56 a mas,98
2026,FEBRERO,ARGENTINA,FEMENINO,18 a 25,3
2026,FEBRERO,ARGENTINA,FEMENINO,26 a 35,4
2026,FEBRERO,ARGENTINA,FEMENINO,36 a 45,8
2026,FEBRERO,ARGENTINA,FEMENINO,46 a 55,6
2026,FEBRERO,ARGENTINA,FEMENINO,56 a mas,8
2026,FEBRERO,ARGENTINA,MASCULINO,26 a 35,5
2026,FEBRERO,ARGENTINA,MASCULINO,36 a 45,6
2026,FEBRERO,ARGENTINA,MASCULINO,46 a 55,3
2026,FEBRERO,ARGENTINA,MASCULINO,56 a mas,5
2026,FEBRERO,AUSTRALIA,FEMENINO,26 a 35,1
2026,FEBRERO,AYACUCHO,FEMENINO,18 a 25,81
2026,FEBRERO,AYACUCHO,FEMENINO,26 a 35,55
2026,FEBRERO,AYACUCHO,FEMENINO,36 a 45,43
2026,FEBRERO,AYACUCHO,FEMENINO,46 a 55,22
2026,FEBRERO,AYACUCHO,FEMENINO,56 a mas,24
2026,FEBRERO,AYACUCHO,MASCULINO,18 a 25,197
2026,FEBRERO,AYACUCHO,MASCULINO,26 a 35,136
2026,FEBRERO,AYACUCHO,MASCULINO,36 a 45,75
2026,FEBRERO,AYACUCHO,MASCULINO,46 a 55,37
2026,FEBRERO,AYACUCHO,MASCULINO,56 a mas,10
2026,FEBRERO,BELGICA,FEMENINO,36 a 45,1
2026,FEBRERO,BELGICA,FEMENINO,46 a 55,1
2026,FEBRERO,BOLIVIA,FEMENINO,18 a 25,1
2026,FEBRERO,BOLIVIA,MASCULINO,56 a mas,1
2026,FEBRERO,BRASIL,FEMENINO,26 a 35,1
2026,FEBRERO,BRASIL,FEMENINO,36 a 45,2
2026,FEBRERO,BRASIL,FEMENINO,46 a 55,1
2026,FEBRERO,BRASIL,FEMENINO,56 a mas,1
2026,FEBRERO,BRASIL,MASCULINO,46 a 55,1
2026,FEBRERO,BRASIL,MASCULINO,56 a mas,1
2026,FEBRERO,CAJAMARCA,FEMENINO,18 a 25,89
2026,FEBRERO,CAJAMARCA,FEMENINO,26 a 35,89
2026,FEBRERO,CAJAMARCA,FEMENINO,36 a 45,40
2026,FEBRERO,CAJAMARCA,FEMENINO,46 a 55,31
2026,FEBRERO,CAJAMARCA,FEMENINO,56 a mas,18
2026,FEBRERO,CAJAMARCA,MASCULINO,18 a 25,199
2026,FEBRERO,CAJAMARCA,MASCULINO,26 a 35,191
2026,FEBRERO,CAJAMARCA,MASCULINO,36 a 45,75
2026,FEBRERO,CAJAMARCA,MASCULINO,46 a 55,31
2026,FEBRERO,CAJAMARCA,MASCULINO,56 a mas,24
2026,FEBRERO,CALLAO,FEMENINO,18 a 25,220
2026,FEBRERO,CALLAO,FEMENINO,26 a 35,199
2026,FEBRERO,CALLAO,FEMENINO,36 a 45,119
2026,FEBRERO,CALLAO,FEMENINO,46 a 55,49
2026,FEBRERO,CALLAO,FEMENINO,56 a mas,47
2026,FEBRERO,CALLAO,MASCULINO,18 a 25,370
2026,FEBRERO,CALLAO,MASCULINO,26 a 35,374
2026,FEBRERO,CALLAO,MASCULINO,36 a 45,220
2026,FEBRERO,CALLAO,MASCULINO,46 a 55,134
2026,FEBRERO,CALLAO,MASCULINO,56 a mas,72
2026,FEBRERO,CANADA,FEMENINO,36 a 45,3
2026,FEBRERO,CANADA,FEMENINO,56 a mas,1
2026,FEBRERO,CANADA,MASCULINO,36 a 45,1
2026,FEBRERO,CANADA,MASCULINO,56 a mas,1
2026,FEBRERO,CHILE,FEMENINO,18 a 25,1
2026,FEBRERO,CHILE,FEMENINO,26 a 35,7
2026,FEBRERO,CHILE,FEMENINO,36 a 45,3
2026,FEBRERO,CHILE,FEMENINO,46 a 55,4
2026,FEBRERO,CHILE,FEMENINO,56 a mas,1
2026,FEBRERO,CHILE,MASCULINO,18 a 25,1
2026,FEBRERO,CHILE,MASCULINO,26 a 35,8
2026,FEBRERO,CHILE,MASCULINO,36 a 45,7
2026,FEBRERO,CHILE,MASCULINO,46 a 55,4
2026,FEBRERO,COLOMBIA,FEMENINO,26 a 35,1
2026,FEBRERO,COLOMBIA,FEMENINO,46 a 55,1
2026,FEBRERO,CUSCO,FEMENINO,18 a 25,238
2026,FEBRERO,CUSCO,FEMENINO,26 a 35,225
2026,FEBRERO,CUSCO,FEMENINO,36 a 45,117
2026,FEBRERO,CUSCO,FEMENINO,46 a 55,66
2026,FEBRERO,CUSCO,FEMENINO,56 a mas,63
2026,FEBRERO,CUSCO,MASCULINO,18 a 25,465
2026,FEBRERO,CUSCO,MASCULINO,26 a 35,522
2026,FEBRERO,CUSCO,MASCULINO,36 a 45,258
2026,FEBRERO,CUSCO,MASCULINO,46 a 55,134
2026,FEBRERO,CUSCO,MASCULINO,56 a mas,66
2026,FEBRERO,DINAMARCA,FEMENINO,46 a 55,1
2026,FEBRERO,ECUADOR,FEMENINO,56 a mas,1
2026,FEBRERO,ECUADOR,MASCULINO,56 a mas,1
2026,FEBRERO,ESPAÑA,FEMENINO,18 a 25,1
2026,FEBRERO,ESPAÑA,FEMENINO,26 a 35,3
2026,FEBRERO,ESPAÑA,FEMENINO,36 a 45,6
2026,FEBRERO,ESPAÑA,FEMENINO,46 a 55,8
2026,FEBRERO,ESPAÑA,FEMENINO,56 a mas,7
2026,FEBRERO,ESPAÑA,MASCULINO,18 a 25,2
2026,FEBRERO,ESPAÑA,MASCULINO,26 a 35,6
2026,FEBRERO,ESPAÑA,MASCULINO,36 a 45,8
2026,FEBRERO,ESPAÑA,MASCULINO,46 a 55,8
2026,FEBRERO,ESPAÑA,MASCULINO,56 a mas,10
2026,FEBRERO,ESTADOS UNIDOS DE AMERICA,FEMENINO,18 a 25,1
2026,FEBRERO,ESTADOS UNIDOS DE AMERICA,FEMENINO,26 a 35,6
2026,FEBRERO,ESTADOS UNIDOS DE AMERICA,FEMENINO,36 a 45,9
2026,FEBRERO,ESTADOS UNIDOS DE AMERICA,FEMENINO,46 a 55,7
2026,FEBRERO,ESTADOS UNIDOS DE AMERICA,FEMENINO,56 a mas,13
2026,FEBRERO,ESTADOS UNIDOS DE AMERICA,MASCULINO,26 a 35,4
2026,FEBRERO,ESTADOS UNIDOS DE AMERICA,MASCULINO,36 a 45,9
2026,FEBRERO,ESTADOS UNIDOS DE AMERICA,MASCULINO,46 a 55,10
2026,FEBRERO,ESTADOS UNIDOS DE AMERICA,MASCULINO,56 a mas,8
2026,FEBRERO,FRANCIA,MASCULINO,26 a 35,1
2026,FEBRERO,FRANCIA,MASCULINO,46 a 55,1
2026,FEBRERO,FRANCIA,MASCULINO,56 a mas,1
2026,FEBRERO,GRAN BRETAÑA,MASCULINO,36 a 45,1
2026,FEBRERO,GRECIA,MASCULINO,46 a 55,1
2026,FEBRERO,HONDURAS,FEMENINO,46 a 55,1
2026,FEBRERO,HONDURAS,MASCULINO,46 a 55,1
2026,FEBRERO,HUANCAVELICA,FEMENINO,18 a 25,26
2026,FEBRERO,HUANCAVELICA,FEMENINO,26 a 35,41
2026,FEBRERO,HUANCAVELICA,FEMENINO,36 a 45,10
2026,FEBRERO,HUANCAVELICA,FEMENINO,46 a 55,9
2026,FEBRERO,HUANCAVELICA,FEMENINO,56 a mas,4
2026,FEBRERO,HUANCAVELICA,MASCULINO,18 a 25,98
2026,FEBRERO,HUANCAVELICA,MASCULINO,26 a 35,81
2026,FEBRERO,HUANCAVELICA,MASCULINO,36 a 45,36
2026,FEBRERO,HUANCAVELICA,MASCULINO,46 a 55,11
2026,FEBRERO,HUANCAVELICA,MASCULINO,56 a mas,9
2026,FEBRERO,HUANUCO,FEMENINO,18 a 25,143
2026,FEBRERO,HUANUCO,FEMENINO,26 a 35,75
2026,FEBRERO,HUANUCO,FEMENINO,36 a 45,62
2026,FEBRERO,HUANUCO,FEMENINO,46 a 55,22
2026,FEBRERO,HUANUCO,FEMENINO,56 a mas,26
2026,FEBRERO,HUANUCO,MASCULINO,18 a 25,221
2026,FEBRERO,HUANUCO,MASCULINO,26 a 35,167
2026,FEBRERO,HUANUCO,MASCULINO,36 a 45,86
2026,FEBRERO,HUANUCO,MASCULINO,46 a 55,51
2026,FEBRERO,HUANUCO,MASCULINO,56 a mas,29
2026,FEBRERO,ICA,FEMENINO,18 a 25,135
2026,FEBRERO,ICA,FEMENINO,26 a 35,136
2026,FEBRERO,ICA,FEMENINO,36 a 45,56
2026,FEBRERO,ICA,FEMENINO,46 a 55,38
2026,FEBRERO,ICA,FEMENINO,56 a mas,27
2026,FEBRERO,ICA,MASCULINO,18 a 25,274
2026,FEBRERO,ICA,MASCULINO,26 a 35,261
2026,FEBRERO,ICA,MASCULINO,36 a 45,109
2026,FEBRERO,ICA,MASCULINO,46 a 55,59
2026,FEBRERO,ICA,MASCULINO,56 a mas,32
2026,FEBRERO,ISRAEL,FEMENINO,46 a 55,1
2026,FEBRERO,ITALIA,FEMENINO,18 a 25,1
2026,FEBRERO,ITALIA,FEMENINO,36 a 45,2
2026,FEBRERO,ITALIA,FEMENINO,46 a 55,1
2026,FEBRERO,ITALIA,FEMENINO,56 a mas,5
2026,FEBRERO,ITALIA,MASCULINO,18 a 25,1
2026,FEBRERO,ITALIA,MASCULINO,26 a 35,4
2026,FEBRERO,ITALIA,MASCULINO,36 a 45,3
2026,FEBRERO,ITALIA,MASCULINO,46 a 55,1
2026,FEBRERO,ITALIA,MASCULINO,56 a mas,4
2026,FEBRERO,JAPON,FEMENINO,36 a 45,1
2026,FEBRERO,JAPON,FEMENINO,46 a 55,1
2026,FEBRERO,JAPON,MASCULINO,36 a 45,2
2026,FEBRERO,JUNIN,FEMENINO,18 a 25,188
2026,FEBRERO,JUNIN,FEMENINO,26 a 35,147
2026,FEBRERO,JUNIN,FEMENINO,36 a 45,87
2026,FEBRERO,JUNIN,FEMENINO,46 a 55,59
2026,FEBRERO,JUNIN,FEMENINO,56 a mas,42
2026,FEBRERO,JUNIN,MASCULINO,18 a 25,277
2026,FEBRERO,JUNIN,MASCULINO,26 a 35,286
2026,FEBRERO,JUNIN,MASCULINO,36 a 45,178
2026,FEBRERO,JUNIN,MASCULINO,46 a 55,74
2026,FEBRERO,JUNIN,MASCULINO,56 a mas,46
2026,FEBRERO,LA LIBERTAD,FEMENINO,18 a 25,208
2026,FEBRERO,LA LIBERTAD,FEMENINO,26 a 35,239
2026,FEBRERO,LA LIBERTAD,FEMENINO,36 a 45,106
2026,FEBRERO,LA LIBERTAD,FEMENINO,46 a 55,58
2026,FEBRERO,LA LIBERTAD,FEMENINO,56 a mas,46
2026,FEBRERO,LA LIBERTAD,MASCULINO,18 a 25,325
2026,FEBRERO,LA LIBERTAD,MASCULINO,26 a 35,348
2026,FEBRERO,LA LIBERTAD,MASCULINO,36 a 45,154
2026,FEBRERO,LA LIBERTAD,MASCULINO,46 a 55,68
2026,FEBRERO,LA LIBERTAD,MASCULINO,56 a mas,54
2026,FEBRERO,LAMBAYEQUE,FEMENINO,18 a 25,195
2026,FEBRERO,LAMBAYEQUE,FEMENINO,26 a 35,177
2026,FEBRERO,LAMBAYEQUE,FEMENINO,36 a 45,79
2026,FEBRERO,LAMBAYEQUE,FEMENINO,46 a 55,54
2026,FEBRERO,LAMBAYEQUE,FEMENINO,56 a mas,44
2026,FEBRERO,LAMBAYEQUE,MASCULINO,18 a 25,304
2026,FEBRERO,LAMBAYEQUE,MASCULINO,26 a 35,315
2026,FEBRERO,LAMBAYEQUE,MASCULINO,36 a 45,153
2026,FEBRERO,LAMBAYEQUE,MASCULINO,46 a 55,75
2026,FEBRERO,LAMBAYEQUE,MASCULINO,56 a mas,40
2026,FEBRERO,LIMA,FEMENINO,18 a 25,1528
2026,FEBRERO,LIMA,FEMENINO,26 a 35,1772
2026,FEBRERO,LIMA,FEMENINO,36 a 45,953
2026,FEBRERO,LIMA,FEMENINO,46 a 55,620
2026,FEBRERO,LIMA,FEMENINO,56 a mas,571
2026,FEBRERO,LIMA,MASCULINO,18 a 25,2573
2026,FEBRERO,LIMA,MASCULINO,26 a 35,3353
2026,FEBRERO,LIMA,MASCULINO,36 a 45,1989
2026,FEBRERO,LIMA,MASCULINO,46 a 55,1103
2026,FEBRERO,LIMA,MASCULINO,56 a mas,752
2026,FEBRERO,LORETO,FEMENINO,18 a 25,182
2026,FEBRERO,LORETO,FEMENINO,26 a 35,127
2026,FEBRERO,LORETO,FEMENINO,36 a 45,80
2026,FEBRERO,LORETO,FEMENINO,46 a 55,47
2026,FEBRERO,LORETO,FEMENINO,56 a mas,39
2026,FEBRERO,LORETO,MASCULINO,18 a 25,345
2026,FEBRERO,LORETO,MASCULINO,26 a 35,258
2026,FEBRERO,LORETO,MASCULINO,36 a 45,148
2026,FEBRERO,LORETO,MASCULINO,46 a 55,83
2026,FEBRERO,LORETO,MASCULINO,56 a mas,50
2026,FEBRERO,MADRE DE DIOS,FEMENINO,18 a 25,102
2026,FEBRERO,MADRE DE DIOS,FEMENINO,26 a 35,128
2026,FEBRERO,MADRE DE DIOS,FEMENINO,36 a 45,75
2026,FEBRERO,MADRE DE DIOS,FEMENINO,46 a 55,27
2026,FEBRERO,MADRE DE DIOS,FEMENINO,56 a mas,16
2026,FEBRERO,MADRE DE DIOS,MASCULINO,18 a 25,131
2026,FEBRERO,MADRE DE DIOS,MASCULINO,26 a 35,180
2026,FEBRERO,MADRE DE DIOS,MASCULINO,36 a 45,126
2026,FEBRERO,MADRE DE DIOS,MASCULINO,46 a 55,56
2026,FEBRERO,MADRE DE DIOS,MASCULINO,56 a mas,33
2026,FEBRERO,MEXICO,MASCULINO,46 a 55,1
2026,FEBRERO,MOQUEGUA,FEMENINO,18 a 25,21
2026,FEBRERO,MOQUEGUA,FEMENINO,26 a 35,28
2026,FEBRERO,MOQUEGUA,FEMENINO,36 a 45,16
2026,FEBRERO,MOQUEGUA,FEMENINO,46 a 55,9
2026,FEBRERO,MOQUEGUA,FEMENINO,56 a mas,10
2026,FEBRERO,MOQUEGUA,MASCULINO,18 a 25,63
2026,FEBRERO,MOQUEGUA,MASCULINO,26 a 35,67
2026,FEBRERO,MOQUEGUA,MASCULINO,36 a 45,39
2026,FEBRERO,MOQUEGUA,MASCULINO,46 a 55,17
2026,FEBRERO,MOQUEGUA,MASCULINO,56 a mas,19
2026,FEBRERO,PASCO,FEMENINO,18 a 25,41
2026,FEBRERO,PASCO,FEMENINO,26 a 35,48
2026,FEBRERO,PASCO,FEMENINO,36 a 45,60
2026,FEBRERO,PASCO,FEMENINO,46 a 55,27
2026,FEBRERO,PASCO,FEMENINO,56 a mas,19
2026,FEBRERO,PASCO,MASCULINO,18 a 25,86
2026,FEBRERO,PASCO,MASCULINO,26 a 35,130
2026,FEBRERO,PASCO,MASCULINO,36 a 45,82
2026,FEBRERO,PASCO,MASCULINO,46 a 55,51
2026,FEBRERO,PASCO,MASCULINO,56 a mas,37
2026,FEBRERO,PIURA,FEMENINO,18 a 25,322
2026,FEBRERO,PIURA,FEMENINO,26 a 35,305
2026,FEBRERO,PIURA,FEMENINO,36 a 45,188
2026,FEBRERO,PIURA,FEMENINO,46 a 55,124
2026,FEBRERO,PIURA,FEMENINO,56 a mas,87
2026,FEBRERO,PIURA,MASCULINO,18 a 25,476
2026,FEBRERO,PIURA,MASCULINO,26 a 35,434
2026,FEBRERO,PIURA,MASCULINO,36 a 45,196
2026,FEBRERO,PIURA,MASCULINO,46 a 55,106
2026,FEBRERO,PIURA,MASCULINO,56 a mas,54
2026,FEBRERO,PORTUGAL,MASCULINO,26 a 35,2
2026,FEBRERO,PUNO,FEMENINO,18 a 25,121
2026,FEBRERO,PUNO,FEMENINO,26 a 35,136
2026,FEBRERO,PUNO,FEMENINO,36 a 45,67
2026,FEBRERO,PUNO,FEMENINO,46 a 55,22
2026,FEBRERO,PUNO,FEMENINO,56 a mas,18
2026,FEBRERO,PUNO,MASCULINO,18 a 25,258
2026,FEBRERO,PUNO,MASCULINO,26 a 35,266
2026,FEBRERO,PUNO,MASCULINO,36 a 45,131
2026,FEBRERO,PUNO,MASCULINO,46 a 55,60
2026,FEBRERO,PUNO,MASCULINO,56 a mas,26
2026,FEBRERO,REPUBLICA POPULAR CHINA,FEMENINO,26 a 35,2
2026,FEBRERO,SAN MARTIN,FEMENINO,18 a 25,79
2026,FEBRERO,SAN MARTIN,FEMENINO,26 a 35,78
2026,FEBRERO,SAN MARTIN,FEMENINO,36 a 45,41
2026,FEBRERO,SAN MARTIN,FEMENINO,46 a 55,24
2026,FEBRERO,SAN MARTIN,FEMENINO,56 a mas,28
2026,FEBRERO,SAN MARTIN,MASCULINO,18 a 25,148
2026,FEBRERO,SAN MARTIN,MASCULINO,26 a 35,145
2026,FEBRERO,SAN MARTIN,MASCULINO,36 a 45,62
2026,FEBRERO,SAN MARTIN,MASCULINO,46 a 55,38
2026,FEBRERO,SAN MARTIN,MASCULINO,56 a mas,21
2026,FEBRERO,SUIZA,FEMENINO,56 a mas,2
2026,FEBRERO,SUIZA,MASCULINO,56 a mas,2
2026,FEBRERO,TACNA,FEMENINO,18 a 25,59
2026,FEBRERO,TACNA,FEMENINO,26 a 35,55
2026,FEBRERO,TACNA,FEMENINO,36 a 45,36
2026,FEBRERO,TACNA,FEMENINO,46 a 55,20
2026,FEBRERO,TACNA,FEMENINO,56 a mas,14
2026,FEBRERO,TACNA,MASCULINO,18 a 25,97
2026,FEBRERO,TACNA,MASCULINO,26 a 35,100
2026,FEBRERO,TACNA,MASCULINO,36 a 45,78
2026,FEBRERO,TACNA,MASCULINO,46 a 55,39
2026,FEBRERO,TACNA,MASCULINO,56 a mas,41
2026,FEBRERO,TUMBES,FEMENINO,18 a 25,34
2026,FEBRERO,TUMBES,FEMENINO,26 a 35,24
2026,FEBRERO,TUMBES,FEMENINO,36 a 45,15
2026,FEBRERO,TUMBES,FEMENINO,46 a 55,5
2026,FEBRERO,TUMBES,FEMENINO,56 a mas,6
2026,FEBRERO,TUMBES,MASCULINO,18 a 25,80
2026,FEBRERO,TUMBES,MASCULINO,26 a 35,40
2026,FEBRERO,TUMBES,MASCULINO,36 a 45,26
2026,FEBRERO,TUMBES,MASCULINO,46 a 55,12
2026,FEBRERO,TUMBES,MASCULINO,56 a mas,13
2026,FEBRERO,UCAYALI,FEMENINO,18 a 25,79
2026,FEBRERO,UCAYALI,FEMENINO,26 a 35,73
2026,FEBRERO,UCAYALI,FEMENINO,36 a 45,47
2026,FEBRERO,UCAYALI,FEMENINO,46 a 55,37
2026,FEBRERO,UCAYALI,FEMENINO,56 a mas,22
2026,FEBRERO,UCAYALI,MASCULINO,18 a 25,200
2026,FEBRERO,UCAYALI,MASCULINO,26 a 35,161
2026,FEBRERO,UCAYALI,MASCULINO,36 a 45,71
2026,FEBRERO,UCAYALI,MASCULINO,46 a 55,35
2026,FEBRERO,UCAYALI,MASCULINO,56 a mas,29
2026,FEBRERO,URUGUAY,MASCULINO,46 a 55,1
2026,FEBRERO,VENEZUELA,FEMENINO,56 a mas,1
2026,MARZO,ALEMANIA,FEMENINO,26 a 35,1
2026,MARZO,ALEMANIA,FEMENINO,36 a 45,1
2026,MARZO,ALEMANIA,FEMENINO,56 a mas,1
2026,MARZO,ALEMANIA,MASCULINO,18 a 25,1
2026,MARZO,ALEMANIA,MASCULINO,26 a 35,1
2026,MARZO,ALEMANIA,MASCULINO,46 a 55,1
2026,MARZO,ALEMANIA,MASCULINO,56 a mas,1
2026,MARZO,AMAZONAS,FEMENINO,18 a 25,41
2026,MARZO,AMAZONAS,FEMENINO,26 a 35,34
2026,MARZO,AMAZONAS,FEMENINO,36 a 45,13
2026,MARZO,AMAZONAS,FEMENINO,46 a 55,8
2026,MARZO,AMAZONAS,FEMENINO,56 a mas,4
2026,MARZO,AMAZONAS,MASCULINO,18 a 25,77
2026,MARZO,AMAZONAS,MASCULINO,26 a 35,49
2026,MARZO,AMAZONAS,MASCULINO,36 a 45,14
2026,MARZO,AMAZONAS,MASCULINO,46 a 55,11
2026,MARZO,AMAZONAS,MASCULINO,56 a mas,10
2026,MARZO,ANCASH,FEMENINO,18 a 25,136
2026,MARZO,ANCASH,FEMENINO,26 a 35,147
2026,MARZO,ANCASH,FEMENINO,36 a 45,66
2026,MARZO,ANCASH,FEMENINO,46 a 55,47
2026,MARZO,ANCASH,FEMENINO,56 a mas,42
2026,MARZO,ANCASH,MASCULINO,18 a 25,288
2026,MARZO,ANCASH,MASCULINO,26 a 35,285
2026,MARZO,ANCASH,MASCULINO,36 a 45,118
2026,MARZO,ANCASH,MASCULINO,46 a 55,81
2026,MARZO,ANCASH,MASCULINO,56 a mas,43
2026,MARZO,APURIMAC,FEMENINO,18 a 25,76
2026,MARZO,APURIMAC,FEMENINO,26 a 35,54
2026,MARZO,APURIMAC,FEMENINO,36 a 45,22
2026,MARZO,APURIMAC,FEMENINO,46 a 55,13
2026,MARZO,APURIMAC,FEMENINO,56 a mas,12
2026,MARZO,APURIMAC,MASCULINO,18 a 25,175
2026,MARZO,APURIMAC,MASCULINO,26 a 35,123
2026,MARZO,APURIMAC,MASCULINO,36 a 45,60
2026,MARZO,APURIMAC,MASCULINO,46 a 55,30
2026,MARZO,APURIMAC,MASCULINO,56 a mas,17
2026,MARZO,AREQUIPA,FEMENINO,18 a 25,293
2026,MARZO,AREQUIPA,FEMENINO,26 a 35,243
2026,MARZO,AREQUIPA,FEMENINO,36 a 45,144
2026,MARZO,AREQUIPA,FEMENINO,46 a 55,70
2026,MARZO,AREQUIPA,FEMENINO,56 a mas,72
2026,MARZO,AREQUIPA,MASCULINO,18 a 25,499
2026,MARZO,AREQUIPA,MASCULINO,26 a 35,613
2026,MARZO,AREQUIPA,MASCULINO,36 a 45,398
2026,MARZO,AREQUIPA,MASCULINO,46 a 55,195
2026,MARZO,AREQUIPA,MASCULINO,56 a mas,100
2026,MARZO,ARGENTINA,FEMENINO,18 a 25,1
2026,MARZO,ARGENTINA,FEMENINO,26 a 35,5
2026,MARZO,ARGENTINA,FEMENINO,36 a 45,1
2026,MARZO,ARGENTINA,FEMENINO,46 a 55,2
2026,MARZO,ARGENTINA,FEMENINO,56 a mas,3
2026,MARZO,ARGENTINA,MASCULINO,18 a 25,3
2026,MARZO,ARGENTINA,MASCULINO,26 a 35,3
2026,MARZO,ARGENTINA,MASCULINO,36 a 45,4
2026,MARZO,ARGENTINA,MASCULINO,46 a 55,3
2026,MARZO,ARGENTINA,MASCULINO,56 a mas,1
2026,MARZO,AUSTRALIA,MASCULINO,26 a 35,1
2026,MARZO,AUSTRALIA,MASCULINO,46 a 55,1
2026,MARZO,AYACUCHO,FEMENINO,18 a 25,107
2026,MARZO,AYACUCHO,FEMENINO,26 a 35,98
2026,MARZO,AYACUCHO,FEMENINO,36 a 45,41
2026,MARZO,AYACUCHO,FEMENINO,46 a 55,24
2026,MARZO,AYACUCHO,FEMENINO,56 a mas,19
2026,MARZO,AYACUCHO,MASCULINO,18 a 25,208
2026,MARZO,AYACUCHO,MASCULINO,26 a 35,191
2026,MARZO,AYACUCHO,MASCULINO,36 a 45,93
2026,MARZO,AYACUCHO,MASCULINO,46 a 55,39
2026,MARZO,AYACUCHO,MASCULINO,56 a mas,26
2026,MARZO,BOLIVIA,MASCULINO,36 a 45,3
2026,MARZO,BRASIL,FEMENINO,18 a 25,1
2026,MARZO,BRASIL,FEMENINO,56 a mas,2
2026,MARZO,BRASIL,MASCULINO,18 a 25,1
2026,MARZO,BRASIL,MASCULINO,26 a 35,4
2026,MARZO,BRASIL,MASCULINO,46 a 55,2
2026,MARZO,BRASIL,MASCULINO,56 a mas,1
2026,MARZO,CAJAMARCA,FEMENINO,18 a 25,120
2026,MARZO,CAJAMARCA,FEMENINO,26 a 35,99
2026,MARZO,CAJAMARCA,FEMENINO,36 a 45,53
2026,MARZO,CAJAMARCA,FEMENINO,46 a 55,24
2026,MARZO,CAJAMARCA,FEMENINO,56 a mas,24
2026,MARZO,CAJAMARCA,MASCULINO,18 a 25,235
2026,MARZO,CAJAMARCA,MASCULINO,26 a 35,197
2026,MARZO,CAJAMARCA,MASCULINO,36 a 45,75
2026,MARZO,CAJAMARCA,MASCULINO,46 a 55,45
2026,MARZO,CAJAMARCA,MASCULINO,56 a mas,23
2026,MARZO,CALLAO,FEMENINO,18 a 25,203
2026,MARZO,CALLAO,FEMENINO,26 a 35,190
2026,MARZO,CALLAO,FEMENINO,36 a 45,125
2026,MARZO,CALLAO,FEMENINO,46 a 55,69
2026,MARZO,CALLAO,FEMENINO,56 a mas,43
2026,MARZO,CALLAO,MASCULINO,18 a 25,365
2026,MARZO,CALLAO,MASCULINO,26 a 35,342
2026,MARZO,CALLAO,MASCULINO,36 a 45,223
2026,MARZO,CALLAO,MASCULINO,46 a 55,146
2026,MARZO,CALLAO,MASCULINO,56 a mas,75
2026,MARZO,CANADA,FEMENINO,26 a 35,2
2026,MARZO,CANADA,FEMENINO,46 a 55,3
2026,MARZO,CANADA,FEMENINO,56 a mas,2
2026,MARZO,CANADA,MASCULINO,36 a 45,2
2026,MARZO,CANADA,MASCULINO,46 a 55,1
2026,MARZO,CANADA,MASCULINO,56 a mas,3
2026,MARZO,CHILE,FEMENINO,18 a 25,2
2026,MARZO,CHILE,FEMENINO,26 a 35,7
2026,MARZO,CHILE,FEMENINO,36 a 45,4
2026,MARZO,CHILE,FEMENINO,46 a 55,2
2026,MARZO,CHILE,FEMENINO,56 a mas,1
2026,MARZO,CHILE,MASCULINO,18 a 25,1
2026,MARZO,CHILE,MASCULINO,26 a 35,11
2026,MARZO,CHILE,MASCULINO,36 a 45,2
2026,MARZO,CHILE,MASCULINO,46 a 55,6
2026,MARZO,CHILE,MASCULINO,56 a mas,1
2026,MARZO,COLOMBIA,FEMENINO,56 a mas,1
2026,MARZO,COLOMBIA,MASCULINO,46 a 55,1
2026,MARZO,COSTA RICA,FEMENINO,46 a 55,1
2026,MARZO,COSTA RICA,MASCULINO,56 a mas,1
2026,MARZO,CUSCO,FEMENINO,18 a 25,265
2026,MARZO,CUSCO,FEMENINO,26 a 35,256
2026,MARZO,CUSCO,FEMENINO,36 a 45,111
2026,MARZO,CUSCO,FEMENINO,46 a 55,63
2026,MARZO,CUSCO,FEMENINO,56 a mas,55
2026,MARZO,CUSCO,MASCULINO,18 a 25,649
2026,MARZO,CUSCO,MASCULINO,26 a 35,576
2026,MARZO,CUSCO,MASCULINO,36 a 45,305
2026,MARZO,CUSCO,MASCULINO,46 a 55,129
2026,MARZO,CUSCO,MASCULINO,56 a mas,79
2026,MARZO,ECUADOR,MASCULINO,36 a 45,1
2026,MARZO,ESPAÑA,FEMENINO,18 a 25,1
2026,MARZO,ESPAÑA,FEMENINO,26 a 35,4
2026,MARZO,ESPAÑA,FEMENINO,36 a 45,3
2026,MARZO,ESPAÑA,FEMENINO,46 a 55,7
2026,MARZO,ESPAÑA,FEMENINO,56 a mas,8
2026,MARZO,ESPAÑA,MASCULINO,26 a 35,4
2026,MARZO,ESPAÑA,MASCULINO,36 a 45,11
2026,MARZO,ESPAÑA,MASCULINO,46 a 55,6
2026,MARZO,ESPAÑA,MASCULINO,56 a mas,2
2026,MARZO,ESTADOS UNIDOS DE AMERICA,FEMENINO,18 a 25,1
2026,MARZO,ESTADOS UNIDOS DE AMERICA,FEMENINO,26 a 35,3
2026,MARZO,ESTADOS UNIDOS DE AMERICA,FEMENINO,36 a 45,9
2026,MARZO,ESTADOS UNIDOS DE AMERICA,FEMENINO,46 a 55,8
2026,MARZO,ESTADOS UNIDOS DE AMERICA,FEMENINO,56 a mas,15
2026,MARZO,ESTADOS UNIDOS DE AMERICA,MASCULINO,18 a 25,1
2026,MARZO,ESTADOS UNIDOS DE AMERICA,MASCULINO,26 a 35,3
2026,MARZO,ESTADOS UNIDOS DE AMERICA,MASCULINO,36 a 45,8
2026,MARZO,ESTADOS UNIDOS DE AMERICA,MASCULINO,46 a 55,6
2026,MARZO,ESTADOS UNIDOS DE AMERICA,MASCULINO,56 a mas,14
2026,MARZO,FRANCIA,FEMENINO,26 a 35,1
2026,MARZO,FRANCIA,FEMENINO,46 a 55,2
2026,MARZO,GRAN BRETAÑA,FEMENINO,56 a mas,1
2026,MARZO,HUANCAVELICA,FEMENINO,18 a 25,39
2026,MARZO,HUANCAVELICA,FEMENINO,26 a 35,26
2026,MARZO,HUANCAVELICA,FEMENINO,36 a 45,12
2026,MARZO,HUANCAVELICA,FEMENINO,46 a 55,9
2026,MARZO,HUANCAVELICA,FEMENINO,56 a mas,5
2026,MARZO,HUANCAVELICA,MASCULINO,18 a 25,139
2026,MARZO,HUANCAVELICA,MASCULINO,26 a 35,93
2026,MARZO,HUANCAVELICA,MASCULINO,36 a 45,36
2026,MARZO,HUANCAVELICA,MASCULINO,46 a 55,19
2026,MARZO,HUANCAVELICA,MASCULINO,56 a mas,6
2026,MARZO,HUANUCO,FEMENINO,18 a 25,136
2026,MARZO,HUANUCO,FEMENINO,26 a 35,92
2026,MARZO,HUANUCO,FEMENINO,36 a 45,41
2026,MARZO,HUANUCO,FEMENINO,46 a 55,31
2026,MARZO,HUANUCO,FEMENINO,56 a mas,24
2026,MARZO,HUANUCO,MASCULINO,18 a 25,200
2026,MARZO,HUANUCO,MASCULINO,26 a 35,208
2026,MARZO,HUANUCO,MASCULINO,36 a 45,106
2026,MARZO,HUANUCO,MASCULINO,46 a 55,50
2026,MARZO,HUANUCO,MASCULINO,56 a mas,25
2026,MARZO,ICA,FEMENINO,18 a 25,158
2026,MARZO,ICA,FEMENINO,26 a 35,144
2026,MARZO,ICA,FEMENINO,36 a 45,70
2026,MARZO,ICA,FEMENINO,46 a 55,42
2026,MARZO,ICA,FEMENINO,56 a mas,38
2026,MARZO,ICA,MASCULINO,18 a 25,309
2026,MARZO,ICA,MASCULINO,26 a 35,293
2026,MARZO,ICA,MASCULINO,36 a 45,136
2026,MARZO,ICA,MASCULINO,46 a 55,82
2026,MARZO,ICA,MASCULINO,56 a mas,53
2026,MARZO,ITALIA,FEMENINO,18 a 25,1
2026,MARZO,ITALIA,FEMENINO,36 a 45,1
2026,MARZO,ITALIA,FEMENINO,46 a 55,5
2026,MARZO,ITALIA,FEMENINO,56 a mas,3
2026,MARZO,ITALIA,MASCULINO,26 a 35,2
2026,MARZO,ITALIA,MASCULINO,36 a 45,1
2026,MARZO,ITALIA,MASCULINO,46 a 55,4
2026,MARZO,ITALIA,MASCULINO,56 a mas,3
2026,MARZO,JAPON,FEMENINO,18 a 25,1
2026,MARZO,JAPON,FEMENINO,26 a 35,1
2026,MARZO,JAPON,MASCULINO,56 a mas,2
2026,MARZO,JUNIN,FEMENINO,18 a 25,218
2026,MARZO,JUNIN,FEMENINO,26 a 35,160
2026,MARZO,JUNIN,FEMENINO,36 a 45,70
2026,MARZO,JUNIN,FEMENINO,46 a 55,57
2026,MARZO,JUNIN,FEMENINO,56 a mas,37
2026,MARZO,JUNIN,MASCULINO,18 a 25,380
2026,MARZO,JUNIN,MASCULINO,26 a 35,296
2026,MARZO,JUNIN,MASCULINO,36 a 45,184
2026,MARZO,JUNIN,MASCULINO,46 a 55,80
2026,MARZO,JUNIN,MASCULINO,56 a mas,53
2026,MARZO,LA LIBERTAD,FEMENINO,18 a 25,188
2026,MARZO,LA LIBERTAD,FEMENINO,26 a 35,238
2026,MARZO,LA LIBERTAD,FEMENINO,36 a 45,105
2026,MARZO,LA LIBERTAD,FEMENINO,46 a 55,47
2026,MARZO,LA LIBERTAD,FEMENINO,56 a mas,44
2026,MARZO,LA LIBERTAD,MASCULINO,18 a 25,390
2026,MARZO,LA LIBERTAD,MASCULINO,26 a 35,358
2026,MARZO,LA LIBERTAD,MASCULINO,36 a 45,187
2026,MARZO,LA LIBERTAD,MASCULINO,46 a 55,88
2026,MARZO,LA LIBERTAD,MASCULINO,56 a mas,53
2026,MARZO,LAMBAYEQUE,FEMENINO,18 a 25,179
2026,MARZO,LAMBAYEQUE,FEMENINO,26 a 35,210
2026,MARZO,LAMBAYEQUE,FEMENINO,36 a 45,95
2026,MARZO,LAMBAYEQUE,FEMENINO,46 a 55,57
2026,MARZO,LAMBAYEQUE,FEMENINO,56 a mas,40
2026,MARZO,LAMBAYEQUE,MASCULINO,18 a 25,332
2026,MARZO,LAMBAYEQUE,MASCULINO,26 a 35,332
2026,MARZO,LAMBAYEQUE,MASCULINO,36 a 45,156
2026,MARZO,LAMBAYEQUE,MASCULINO,46 a 55,82
2026,MARZO,LAMBAYEQUE,MASCULINO,56 a mas,49
2026,MARZO,LIMA,FEMENINO,18 a 25,1639
2026,MARZO,LIMA,FEMENINO,26 a 35,1582
2026,MARZO,LIMA,FEMENINO,36 a 45,935
2026,MARZO,LIMA,FEMENINO,46 a 55,578
2026,MARZO,LIMA,FEMENINO,56 a mas,613
2026,MARZO,LIMA,MASCULINO,18 a 25,2949
2026,MARZO,LIMA,MASCULINO,26 a 35,3387
2026,MARZO,LIMA,MASCULINO,36 a 45,2096
2026,MARZO,LIMA,MASCULINO,46 a 55,1137
2026,MARZO,LIMA,MASCULINO,56 a mas,786
2026,MARZO,LORETO,FEMENINO,18 a 25,214
2026,MARZO,LORETO,FEMENINO,26 a 35,182
2026,MARZO,LORETO,FEMENINO,36 a 45,81
2026,MARZO,LORETO,FEMENINO,46 a 55,51
2026,MARZO,LORETO,FEMENINO,56 a mas,51
2026,MARZO,LORETO,MASCULINO,18 a 25,404
2026,MARZO,LORETO,MASCULINO,26 a 35,314
2026,MARZO,LORETO,MASCULINO,36 a 45,181
2026,MARZO,LORETO,MASCULINO,46 a 55,100
2026,MARZO,LORETO,MASCULINO,56 a mas,73
2026,MARZO,MADRE DE DIOS,FEMENINO,18 a 25,127
2026,MARZO,MADRE DE DIOS,FEMENINO,26 a 35,106
2026,MARZO,MADRE DE DIOS,FEMENINO,36 a 45,77
2026,MARZO,MADRE DE DIOS,FEMENINO,46 a 55,42
2026,MARZO,MADRE DE DIOS,FEMENINO,56 a mas,17
2026,MARZO,MADRE DE DIOS,MASCULINO,18 a 25,149
2026,MARZO,MADRE DE DIOS,MASCULINO,26 a 35,173
2026,MARZO,MADRE DE DIOS,MASCULINO,36 a 45,146
2026,MARZO,MADRE DE DIOS,MASCULINO,46 a 55,75
2026,MARZO,MADRE DE DIOS,MASCULINO,56 a mas,51
2026,MARZO,MEXICO,MASCULINO,46 a 55,1
2026,MARZO,MEXICO,MASCULINO,56 a mas,1
2026,MARZO,MOQUEGUA,FEMENINO,18 a 25,48
2026,MARZO,MOQUEGUA,FEMENINO,26 a 35,22
2026,MARZO,MOQUEGUA,FEMENINO,36 a 45,13
2026,MARZO,MOQUEGUA,FEMENINO,46 a 55,11
2026,MARZO,MOQUEGUA,FEMENINO,56 a mas,9
2026,MARZO,MOQUEGUA,MASCULINO,18 a 25,78
2026,MARZO,MOQUEGUA,MASCULINO,26 a 35,78
2026,MARZO,MOQUEGUA,MASCULINO,36 a 45,35
2026,MARZO,MOQUEGUA,MASCULINO,46 a 55,24
2026,MARZO,MOQUEGUA,MASCULINO,56 a mas,13
2026,MARZO,PASCO,FEMENINO,18 a 25,80
2026,MARZO,PASCO,FEMENINO,26 a 35,87
2026,MARZO,PASCO,FEMENINO,36 a 45,77
2026,MARZO,PASCO,FEMENINO,46 a 55,41
2026,MARZO,PASCO,FEMENINO,56 a mas,36
2026,MARZO,PASCO,MASCULINO,18 a 25,130
2026,MARZO,PASCO,MASCULINO,26 a 35,177
2026,MARZO,PASCO,MASCULINO,36 a 45,111
2026,MARZO,PASCO,MASCULINO,46 a 55,91
2026,MARZO,PASCO,MASCULINO,56 a mas,52
2026,MARZO,PIURA,FEMENINO,18 a 25,383
2026,MARZO,PIURA,FEMENINO,26 a 35,353
2026,MARZO,PIURA,FEMENINO,36 a 45,193
2026,MARZO,PIURA,FEMENINO,46 a 55,115
2026,MARZO,PIURA,FEMENINO,56 a mas,84
2026,MARZO,PIURA,MASCULINO,18 a 25,587
2026,MARZO,PIURA,MASCULINO,26 a 35,477
2026,MARZO,PIURA,MASCULINO,36 a 45,320
2026,MARZO,PIURA,MASCULINO,46 a 55,118
2026,MARZO,PIURA,MASCULINO,56 a mas,74
2026,MARZO,PUERTO RICO,MASCULINO,46 a 55,1
2026,MARZO,PUNO,FEMENINO,18 a 25,227
2026,MARZO,PUNO,FEMENINO,26 a 35,133
2026,MARZO,PUNO,FEMENINO,36 a 45,67
2026,MARZO,PUNO,FEMENINO,46 a 55,34
2026,MARZO,PUNO,FEMENINO,56 a mas,23
2026,MARZO,PUNO,MASCULINO,18 a 25,432
2026,MARZO,PUNO,MASCULINO,26 a 35,341
2026,MARZO,PUNO,MASCULINO,36 a 45,153
2026,MARZO,PUNO,MASCULINO,46 a 55,69
2026,MARZO,PUNO,MASCULINO,56 a mas,32
2026,MARZO,SAN MARTIN,FEMENINO,18 a 25,100
2026,MARZO,SAN MARTIN,FEMENINO,26 a 35,74
2026,MARZO,SAN MARTIN,FEMENINO,36 a 45,25
2026,MARZO,SAN MARTIN,FEMENINO,46 a 55,35
2026,MARZO,SAN MARTIN,FEMENINO,56 a mas,22
2026,MARZO,SAN MARTIN,MASCULINO,18 a 25,167
2026,MARZO,SAN MARTIN,MASCULINO,26 a 35,156
2026,MARZO,SAN MARTIN,MASCULINO,36 a 45,70
2026,MARZO,SAN MARTIN,MASCULINO,46 a 55,37
2026,MARZO,SAN MARTIN,MASCULINO,56 a mas,40
2026,MARZO,TACNA,FEMENINO,18 a 25,52
2026,MARZO,TACNA,FEMENINO,26 a 35,48
2026,MARZO,TACNA,FEMENINO,36 a 45,28
2026,MARZO,TACNA,FEMENINO,46 a 55,18
2026,MARZO,TACNA,FEMENINO,56 a mas,12
2026,MARZO,TACNA,MASCULINO,18 a 25,108
2026,MARZO,TACNA,MASCULINO,26 a 35,109
2026,MARZO,TACNA,MASCULINO,36 a 45,84
2026,MARZO,TACNA,MASCULINO,46 a 55,72
2026,MARZO,TACNA,MASCULINO,56 a mas,38
2026,MARZO,TUMBES,FEMENINO,18 a 25,41
2026,MARZO,TUMBES,FEMENINO,26 a 35,39
2026,MARZO,TUMBES,FEMENINO,36 a 45,21
2026,MARZO,TUMBES,FEMENINO,46 a 55,7
2026,MARZO,TUMBES,FEMENINO,56 a mas,9
2026,MARZO,TUMBES,MASCULINO,18 a 25,74
2026,MARZO,TUMBES,MASCULINO,26 a 35,57
2026,MARZO,TUMBES,MASCULINO,36 a 45,24
2026,MARZO,TUMBES,MASCULINO,46 a 55,8
2026,MARZO,TUMBES,MASCULINO,56 a mas,15
2026,MARZO,UCAYALI,FEMENINO,18 a 25,111
2026,MARZO,UCAYALI,FEMENINO,26 a 35,92
2026,MARZO,UCAYALI,FEMENINO,36 a 45,53
2026,MARZO,UCAYALI,FEMENINO,46 a 55,27
2026,MARZO,UCAYALI,FEMENINO,56 a mas,22
2026,MARZO,UCAYALI,MASCULINO,18 a 25,221
2026,MARZO,UCAYALI,MASCULINO,26 a 35,166
2026,MARZO,UCAYALI,MASCULINO,36 a 45,92
2026,MARZO,UCAYALI,MASCULINO,46 a 55,41
2026,MARZO,UCAYALI,MASCULINO,56 a mas,35
2026,MARZO,URUGUAY,FEMENINO,26 a 35,1
2026,MARZO,VENEZUELA,MASCULINO,26 a 35,1
2026,MARZO,VENEZUELA,MASCULINO,56 a mas,1
2026,ABRIL,ALEMANIA,FEMENINO,26 a 35,1
2026,ABRIL,ALEMANIA,MASCULINO,26 a 35,4
2026,ABRIL,ALEMANIA,MASCULINO,46 a 55,1
2026,ABRIL,AMAZONAS,FEMENINO,18 a 25,29
2026,ABRIL,AMAZONAS,FEMENINO,26 a 35,12
2026,ABRIL,AMAZONAS,FEMENINO,36 a 45,4
2026,ABRIL,AMAZONAS,FEMENINO,46 a 55,1
2026,ABRIL,AMAZONAS,FEMENINO,56 a mas,5
2026,ABRIL,AMAZONAS,MASCULINO,18 a 25,47
2026,ABRIL,AMAZONAS,MASCULINO,26 a 35,29
2026,ABRIL,AMAZONAS,MASCULINO,36 a 45,16
2026,ABRIL,AMAZONAS,MASCULINO,46 a 55,8
2026,ABRIL,AMAZONAS,MASCULINO,56 a mas,4
2026,ABRIL,ANCASH,FEMENINO,18 a 25,96
2026,ABRIL,ANCASH,FEMENINO,26 a 35,104
2026,ABRIL,ANCASH,FEMENINO,36 a 45,37
2026,ABRIL,ANCASH,FEMENINO,46 a 55,28
2026,ABRIL,ANCASH,FEMENINO,56 a mas,19
2026,ABRIL,ANCASH,MASCULINO,18 a 25,149
2026,ABRIL,ANCASH,MASCULINO,26 a 35,182
2026,ABRIL,ANCASH,MASCULINO,36 a 45,87
2026,ABRIL,ANCASH,MASCULINO,46 a 55,41
2026,ABRIL,ANCASH,MASCULINO,56 a mas,30
2026,ABRIL,APURIMAC,FEMENINO,18 a 25,42
2026,ABRIL,APURIMAC,FEMENINO,26 a 35,42
2026,ABRIL,APURIMAC,FEMENINO,36 a 45,13
2026,ABRIL,APURIMAC,FEMENINO,46 a 55,8
2026,ABRIL,APURIMAC,FEMENINO,56 a mas,11
2026,ABRIL,APURIMAC,MASCULINO,18 a 25,120
2026,ABRIL,APURIMAC,MASCULINO,26 a 35,97
2026,ABRIL,APURIMAC,MASCULINO,36 a 45,52
2026,ABRIL,APURIMAC,MASCULINO,46 a 55,20
2026,ABRIL,APURIMAC,MASCULINO,56 a mas,11
2026,ABRIL,AREQUIPA,FEMENINO,18 a 25,170
2026,ABRIL,AREQUIPA,FEMENINO,26 a 35,197
2026,ABRIL,AREQUIPA,FEMENINO,36 a 45,110
2026,ABRIL,AREQUIPA,FEMENINO,46 a 55,53
2026,ABRIL,AREQUIPA,FEMENINO,56 a mas,53
2026,ABRIL,AREQUIPA,MASCULINO,18 a 25,298
2026,ABRIL,AREQUIPA,MASCULINO,26 a 35,445
2026,ABRIL,AREQUIPA,MASCULINO,36 a 45,278
2026,ABRIL,AREQUIPA,MASCULINO,46 a 55,150
2026,ABRIL,AREQUIPA,MASCULINO,56 a mas,111
2026,ABRIL,ARGENTINA,FEMENINO,18 a 25,1
2026,ABRIL,ARGENTINA,FEMENINO,26 a 35,1
2026,ABRIL,ARGENTINA,FEMENINO,36 a 45,1
2026,ABRIL,ARGENTINA,FEMENINO,46 a 55,1
2026,ABRIL,ARGENTINA,MASCULINO,26 a 35,6
2026,ABRIL,ARGENTINA,MASCULINO,36 a 45,1
2026,ABRIL,ARGENTINA,MASCULINO,56 a mas,5
2026,ABRIL,AUSTRALIA,MASCULINO,18 a 25,1
2026,ABRIL,AUSTRALIA,MASCULINO,56 a mas,1
2026,ABRIL,AUSTRIA,FEMENINO,18 a 25,1
2026,ABRIL,AYACUCHO,FEMENINO,18 a 25,74
2026,ABRIL,AYACUCHO,FEMENINO,26 a 35,54
2026,ABRIL,AYACUCHO,FEMENINO,36 a 45,32
2026,ABRIL,AYACUCHO,FEMENINO,46 a 55,16
2026,ABRIL,AYACUCHO,FEMENINO,56 a mas,20
2026,ABRIL,AYACUCHO,MASCULINO,18 a 25,130
2026,ABRIL,AYACUCHO,MASCULINO,26 a 35,119
2026,ABRIL,AYACUCHO,MASCULINO,36 a 45,67
2026,ABRIL,AYACUCHO,MASCULINO,46 a 55,44
2026,ABRIL,AYACUCHO,MASCULINO,56 a mas,17
2026,ABRIL,BELGICA,FEMENINO,56 a mas,1
2026,ABRIL,BOLIVIA,FEMENINO,18 a 25,1
2026,ABRIL,BOLIVIA,MASCULINO,46 a 55,1
2026,ABRIL,BRASIL,FEMENINO,46 a 55,1
2026,ABRIL,BRASIL,MASCULINO,26 a 35,1
2026,ABRIL,BRASIL,MASCULINO,46 a 55,3
2026,ABRIL,CAJAMARCA,FEMENINO,18 a 25,103
2026,ABRIL,CAJAMARCA,FEMENINO,26 a 35,71
2026,ABRIL,CAJAMARCA,FEMENINO,36 a 45,31
2026,ABRIL,CAJAMARCA,FEMENINO,46 a 55,22
2026,ABRIL,CAJAMARCA,FEMENINO,56 a mas,17
2026,ABRIL,CAJAMARCA,MASCULINO,18 a 25,204
2026,ABRIL,CAJAMARCA,MASCULINO,26 a 35,141
2026,ABRIL,CAJAMARCA,MASCULINO,36 a 45,69
2026,ABRIL,CAJAMARCA,MASCULINO,46 a 55,26
2026,ABRIL,CAJAMARCA,MASCULINO,56 a mas,18
2026,ABRIL,CALLAO,FEMENINO,18 a 25,146
2026,ABRIL,CALLAO,FEMENINO,26 a 35,146
2026,ABRIL,CALLAO,FEMENINO,36 a 45,66
2026,ABRIL,CALLAO,FEMENINO,46 a 55,19
2026,ABRIL,CALLAO,FEMENINO,56 a mas,32
2026,ABRIL,CALLAO,MASCULINO,18 a 25,215
2026,ABRIL,CALLAO,MASCULINO,26 a 35,276
2026,ABRIL,CALLAO,MASCULINO,36 a 45,141
2026,ABRIL,CALLAO,MASCULINO,46 a 55,81
2026,ABRIL,CALLAO,MASCULINO,56 a mas,62
2026,ABRIL,CANADA,MASCULINO,26 a 35,2
2026,ABRIL,CHILE,FEMENINO,18 a 25,1
2026,ABRIL,CHILE,FEMENINO,36 a 45,1
2026,ABRIL,CHILE,FEMENINO,56 a mas,3
2026,ABRIL,CHILE,MASCULINO,18 a 25,1
2026,ABRIL,CHILE,MASCULINO,26 a 35,1
2026,ABRIL,CHILE,MASCULINO,36 a 45,4
2026,ABRIL,CHILE,MASCULINO,46 a 55,2
2026,ABRIL,CHILE,MASCULINO,56 a mas,1
2026,ABRIL,COLOMBIA,MASCULINO,36 a 45,1
2026,ABRIL,CUSCO,FEMENINO,18 a 25,175
2026,ABRIL,CUSCO,FEMENINO,26 a 35,182
2026,ABRIL,CUSCO,FEMENINO,36 a 45,81
2026,ABRIL,CUSCO,FEMENINO,46 a 55,38
2026,ABRIL,CUSCO,FEMENINO,56 a mas,35
2026,ABRIL,CUSCO,MASCULINO,18 a 25,375
2026,ABRIL,CUSCO,MASCULINO,26 a 35,355
2026,ABRIL,CUSCO,MASCULINO,36 a 45,215
2026,ABRIL,CUSCO,MASCULINO,46 a 55,99
2026,ABRIL,CUSCO,MASCULINO,56 a mas,58
2026,ABRIL,ESPAÑA,FEMENINO,26 a 35,3
2026,ABRIL,ESPAÑA,FEMENINO,36 a 45,1
2026,ABRIL,ESPAÑA,FEMENINO,46 a 55,1
2026,ABRIL,ESPAÑA,FEMENINO,56 a mas,4
2026,ABRIL,ESPAÑA,MASCULINO,18 a 25,1
2026,ABRIL,ESPAÑA,MASCULINO,26 a 35,2
2026,ABRIL,ESPAÑA,MASCULINO,36 a 45,6
2026,ABRIL,ESPAÑA,MASCULINO,46 a 55,2
2026,ABRIL,ESPAÑA,MASCULINO,56 a mas,1
2026,ABRIL,ESTADOS UNIDOS DE AMERICA,FEMENINO,26 a 35,3
2026,ABRIL,ESTADOS UNIDOS DE AMERICA,FEMENINO,36 a 45,4
2026,ABRIL,ESTADOS UNIDOS DE AMERICA,FEMENINO,46 a 55,4
2026,ABRIL,ESTADOS UNIDOS DE AMERICA,FEMENINO,56 a mas,14
2026,ABRIL,ESTADOS UNIDOS DE AMERICA,MASCULINO,18 a 25,4
2026,ABRIL,ESTADOS UNIDOS DE AMERICA,MASCULINO,26 a 35,4
2026,ABRIL,ESTADOS UNIDOS DE AMERICA,MASCULINO,36 a 45,1
2026,ABRIL,ESTADOS UNIDOS DE AMERICA,MASCULINO,46 a 55,4
2026,ABRIL,ESTADOS UNIDOS DE AMERICA,MASCULINO,56 a mas,13
2026,ABRIL,FRANCIA,MASCULINO,36 a 45,1
2026,ABRIL,FRANCIA,MASCULINO,46 a 55,1
2026,ABRIL,GRAN BRETAÑA,FEMENINO,46 a 55,1
2026,ABRIL,GRAN BRETAÑA,MASCULINO,26 a 35,1
2026,ABRIL,HUANCAVELICA,FEMENINO,18 a 25,23
2026,ABRIL,HUANCAVELICA,FEMENINO,26 a 35,20
2026,ABRIL,HUANCAVELICA,FEMENINO,36 a 45,7
2026,ABRIL,HUANCAVELICA,FEMENINO,46 a 55,3
2026,ABRIL,HUANCAVELICA,FEMENINO,56 a mas,3
2026,ABRIL,HUANCAVELICA,MASCULINO,18 a 25,75
2026,ABRIL,HUANCAVELICA,MASCULINO,26 a 35,60
2026,ABRIL,HUANCAVELICA,MASCULINO,36 a 45,33
2026,ABRIL,HUANCAVELICA,MASCULINO,46 a 55,10
2026,ABRIL,HUANCAVELICA,MASCULINO,56 a mas,3
2026,ABRIL,HUANUCO,FEMENINO,18 a 25,89
2026,ABRIL,HUANUCO,FEMENINO,26 a 35,53
2026,ABRIL,HUANUCO,FEMENINO,36 a 45,23
2026,ABRIL,HUANUCO,FEMENINO,46 a 55,11
2026,ABRIL,HUANUCO,FEMENINO,56 a mas,18
2026,ABRIL,HUANUCO,MASCULINO,18 a 25,152
2026,ABRIL,HUANUCO,MASCULINO,26 a 35,167
2026,ABRIL,HUANUCO,MASCULINO,36 a 45,60
2026,ABRIL,HUANUCO,MASCULINO,46 a 55,29
2026,ABRIL,HUANUCO,MASCULINO,56 a mas,29
2026,ABRIL,ICA,FEMENINO,18 a 25,79
2026,ABRIL,ICA,FEMENINO,26 a 35,94
2026,ABRIL,ICA,FEMENINO,36 a 45,50
2026,ABRIL,ICA,FEMENINO,46 a 55,20
2026,ABRIL,ICA,FEMENINO,56 a mas,13
2026,ABRIL,ICA,MASCULINO,18 a 25,166
2026,ABRIL,ICA,MASCULINO,26 a 35,209
2026,ABRIL,ICA,MASCULINO,36 a 45,89
2026,ABRIL,ICA,MASCULINO,46 a 55,62
2026,ABRIL,ICA,MASCULINO,56 a mas,44
2026,ABRIL,ITALIA,FEMENINO,36 a 45,2
2026,ABRIL,ITALIA,FEMENINO,46 a 55,2
2026,ABRIL,ITALIA,FEMENINO,56 a mas,5
2026,ABRIL,ITALIA,MASCULINO,18 a 25,2
2026,ABRIL,ITALIA,MASCULINO,36 a 45,3
2026,ABRIL,JAPON,MASCULINO,46 a 55,1
2026,ABRIL,JAPON,MASCULINO,56 a mas,1
2026,ABRIL,JUNIN,FEMENINO,18 a 25,132
2026,ABRIL,JUNIN,FEMENINO,26 a 35,130
2026,ABRIL,JUNIN,FEMENINO,36 a 45,62
2026,ABRIL,JUNIN,FEMENINO,46 a 55,40
2026,ABRIL,JUNIN,FEMENINO,56 a mas,36
2026,ABRIL,JUNIN,MASCULINO,18 a 25,191
2026,ABRIL,JUNIN,MASCULINO,26 a 35,243
2026,ABRIL,JUNIN,MASCULINO,36 a 45,130
2026,ABRIL,JUNIN,MASCULINO,46 a 55,49
2026,ABRIL,JUNIN,MASCULINO,56 a mas,37
2026,ABRIL,KAZAJSTAN,MASCULINO,56 a mas,1
2026,ABRIL,LA LIBERTAD,FEMENINO,18 a 25,145
2026,ABRIL,LA LIBERTAD,FEMENINO,26 a 35,179
2026,ABRIL,LA LIBERTAD,FEMENINO,36 a 45,70
2026,ABRIL,LA LIBERTAD,FEMENINO,46 a 55,33
2026,ABRIL,LA LIBERTAD,FEMENINO,56 a mas,28
2026,ABRIL,LA LIBERTAD,MASCULINO,18 a 25,221
2026,ABRIL,LA LIBERTAD,MASCULINO,26 a 35,253
2026,ABRIL,LA LIBERTAD,MASCULINO,36 a 45,139
2026,ABRIL,LA LIBERTAD,MASCULINO,46 a 55,73
2026,ABRIL,LA LIBERTAD,MASCULINO,56 a mas,41
2026,ABRIL,LAMBAYEQUE,FEMENINO,18 a 25,143
2026,ABRIL,LAMBAYEQUE,FEMENINO,26 a 35,150
2026,ABRIL,LAMBAYEQUE,FEMENINO,36 a 45,55
2026,ABRIL,LAMBAYEQUE,FEMENINO,46 a 55,38
2026,ABRIL,LAMBAYEQUE,FEMENINO,56 a mas,29
2026,ABRIL,LAMBAYEQUE,MASCULINO,18 a 25,227
2026,ABRIL,LAMBAYEQUE,MASCULINO,26 a 35,201
2026,ABRIL,LAMBAYEQUE,MASCULINO,36 a 45,109
2026,ABRIL,LAMBAYEQUE,MASCULINO,46 a 55,50
2026,ABRIL,LAMBAYEQUE,MASCULINO,56 a mas,41
2026,ABRIL,LIMA,FEMENINO,18 a 25,1026
2026,ABRIL,LIMA,FEMENINO,26 a 35,1065
2026,ABRIL,LIMA,FEMENINO,36 a 45,610
2026,ABRIL,LIMA,FEMENINO,46 a 55,346
2026,ABRIL,LIMA,FEMENINO,56 a mas,408
2026,ABRIL,LIMA,MASCULINO,18 a 25,1715
2026,ABRIL,LIMA,MASCULINO,26 a 35,2352
2026,ABRIL,LIMA,MASCULINO,36 a 45,1408
2026,ABRIL,LIMA,MASCULINO,46 a 55,762
2026,ABRIL,LIMA,MASCULINO,56 a mas,588
2026,ABRIL,LORETO,FEMENINO,18 a 25,133
2026,ABRIL,LORETO,FEMENINO,26 a 35,109
2026,ABRIL,LORETO,FEMENINO,36 a 45,58
2026,ABRIL,LORETO,FEMENINO,46 a 55,22
2026,ABRIL,LORETO,FEMENINO,56 a mas,25
2026,ABRIL,LORETO,MASCULINO,18 a 25,284
2026,ABRIL,LORETO,MASCULINO,26 a 35,221
2026,ABRIL,LORETO,MASCULINO,36 a 45,119
2026,ABRIL,LORETO,MASCULINO,46 a 55,65
2026,ABRIL,LORETO,MASCULINO,56 a mas,44
2026,ABRIL,MADRE DE DIOS,FEMENINO,18 a 25,90
2026,ABRIL,MADRE DE DIOS,FEMENINO,26 a 35,78
2026,ABRIL,MADRE DE DIOS,FEMENINO,36 a 45,58
2026,ABRIL,MADRE DE DIOS,FEMENINO,46 a 55,24
2026,ABRIL,MADRE DE DIOS,FEMENINO,56 a mas,12
2026,ABRIL,MADRE DE DIOS,MASCULINO,18 a 25,116
2026,ABRIL,MADRE DE DIOS,MASCULINO,26 a 35,149
2026,ABRIL,MADRE DE DIOS,MASCULINO,36 a 45,96
2026,ABRIL,MADRE DE DIOS,MASCULINO,46 a 55,52
2026,ABRIL,MADRE DE DIOS,MASCULINO,56 a mas,27
2026,ABRIL,MEXICO,FEMENINO,46 a 55,1
2026,ABRIL,MOQUEGUA,FEMENINO,18 a 25,21
2026,ABRIL,MOQUEGUA,FEMENINO,26 a 35,25
2026,ABRIL,MOQUEGUA,FEMENINO,36 a 45,6
2026,ABRIL,MOQUEGUA,FEMENINO,46 a 55,7
2026,ABRIL,MOQUEGUA,FEMENINO,56 a mas,7
2026,ABRIL,MOQUEGUA,MASCULINO,18 a 25,46
2026,ABRIL,MOQUEGUA,MASCULINO,26 a 35,53
2026,ABRIL,MOQUEGUA,MASCULINO,36 a 45,41
2026,ABRIL,MOQUEGUA,MASCULINO,46 a 55,8
2026,ABRIL,MOQUEGUA,MASCULINO,56 a mas,5
2026,ABRIL,PASCO,FEMENINO,18 a 25,34
2026,ABRIL,PASCO,FEMENINO,26 a 35,83
2026,ABRIL,PASCO,FEMENINO,36 a 45,57
2026,ABRIL,PASCO,FEMENINO,46 a 55,42
2026,ABRIL,PASCO,FEMENINO,56 a mas,38
2026,ABRIL,PASCO,MASCULINO,18 a 25,84
2026,ABRIL,PASCO,MASCULINO,26 a 35,165
2026,ABRIL,PASCO,MASCULINO,36 a 45,134
2026,ABRIL,PASCO,MASCULINO,46 a 55,76
2026,ABRIL,PASCO,MASCULINO,56 a mas,57
2026,ABRIL,PIURA,FEMENINO,18 a 25,286
2026,ABRIL,PIURA,FEMENINO,26 a 35,342
2026,ABRIL,PIURA,FEMENINO,36 a 45,175
2026,ABRIL,PIURA,FEMENINO,46 a 55,98
2026,ABRIL,PIURA,FEMENINO,56 a mas,86
2026,ABRIL,PIURA,MASCULINO,18 a 25,409
2026,ABRIL,PIURA,MASCULINO,26 a 35,393
2026,ABRIL,PIURA,MASCULINO,36 a 45,189
2026,ABRIL,PIURA,MASCULINO,46 a 55,93
2026,ABRIL,PIURA,MASCULINO,56 a mas,77
2026,ABRIL,PUNO,FEMENINO,18 a 25,86
2026,ABRIL,PUNO,FEMENINO,26 a 35,112
2026,ABRIL,PUNO,FEMENINO,36 a 45,34
2026,ABRIL,PUNO,FEMENINO,46 a 55,21
2026,ABRIL,PUNO,FEMENINO,56 a mas,14
2026,ABRIL,PUNO,MASCULINO,18 a 25,182
2026,ABRIL,PUNO,MASCULINO,26 a 35,189
2026,ABRIL,PUNO,MASCULINO,36 a 45,98
2026,ABRIL,PUNO,MASCULINO,46 a 55,43
2026,ABRIL,PUNO,MASCULINO,56 a mas,25
2026,ABRIL,REPUBLICA DE PANAMA,MASCULINO,56 a mas,1
2026,ABRIL,REPUBLICA DOMINICANA,MASCULINO,56 a mas,1
2026,ABRIL,SAN MARTIN,FEMENINO,18 a 25,54
2026,ABRIL,SAN MARTIN,FEMENINO,26 a 35,56
2026,ABRIL,SAN MARTIN,FEMENINO,36 a 45,22
2026,ABRIL,SAN MARTIN,FEMENINO,46 a 55,28
2026,ABRIL,SAN MARTIN,FEMENINO,56 a mas,14
2026,ABRIL,SAN MARTIN,MASCULINO,18 a 25,130
2026,ABRIL,SAN MARTIN,MASCULINO,26 a 35,106
2026,ABRIL,SAN MARTIN,MASCULINO,36 a 45,51
2026,ABRIL,SAN MARTIN,MASCULINO,46 a 55,27
2026,ABRIL,SAN MARTIN,MASCULINO,56 a mas,26
2026,ABRIL,TACNA,FEMENINO,18 a 25,29
2026,ABRIL,TACNA,FEMENINO,26 a 35,26
2026,ABRIL,TACNA,FEMENINO,36 a 45,16
2026,ABRIL,TACNA,FEMENINO,46 a 55,12
2026,ABRIL,TACNA,FEMENINO,56 a mas,14
2026,ABRIL,TACNA,MASCULINO,18 a 25,62
2026,ABRIL,TACNA,MASCULINO,26 a 35,78
2026,ABRIL,TACNA,MASCULINO,36 a 45,50
2026,ABRIL,TACNA,MASCULINO,46 a 55,26
2026,ABRIL,TACNA,MASCULINO,56 a mas,25
2026,ABRIL,TUMBES,FEMENINO,18 a 25,12
2026,ABRIL,TUMBES,FEMENINO,26 a 35,30
2026,ABRIL,TUMBES,FEMENINO,36 a 45,14
2026,ABRIL,TUMBES,FEMENINO,46 a 55,9
2026,ABRIL,TUMBES,FEMENINO,56 a mas,6
2026,ABRIL,TUMBES,MASCULINO,18 a 25,41
2026,ABRIL,TUMBES,MASCULINO,26 a 35,44
2026,ABRIL,TUMBES,MASCULINO,36 a 45,31
2026,ABRIL,TUMBES,MASCULINO,46 a 55,20
2026,ABRIL,TUMBES,MASCULINO,56 a mas,11
2026,ABRIL,UCAYALI,FEMENINO,18 a 25,62
2026,ABRIL,UCAYALI,FEMENINO,26 a 35,65
2026,ABRIL,UCAYALI,FEMENINO,36 a 45,26
2026,ABRIL,UCAYALI,FEMENINO,46 a 55,15
2026,ABRIL,UCAYALI,FEMENINO,56 a mas,10
2026,ABRIL,UCAYALI,MASCULINO,18 a 25,123
2026,ABRIL,UCAYALI,MASCULINO,26 a 35,102
2026,ABRIL,UCAYALI,MASCULINO,36 a 45,62
2026,ABRIL,UCAYALI,MASCULINO,46 a 55,31
2026,ABRIL,UCAYALI,MASCULINO,56 a mas,14
