DEPARTAMENTO,PROVINCIA,DISTRITO,NOMBRE LOCAL,ESTADO,HORARIO DE ATENCION AL PUBLICO,DIRECCION,AÑO
LAMBAYEQUE,CHICLAYO,CHICLAYO,ORA HOSPITAL REGIONAL DOCENTE LAS MERCEDES,OPERATIVO,08:45 a 16:30,Avenida Luis Gonzáles  Nº 635,2022
LAMBAYEQUE,CHICLAYO,CHICLAYO,ORA HOSPITAL ALMANZOR AGUINAGA ASENJO,OPERATIVO,08:45 a 16:30,Plaza Plaza de la Seguridad Social S/N,2022
PIURA,SULLANA,SULLANA,ORA HOSPITAL DE APOYO II-SULLANA,OPERATIVO,08:45 a 16:30,Avenida Santa Rosa S/N,2022
CAJAMARCA,CUTERVO,CUTERVO,PAP CUTERVO,OPERATIVO,08:45 a 16:45,Calle Jr. Comercio N° 1103 Mz. 203 Lt. 14-Urb. Los Jardines ,2022
CAJAMARCA,CHOTA,CHOTA,AG CHOTA,OPERATIVO,08:45 a 16:45,Jirón Jr. 30 de Agosto N° 848,2022
CAJAMARCA,SANTA CRUZ,SANTA CRUZ,PAP SANTA CRUZ,OPERATIVO,08:45 a 16:30,Jirón Domingo Negrón Nº 399,2022
LAMBAYEQUE,CHICLAYO,JOSE LEONARDO ORTIZ,OR JOSÉ LEONARDO ORTIZ,OPERATIVO,08:45 a 16:45,Calle Cacique Cinto Nº 317 Urb. Latina,2022
PIURA,AYABACA,FRÍAS,OR FRIAS,OPERATIVO,08:45 a 16:30,Calle Lima Nº 235 - 2do piso,2022
LAMBAYEQUE,CHICLAYO,CHICLAYO,OR CHICLAYO,OPERATIVO,08:45 a 16:45,Avenida Balta N° 680 y esquina con Av. Elias Aguirre,2022
LAMBAYEQUE,FERREÑAFE,FERREÑAFE,PAP FERREÑAFE,OPERATIVO,08:45 a 16:45,Calle Tres Marías Nº 717 – B,2022
LAMBAYEQUE,LAMBAYEQUE,LAMBAYEQUE,PAP LAMBAYEQUE,OPERATIVO,08:45 a 16:45,Avenida Huamachuco N° 342,2022
CAJAMARCA,CUTERVO,CUTERVO,ORA SANTA MARIA DE CUTERVO,OPERATIVO,08:45 a 16:30,Jirón Ica S/N,2022
CAJAMARCA,CHOTA,CHOTA,ORA HOSPITAL DE APOYO CHOTA - JOSE SOTO CADENILLAS,OPERATIVO,08:45 a 16:30,Jirón Ezequiel Montoya Nª 718,2022
PIURA,PIURA,PIURA,OR PIURA,OPERATIVO,08:45 a 16:45,Calle Libertad Nº 568,2022
PIURA,AYABACA,AYABACA,PAP AYABACA,OPERATIVO,08:45 a 16:30,Calle Bolognesi N° 181,2022
PIURA,HUANCABAMBA,HUANCABAMBA,PAP HUANCABAMBA,OPERATIVO,08:45 a 16:30,- Complejo Terminal Terrestre S/N - Stand 14,2022
PIURA,MORROPON,CHULUCANAS,AG CHULUCANAS,OPERATIVO,08:45 a 16:45,Jirón Jr. Cuzco N° 300,2022
PIURA,PAITA,PAITA,PAP PAITA,OPERATIVO,08:45 a 16:30,Jirón San Martin S/N Plaza de Armas - Municipalidad de Paita,2022
PIURA,SULLANA,SULLANA,OR SULLANA,OPERATIVO,08:45 a 16:45,Calle Leoncio Prado Nº 517 ,2022
PIURA,TALARA,PARIÑAS,AG TALARA,OPERATIVO,08:45 a 16:45,Avenida Mártires Petroleros B-3 Conjunto Habitacional - Talara,2022
PIURA,SECHURA,SECHURA,PAP SECHURA,OPERATIVO,08:45 a 16:30,Calle Dos de Mayo Nº 618 - Plaza de Armas - Municipalidad de Sechura,2022
PIURA,PIURA,TAMBO GRANDE,PAP TAMBOGRANDE,OPERATIVO,08:45 a 16:30,Calle Jr. Salitral Nº 241,2022
PIURA,PIURA,PIURA,MAC - PIURA,OPERATIVO,08:30 a 16:30,Avenida Sanchez Cerro con Wiesse Centro Comercial Real Plaza,2022
PIURA,PAITA,PAITA,ORA HOSPITAL LAS MERCEDES-PAITA,OPERATIVO,08:45 a 16:30,- Zona Industrial Sector II Mz. H Lt. 1 Jr. Los Pescadores S/N ,2022
TUMBES,TUMBES,TUMBES,OR TUMBES,OPERATIVO,08:45 a 16:45,Avenida Tumbes Nº 550,2022
TUMBES,CONTRALMIRANTE VILLAR,ZORRITOS,PANP CONTRALMIRANTE VILLAR - ZORRITOS,DESPLAZAMIENTO,08:45 a 16:45,Avenida Grau Nº 305,2022
TUMBES,ZARUMILLA,ZARUMILLA,PAP ZARUMILLA,OPERATIVO,08:45 a 16:30,Avenida El Ejérrcito Nº 105 - Interior Biblioteca Municipal,2022
LAMBAYEQUE,LAMBAYEQUE,OLMOS,PANP OLMOS,DESPLAZAMIENTO,08:45 a 16:30,Avenida A. B. Leguía/Calle Alfonso Ugarte,2022
PIURA,PIURA,TAMBO GRANDE,ORA TAMBO GRANDE,OPERATIVO,08:45 a 16:30,"Avenida Froilan Alama,, AA.HH.Froilan Alama",2022
LAMBAYEQUE,LAMBAYEQUE,LAMBAYEQUE,ORA HOSPITAL PROVINCIAL DOCENTE BELEN-LAMBAYEQUE,OPERATIVO,08:45 a 16:30,Avenida Ramón Castilla Nº 597,2022
TUMBES,TUMBES,TUMBES,ORA HOSPITAL REGIONAL JOSE ALFREDO MENDOZA OLAVARRIA JAMO II-2,OPERATIVO,08:45 a 16:30,Avenida 24 de Julio Nº 565 ,2022
PIURA,PIURA,CATACAOS,ORA CENTRO DE SALUD MATERNO INFANTIL-CATACAOS,OPERATIVO,08:45 a 16:30,Avenida Cayetano Heredia 1108 - Catacaos,2022
PIURA,PIURA,Veintises de Octubre,ORA HOSPITAL DE LA AMISTAD PERU - COREA SANTA ROSA II-2,OPERATIVO,08:45 a 16:30,Avenida Prolongación Av. Grau/Av. Chulucanas ,2022
LAMBAYEQUE,CHICLAYO,CHICLAYO,ORA HOSPITAL REGIONAL LAMBAYEQUE,OPERATIVO,08:45 a 16:30,Avenida Intersección de Carretera Panamerica Norte y Vía de Evitamiento S/N,2022
LA LIBERTAD,TRUJILLO,TRUJILLO,ORA REGIONAL DOCENTE DE TRUJILLO,OPERATIVO,08:45 a 16:30,Avenida Mansiche Nº 795,2022
CAJAMARCA,CAJAMARCA,CAJAMARCA,ORA REGIONAL CAJAMARCA,OPERATIVO,08:45 a 16:30,Jirón Larry Jhonson S/N Cdra. 8,2022
LA LIBERTAD,TRUJILLO,TRUJILLO,ORA HOSPITAL BELEN DE TRUJILLO,OPERATIVO,08:45 a 16:30,Calle Bolívar Nº 350,2022
CAJAMARCA,CAJAMARCA,CAJAMARCA,OR CAJAMARCA,OPERATIVO,08:45 a 16:45,Jirón Del Comercio Nº 633,2022
CAJAMARCA,CAJABAMBA,CAJABAMBA,PAP CAJABAMBA,OPERATIVO,08:45 a 16:45,Jirón Miguel Grau Nº 224-226-228 Mz. 31 Lt. 2 ,2022
CAJAMARCA,CELENDIN,CELENDÍN,PAP CELENDIN,OPERATIVO,08:45 a 16:45,Jirón Pardo N° 610,2022
CAJAMARCA,CONTUMAZA,CONTUMAZÁ,PAP CONTUMAZA,OPERATIVO,08:45 a 16:30,Jirón Miguel Grau Nº 212,2022
CAJAMARCA,HUALGAYOC,BAMBAMARCA,PAP HUALGAYOC,OPERATIVO,08:45 a 16:45,Jirón 07 de Junio Nº 470,2022
CAJAMARCA,SAN MIGUEL,SAN MIGUEL,PAP SAN MIGUEL,OPERATIVO,08:45 a 16:45,Jirón Bolognesi N° 364,2022
CAJAMARCA,SAN MARCOS,PEDRO GÁLVEZ,PAP SAN MARCOS,OPERATIVO,08:45 a 16:45,Jirón Jr. Alfonso Ugarte N° 325 (Mz. 46 Lt. 17 Centro Poblado San Marcos).,2022
CAJAMARCA,SAN PABLO,SAN PABLO,PAP SAN PABLO,OPERATIVO,08:45 a 16:30,Jirón Plaza de Armas S/N,2022
LA LIBERTAD,TRUJILLO,VICTOR LARCO HERRERA,OR TRUJILLO II,OPERATIVO,08:45 a 16:45,"Avenida Víctor Larco N° 1096. Unidad 01, Local Comercial 01, Mz.05, Lte.01 AA.HH. Vista Alegre.",2022
LA LIBERTAD,PATAZ,PARCOY,OR PARCOY,OPERATIVO,08:45 a 16:30,Jirón San Martín N° 859,2022
LA LIBERTAD,TRUJILLO,TRUJILLO,OR TRUJILLO I,OPERATIVO,08:45 a 16:45,Avenida Pablo Casals Mz. A Lt. 6 Urb. Los Cedros,2022
LA LIBERTAD,BOLIVAR,BOLÍVAR,PAP BOLIVAR,OPERATIVO,08:45 a 16:30,Jirón Bolivar S/N - Mz. 20 Lt. 8,2022
LA LIBERTAD,SANCHEZ CARRION,HUAMACHUCO,AG SANCHEZ CARRION,OPERATIVO,08:45 a 16:45,Jirón Alfonso Ugarte N° 567,2022
LA LIBERTAD,OTUZCO,OTUZCO,AG OTUZCO,OPERATIVO,08:45 a 16:45,Pasaje Pasaje Elías Armas Castillo Lt. 5-E1 Mz. 28,2022
LA LIBERTAD,PACASMAYO,SAN PEDRO DE LLOC,AG PACASMAYO,OPERATIVO,08:45 a 16:45,Jirón Alianza Nº 524,2022
LA LIBERTAD,PATAZ,TAYABAMBA,PAP PATAZ,OPERATIVO,08:45 a 16:30,Jirón Sucre 337 1er Piso Centro Civico,2022
LA LIBERTAD,SANTIAGO DE CHUCO,SANTIAGO DE CHUCO,PAP SANTIAGO DE CHUCO,OPERATIVO,08:45 a 16:30,Calle Luis de La Puente Uceda  Nº 1120,2022
LA LIBERTAD,ASCOPE,ASCOPE,PAP ASCOPE,OPERATIVO,08:45 a 16:45,"Calle Miguel Grau N° 879, Ascope - 1er Piso",2022
LA LIBERTAD,CHEPEN,CHEPÉN,PAP CHEPEN,OPERATIVO,08:45 a 16:45,Calle Calle Manuel Seoane  N° 136. Chepen,2022
LA LIBERTAD,GRAN CHIMU,CASCAS,PAP GRAN CHIMU,OPERATIVO,08:45 a 16:30,Calle Progreso S/N Cdra. 3,2022
LA LIBERTAD,VIRU,VIRU,PAP VIRU,OPERATIVO,08:45 a 16:45,-  Mz. A Lt. N° 08 Urb. Las Palmeras,2022
CAJAMARCA,HUALGAYOC,BAMBAMARCA,ORA BAMBAMARCA - TITO VILLAR CABEZAS,OPERATIVO,08:45 a 16:30,Avenida Av. Ricardo Palma Nº 689,2022
CAJAMARCA,CELENDIN,CELENDÍN,ORA DE APOYO CELENDIN,OPERATIVO,08:45 a 16:30,Avenida Túpac Amaru Cdra. 4,2022
CAJAMARCA,CAJABAMBA,CAJABAMBA,ORA HOSPITAL NUESTRA SEÑORA DEL ROSARIO,OPERATIVO,08:45 a 16:30,Jirón La Torre N° 277,2022
CAJAMARCA,SAN MARCOS,PEDRO GÁLVEZ,ORA SAN MARCOS,OPERATIVO,08:45 a 16:30,Avenida Av. 28 de Julio S/N Cdra.2,2022
LA LIBERTAD,TRUJILLO,EL PORVENIR,OR EL PORVENIR,OPERATIVO,08:45 a 16:45,Jirón Gabriel Aguilar Nº 1657. 2do piso.,2022
LA LIBERTAD,TRUJILLO,EL PORVENIR,OR ALTO TRUJILLO,OPERATIVO,08:45 a 16:45,- Centro Poblado Alto Trujillo-Barrio 3 Mz T Lt. 2,2022
CAJAMARCA,CAJAMARCA,CAJAMARCA,ORA SIMON BOLIVAR,OPERATIVO,08:45 a 16:30,Avenida Mario Urteaga N° 500,2022
LA LIBERTAD,PACASMAYO,GUADALUPE,ORA DE APOYO TOMÁS LAFORA,OPERATIVO PARCIAL,08:45 a 16:30,Calle La Victoria S/N,2022
CAJAMARCA,CAJAMARCA,LOS BAÑOS DEL INCA,ORA BAÑOS DEL INCA,OPERATIVO,08:45 a 16:30,Jirón Pachacútec N° 489,2022
LA LIBERTAD,TRUJILLO,LA ESPERANZA,ORA DISTRITAL JERUSALEN,OPERATIVO,08:45 a 16:30,Pasaje 1 Barrio 3 Mz. 20 Lt. 02 Sector Jerusalén,2022
LA LIBERTAD,PATAZ,CHILLIA,AG CHILLIA,OPERATIVO,08:45 a 16:30,Jirón Miraflores S/N,2022
LA LIBERTAD,SANTIAGO DE CHUCO,SANTIAGO DE CHUCO,ORA DE APOYO CESAR ABRAHAM VALLEJO MENDOZA,OPERATIVO,08:45 a 16:30,Calle Gustavo Pinillo S/N - Barrio San Cristobal,2022
LA LIBERTAD,CHEPEN,CHEPEN,ORA DE APOYO CHEPEN,OPERATIVO,08:45 a 16:30,Avenida 28 de Julio S/N,2022
LA LIBERTAD,SANCHEZ CARRION,HUAMACHUCO,ORA DE APOYO LEONCIO PRADO,OPERATIVO,08:45 a 16:30,Avenida 10 de Julio N° 209,2022
LA LIBERTAD,OTUZCO,OTUZCO,ORA DE APOYO OTUZCO ELPIDIO BEROVIDES PEREZ,OPERATIVO,08:45 a 16:30,Calle Progreso N° 385,2022
LA LIBERTAD,ASCOPE,PAIJAN,ORA PAIJAN,OPERATIVO,08:45 a 16:30,Carretera Vía Panamericana S/N Sector Manco Capac,2022
CAJAMARCA,CAJAMARCA,CAJAMARCA,MAC - CAJAMARCA,OPERATIVO,08:30 a 16:30,Avenida Via De Evitamiento. Jr. El Mutuy y Av. La Cantuta - Cajamarca - Centro Comercial Real Plaza 2do. Piso,2022
LA LIBERTAD,TRUJILLO,TRUJILLO,MAC LA LIBERTAD,OPERATIVO,08:30 a 16:30,"Avenida Centro Comercial Real Plaza de Trujillo -Fundo Las Casuarinas, Sub Lote predio A; Intersección , Av. Fátima 1345, Trujillo, La Libertad",2022
SAN MARTIN,SAN MARTIN,TARAPOTO,ORA HOSPITAL TARAPOTO,OPERATIVO,08:45 a 16:30,Jirón Angel Delgado Morey Nº 503,2022
LORETO,DATEM DEL MARAÑON,BARRANCA,PAP DATEM DEL MARAÑON,OPERATIVO,08:45 a 16:45,Calle Tigre Mz. 31 Lt. 08 - San Lorenzo,2022
SAN MARTIN,RIOJA,NUEVA CAJAMARCA,AG NUEVA CAJAMARCA,OPERATIVO,08:45 a 16:45,Carretera  Fernando Belaunde Terry Altura del Km. 447.50 ,2022
LORETO,ALTO AMAZONAS,YURIMAGUAS,AG ALTO AMAZONAS,OPERATIVO,08:45 a 16:45,Calle Mariscal Castilla N° 411,2022
SAN MARTIN,MOYOBAMBA ,MOYOBAMBA,ORA HOSPITAL MOYOBAMBA,OPERATIVO,08:45 a 16:30,Jirón Grau cuadra 4,2022
SAN MARTIN,MOYOBAMBA ,MOYOBAMBA,AG MOYOBAMBA,OPERATIVO,08:45 a 16:45,Jirón Dos de Mayo Mz. 1530 Lt. 14 (837),2022
SAN MARTIN,HUALLAGA,SAPOSOA,AG HUALLAGA,OPERATIVO,08:45 a 16:45,Jirón Lima N° 591,2022
SAN MARTIN,LAMAS,LAMAS,AG LAMAS,OPERATIVO,08:45 a 16:45,Jirón San Martín N° 984,2022
SAN MARTIN,MARISCAL CACERES,JUANJUI,AG MARISCAL CACERES,OPERATIVO,08:45 a 16:45,Jirón Eduardo Peña Meza N° 772 ,2022
SAN MARTIN,RIOJA,RIOJA,OR RIOJA,OPERATIVO,08:45 a 16:45,Jirón Angaiza N° 530,2022
SAN MARTIN,SAN MARTIN ,TARAPOTO,OR TARAPOTO,OPERATIVO,08:45 a 16:45,Jirón Jiménez Pimentel N° 280 ,2022
SAN MARTIN,BELLAVISTA,BELLAVISTA,AG BELLAVISTA,OPERATIVO,08:45 a 16:45,Jirón Huallaga - Iquitos Mz. 7 Lt. 27 - A.  1er. Piso,2022
SAN MARTIN,PICOTA,PICOTA,AG PICOTA,OPERATIVO,08:45 a 16:45,"Jirón Simón Bolívar, cuadra 4",2022
LORETO,DATEM DEL MARAÑON,BARRANCA,ORA SAN LORENZO - NUCLEO BASE,OPERATIVO,08:45 a 16:30,Barrio Daniel Alcides Carrión S/N - Barrio Huacachina,2022
SAN MARTIN,SAN MARTIN ,LA BANDA DE SHILCAYO,AG LA BANDA DE SHILCAYO,OPERATIVO,08:45 a 16:45,Jirón Yurimaguas N° 340,2022
SAN MARTIN,MARISCAL CACERES,JUANJUI,ORA HOSPITAL JUANJUI,OPERATIVO,08:45 a 16:30,Jirón Arica N° 205,2022
SAN MARTIN,RIOJA,RIOJA,ORA HOSPITAL DE RIOJA,OPERATIVO,08:45 a 16:30,Jirón Túpac Amaru S/N,2022
LORETO,MAYNAS,PUNCHANA,"ORA HOSPITAL REGIONAL DE LORETO ""FELIPE ARRIOLA IGLESIAS""",OPERATIVO,08:45 a 16:30,Avenida 28 de Julio S/N,2022
LORETO,MAYNAS,IQUITOS,"ORA HOSPITAL IQUITOS ""CESAR GARAYAR GARCIA""",OPERATIVO,08:45 a 16:30,Calle Libertad cuadra 4,2022
LORETO,MAYNAS,BELÉN,OR BELEN,OPERATIVO,08:45 a 16:30,Calle Miraflores S/N P. J. 09 de Octubre,2022
LORETO,MAYNAS,TENIENTE MANUEL CLAVERO,PAP SOPLIN VARGAS,OPERATIVO,08:45 a 16:30,Avenida Plaza de Armas S/N 28 de Julio,2022
LORETO,MAYNAS,IQUITOS,OR IQUITOS,OPERATIVO,08:45 a 16:45,Jirón Próspero Nº 201,2022
LORETO,LORETO,NAUTA,PAP NAUTA,OPERATIVO,08:45 a 16:30,Avenida Grau Nº 305 Centro,2022
LORETO,REQUENA,REQUENA,PAP REQUENA,OPERATIVO,08:45 a 16:30,Calle San Antonio S/N Anexo Hotel Municipal,2022
LORETO,MARISCAL RAMON CASTILLA,RAMON CASTILLA,PAP MARISCAL RAMON CASTILLA - CABALLOCOCHA,OPERATIVO,08:45 a 16:30,Calle Ayacucho Mz. 22 Lt. 4 C con Amazonas S/N - Local Municipal,2022
LORETO,MAYNAS,SAN JUAN BAUTISTA,OR SAN JUAN BAUTISTA,OPERATIVO,08:45 a 16:30,Avenida Abelardo Quiñones Nº 2371 Km. 2.5 ,2022
LORETO,MARISCAL RAMON CASTILLA,YAVARI,PAP YAVARI,OPERATIVO,08:45 a 16:30,Pasaje Dos de Julio S/N Local Municipal,2022
LORETO,MAYNAS,PUTUMAYO,PAP PUTUMAYO,OPERATIVO,08:45 a 16:30,Calle LOCAL MUNICIPAL,2022
LORETO,MAYNAS,PUNCHANA,PAP PUNCHANA,OPERATIVO,08:45 a 16:30,"Calle Trujillo esquina con Calle Cusco, cuadra 5",2022
LORETO,REQUENA,REQUENA,ORA REQUENA,OPERATIVO,08:45 a 16:30,Calle Mártires del Petroléo S/N - Malecon Grau,2022
LORETO,MARISCAL RAMON CASTILLA,RAMON CASTILLA,ORA CABALLOCOCHA,OPERATIVO,08:45 a 16:30,Calle Progreso N° 425,2022
LORETO,MAYNAS,PUNCHANA,MAC - LORETO,OPERATIVO,08:30 a 16:30,Avenida La Marina Nº  1338,2022
ANCASH,SANTA,CHIMBOTE,OR SANTA,OPERATIVO,08:45 a 16:45,Jirón Jr. Enrique Palacios Nº 504-506 esquina con Jr. Ladislao Espinar Nº 401,2022
ANCASH,SANTA,NUEVO CHIMBOTE,AG NUEVO CHIMBOTE,OPERATIVO,08:45 a 16:45,- Mz. 74-75 Lt. 1 del Centro Cívico de la Municipalidad Distrital de Nuevo Chimbote ,2022
ANCASH,HUARAZ,HUARAZ,AG HUARAZ,OPERATIVO,08:45 a 16:45,"Jirón José Larrea y Laredo N° 764,Mz. ""C"" Lote 6, Zona Central y Comercial - Huaraz",2022
ANCASH,HUAYLAS,CARAZ,AG HUAYLAS,OPERATIVO,08:45 a 16:45,Jirón Jr. Raimondi N° 215 - Caraz,2022
ANCASH,HUARI,HUARI,AG HUARI,OPERATIVO,08:45 a 16:45,Jirón Libertad Mz P2 Lote 003,2022
ANCASH,POMABAMBA,POMABAMBA,AG POMABAMBA,OPERATIVO,08:45 a 16:45,Jirón Huaraz No. 691 - Pomabamba,2022
ANCASH,SIHUAS,SIHUAS,AG SIHUAS,OPERATIVO,08:45 a 16:45,Jirón Jr. Gomes Arias N° 104,2022
ANCASH,CASMA,CASMA,PAP CASMA,OPERATIVO,08:45 a 16:45,"- Lote 13, Manzana C,  Zona Centro Civico, Pasaje Hijuela ",2022
ANCASH,HUARMEY,HUARMEY,PAP HUARMEY,OPERATIVO,08:45 a 16:45,- 1er. Pabellón de Centro Civico S/N - Huarmey,2022
ANCASH,RECUAY,RECUAY,PAP RECUAY,OPERATIVO,08:45 a 16:45,Calle Plaza de Armas Nº 180 Municipalidad Distrital de Recuay,2022
ANCASH,CARHUAZ,CARHUAZ,PAP CARHUAZ,OPERATIVO,08:45 a 16:45,"Avenida La Merced Nº 1006  con Jirón Brasil Lote 7 de la Manzana  P1, Sector Independencia",2022
ANCASH,YUNGAY,YUNGAY,PAP YUNGAY,OPERATIVO,08:45 a 16:45,Avenida Av. Arias Grazziani Lt 1-2 Centro Civico Municipalidad Provincial Yungay,2022
ANCASH,CARLOS FERMIN FITZCARRALD,SAN LUÍS,PAP CARLOS FERMÍN FITZCARRALD,OPERATIVO,08:45 a 16:45,Avenida Ramón Castilla N° 320 - 1er. piso Centro Civico de la Municipalidad Provincial de Carlos Fermin Fitscarrald,2022
ANCASH,MARISCAL LUZURIAGA,PISCOBAMBA,PAP MARISCAL LUZURIAGA,OPERATIVO,08:45 a 16:45,Jirón San Pablo S/N - Plaza de Armas de Piscobamba,2022
ANCASH,SANTA,CHIMBOTE,ORA LA CALETA,OPERATIVO,08:45 a 16:30,Avenida Malecon Grau S/N La Caleta,2022
ANCASH,SANTA,CHIMBOTE,ORA HOSPITAL ESSALUD III CHIMBOTE,OPERATIVO,08:45 a 16:30,Avenida Circunvalación Nº 119 Urb. Laderas del Norte,2022
ANCASH,SANTA,CHIMBOTE,ORA MATERNIDAD DE MARÍA,OPERATIVO,08:45 a 16:30,Avenida Meiggs 2071 P. Joven Miraflores Alto,2022
ANCASH,SANTA,NUEVO CHIMBOTE,ORA ELEAZAR GUZMÁN BARRÓN,OPERATIVO,08:45 a 16:30,Avenida Brasil S/N Urb. Santa Cristina,2022
ANCASH,HUARAZ,HUARAZ,ORA VÍCTOR RAMOS GUARDIA,OPERATIVO,08:45 a 16:30,Avenida Mariscal Luzuriaga S/N Cdra 01 intercepción con Jr. Pedro Villon cdra 10,2022
ANCASH,HUAYLAS,CARAZ,ORA HOSPITAL DE APOYO CARAZ,OPERATIVO,08:45 a 16:30,Avenida 9 de Octubre S/N,2022
ANCASH,HUARI,HUARI,ORA HUARI,OPERATIVO,08:45 a 16:30,Avenida Circunvalación Baja S/N,2022
ANCASH,PALLASCA,PAMPAS,AG PAMPAS,DESPLAZAMIENTO,08:45 a 16:45,Calle Plaza de Armas S/N - Municipalidad Distrital de Pampas - 1er piso,2022
ANCASH,CORONGO,CORONGO,PANP CORONGO,DESPLAZAMIENTO,08:45 a 16:45,"Jirón Jr. Grau N° 206, primer piso de la Municipalidad Provincial de Corongo",2022
ANCASH,PALLASCA,CABANA,PANP PALLASCA,DESPLAZAMIENTO,08:45 a 16:45,"Avenida Av. Plaza de Armas N° 103, primer piso de la Municipalidad Provincial de Pallasca",2022
ANCASH,AIJA,AIJA,PANP AIJA,DESPLAZAMIENTO,08:45 a 16:45,"Jirón Jr. Gavino Uribe S/N Plaza de Armas, 1er piso de la Municipalidad Provincial de Aija",2022
ANCASH,BOLOGNESI,CHIQUIAN,PANP BOLOGNESI,DESPLAZAMIENTO,08:45 a 16:45,"Jirón Jr. Tacna 320, primer piso del Centro Cívico de la Municipalidad Distrital de Chiquian",2022
ANCASH,YUNGAY,YANAMA,AG YANAMA,DESPLAZAMIENTO,08:45 a 16:45,Jirón Jr. Gran Chavín 2da cuadra S/N,2022
ANCASH,MARISCAL LUZURIAGA,LLUMPA,PANP LLUMPA,DESPLAZAMIENTO,08:45 a 16:45, Plaza de Armas S/N,2022
ANCASH,ASUNCION,CHACAS,PANP ASUNCIÓN,DESPLAZAMIENTO,08:45 a 16:45,"Jirón Jr. Atusparia S/N, esquina con Jr. Lima",2022
ANCASH,HUARI,CHAVIN DE HUANTAR,PANP CHAVÍN DE HUANTAR,DESPLAZAMIENTO,08:45 a 16:45,"Jirón Jr. San Martin S/N, 1er piso del Centro Cívico de la Municipalidad Distrital de Chavin de Huantar",2022
ANCASH,HUARI,SAN MARCOS,PANP SAN MARCOS ,DESPLAZAMIENTO,08:45 a 16:45,"Jirón Jr. Progreso 332, Plaza de Armas de San Marcos",2022
ANCASH,HUACAYBAMBA,HUACAYBAMBA,PANP HUACAYBAMBA,DESPLAZAMIENTO,08:45 a 16:45,"Avenida Av. El Ejercito S/N Barrio San Pedro, 1er piso Centro Civico de la Municipalidad Provincial de Huacaybamba",2022
ANCASH,ANTONIO RAIMONDI,LLAMELLIN,PANP ANTONIO RAIMONDI,DESPLAZAMIENTO,08:45 a 16:45,Jirón Jr. Simón Bolívar N° 229,2022
ANCASH,HUARI,UCO,PANP UCO,DESPLAZAMIENTO,08:45 a 16:45,"Jirón Jr. Nicolas de Piérola S/N, Plaza de Armas, Municipalidad Distrital de Uco",2022
JUNIN,SATIPO,PANGOA,PAP PANGOA,OPERATIVO,08:45 a 16:30,Calle 07 de Junio Nº 641 Plaza Principal Centro Civico,2022
JUNIN,HUANCAYO,HUANCAYO,"ORA REGIONAL DOCENTE MATERNO INFANTIL ""EL CARMEN""",OPERATIVO,08:45 a 16:30,Jirón Puno Nº 911,2022
JUNIN,SATIPO,MAZAMARI,PAP MAZAMARI,OPERATIVO,08:45 a 16:30,Avenida San Juan N° 353,2022
JUNIN,HUANCAYO,EL TAMBO,OR HUANCAYO,OPERATIVO,08:45 a 16:45,Avenida Mariscal Castilla N° 1801 Cruce con Jr. Aguirre Morales - El Tambo,2022
JUNIN,CONCEPCION,CONCEPCIÓN,PAP CONCEPCIÓN,OPERATIVO,08:45 a 16:30,Jirón Ricardo Palma S/N Mercado Modelo Interior 1 ,2022
JUNIN,JAUJA,JAUJA,PAP JAUJA,OPERATIVO,08:45 a 16:30,Jirón Sucre N° 889,2022
JUNIN,JUNIN,JUNIN,PAP JUNIN,DESPLAZAMIENTO,08:45 a 16:30,Jirón Simón Bolivar N° 820,2022
JUNIN,TARMA,TARMA,AG TARMA,OPERATIVO,08:45 a 16:45,Jirón Arequipa Nº 939,2022
JUNIN,YAULI,SANTA ROSA DE SACCO,PAP YAULI,OPERATIVO,08:45 a 16:30,Avenida Miguel Grau N° 309,2022
JUNIN,SATIPO,SATIPO,PAP SATIPO,OPERATIVO,08:45 a 16:45,Avenida Micaela Bastidas y Jr. Augusto B. Leguia Centro Civico ,2022
JUNIN,CHANCHAMAYO,LA MERCED,AG CHANCHAMAYO,OPERATIVO,08:45 a 16:45,Prolongación Tarma Nº 236,2022
JUNIN,CHUPACA,CHUPACA,PAP CHUPACA,OPERATIVO,08:45 a 16:30,Jirón Grau N° 195 - Centro Cívico,2022
JUNIN,CHANCHAMAYO,PICHANAQUI,PAP PICHANAQUI,OPERATIVO,08:45 a 16:45,Jirón Independencia S/N Coliseo Municipal,2022
JUNIN,TARMA,TARMA,ORA DE APOYO FELIX MAYORCA SOTO,DESPLAZAMIENTO,08:45 a 16:30,Avenida Pacheco Nº 362,2022
JUNIN,JAUJA ,JAUJA ,ORA HOSPITAL DOMINGO OLAVEGOYA,DESPLAZAMIENTO,08:45 a 16:30,Jirón San Martín Nº 1153 Urb. Olavegoya ,2022
JUNIN,CHANCHAMAYO ,PICHANAQUI,ORA HOSPITAL DE APOYO PICHANAQUI,OPERATIVO,08:45 a 16:30,Avenida San Martín S/N Pichanaki,2022
JUNIN,HUANCAYO,HUANCAYO,ORA LA LIBERTAD,DESPLAZAMIENTO,08:45 a 16:30,Jirón HUANCAS 695,2022
JUNIN,HUANCAYO,EL TAMBO,ORA HOSPITAL NACIONAL RAMIRO PRIALE,DESPLAZAMIENTO,08:45 a 16:30,Avenida AV. INDEPENDENCIA Nº 266,2022
JUNIN,HUANCAYO,CHILCA,ORA CHILCA,DESPLAZAMIENTO,08:45 a 16:30,Jirón HUMBOLT 900,2022
AYACUCHO,HUAMANGA,AYACUCHO,"ORA HOSPITAL REGIONAL DE AYACUCHO ""MIGUEL ANGEL MARISCAL LLERENA""",OPERATIVO,08:45 a 16:30,Jirón Av.Daniel Alcides Carrión S/N - 2da cuadra.,2022
AYACUCHO,LA MAR,AYNA,PAP AYNA -SAN FRANCISCO,OPERATIVO,08:45 a 16:45,Avenida 28 de Julio S/N San Francisco,2022
AYACUCHO,HUAMANGA,AYACUCHO,OR HUAMANGA,OPERATIVO,08:45 a 16:45,"Jirón San Martin Nº 473, 475, 477 y 477A",2022
AYACUCHO,CANGALLO,CANGALLO,PAP CANGALLO,OPERATIVO,08:45 a 16:45,Jirón Maria Parado de Bellido Nº 205,2022
AYACUCHO,HUANTA,HUANTA,AG HUANTA,OPERATIVO,08:45 a 16:45,Jirón Ayacucho N° 305,2022
AYACUCHO,LA MAR,SAN MIGUEL,PAP LA MAR,OPERATIVO,08:45 a 16:45,Jirón Maria Parado de Bellido S/N ,2022
AYACUCHO,VICTOR FAJARDO,HUANCAPI,PAP VICTOR FAJARDO,OPERATIVO,08:45 a 16:45,- Plaza Principal Nº 127,2022
AYACUCHO,HUANCA SANCOS,SANCOS,PAP HUANCASANCOS,OPERATIVO,08:45 a 16:45,Avenida Progreso S/N Consejo Provincial de Huanca Sancos,2022
AYACUCHO,VILCAS HUAMAN,VILCAS HUAMAN,PAP VILCASHUAMAN,OPERATIVO,08:45 a 16:45,Avenida Los Incas Nº 318,2022
AYACUCHO,SUCRE,QUEROBAMBA,PAP SUCRE,OPERATIVO,08:45 a 16:45,Jirón San Martin S/N  Plaza de Armas Consejo Provincial de Sucre,2022
AYACUCHO,HUANTA,HUANTA,"ORA HOSPITAL DE APOYO HUANTA ""DANIEL ALCIDES CARRION""",OPERATIVO,08:45 a 16:30,Avenida Mariscal Castilla Nº 628,2022
AYACUCHO,LA MAR,SAN MIGUEL,ORA SAN MIGUEL,OPERATIVO,08:45 a 16:30,Avenida Ramon Castilla s/n,2022
AYACUCHO,CANGALLO,CANGALLO,ORA HOSPITAL DE APOYO CANGALLO,OPERATIVO,08:45 a 16:30,Jirón Santa Rosa N° 110,2022
CUSCO,LA CONVENCION,PICHARI,PAP PICHARI,OPERATIVO,08:45 a 16:45,Avenida BRASIL S/N,2022
APURIMAC,CHINCHEROS,CHINCHEROS,PAP CHINCHEROS,OPERATIVO,08:45 a 16:45,Jirón COTABAMBAS N° 121,2022
AYACUCHO,LA MAR,SAMUGARI,PAP SAMUGARI -PALMAPAMPA,OPERATIVO,08:45 a 16:45,Jirón Los Laureles S/N – Palmapampa Distrital de Samugari,2022
AYACUCHO,LA MAR,TAMBO,ORA TAMBO,OPERATIVO,08:45 a 16:30,Jirón Lima s/n,2022
AYACUCHO,HUAMANGA,JESUS NAZARENO,ORA HOSPITAL DE APOYO JESUS NAZARENO,OPERATIVO,08:45 a 16:30,Jirón Ciro Alegría Nº 547,2022
AYACUCHO,VILCAS HUAMAN,VILCAS HUAMAN,ORA VILCASHUAMAN,OPERATIVO,08:45 a 16:30,Avenida Vilcasraymi S/N,2022
APURIMAC,ANDAHUAYLAS,TALAVERA,OR ANDAHUAYLAS,OPERATIVO,08:45 a 16:45,Jirón Amauta N° 311,2022
APURIMAC,CHINCHEROS,ANCCO HUALLO,ORA  CENTRO DE SALUD URIPA ,OPERATIVO,08:45 a 16:30,Avenida  Túpac Amaru S/N – URIPA,2022
APURIMAC,ANDAHUAYLAS,ANDAHUAYLAS,ORA HOSPITAL REGIONAL DOCENTE  HUGO PESCE PESCETTO ANDAHUAYLAS ,OPERATIVO,08:45 a 16:30,Avenida Hugo Pesce Pesceto S/N,2022
AYACUCHO,HUANTA,SIVIA,ORA HOSPITAL DE APOYO DE SIVIA,OPERATIVO,08:45 a 16:30,Jirón Gervacio Santillana S/N,2022
CUSCO,LA CONVENCION,KIMBIRI,ORA CENTRO DE SALUD SAN JUAN DE KIMBIRI,OPERATIVO,08:45 a 16:30,Avenida Aeropuerto S/N,2022
CUSCO,LA CONVENCION,PICHARI,ORA HOSPITAL DE APOYO PICHARI,OPERATIVO,08:45 a 16:30,Jirón Amazonas s/n,2022
APURIMAC,CHINCHEROS,CHINCHEROS,ORA HOSPITAL DE APOYO CHINCHEROS,OPERATIVO,08:45 a 16:30,Avenida Fernando Belaunde Terry S/N,2022
AYACUCHO,CANGALLO,LOS MOROCHUCOS,ORA PAMPA CANGALLO,OPERATIVO,08:45 a 16:30,Avenida María Arguedas S/N,2022
AREQUIPA,AREQUIPA,AREQUIPA,ORA HOSPITAL REGIONAL HONORIO DELGADO ESPINOZA,OPERATIVO,08:45 a 16:30,Avenida Daniel Alcides Carrión N° 505,2022
TACNA,TACNA,TACNA,ORA TACNA,OPERATIVO,08:45 a 16:30,Calle Blondel S/N,2022
AREQUIPA,AREQUIPA,AREQUIPA,OR AREQUIPA,OPERATIVO,08:45 a 16:45,Calle San Juan de Dios N° 122 y Santo Domingo N° 101,2022
AREQUIPA,CAYLLOMA,CHIVAY,PAP CAYLLOMA,OPERATIVO,08:45 a 16:45,Calle Siglo XX S/N,2022
AREQUIPA,CAMANA,CAMANA,AG CAMANA,OPERATIVO,08:45 a 16:45,Avenida Mariscal Castilla N° 221,2022
AREQUIPA,CARAVELI,CARAVELÍ,PAP CARAVELI,OPERATIVO,08:45 a 16:45,Jirón Bolivar S/N,2022
AREQUIPA,CASTILLA,APLAO,PAP CASTILLA,OPERATIVO,08:45 a 16:45,Calle Progreso S/N,2022
AREQUIPA,CONDESUYOS,CHUQUIBAMBA,PAP CONDESUYOS,OPERATIVO,08:45 a 16:45,Avenida Alameda S/N - Los Tres Errantes,2022
AREQUIPA,ISLAY,MOLLENDO,AG ISLAY,OPERATIVO,08:45 a 16:45,Calle Arequipa Nº 261 ,2022
AREQUIPA,LA UNION,COTAHUASI,PAP LA UNION,OPERATIVO,08:45 a 16:45,Calle Centenario N° 202 - Cotahuasi,2022
MOQUEGUA,MARISCAL NIETO,MOQUEGUA,ORA HOSPITAL REGIONAL MOQUEGUA,OPERATIVO,08:45 a 16:30,Avenida Simón Bolívar N° 505,2022
MOQUEGUA,MARISCAL NIETO,MOQUEGUA,AG MARISCAL NIETO,OPERATIVO,08:45 a 16:45,Calle Lima Nº 676,2022
MOQUEGUA,ILO,ILO,AG ILO,OPERATIVO,08:45 a 16:45,Jirón Ayacucho N° 529,2022
AREQUIPA,CAYLLOMA,MAJES,AG MAJES,OPERATIVO,08:45 a 16:45,Avenida Arequipa S/N - Tienda 06 del Estadio Almirante Miguel Grau - Pedregal,2022
AREQUIPA,AREQUIPA,CAYMA,AG CAYMA,OPERATIVO,08:45 a 16:45,Avenida Ramón Castilla S/N - Estadio La Tomilla,2022
TACNA,TACNA,TACNA,AG TACNA,OPERATIVO,08:45 a 16:45,Calle Deustua Nº 173,2022
AREQUIPA,AREQUIPA,AREQUIPA,ORA HOSPITAL III GOYENECHE,OPERATIVO,08:45 a 16:30,Avenida Goyeche N° 100,2022
AREQUIPA,CAMANA,CAMANA,ORA HOSPITAL DE CAMANA,OPERATIVO,08:45 a 16:30,Avenida Lima 550,2022
AREQUIPA,AREQUIPA,PAUCARPATA,MAC - AREQUIPA,OPERATIVO,08:30 a 16:30,Avenida Porongoche N° 500 Paucarpata - Centro Comercial Mall Aventura ,2022
AREQUIPA,CAYLLOMA,MAJES,ORA HOSPITAL CENTRAL DE MAJES- ANGEL GABRIEL CHURA GALLEGOS,OPERATIVO,08:45 a 16:30,- Asentamiento B1 lote 1 Irrig. Majes,2022
CUSCO,CUSCO,SANTIAGO,ORA ANTONIO LORENA DEL CUSCO,OPERATIVO,08:45 a 16:30,Calle Carlos Ugarte S/N Urb. Primavera Cuartel Agustín Gamarra,2022
CUSCO,CUSCO,WANCHAQ,ORA HOSPITAL NACIONAL ADOLFO GUEVARA VELASCO,OPERATIVO,08:45 a 16:30,Avenida Ancelmo Alvarez S/N,2022
APURIMAC,ABANCAY,ABANCAY,OR ABANCAY,OPERATIVO,08:45 a 16:45,Avenida La Victoria Nº 214,2022
APURIMAC,AYMARAES,CHALHUANCA,PANP AYMARAES,DESPLAZAMIENTO,08:45 a 16:30,- Plaza de Armas S/N (Gobernatura De Chalhuanca),2022
APURIMAC,ANTABAMBA,ANTABAMBA,PANP ANTABAMBA,DESPLAZAMIENTO,08:45 a 16:30,- Plaza de Armas S / N,2022
APURIMAC,COTABAMBAS,TAMBOBAMBA,PAP TAMBOBAMBA,OPERATIVO,08:45 a 16:30,Avenida Perú - Plaza de Armas S/N - 3er Piso,2022
APURIMAC,GRAU,CHUQUIBAMBILLA,PANP GRAU,DESPLAZAMIENTO,08:45 a 16:30,- Plaza de Armas S / N,2022
CUSCO,CUSCO,CUSCO,OR CUSCO,OPERATIVO,08:45 a 16:45,Avenida El Sol N° 272,2022
CUSCO,ACOMAYO,ACOMAYO,PANP ACOMAYO,DESPLAZAMIENTO,08:45 a 16:30,- Plaza de Armas S/N,2022
CUSCO,ANTA,ANTA ,PAP ANTA,OPERATIVO,08:45 a 16:30,"Jirón Jaquijahuana  S / N, Izcuchaca",2022
CUSCO,CALCA,CALCA,AG CALCA,OPERATIVO,08:45 a 16:45,- Plaza de Armas S/N,2022
CUSCO,CANAS,YANAOCA,PAP CANAS,OPERATIVO,08:45 a 16:30,- Plaza de Armas S/N,2022
CUSCO,CANCHIS,SICUANI,AG CANCHIS,OPERATIVO,08:45 a 16:45,Avenida Túpac Amaru N° 163,2022
CUSCO,CHUMBIVILCAS,SANTO TOMAS,PAP CHUMBIVILCAS,OPERATIVO,08:45 a 16:30,Avenida Perú S / N (Ruedo de Toros),2022
CUSCO,ESPINAR,ESPINAR,PAP ESPINAR,OPERATIVO,08:45 a 16:45,Calle Teatro S/N  ,2022
CUSCO,LA CONVENCION,SANTA ANA,AG LA CONVENCION,OPERATIVO,08:45 a 16:45,Avenida Grau Nº 238,2022
CUSCO,PARURO,PARURO,PANP PARURO,DESPLAZAMIENTO,08:45 a 16:30,- Plaza de Armas S/N,2022
CUSCO,PAUCARTAMBO,PAUCARTAMBO,PAP PAUCARTAMBO - JR9,OPERATIVO,08:45 a 16:30,Jirón Enrique Yabar S/N,2022
CUSCO,QUISPICANCHI,URCOS,PAP QUISPICANCHI,OPERATIVO,08:45 a 16:45,Jirón Huáscar N° 181,2022
CUSCO,URUBAMBA,URUBAMBA,PAP URUBAMBA,OPERATIVO,08:45 a 16:30,Avenida Conchatupa S/N,2022
MADRE DE DIOS,TAHUAMANU,IBERIA,AG IBERIA,OPERATIVO,08:45 a 16:30,Avenida Máximo Rodríguez N° 124 Plaza de Armas,2022
APURIMAC,ABANCAY,ABANCAY,ORA HOSPITAL REGIONAL GUILLERMO DIAZ DE LA VEGA,OPERATIVO,08:45 a 16:30,Avenida Daniel Alcides Carrión S/N,2022
MADRE DE DIOS,TAMBOPATA,TAMBOPATA,OR TAMBOPATA,OPERATIVO,08:45 a 16:45,Jirón Lambayeque N° 159,2022
MADRE DE DIOS,MANU,MANU,PANP MANU,DESPLAZAMIENTO,08:45 a 16:30,Avenida Esperanza S/N - Local Municipal,2022
CUSCO,ACOMAYO,POMACANCHI,AG POMACANCHI,DESPLAZAMIENTO,08:45 a 16:30,- Plaza de Armas S/N,2022
CUSCO,CUSCO,CUSCO,ORA HOSPITAL DE APOYO DEPARTAMENTAL CUSCO,OPERATIVO,08:45 a 16:30,Avenida La Cultura S/N,2022
CUSCO,CUSCO,SANTIAGO,ORA BELEMPAMPA,OPERATIVO,08:45 a 16:30,Avenida 21 de Mayo S/N,2022
CUSCO,CANCHIS,SICUANI,ORA SICUANI,OPERATIVO,08:45 a 16:30,Avenida Manuel Callo Zevallos N° 519 - Hospital MINSA Sicuani,2022
MADRE DE DIOS,TAMBOPATA,TAMBOPATA,ORA SANTA ROSA,OPERATIVO,08:45 a 16:30,Jirón Cajamarca N° 171,2022
CUSCO,LA CONVENCION,SANTA ANA,ORA QUILLABAMBA,OPERATIVO,08:45 a 16:30,Avenida General Gamarra S/N - Hospital Quillabamba,2022
APURIMAC,AYMARAES,CHALHUANCA,ORA CHALHUANCA,OPERATIVO,08:45 a 16:30,Avenida Bolivar S/N,2022
CUSCO,ESPINAR,ESPINAR,ORA ESPINAR,OPERATIVO,08:45 a 16:30,Calle Domingo Huarca Cruz S/N Barrio Túpac Amaru  - Hospital Espinar,2022
MADRE DE DIOS,TAHUAMANU,IBERIA,ORA SAN MARTIN DE PORRES DE IBERIA,OPERATIVO,08:45 a 16:30,Calle Mocopata S/N,2022
APURIMAC,COTABAMBAS,TAMBOBAMBA,ORA TAMBOBAMBA,OPERATIVO,08:45 a 16:30,- Hospital Tambobamba,2022
APURIMAC,COTABAMBAS,HAQUIRA,PAP HAQUIRA,OPERATIVO,08:45 a 16:30,- Plaza de armas S/N-Haquira,2022
CUSCO,CHUMBIVILCAS,SANTO TOMAS,ORA SANTO TOMAS,OPERATIVO,08:45 a 16:30,Calle  Andres Avelino Caceres - Hospital Santo Tomas  ,2022
CUSCO,CHUMBIVILCAS,VELILLE,PANP VELILLE,DESPLAZAMIENTO,08:45 a 16:30,- Plaza de Armas - Municipalidad Distrital Velille,2022
CUSCO,CALCA,YANATILE,PANP YANATILE,DESPLAZAMIENTO,08:45 a 16:30,- Plaza de Armas - Municipalidad Distrital Yanatile,2022
APURIMAC,ABANCAY,CURAHUASI,PANP CURAHUASI,DESPLAZAMIENTO,08:45 a 16:30,- Coliseo Cerrado - Municipalidad de Curahuasi,2022
LIMA,LIMA ,JESÚS MARÍA,ORA HOSPITAL NACIONAL EDGARDO REBAGLIATI MARTINS,OPERATIVO,08:45 a 16:30,Avenida AV. SALAVERRY CDRA. 13 - PUERTA 6,2022
CALLAO,CALLAO,CALLAO,ORA NAC. DANIEL A. CARRIÓN,OPERATIVO,08:45 a 16:30,Avenida Guardia Chalaca Nº 2176 - Bellavista,2022
LIMA,LIMA,SAN JUAN DE LURIGANCHO,ORA HOSPITAL SAN JUAN DE LURIGANCHO,OPERATIVO,08:45 a 16:30,Avenida Canto Grande S/N - Altura del paradero 10,2022
LIMA,LIMA,EL AGUSTINO,ORA HOSPITAL NACIONAL HIPOLITO UNANUE,OPERATIVO,08:45 a 16:30,Avenida Cesar Vallejo Nº 1390 ,2022
LIMA,LIMA,LIMA,ORA INSTITUTO NACIONAL MATERNO PERINATAL,OPERATIVO,08:45 a 16:30,Jirón Miroquesada Nº 941 - Lima,2022
CALLAO,CALLAO,VENTANILLA,OR VENTANILLA,OPERATIVO,08:45 a 16:45,Avenida Pachacutec N° 225 - Sector B - Grupo Residencial B1 - Mz. F1 ,2022
LIMA,LIMA,SANTIAGO DE SURCO,OR SURCO - HIGUERETA,OPERATIVO,08:45 a 16:45,Avenida Santiago de Surco Nº 2807 Urb. Residencial Higuereta,2022
LIMA,LIMA,SAN BORJA,OR SAN BORJA,OPERATIVO,08:45 a 16:45,Avenida San Luis N° 1673 Urb. Jacaranda II,2022
LIMA,LIMA,COMAS,OR COMAS III,OPERATIVO,08:45 a 16:45,Avenida San Felipe Nº 830 Urb. San Felipe,2022
LIMA,LIMA,LIMA,OR QUILCA,OPERATIVO,08:45 a 16:45,Jirón Quilca Nº 501 y 525 ,2022
LIMA,LIMA,LIMA,AG ANCASH,OPERATIVO,08:45 a 16:45,Jirón Ancash Nº 336-340 y 344 (Frente a la Plazuela San Francisco) - Lima,2022
LIMA,LIMA,VILLA MARÍA DEL TRIUNFO,ORA DANIEL ALCIDES CARRION,OPERATIVO,08:45 a 16:30,Avenida Pachacutec N° 3470 - Pasando el Terminal Pesquero.,2022
CALLAO,CALLAO,BELLAVISTA,MAC - CALLAO,OPERATIVO,08:30 a 16:30,Avenida Oscar R. Benavides N° 3866 - Centro Comercial Mall Aventura Plaza,2022
LIMA,LIMA,LIMA,OR LIMA,OPERATIVO,08:45 a 16:45,Jirón Av. Nicolás de Piérola N 545,2022
LIMA,LIMA,ATE,OR ATE,OPERATIVO,08:45 a 16:45,Jirón Industrial Nº 438,2022
LIMA,LIMA,COMAS,OR COMAS I,OPERATIVO,08:45 a 16:45,"Avenida Tupac Amaru N° 5527 - 5531 - 5535, Urb Huaquillay 2da Etapa",2022
LIMA,LIMA,LURIN,OR LURIN,OPERATIVO,08:45 a 16:45,Jirón Simon Bolivar N° 267,2022
LIMA,LIMA,MIRAFLORES,OR MIRAFLORES,OPERATIVO,08:45 a 16:45,Avenida Ernesto Diez Canseco N° 230,2022
LIMA,LIMA,PUENTE PIEDRA,OR PUENTE PIEDRA,OPERATIVO,08:45 a 16:45,Jirón Ricardo Palma Nº 241,2022
LIMA,LIMA,SAN JUAN DE LURIGANCHO,OR SAN JUAN DE LURIGANCHO,OPERATIVO,08:45 a 16:45,Avenida Las Flores Lote 1 Mz. G Urb. Canto Grande Unidad 7,2022
LIMA,LIMA,SAN JUAN DE MIRAFLORES,OR SAN JUAN DE MIRAFLORES,OPERATIVO,08:45 a 16:45,Avenida Guillermo Billinghurst  N° 767 – 769 Mz. F Lote 18 Urb. SJM Parcela D,2022
LIMA,LIMA,SAN MARTÍN DE PORRES,OR SAN MARTIN DE PORRES,OPERATIVO,08:45 a 16:45,Avenida Eduardo de Habich Nº 590 - 592 con Pedro Paulet N° 589,2022
LIMA,CAJATAMBO,CAJATAMBO,AG CAJATAMBO,OPERATIVO,08:45 a 16:45,Jirón Bolognesi S/N - Comisiones de Regantes -Frente plaza de Armas,2022
LIMA,CANTA,CANTA,AG CANTA,OPERATIVO,08:45 a 16:45,Jirón Independencia Nº 308 Municipio (Plaza de Armas),2022
LIMA,CAÑETE,SAN VICENTE DE CAÑETE,AG CAÑETE,OPERATIVO,08:45 a 16:45,Avenida Los Libertadores Mz. D-3 Lote 4 Urbanización Tercer Mundo,2022
LIMA,HUAURA,HUACHO,AG HUACHO,OPERATIVO,08:45 a 16:45,Avenida Grau Nº 295,2022
LIMA,HUAROCHIRI,MATUCANA,AG MATUCANA,OPERATIVO,08:45 a 16:45,Jirón Tacna S/N  - Centro Civico,2022
LIMA,YAUYOS,YAUYOS,AG YAUYOS,OPERATIVO,08:45 a 16:45,Plaza Plaza Constitución Nº 110,2022
LIMA,HUARAL,HUARAL,AG HUARAL,OPERATIVO,08:45 a 16:45,Pasaje Los Pinos Nº 149 Mz E Lote 4 Pasaje Urb. El Rosario,2022
LIMA,BARRANCA,BARRANCA,OR BARRANCA,OPERATIVO,08:45 a 16:45,Avenida Independencia N° 674 - 676 - 678,2022
LIMA,OYON,OYON,AG OYON,OPERATIVO,08:45 a 16:45,Jirón Unión 216,2022
LIMA,LIMA,LURIGANCHO,OR CHOSICA,OPERATIVO,08:45 a 16:45,Jirón Chucuito Nº 248 ,2022
LIMA,LIMA,PACHACAMAC,OR PACHACAMAC,OPERATIVO,08:45 a 16:45,Avenida Paul Poblet N° 3111 - Dentro del Mercado Jumbo,2022
LIMA,LIMA,JESÚS MARÍA,OR JESUS MARIA,OPERATIVO,08:45 a 16:45,Jirón Talara N° 130-132-134 y 136 Jesús Maria,2022
LIMA,LIMA,CIENEGUILLA,OR CIENEGUILLA,OPERATIVO,08:45 a 16:45,"Avenida San Martin Lote 15, Zona ""D"" Manzana ""D"" Centro Poblado Tambo Viejo",2022
LIMA,LIMA,SANTA ANITA,OR SANTA ANITA,OPERATIVO,08:45 a 16:45,"Avenida Los Eucaliptos Nº 947, Urbanización Universal",2022
LIMA,LIMA,INDEPENDENCIA,OR INDEPENDENCIA,OPERATIVO,08:45 a 16:45,Calle Los Andes Nº 486 Urb. Industrial Panamericana Norte,2022
CALLAO,CALLAO,VENTANILLA,MAC - VENTANILLA,OPERATIVO,08:30 a 16:30,Avenida La Playa S/N altura la Urb. Zona Comercial frente a la Plaza Cívica ,2022
LIMA,LIMA,JESÚS MARÍA,AG 06 DE AGOSTO,OPERATIVO,08:45 a 16:45,Calle 06 de Agosto N° 856,2022
CALLAO,CALLAO,MI PERÚ,AG MI PERU,OPERATIVO,08:45 a 16:45,- Mz. G7 Lt. 06 Mi Perú  interior de la Sede Municipal.,2022
LIMA,LIMA,SAN MARTÍN DE PORRES,ORA NACIONAL CAYETANO HEREDIA,OPERATIVO,08:45 a 16:30,Jirón Honorio Delgado N° 262 - Urb. Ingeniería / Obstetricia,2022
LIMA,HUAURA,HUACHO,ORA HOSPITAL GENERAL DE HUACHO,OPERATIVO,08:45 a 16:30,Avenida Jose Arnaldo Arambulo La Rosa N° 251,2022
CALLAO,CALLAO,CALLAO,OR CALLAO,OPERATIVO,08:45 a 16:45,Avenida Dos de Mayo N° 440 - 446,2022
LIMA,LIMA,SAN BORJA,AG ATENCIONES ESPECIALES DE SAN BORJA,OPERATIVO,08:45 a 16:45,Avenida Javier Prado N° 2388 -2386 - 2392,2022
LIMA,LIMA,VILLA EL SALVADOR,OR VILLA EL SALVADOR,OPERATIVO,08:45 a 16:45,"Avenida Arriba Perú Nº 640 Sector 2, Grupo 7, Mz J, Lt 05 ",2022
LIMA,LIMA,EL AGUSTINO,MAC - LIMA ESTE,OPERATIVO,08:30 a 16:30,Jirón Ancash 2151 - Centro Comercial Agustino Plaza,2022
CALLAO,CALLAO,CARMEN DE LA LEGUA REYNOSO,ORA HOSPITAL SAN JOSE,OPERATIVO,08:45 a 16:30,Jirón Las Magnolias 475 Carmen de la Legua-Reynoso,2022
CALLAO,CALLAO,VENTANILLA,ORA HOSPITAL DE VENTANILLA,OPERATIVO,08:45 a 16:30,Avenida Pedro Beltran S/N Ventanilla - Hospital de Ventanilla,2022
LIMA,CAÑETE,SAN VICENTE DE CAÑETE,ORA HOSPITAL REZOLA,OPERATIVO,08:45 a 16:30,Calle San Martín Nº 120 -124 ,2022
LIMA,BARRANCA,BARRANCA,ORA HOSPITAL DE BARRANCA,OPERATIVO,08:45 a 16:30,Avenida Nicolás de Piérola Nº 210 -224,2022
LIMA,HUARAL,HUARAL,ORA HOSPITAL SAN JUAN BAUTISTA HUARAL,OPERATIVO,08:45 a 16:30,Calle Tacna Nº 120 Urb. San Juan I,2022
LIMA,LIMA ,COMAS,ORA HOSPITAL NACIONAL SERGIO E. BERNALES,OPERATIVO,08:45 a 16:30,"Avenida Túpac Amaru N° 8000, Collique, Comas.",2022
LIMA,LIMA,LIMA,ORA NACIONAL DOS DE MAYO,OPERATIVO,08:45 a 16:30,Avenida Parque Historia De La Medicina Peruana S/N Altura Cuadra 13 Av Grau,2022
LIMA,LIMA,ATE ,ORA HOSPITAL DE HUAYCAN,OPERATIVO,08:45 a 16:30,Avenida José C.Mariátegui S/N Zona B - A.H.Huaycán S/N Ate Lima Lima,2022
LIMA,LIMA,SAN JUAN DE MIRAFLORES,MAC - LIMA SUR,OPERATIVO,08:30 a 16:30,Avenida Circunvalación 1583- San Juan de Miraflores,2022
LIMA,LIMA,COMAS,MAC - LIMA NORTE,OPERATIVO,08:30 a 16:30,Avenida Los Angeles N° 602 2do piso - Cc Mall Plaza ,2022
LIMA,LIMA,JESUS MARIA,PVM - JESUS MARIA ,OPERATIVO,08:45 a 16:45,Jirón Talara N° 130,2022
LIMA,LIMA,SANTIAGO DE SURCO,PVM - JOCKEY PLAZA,OPERATIVO,08:45 a 16:45,Avenida Javier Prado Este N° 4200 ( Centro Financiero del Centro Comercial),2022
LIMA,LIMA,SURQUILLO,PVM - OPEN PLAZA ANGAMOS,OPERATIVO,08:45 a 16:45,Avenida Cruce Angamos N° 1805 con Tomas Marsano,2022
LIMA,LIMA,CHORRILLOS,PVM - PLAZA LIMA SUR,OPERATIVO,08:45 a 16:45,- Prolongación Paseo  de la Republica S/N Urb. Matellini (2do nivel del Centro Comercial) ,2022
CALLAO,CALLAO,VENTANILLA,PVM VENTANILLA,OPERATIVO,08:45 a 16:45,Avenida La Playa S/N altura la Urb. Zona Comercial frente a la Plaza Cívica ,2022
CALLAO,CALLAO,BELLAVISTA,PVM MALL AVENTURA PLAZA - CALLAO,OPERATIVO,08:45 a 16:45,Avenida Oscar R. Benavides N° 3866 - Centro Comercial Mall Aventura Plaza,2022
LIMA,LIMA,CERCADO,PVM - REAL PLAZA CENTRO CÍVICO,OPERATIVO,08:45 a 16:45,Avenida Garcilaso de la Vega N° 1337,2022
LIMA,LIMA,MIRAFLORES,PVM- MIRAFLORES,OPERATIVO,08:45 a 16:45,Avenida Diez Canseco N° 230,2022
LIMA,LIMA,INDEPENDENCIA,PVM - INDEPENDENCIA,OPERATIVO,08:45 a 16:45,Calle Los Andes Nº 486 Urb. Industrial Panamericana Norte,2022
LIMA,LIMA,SAN JUAN DE LURIGANCHO,PVM - SAN JUAN DE LURIGANCHO ,OPERATIVO,08:45 a 16:45,Avenida Las Flores Lote Nz. 6 Urb . Canto Grande ,2022
LIMA,LIMA,SANTA ANITA,ORA HOSP. JORGE VOTO BERNALES,OPERATIVO,08:45 a 16:45,"CARRETERA CARRETERA CENTRAL KM. 3,5 - SANTA ANITA",2022
LIMA,LIMA,VILLA MARÍA DEL TRIUNFO,CMI JOSE CARLOS MARIATEGUI,OPERATIVO,08:45 a 16:45,"Avenida Necochea s/n, AH. Jose Carlos Mariategui, Villa Maria del Triunfo.",2022
LIMA,LIMA,CERCADO,HOSP. NAC DOC MADRE Y NIÑO  SAN BARTOLOME,OPERATIVO,08:45 a 16:45,Avenida ALFONSO UGARTE 825 - LIMA,2022
LIMA,LIMA,CHORRILLOS,CMI VIRGEN DEL CARMEN ,OPERATIVO,08:45 a 16:45,Avenida LEOPOLDO ARIAS 200 FRENTE AL COLISEO MARISCAL CACERES,2022
PUNO,PUNO,PUNO,ORA MANUEL NUÑEZ BUTRON,OPERATIVO,08:45 a 16:30,Avenida El Sol N° 1022,2022
PUNO,PUNO,PUNO,ORA HOSPITAL BASE III (PUNO) - RED ASISTENCIAL PUNO,OPERATIVO,08:45 a 16:30,Jirón Francisco Cáceres Jara Nº 600,2022
PUNO,SAN ROMAN,JULIACA,ORA CARLOS MONGE MEDRANO,OPERATIVO,08:45 a 16:30,- Carretera a Huancane Km 2,2022
PUNO,EL COLLAO ,ILAVE ,ORA ILAVE,OPERATIVO,08:45 a 16:30,Jirón Atahualpa Nº 825,2022
PUNO,SAN ROMAN,JULIACA,ORA HOSPITAL BASE III JULIACA - ESSALUD - RED ASISTENCIAL JULIACA,OPERATIVO,08:45 a 16:30,Avenida José Santos Chocano S/N - La Capilla,2022
PUNO,PUNO,PUNO,OR PUNO,OPERATIVO,08:45 a 16:45,Jirón Arequipa N° 1143 - 1145 Barrio Victoria,2022
PUNO,AZANGARO,AZANGARO,PAP AZANGARO,OPERATIVO,08:45 a 16:45,Jirón Azangaro N° 160  (Palacio Municipal),2022
PUNO,CARABAYA,MACUSANI,PAP CARABAYA,OPERATIVO,08:45 a 16:45,Jirón Raimondi N° 116,2022
PUNO,CHUCUITO,JULI,PAP CHUCUITO,OPERATIVO,08:45 a 16:45,Jirón Ilave 235 - Mercado Central Municipio,2022
PUNO,HUANCANE,HUANCANE,PAP HUANCANE,OPERATIVO,08:45 a 16:45,Jirón Moquegua N° 104 - Barrio Progreso,2022
PUNO,LAMPA,LAMPA,PAP LAMPA,OPERATIVO,08:45 a 16:45,Jirón Alfonso Ugarte N° 343,2022
PUNO,MELGAR,AYAVIRI,PAP MELGAR,OPERATIVO,08:45 a 16:45,Calle Jorge Chavez N°  550,2022
PUNO,SANDIA,SANDIA,PAP SANDIA,OPERATIVO,08:45 a 16:45,Avenida Juliaca S/N - Mercado Central Sandia,2022
PUNO,SAN ROMAN,JULIACA,AG SAN ROMAN,OPERATIVO,08:45 a 16:45,Jirón Brascesco N° 181 ,2022
PUNO,YUNGUYO,YUNGUYO,PAP YUNGUYO,OPERATIVO,08:45 a 16:45,Jirón Grau Nº 240,2022
PUNO,SAN ANTONIO DE PUTINA,PUTINA,PAP PUTINA,OPERATIVO,08:45 a 16:45,- Plaza de Armas S/N (Palacio Municipal),2022
PUNO,EL COLLAO,ILAVE,PAP EL COLLAO,OPERATIVO,08:45 a 16:45,Jirón Bolognesi S/N - Coliseo Cubierto Ilave Oficina N° 02,2022
PUNO,MOHO,MOHO,PAP MOHO,OPERATIVO,08:45 a 16:45,Avenida Circunvalación S/N Mercado Municipal,2022
PUNO,AZANGARO,AZANGARO,ORA CARLOS CORNEJO ROSELLO,OPERATIVO,08:45 a 16:30,Jirón Francisco Bolognesi N° 557,2022
PUNO,CHUCUITO,JULI,ORA JULI,OPERATIVO,08:45 a 16:30,Avenida Panamericana S/N,2022
PUNO,HUANCANE,HUANCANE,ORA HOSPITAL LUCIO ALDAZABAL PAUCA,OPERATIVO,08:45 a 16:30,Avenida Santa Cruz S/N,2022
PUNO,MELGAR,AYAVIRI,ORA SAN JUAN DE DIOS (AYAVIRI),OPERATIVO,08:45 a 16:30,Jirón Progreso S/N,2022
PUNO,SAN ROMÁN,JULIACA,ORA CENTRO DE SALUD CLAS SANTA ADRIANA,OPERATIVO,08:45 a 16:30,Jirón Pachacutec S/N,2022
PUNO,SAN ROMÁN,SAN MIGUEL,PAP SAN MIGUEL - JR11,OPERATIVO,08:45 a 16:45,- Palacio Municipal S/N,2022
PUNO,CHUCUITO,DESAGUADERO,PAP DESAGUADERO,OPERATIVO,08:45 a 16:45,Jirón 28 de Julio N° 305 - Desaguadero,2022
PUNO,PUNO,PUNO,PAP UNA PUNO,OPERATIVO,08:45 a 16:45,Avenida Floral N° 1153 - Ciudad Universitaria,2022
PUNO,PUNO,ACORA,ACORA,OPERATIVO,08:45 a 16:45,- Plaza de Armas (Palacio Municipal),2022
ICA,ICA,ICA,ORA REGIONAL DE ICA,OPERATIVO,08:45 a 16:30,Avenida Huacachina S/N,2022
AYACUCHO,LUCANAS,PUQUIO,AG LUCANAS,OPERATIVO,08:45 a 16:45,Jirón San Pedro  Nº 216,2022
AYACUCHO,PARINACOCHAS,CORACORA,AG PARINACOCHAS,OPERATIVO,08:45 a 16:45,Jirón Bolognesi N° 419 Plaza de Armas,2022
ICA,ICA,PARCONA,PAP PARCONA,OPERATIVO,08:45 a 16:45,Avenida Jhon F. Kennedy N° 500 con Calle Lima S/N (Costado del Palacio Municipal),2022
ICA,ICA,ICA,OR ICA,OPERATIVO,08:45 a 16:45,Avenida San Martin N° 1366 Mz. M-02 Lt. 035. Urb. San Isidro ,2022
ICA,CHINCHA,CHINCHA ALTA,AG CHINCHA,OPERATIVO,08:45 a 16:45,Calle Los Angeles N° 300,2022
ICA,NASCA,NASCA,AG NASCA,OPERATIVO,08:45 a 16:45,Calle Fermin del Castillo N° 270,2022
ICA,PISCO,PISCO,AG PISCO,OPERATIVO,08:45 a 16:45,Calle San Juan de Dios N° 288,2022
AYACUCHO,LUCANAS,PUQUIO,ORA FELIPE HUAMAN POMA DE AYALA,OPERATIVO,08:45 a 16:30,Avenida Arnaldo Alvarado S/N ,2022
AYACUCHO,PARINACOCHAS,CORACORA,ORA HOSPITAL DE APOYO DE CORACORA,OPERATIVO,08:45 a 16:30,Avenida La Cultura S/N,2022
ICA,ICA,ICA,ORA SANTA MARIA DEL SOCORRO,OPERATIVO,08:45 a 16:30,Calle Castrovirreyna N° 759,2022
ICA,PISCO,PISCO,ORA SAN JUAN DE DIOS,OPERATIVO,08:45 a 16:30,Avenida Fermín Tanguis S/N (Altura del Fundo Alto de la Luna),2022
ICA,CHINCHA,CHINCHA ALTA,ORA SAN JOSE DE CHINCHA,OPERATIVO,08:45 a 16:30,Avenida Abelardo Alva Maurtua Nº 600,2022
ICA,NASCA,NASCA,ORA HOSPITAL DE APOYO DE NASCA,OPERATIVO,08:45 a 16:30,Calle Callao S/N - 5ta Cuadra,2022
ICA,ICA,ICA,ORA AUGUSTO HERNANDEZ MENDOZA,OPERATIVO,08:45 a 16:30,Calle Av. José Matias Manzanilla S/N,2022
UCAYALI,CORONEL PORTILLO,CALLERIA,ORA HOSPITAL REGIONAL DE PUCALLPA,OPERATIVO,08:45 a 16:30,Jirón Agustin Cauper N° 285,2022
HUANUCO,PUERTO INCA,PUERTO INCA,PAP PUERTO INCA,OPERATIVO,08:45 a 16:45,Jirón Vulcano S/N,2022
UCAYALI,CORONEL PORTILLO,YARINACOCHA,ORA HOSPITAL AMAZÓNICO - YARINACOCHA,OPERATIVO,08:45 a 16:30,Jirón Aguaytia N° 605,2022
LORETO,UCAYALI,CONTAMANA,PAP CONTAMANA,OPERATIVO,08:45 a 16:45,Calle Nuevo Loreto Mz.38C  Lt.5B,2022
UCAYALI,PADRE ABAD,IRAZOLA ,AG IRAZOLA ,OPERATIVO,08:45 a 16:45,Calle Jr. Progreso S/N ,2022
UCAYALI,PADRE ABAD,PADRE ABAD,ORA AGUAYTIA,OPERATIVO,08:45 a 16:30,Jirón Victor Pinedo / Palmeras Mz. 152A Junta Vecinal Pampayurac,2022
UCAYALI,CORONEL PORTILLO,CALLERIA,OR PUCALLPA,OPERATIVO,08:45 a 16:45,"Jirón 09 de Diciembre N° 378 y Tacna Nº 891 Mz. 07 Lt. Acumulado 1-B, independiente.",2022
UCAYALI,PADRE ABAD,PADRE ABAD,PAP PADRE ABAD,OPERATIVO,08:45 a 16:45,Avenida Jr. Grau Nº 214,2022
UCAYALI,ATALAYA,RAIMONDI,PAP ATALAYA,OPERATIVO,08:45 a 16:45,Jirón Rioja Nº 659,2022
UCAYALI,PURUS,PURUS,PAP PURUS,OPERATIVO,08:45 a 16:45,Avenida Purus S/N,2022
UCAYALI,ATALAYA,TAHUANIA,PAP TAHUANIA,OPERATIVO,08:45 a 16:45,Jirón 7 de Junio  S/N,2022
UCAYALI,CORONEL PORTILLO,CALLERIA,MAC UCAYALI,OPERATIVO,08:45 a 16:45,Avenida Centenario 1642 (2do piso),2022
HUANCAVELICA,HUANCAVELICA,IZCUCHACA,PAP IZCUCHACA,OPERATIVO,08:45 a 16:45,Avenida Ferrocarril  S/N ,2022
HUANCAVELICA,ACOBAMBA,PAUCARA,PAP PAUCARA,OPERATIVO,08:45 a 16:45,- Plaza Mayor S/N,2022
HUANCAVELICA,HUANCAVELICA,HUANCAVELICA,ORA HOSPITAL REGIONAL ZACARIAS CORREA VALDIVIA,OPERATIVO,08:45 a 16:30,Avenida Andrés Avelino Cáceres S/N - Barrio Yananaco,2022
HUANCAVELICA,HUANCAVELICA,HUANCAVELICA,ORA HUANDO,DESPLAZAMIENTO,08:45 a 16:30,Calle Cementerio s/n,2022
HUANCAVELICA,HUANCAVELICA,ASCENSIÓN,ORA HOSPITAL II HUANCAVELICA,OPERATIVO,08:45 a 16:30,Avenida Teresa de Jurnet S/N,2022
HUANCAVELICA,HUANCAVELICA,HUANCAVELICA,OR HUANCAVELICA,OPERATIVO,08:45 a 16:45,"Avenida Av. San Cristóbal Nº 384, 386 y 388",2022
HUANCAVELICA,ACOBAMBA,ACOBAMBA,OR ACOBAMBA,OPERATIVO,08:45 a 16:45,Jirón Dos De Mayo N° 459,2022
HUANCAVELICA,ANGARAES,LIRCAY,OR ANGARAES,OPERATIVO,08:45 a 16:45,Avenida Centenario S/N - Barrio de Pueblo Nuevo - Dentro del Centro Civico,2022
HUANCAVELICA,CASTROVIRREYNA,CASTROVIRREYNA,OR CASTROVIRREYNA,OPERATIVO,08:45 a 16:45,Avenida Los Libertadores S/N,2022
HUANCAVELICA,TAYACAJA,PAMPAS,OR TAYACAJA,OPERATIVO,08:45 a 16:45,Jirón Manco Capac S/N con Jirón Alfonso Ugarte Cordova y Necochea - Coliseo Multiuso,2022
HUANCAVELICA,HUAYTARA,HUAYTARA,OR HUAYTARA,OPERATIVO,08:45 a 16:45,Calle 24 de Junio S/N - 2do piso Centro Cívico ,2022
HUANCAVELICA,CHURCAMPA,CHURCAMPA,OR CHURCAMPA,OPERATIVO,08:45 a 16:45,Jirón Real N° 255,2022
HUANCAVELICA,TAYACAJA,PAMPAS,ORA HOSPITAL DE PAMPAS,OPERATIVO,08:45 a 16:30,Jirón Bolívar S/N ,2022
HUANCAVELICA,ANGARAES,LIRCAY,ORA LIRCAY,DESPLAZAMIENTO,08:45 a 16:30,Avenida Esmeralda S/N,2022
HUANCAVELICA,TAYACAJA,SURCUBAMBA,AG SURCUBAMBA,OPERATIVO,08:45 a 16:45,Calle Alfonso Ugarte S/N,2022
HUANCAVELICA,TAYACAJA,COLCABAMBA,AG COLCABAMBA,OPERATIVO,08:45 a 16:45,Avenida Av. Centenario S/N,2022
HUANCAVELICA,HUANCAVELICA,YAULI,ORA YAULI,OPERATIVO,08:45 a 16:30,Avenida Jorge Chávez S/N,2022
HUANCAVELICA,ACOBAMBA,PAUCARA,ORA PAUCARA,OPERATIVO,08:45 a 16:30,Calle Lircay s/n,2022
PASCO,OXAPAMPA,PUERTO BERMUDEZ,PAP PUERTO BERMÚDEZ,OPERATIVO,08:45 a 16:45,Avenida Remigio Morales Bermúdez S/N,2022
HUANUCO,HUANUCO,HUÁNUCO,ORA HOSPITAL REGIONAL HERMILIO VALDIZAN,OPERATIVO,08:45 a 16:30,Jirón Hermilio Valdizan Nº 950,2022
PASCO,PASCO,PAUCARTAMBO,PAP PAUCARTAMBO - JR15,OPERATIVO,08:45 a 16:45,- Plaza 28 de Julio S/N,2022
HUANUCO,HUANUCO,HUÁNUCO,OR HUANUCO,OPERATIVO,08:45 a 16:45,Jirón 28 de Julio N° 825,2022
HUANUCO,DOS DE MAYO,LA UNION,PAP DOS DE MAYO,OPERATIVO,08:45 a 16:45,Jirón Lourdes N° 221,2022
HUANUCO,MARAÑON,HUACRACHUCO,PAP MARAÑON,OPERATIVO,08:45 a 16:45,Avenida 28 De Julio N° 602 ,2022
HUANUCO,LEONCIO PRADO,RUPA-RUPA,PAP LEONCIO PRADO,OPERATIVO,08:45 a 16:45,Jirón Chiclayo N° 585,2022
HUANUCO,PACHITEA,PANAO,PAP PACHITEA,OPERATIVO,08:45 a 16:45,Jirón Espinar N° 121,2022
PASCO,PASCO,CHAUPIMARCA,ORA HOSPITAL II PASCO,OPERATIVO,08:45 a 16:30,- Barrio Buenos Aires S/N,2022
HUANUCO,PACHITEA,PANAO,ORA PANAO,OPERATIVO,08:45 a 16:30,Jirón Grau Nº 193,2022
HUANUCO,LEONCIO PRADO,RUPA-RUPA,ORA HOSPITAL TINGO MARIA,OPERATIVO,08:45 a 16:30,- Mapresa S/N Luyando,2022
HUANUCO,LEONCIO PRADO,JOSÉ CRESPO Y CASTILLO,ORA AUCAYACU,OPERATIVO,08:45 a 16:30,Avenida Grau N° 401,2022
HUANUCO,DOS DE MAYO,LA UNION,ORA LA UNION,OPERATIVO,08:45 a 16:30,Jirón Dos de Mayo N° 185,2022
HUANUCO,LEONCIO PRADO,JOSÉ CRESPO Y CASTILLO,PAP JOSE CRESPO Y CASTILLO,OPERATIVO,08:45 a 16:45,Jirón Maria Parado de Bellido S/N Cuadra 4,2022
PASCO,PASCO,YANACANCHA,AG PASCO,OPERATIVO,08:45 a 16:45,"- Centro Comercial ""Sector Dos de San Juan Pampa Edif. 4 Tienda 3 San Juan-Yanacancha",2022
PASCO,DANIEL ALCIDES CARRION,YANAHUANCA,PAP DANIEL ALCIDES CARRIÓN,OPERATIVO,08:45 a 16:45,Jirón Jorge Chavez S/N Plaza Principal,2022
PASCO,OXAPAMPA,OXAPAMPA,PAP OXAPAMPA,OPERATIVO,08:45 a 16:45,Jirón Huancabamba S/N Mz. 162 Estadio Municipal Oxapampa,2022
PASCO,OXAPAMPA,PALCAZÚ,AG PALCAZU,OPERATIVO,08:45 a 16:45,Avenida Juan Santos Atahualpa Mz. U Lt. 01,2022
SAN MARTIN,TOCACHE,TOCACHE,PAP TOCACHE,OPERATIVO,08:45 a 16:45,Jirón San Juan Cdra 7 S/N Centro Cívico,2022
HUANUCO,HUANUCO,CHINCHAO,ORA ACOMAYO,OPERATIVO,08:45 a 16:30,Pasaje Iguarizo S/N Mz. 6 Lt. 02,2022
SAN MARTIN,TOCACHE,TOCACHE,ORA HOSPITAL DE TOCACHE,OPERATIVO,08:45 a 16:30,Jirón Ricardo Palma N° 550,2022
HUANUCO,HUANUCO,SANTA MARIA DEL VALLE,ORA SANTA MARIA DEL VALLE,OPERATIVO,08:45 a 16:30,Jirón Libertad  S/N Intersección Carretera Central ,2022
HUANUCO,HUANUCO ,AMARILIS ,ORA CARLOS SHOWING FERRARI,OPERATIVO,08:45 a 16:30,Jirón Micaela Bastidas S/N Paucarbamba ,2022
PASCO,OXAPAMPA,OXAPAMPA,ORA HOSPITAL ERNESTO GERMAN GUZMAN GONZALES,OPERATIVO,08:45 a 16:30,Jirón Eduardo Loechle S/N - Chontabamba,2022
HUANUCO,HUANUCO,HUANUCO,MAC - HUANUCO,OPERATIVO,08:30 a 16:30,"Jirón Independencia N° 1601, Centro Comercial Real Plaza, Primer Piso",2022
HUANUCO,PACHITEA,UMARI,ORA TAMBILLO UMARI,OPERATIVO,08:45 a 16:30,Carretera Huanuco - Panao Km 37,2022
AMAZONAS,CHACHAPOYAS,CHACHAPOYAS,OR CHACHAPOYAS,OPERATIVO,08:45 a 16:45,Jirón Triunfo Nº 903 1° Piso,2022
AMAZONAS,BAGUA,BAGUA,PAP BAGUA,OPERATIVO,08:45 a 16:45,Jirón Los Cedros Nº 263,2022
AMAZONAS,BONGARA,JAZAN,AG BONGARA,OPERATIVO,08:45 a 16:30,Avenida Marginal  Nº 100 -Pedro Ruíz,2022
AMAZONAS,CONDORCANQUI,NIEVA,PAP CONDORCANQUI,OPERATIVO,08:45 a 16:45,Calle Gonzalo puerta S/N,2022
AMAZONAS,UTCUBAMBA,BAGUA GRANDE,PAP UTCUBAMBA,OPERATIVO,08:45 a 16:45,Jirón Simón Bolivar N° 545,2022
CAJAMARCA,JAEN,JAEN,OR JAEN,OPERATIVO,08:45 a 16:45,Calle Mariscal Ureta Nº 915,2022
CAJAMARCA,SAN IGNACIO,SAN IGNACIO,PAP SAN IGNACIO,OPERATIVO,08:45 a 16:45,Jirón Santo Domingo Nº 169,2022
AMAZONAS,BAGUA,IMAZA,OR IMAZA,OPERATIVO,08:45 a 16:45,Calle Awajun S/N Plaza de Armas,2022
AMAZONAS,CHACHAPOYAS,CHACHAPOYAS,ORA HOSPITAL REGIONAL VIRGEN DE FATIMA,OPERATIVO,08:45 a 16:30,Pasaje Daniel Alcides Carrión N° 035,2022
AMAZONAS,BAGUA,BAGUA,ORA HOSPITAL DE APOYO GUSTAVO LANATTA LUJAN,OPERATIVO,08:45 a 16:45,Avenida Héroes de Cenepa N°980,2022
CAJAMARCA,JAEN,JAEN,ORA HOSPITAL GENERAL DE JAEN,OPERATIVO,08:45 a 16:30,Prolongación Huamantanga s/n,2022
AMAZONAS,BAGUA,IMAZA,ORA CHIRIACO,OPERATIVO,08:45 a 17:45,Calle Junin S/N,2022
AMAZONAS,UTCUBAMBA,BAGUA GRANDE,ORA HOSPITAL DE APOYO SANTIAGO APOSTOL DE UTCUBAMBA,OPERATIVO,08:45 a 16:30,Jirón San Felipe Santiago N°111,2022
CAJAMARCA,SAN IGNACIO,SAN IGNACIO,ORA SAN IGNACIO,OPERATIVO,08:45 a 16:30,"Avenida Abelardo Quiñones S/N, Sector Santiago",2022
AMAZONAS,BONGARA,FLORIDA,ORA POMACOCHAS,OPERATIVO,08:45 a 16:30,Jirón Pomacochas S/N ,2022
AMAZONAS,CONDORCANQUI,NIEVA,ORA SANTA MARIA DE NIEVA,OPERATIVO,08:45 a 17:45,"Jirón Javier Pérez de Cuellar S/N 
Mz. N Lt. 03 Asent.Humano Héctor Peas Tsegkuan",2022
AMAZONAS,UTCUBAMBA,LONYA GRANDE,ORA LONYA GRANDE,OPERATIVO,08:45 a 16:45,Jirón Alto Amazonas 340,2022
AMAZONAS,CONDORCANQUI,RIO SANTIAGO,ORA GALILEA,OPERATIVO,08:45 a 17:45,Jirón La Amistad S/N,2022
LAMBAYEQUE,CHICLAYO,CHICLAYO,ORA HOSPITAL REGIONAL DOCENTE LAS MERCEDES,OPERATIVO,08:45 a 16:30,Luis GonzÂ les  NÂ§ 635,2022
LAMBAYEQUE,CHICLAYO,CHICLAYO,ORA HOSPITAL ALMANZOR AGUINAGA ASENJO,OPERATIVO,08:45 a 16:30,Plaza de la Seguridad Social S/N,2022
PIURA,SULLANA,SULLANA,ORA HOSPITAL DE APOYO II-SULLANA,OPERATIVO,08:45 a 16:30,Santa Rosa S/N,2022
CAJAMARCA,CUTERVO,CUTERVO,PAP CUTERVO,OPERATIVO,08:45 a 16:45,Jr. Comercio NÃ¸ 1103 Mz. 203 Lt. 14-Urb. Los Jardines ,2022
CAJAMARCA,CHOTA,CHOTA,AG CHOTA,OPERATIVO,08:45 a 16:45,Jr. 30 de Agosto NÃ¸ 848,2022
CAJAMARCA,SANTA CRUZ,SANTA CRUZ,PAP SANTA CRUZ,OPERATIVO,08:45 a 16:30,Domingo NegrÂ¢n NÂ§ 399,2022
LAMBAYEQUE,CHICLAYO,JOSE LEONARDO ORTIZ,OR JOS  LEONARDO ORTIZ,OPERATIVO,08:45 a 16:45,Cacique Cinto NÂ§ 317 Urb. Latina,2022
PIURA,AYABACA,FRÃ–AS,OR FRIAS,OPERATIVO,08:45 a 16:30,Lima NÂ§ 235 - 2do piso,2022
LAMBAYEQUE,CHICLAYO,CHICLAYO,OR CHICLAYO,OPERATIVO,08:45 a 16:45,Balta NÃ¸ 680 y esquina con Av. Elias Aguirre,2022
LAMBAYEQUE,FERREÂ¥AFE,FERREÂ¥AFE,PAP FERREÂ¥AFE,OPERATIVO,08:45 a 16:45,Tres MarÂ¡as NÂ§ 717 ? B,2022
LAMBAYEQUE,LAMBAYEQUE,LAMBAYEQUE,PAP LAMBAYEQUE,OPERATIVO,08:45 a 16:45,Huamachuco NÃ¸ 342,2022
CAJAMARCA,CUTERVO,CUTERVO,ORA SANTA MARIA DE CUTERVO,OPERATIVO,08:45 a 16:30,Ica S/N,2022
CAJAMARCA,CHOTA,CHOTA,ORA HOSPITAL DE APOYO CHOTA - JOSE SOTO CADENILLAS,OPERATIVO,08:45 a 16:30,Ezequiel Montoya NÂ¦ 718,2022
PIURA,PIURA,PIURA,OR PIURA,OPERATIVO,08:45 a 16:45,Libertad NÂ§ 568,2022
PIURA,AYABACA,AYABACA,PAP AYABACA,OPERATIVO,08:45 a 16:30,Bolognesi NÃ¸ 181,2022
PIURA,HUANCABAMBA,HUANCABAMBA,PAP HUANCABAMBA,OPERATIVO,08:45 a 16:30,Complejo Terminal Terrestre S/N - Stand 14,2022
PIURA,MORROPON,CHULUCANAS,AG CHULUCANAS,OPERATIVO,08:45 a 16:45,Jr. Cuzco NÃ¸ 300,2022
PIURA,PAITA,PAITA,PAP PAITA,OPERATIVO,08:45 a 16:30,San Martin S/N Plaza de Armas - Municipalidad de Paita,2022
PIURA,SULLANA,SULLANA,OR SULLANA,OPERATIVO,08:45 a 16:45,Leoncio Prado NÂ§ 517 ,2022
PIURA,TALARA,PARIÂ¥AS,AG TALARA,OPERATIVO,08:45 a 16:45,MÂ rtires Petroleros B-3 Conjunto Habitacional - Talara,2022
PIURA,SECHURA,SECHURA,PAP SECHURA,OPERATIVO,08:45 a 16:30,Dos de Mayo NÂ§ 618 - Plaza de Armas - Municipalidad de Sechura,2022
PIURA,PIURA,TAMBO GRANDE,PAP TAMBOGRANDE,OPERATIVO,08:45 a 16:30,Jr. Salitral NÂ§ 241,2022
PIURA,PIURA,PIURA,MAC - PIURA,OPERATIVO,08:30 a 16:30,Sanchez Cerro con Wiesse Centro Comercial Real Plaza,2022
PIURA,PAITA,PAITA,ORA HOSPITAL LAS MERCEDES-PAITA,OPERATIVO,08:45 a 16:30,Zona Industrial Sector II Mz. H Lt. 1 Jr. Los Pescadores S/N ,2022
TUMBES,TUMBES,TUMBES,OR TUMBES,OPERATIVO,08:45 a 16:45,Tumbes NÂ§ 550,2022
TUMBES,CONTRALMIRANTE VILLAR,ZORRITOS,PANP CONTRALMIRANTE VILLAR - ZORRITOS,DESPLAZAMIENTO,08:45 a 16:30,Grau NÂ§ 305,2022
TUMBES,ZARUMILLA,ZARUMILLA,PAP ZARUMILLA,OPERATIVO,08:45 a 16:30,El Ejâ€šrrcito NÂ§ 105 - Interior Biblioteca Municipal,2022
LAMBAYEQUE,LAMBAYEQUE,OLMOS,PANP OLMOS,DESPLAZAMIENTO,08:45 a 16:30,A. B. LeguÂ¡a/Calle Alfonso Ugarte,2022
PIURA,PIURA,TAMBO GRANDE,ORA TAMBO GRANDE,OPERATIVO,08:45 a 16:30,"Froilan Alama,, AA.HH.Froilan Alama",2022
LAMBAYEQUE,LAMBAYEQUE,LAMBAYEQUE,ORA HOSPITAL PROVINCIAL DOCENTE BELEN-LAMBAYEQUE,OPERATIVO,08:45 a 16:30,RamÂ¢n Castilla NÂ§ 597,2022
TUMBES,TUMBES,TUMBES,ORA HOSPITAL REGIONAL JOSE ALFREDO MENDOZA OLAVARRIA JAMO II-2,OPERATIVO,08:45 a 16:30,24 de Julio NÂ§ 565 ,2022
PIURA,PIURA,CATACAOS,ORA CENTRO DE SALUD MATERNO INFANTIL-CATACAOS,OPERATIVO,08:45 a 16:30,Cayetano Heredia 1108 - Catacos,2022
PIURA,PIURA,Veintises de Octubre,ORA HOSPITAL DE LA AMISTAD PERU - COREA SANTA ROSA II-2,OPERATIVO,08:45 a 16:30,ProlongaciÂ¢n Av. Grau/Av. Chulucanas ,2022
LA LIBERTAD,TRUJILLO,TRUJILLO,ORA REGIONAL DOCENTE DE TRUJILLO,OPERATIVO,08:45 a 16:30,Mansiche NÂ§ 795,2022
CAJAMARCA,CAJAMARCA,CAJAMARCA,ORA REGIONAL CAJAMARCA,OPERATIVO,08:45 a 16:30,Larry Jhonson S/N Cdra. 8,2022
LA LIBERTAD,TRUJILLO,TRUJILLO,ORA HOSPITAL BELEN DE TRUJILLO,OPERATIVO,08:45 a 16:30,BolÂ¡var NÂ§ 350,2022
CAJAMARCA,CAJAMARCA,CAJAMARCA,OR CAJAMARCA,OPERATIVO,08:45 a 16:45,Del Comercio NÂ§ 633,2022
CAJAMARCA,CAJABAMBA,CAJABAMBA,PAP CAJABAMBA,OPERATIVO,08:45 a 16:45,Miguel Grau NÂ§ 224-226-228 Mz. 31 Lt. 2 ,2022
CAJAMARCA,CELENDIN,CELENDÃ–N,PAP CELENDIN,OPERATIVO,08:45 a 16:45,Pardo NÃ¸ 610,2022
CAJAMARCA,CONTUMAZA,CONTUMAZÂµ,PAP CONTUMAZA,OPERATIVO,08:45 a 16:45,Miguel Grau NÂ§ 212,2022
CAJAMARCA,HUALGAYOC,BAMBAMARCA,PAP HUALGAYOC,OPERATIVO,08:45 a 16:45,07 de Junio NÂ§ 470,2022
CAJAMARCA,SAN MIGUEL,SAN MIGUEL,PAP SAN MIGUEL,OPERATIVO,08:45 a 16:45,Bolognesi NÃ¸ 364,2022
CAJAMARCA,SAN MARCOS,PEDRO GÂµLVEZ,PAP SAN MARCOS,OPERATIVO,08:45 a 16:45,Jr. Alfonso Ugarte NÃ¸ 325 (Mz. 46 Lt. 17 Centro Poblado San Marcos).,2022
CAJAMARCA,SAN PABLO,SAN PABLO,PAP SAN PABLO,OPERATIVO,08:45 a 16:30,Plaza de Armas S/N,2022
LA LIBERTAD,TRUJILLO,VICTOR LARCO HERRERA,OR TRUJILLO II,OPERATIVO,08:45 a 16:45,"VÂ¡ctor Larco NÃ¸ 1096. Unidad 01, Local Comercial 01, Mz.05, Lte.01 AA.HH. Vista Alegre.",2022
LA LIBERTAD,PATAZ,PARCOY,OR PARCOY,OPERATIVO,08:45 a 16:45,San MartÂ¡n NÃ¸ 859,2022
LA LIBERTAD,TRUJILLO,TRUJILLO,OR TRUJILLO I,OPERATIVO,08:45 a 16:45,Pablo Casals Mz. A Lt. 6 Urb. Los Cedros,2022
LA LIBERTAD,BOLIVAR,BOLÃ–VAR,PAP BOLIVAR,OPERATIVO,08:45 a 16:45,Bolivar S/N - Mz. 20 Lt. 8,2022
LA LIBERTAD,SANCHEZ CARRION,HUAMACHUCO,AG SANCHEZ CARRION,OPERATIVO,08:45 a 16:45,Alfonso Ugarte NÃ¸ 567,2022
LA LIBERTAD,OTUZCO,OTUZCO,AG OTUZCO,OPERATIVO,08:45 a 16:45,Pasaje ElÂ¡as Armas Castillo Lt. 5-E1 Mz. 28,2022
LA LIBERTAD,PACASMAYO,SAN PEDRO DE LLOC,AG PACASMAYO,OPERATIVO,08:45 a 16:45,Alianza NÂ§ 524,2022
LA LIBERTAD,PATAZ,TAYABAMBA,PAP PATAZ,OPERATIVO,08:45 a 16:45,Sucre 337 1er Piso Centro Civico,2022
LA LIBERTAD,SANTIAGO DE CHUCO,SANTIAGO DE CHUCO,PAP SANTIAGO DE CHUCO,OPERATIVO,08:45 a 16:45,Luis de La Puente Uceda  NÂ§ 1120,2022
LA LIBERTAD,ASCOPE,ASCOPE,PAP ASCOPE,OPERATIVO,08:45 a 16:45,"Miguel Grau NÃ¸ 879, Centro Poblado Ascope Mz. 33. Lt. 10 - 1er Piso",2022
LA LIBERTAD,CHEPEN,CHEP N,PAP CHEPEN,OPERATIVO,08:45 a 16:45,Calle San Pedro NÃ¸ 610. Centro Poblado Chepâ€šn Sector V Mz. 130 Lt. 03,2022
LA LIBERTAD,JULCAN,JULCÂµN,PAP JULCAN,OPERATIVO,08:45 a 16:45,28 de Julio NÂ§ 201 Centro Civico - JulcÂ n,2022
LA LIBERTAD,GRAN CHIMU,CASCAS,PAP GRAN CHIMU,OPERATIVO,08:45 a 16:45,Progreso S/N Cdra. 3,2022
LA LIBERTAD,VIRU,VIRU,PAP VIRU,OPERATIVO,08:45 a 16:45, Mz. A Lt. NÃ¸ 08 Urb. Las Palmeras,2022
CAJAMARCA,HUALGAYOC,BAMBAMARCA,ORA BAMBAMARCA - TITO VILLAR CABEZAS,OPERATIVO,08:45 a 16:30,Av. Ricardo Palma NÂ§ 689,2022
CAJAMARCA,CELENDIN,CELENDÃ–N,ORA DE APOYO CELENDIN,OPERATIVO,08:45 a 16:30,TÂ£pac Amaru Cdra. 4,2022
CAJAMARCA,CAJABAMBA,CAJABAMBA,ORA HOSPITAL NUESTRA SEÂ¥ORA DEL ROSARIO,OPERATIVO,08:45 a 16:30,La Torre NÃ¸ 277,2022
CAJAMARCA,SAN MARCOS,PEDRO GÂµLVEZ,ORA SAN MARCOS,OPERATIVO,08:45 a 16:30,Av. 28 de Julio S/N Cdra.2,2022
LA LIBERTAD,TRUJILLO,EL PORVENIR,OR EL PORVENIR,OPERATIVO,08:45 a 16:45,Gabriel Aguilar NÂ§ 1657. 2do piso.,2022
LA LIBERTAD,TRUJILLO,EL PORVENIR,OR ALTO TRUJILLO,OPERATIVO,08:45 a 16:45,Centro Poblado Alto Trujillo-Barrio 3 Mz T Lt. 2,2022
CAJAMARCA,CAJAMARCA,CAJAMARCA,ORA SIMON BOLIVAR,OPERATIVO,08:45 a 16:30,Mario Urteaga NÃ¸ 500,2022
LA LIBERTAD,PACASMAYO,GUADALUPE,ORA DE APOYO TOMÂµS LAFORA,OPERATIVO,08:45 a 16:30,La Victoria S/N,2022
CAJAMARCA,CAJAMARCA,LOS BAÂ¥OS DEL INCA,ORA BAÂ¥OS DEL INCA,OPERATIVO,08:45 a 16:30,PachacÂ£tec NÃ¸ 489,2022
LA LIBERTAD,TRUJILLO,LA ESPERANZA,ORA DISTRITAL JERUSALEN,OPERATIVO,08:45 a 16:30,1 Barrio 3 Mz. 20 Lt. 02 Sector Jerusalâ€šn,2022
LA LIBERTAD,PATAZ,CHILLIA,AG CHILLIA,OPERATIVO,08:45 a 16:45,Miraflores S/N,2022
LA LIBERTAD,SANTIAGO DE CHUCO,SANTIAGO DE CHUCO,ORA DE APOYO CESAR ABRAHAM VALLEJO MENDOZA,OPERATIVO,08:45 a 16:30,Gustavo Pinillo S/N - Barrio San Cristobal,2022
LA LIBERTAD,CHEPEN,CHEPEN,ORA DE APOYO CHEPEN,OPERATIVO,08:45 a 16:30,28 de Julio S/N,2022
LA LIBERTAD,SANCHEZ CARRION,HUAMACHUCO,ORA DE APOYO LEONCIO PRADO,OPERATIVO,08:45 a 16:30,10 de Julio NÃ¸ 209,2022
LA LIBERTAD,OTUZCO,OTUZCO,ORA DE APOYO OTUZCO ELPIDIO BEROVIDES PEREZ,OPERATIVO,08:45 a 16:30,Progreso NÃ¸ 385,2022
LA LIBERTAD,ASCOPE,PAIJAN,ORA PAIJAN,OPERATIVO,08:45 a 16:30,VÂ¡a Panamericana S/N ,2022
CAJAMARCA,CONTUMAZA,CHILETE,PANP CHILETE,OPERATIVO,08:45 a 16:45,Arequipa NÃ¸ 330,2022
CAJAMARCA,CAJAMARCA,CAJAMARCA,MAC - CAJAMARCA,OPERATIVO,08:30 a 16:30,Via De Evitamiento. Jr. El Mutuy y Av. La Cantuta - Cajamarca - Centro Comercial Real Plaza 2do. Piso,2022
LA LIBERTAD,TRUJILLO,TRUJILLO,MAC LA LIBERTAD,OPERATIVO,08:30 a 16:30,"Centro Comercial Real Plaza de Trujillo -Fundo Las Casuarinas, Sub Lote predio A; IntersecciÂ¢n , Av. FÂ tima 1345, Trujillo, La Libertad",2022
SAN MARTIN,SAN MARTIN,TARAPOTO,ORA HOSPITAL TARAPOTO,OPERATIVO,08:45 a 16:30,Angel Delgado Morey NÂ§ 503,2022
LORETO,DATEM DEL MARAÂ¥ON,BARRANCA,PAP DATEM DEL MARAÂ¥ON,OPERATIVO,08:45 a 16:45,Tigre Mz. 31 Lt. 08 - San Lorenzo,2022
SAN MARTIN,RIOJA,NUEVA CAJAMARCA,AG NUEVA CAJAMARCA,OPERATIVO,08:45 a 16:45, Fernando Belaunde Terry Altura del Km. 447.50 ,2022
LORETO,ALTO AMAZONAS,YURIMAGUAS,AG ALTO AMAZONAS,OPERATIVO,08:45 a 16:45,Mariscal Castilla NÃ¸ 411,2022
SAN MARTIN,MOYOBAMBA ,MOYOBAMBA,ORA HOSPITAL MOYOBAMBA,OPERATIVO,08:45 a 16:30,Grau cuadra 4,2022
SAN MARTIN,MOYOBAMBA ,MOYOBAMBA,AG MOYOBAMBA,OPERATIVO,08:45 a 16:45,Dos de Mayo Mz. 1530 Lt. 14 (837),2022
SAN MARTIN,HUALLAGA,SAPOSOA,AG HUALLAGA,OPERATIVO,08:45 a 16:45,Lima NÃ¸ 591,2022
SAN MARTIN,LAMAS,LAMAS,AG LAMAS,OPERATIVO,08:45 a 16:45,San MartÂ¡n NÃ¸ 984,2022
SAN MARTIN,MARISCAL CACERES,JUANJUI,AG MARISCAL CACERES,OPERATIVO,08:45 a 16:45,Eduardo PeÂ¤a Meza NÃ¸ 772 ,2022
SAN MARTIN,RIOJA,RIOJA,OR RIOJA,OPERATIVO,08:45 a 16:45,Angaiza NÃ¸ 530,2022
SAN MARTIN,SAN MARTIN ,TARAPOTO,OR TARAPOTO,OPERATIVO,08:45 a 16:45,Jimâ€šnez Pimentel NÃ¸ 280 ,2022
SAN MARTIN,BELLAVISTA,BELLAVISTA,AG BELLAVISTA,OPERATIVO,08:45 a 16:45,Huallaga - Iquitos Mz. 7 Lt. 27 - A.  1er. Piso,2022
SAN MARTIN,PICOTA,PICOTA,AG PICOTA,OPERATIVO,08:45 a 16:45,"SimÂ¢n BolÂ¡var, cuadra 4",2022
SAN MARTIN,EL DORADO ,SAN JOSE DE SISA,AG EL DORADO,OPERATIVO,08:45 a 16:45,Comercio NÃ¸ 610,2022
LORETO,DATEM DEL MARAÂ¥ON,BARRANCA,ORA SAN LORENZO - NUCLEO BASE,OPERATIVO,08:45 a 16:30,Daniel Alcides CarriÂ¢n S/N - Barrio Huacachina,2022
SAN MARTIN,SAN MARTIN ,LA BANDA DE SHILCAYO,AG LA BANDA DE SHILCAYO,OPERATIVO,08:45 a 16:45,Yurimaguas NÃ¸ 340,2022
SAN MARTIN,MARISCAL CACERES,JUANJUI,ORA HOSPITAL JUANJUI,OPERATIVO,08:45 a 16:30,Arica NÃ¸ 205,2022
SAN MARTIN,RIOJA,RIOJA,ORA HOSPITAL DE RIOJA,OPERATIVO,08:45 a 16:30,TÂ£pac Amaru S/N,2022
LORETO,ALTO AMAZONAS,LAGUNAS,AG LAGUNAS,DESPLAZAMIENTO,08:45 a 16:45,CALLE FITZCARRALD C-9,2022
LORETO,ALTO AMAZONAS,YURIMAGUAS,ORA HOSPITAL SANTA GEMA YURIMAGUAS,OPERATIVO,08:45 a 16:30,CALLE HUALLAGA  C-4,2022
LORETO,MAYNAS,PUNCHANA,"ORA HOSPITAL REGIONAL DE LORETO ""FELIPE ARRIOLA IGLESIAS""",OPERATIVO,08:45 a 16:30,28 de Julio S/N,2022
LORETO,MAYNAS,IQUITOS,"ORA HOSPITAL IQUITOS ""CESAR GARAYAR GARCIA""",OPERATIVO,08:45 a 16:30,Libertad cuadra 4,2022
LORETO,MAYNAS,BEL N,OR BELEN,OPERATIVO,08:45 a 16:45,Miraflores S/N P. J. 09 de Octubre,2022
LORETO,MAYNAS,TENIENTE MANUEL CLAVERO,PAP SOPLIN VARGAS,OPERATIVO,08:45 a 16:30,Plaza de Armas S/N 28 de Julio,2022
LORETO,MAYNAS,IQUITOS,OR IQUITOS,OPERATIVO,08:45 a 16:45,PrÂ¢spero NÂ§ 201,2022
LORETO,LORETO,NAUTA,PAP NAUTA,OPERATIVO,08:45 a 16:30,Grau NÂ§ 305 Centro,2022
LORETO,REQUENA,REQUENA,PAP REQUENA,OPERATIVO,08:45 a 16:30,San Antonio S/N Anexo Hotel Municipal,2022
LORETO,MARISCAL RAMON CASTILLA,RAMON CASTILLA,PAP MARISCAL RAMON CASTILLA - CABALLOCOCHA,OPERATIVO,08:45 a 16:30,Ayacucho Mz. 22 Lt. 4 C con Amazonas S/N - Local Municipal,2022
LORETO,MAYNAS,SAN JUAN BAUTISTA,OR SAN JUAN BAUTISTA,OPERATIVO,08:45 a 16:45,Abelardo QuiÂ¤ones NÂ§ 2371 Km. 2.5 ,2022
LORETO,MARISCAL RAMON CASTILLA,YAVARI,PAP YAVARI,OPERATIVO,08:45 a 16:30,Dos de Julio S/N Local Municipal,2022
LORETO,MAYNAS,PUTUMAYO,PAP PUTUMAYO,OPERATIVO,08:45 a 16:30,LOCAL MUNICIPAL,2022
LORETO,MAYNAS,PUNCHANA,PAP PUNCHANA,OPERATIVO,08:45 a 16:30,"Trujillo esquina con Calle Cusco, cuadra 5",2022
LORETO,REQUENA,REQUENA,ORA REQUENA,OPERATIVO,08:45 a 16:30,MÂ rtires del Petrolâ€šo S/N - Malecon Grau,2022
LORETO,MARISCAL RAMON CASTILLA,RAMON CASTILLA,ORA CABALLOCOCHA,OPERATIVO,08:45 a 16:30,Progreso NÃ¸ 425,2022
LORETO,MAYNAS,PUNCHANA,MAC - LORETO,OPERATIVO,08:30 a 16:30,La Marina NÂ§  1338,2022
ANCASH,SANTA,CHIMBOTE,OR SANTA,OPERATIVO,08:45 a 16:45,Jr. Enrique Palacios NÂ§ 504-506 esquina con Jr. Ladislao Espinar NÂ§ 401,2022
ANCASH,SANTA,NUEVO CHIMBOTE,AG NUEVO CHIMBOTE,OPERATIVO,08:45 a 16:45,Mz. 74-75 Lt. 1 del Centro CÂ¡vico de la Municipalidad Distrital de Nuevo Chimbote ,2022
ANCASH,HUARAZ,HUARAZ,AG HUARAZ,OPERATIVO,08:45 a 16:45,"Josâ€š Larrea y Laredo NÃ¸ 764,Mz. ""C"" Lote 6, Zona Central y Comercial - Huaraz",2022
ANCASH,HUAYLAS,CARAZ,AG HUAYLAS,OPERATIVO,08:45 a 16:45,Jr. Raimondi NÃ¸ 215 - Caraz,2022
ANCASH,HUARI,HUARI,AG HUARI,OPERATIVO,08:45 a 16:45,Libertad Mz P2 Lote 003,2022
ANCASH,POMABAMBA,POMABAMBA,AG POMABAMBA,OPERATIVO,08:45 a 16:45,Huaraz No. 691 - Pomabamba,2022
ANCASH,SIHUAS,SIHUAS,AG SIHUAS,OPERATIVO,08:45 a 16:45,SeÂ¤or de los Milagros NÂ§ 211  Pueblo Pingullo,2022
ANCASH,PALLASCA,PAMPAS,AG PAMPAS,OPERATIVO,08:45 a 16:45,Plaza de Armas S/N - Municipalidad Distrital de Pampas - 1er piso,2022
ANCASH,CASMA,CASMA,PAP CASMA,OPERATIVO,08:45 a 16:45,"Lote 13, Manzana C,  Zona Centro Civico, Pasaje Hijuela ",2022
ANCASH,HUARMEY,HUARMEY,PAP HUARMEY,OPERATIVO,08:45 a 16:45,1er. PabellÂ¢n de Centro Civico S/N - Huarmey,2022
ANCASH,RECUAY,RECUAY,PAP RECUAY,OPERATIVO,08:45 a 16:45,Plaza de Armas NÂ§ 180 Municipalidad Distrital de Recuay,2022
ANCASH,CARHUAZ,CARHUAZ,PAP CARHUAZ,OPERATIVO,08:45 a 16:45,"La Merced NÂ§ 1006  con JirÂ¢n Brasil Lote 7 de la Manzana  P1, Sector Independencia",2022
ANCASH,YUNGAY,YUNGAY,PAP YUNGAY,OPERATIVO,08:45 a 16:45,Av. Arias Grazziani Lt 1-2 Centro Civico Municipalidad Provincial Yungay,2022
ANCASH,CARLOS FERMIN FITZCARRALD,SAN LUÃ–S,PAP CARLOS FERMÃ–N FITZCARRALD,OPERATIVO,08:45 a 16:45,RamÂ¢n Castilla NÃ¸ 320 - 1er. piso Centro Civico de la Municipalidad Provincial de Carlos Fermin Fitscarrald,2022
ANCASH,MARISCAL LUZURIAGA,PISCOBAMBA,PAP MARISCAL LUZURIAGA,OPERATIVO,08:45 a 16:45,San Pablo S/N - Plaza de Armas de Piscobamba,2022
ANCASH,SANTA,CHIMBOTE,ORA LA CALETA,OPERATIVO,08:45 a 16:30,Malecon Grau S/N La Caleta,2022
ANCASH,SANTA,CHIMBOTE,ORA HOSPITAL ESSALUD III CHIMBOTE,OPERATIVO,08:45 a 16:30,CircunvalaciÂ¢n NÂ§ 119 Urb. Laderas del Norte,2022
ANCASH,SANTA,NUEVO CHIMBOTE,ORA ELEAZAR GUZMÂµN BARRÃ N,OPERATIVO,08:45 a 16:30,Brasil S/N Urb. Santa Cristina,2022
ANCASH,HUARAZ,HUARAZ,ORA VÃ–CTOR RAMOS GUARDIA,OPERATIVO,08:45 a 16:30,Mariscal Luzuriaga S/N Cdra 01 intercepciÂ¢n con Jr. Pedro Villon cdra 10,2022
ANCASH,HUAYLAS,CARAZ,ORA HOSPITAL DE APOYO CARAZ,OPERATIVO,08:45 a 16:30,9 de Octubre S/N,2022
ANCASH,HUARI,HUARI,ORA HUARI,OPERATIVO,08:45 a 16:30,CircunvalaciÂ¢n Baja S/N,2022
ANCASH,CORONGO,CORONGO,PANP CORONGO,DESPLAZAMIENTO,08:45 a 16:45,"Jr. Grau NÃ¸ 206, primer piso de la Municipalidad Provincial de Corongo",2022
ANCASH,PALLASCA,CABANA,PANP PALLASCA,DESPLAZAMIENTO,08:45 a 16:45,Plaza de Armas No. 103 (1er.Piso) Mz.A3 Lote 13,2022
ANCASH,AIJA,AIJA,PANP AIJA,DESPLAZAMIENTO,08:45 a 16:45,"Jr. Gavino Uribe S/N Plaza de Armas, 1er piso de la Municipalidad Provincial de Aija",2022
ANCASH,BOLOGNESI,CHIQUIAN,PAP BOLOGNESI,DESPLAZAMIENTO,08:45 a 16:45,Tacna NÃ¸ 320 Centro Civico -Plaza de Armas - Chiquian,2022
ANCASH,YUNGAY,YANAMA,AG YANAMA,DESPLAZAMIENTO,08:45 a 16:45,Santa Rosa S/N - Plaza De Armas,2022
ANCASH,MARISCAL LUZURIAGA,LLUMPA,PAP LLUMPA,DESPLAZAMIENTO,08:45 a 16:45,Plaza de Armas S/N,2022
ANCASH,ASUNCION,CHACAS,PANP ASUNCION,DESPLAZAMIENTO,08:45 a 16:45,Atusparia S/N esquina con Jr. Lima,2022
ANCASH,HUARI,CHAVIN DE HUANTAR,PANP CHAVIN DE HUANTAR,DESPLAZAMIENTO,08:45 a 16:45,San MartÂ¡n S/N Centro CÂ¡vico de la Municipalidad Distrital de ChavÂ¡n de Huantar,2022
ANCASH,HUARI,SAN MARCOS,PANP SAN MARCOS ,DESPLAZAMIENTO,08:45 a 16:45,Progreso NÃ¸ 332 Plaza de Armas de San Marcos,2022
HUANUCO,HUACAYBAMBA,HUACAYBAMBA,PANP HUACAYBAMBA,DESPLAZAMIENTO,08:45 a 16:45,"Av. El Ejercito S/N Barrio San Pedro, 1er piso Centro Civico de la Municipalidad Provincial de Huacaybamba",2022
ANCASH,ANTONIO RAIMONDI,LLAMELLIN,PANP ANTONIO RAIMONDI,DESPLAZAMIENTO,08:45 a 16:45,SimÂ¢n BolÂ¡var NÃ¸ 229,2022
ANCASH,HUARI,UCO,PANP UCO,DESPLAZAMIENTO,08:45 a 16:45,Nicolas de Piâ€šrola S/N - Plaza de Armas,2022
JUNIN,SATIPO,PANGOA,PAP PANGOA,OPERATIVO,08:45 a 16:45,07 de Junio NÂ§ 641 Plaza Principal Centro Civico,2022
JUNIN,HUANCAYO,HUANCAYO,"ORA REGIONAL DOCENTE MATERNO INFANTIL ""EL CARMEN""",OPERATIVO,08:45 a 16:30,Puno NÂ§ 911,2022
JUNIN,SATIPO,MAZAMARI,PAP MAZAMARI,OPERATIVO,08:45 a 16:30,San Juan NÃ¸ 353,2022
JUNIN,HUANCAYO,EL TAMBO,OR HUANCAYO,OPERATIVO,08:45 a 16:45,Julio Summar NÃ¸ 351,2022
JUNIN,CONCEPCION,CONCEPCIÃ N,PAP CONCEPCIÃ N,OPERATIVO,08:45 a 16:45,Ricardo Palma S/N Mercado Modelo Interior 1 ,2022
JUNIN,JAUJA,JAUJA,PAP JAUJA,OPERATIVO,08:45 a 16:45,Sucre NÃ¸ 889,2022
JUNIN,JUNIN,JUNIN,PAP JUNIN,OPERATIVO,08:45 a 16:30,SimÂ¢n Bolivar NÃ¸ 820,2022
JUNIN,TARMA,TARMA,AG TARMA,OPERATIVO,08:45 a 16:45,Arequipa NÂ§ 939,2022
JUNIN,YAULI,SANTA ROSA DE SACCO,PAP YAULI,OPERATIVO,08:45 a 16:45,Miguel Grau NÃ¸ 309,2022
JUNIN,SATIPO,SATIPO,PAP SATIPO,OPERATIVO,08:45 a 16:45,Micaela Bastidas y Jr. Augusto B. Leguia Centro Civico ,2022
JUNIN,CHANCHAMAYO,LA MERCED,AG CHANCHAMAYO,OPERATIVO,08:45 a 16:45,Tarma NÂ§ 236,2022
JUNIN,CHUPACA,CHUPACA,PAP CHUPACA,OPERATIVO,08:45 a 16:45,Grau NÃ¸ 195 - Centro CÂ¡vico,2022
JUNIN,CHANCHAMAYO,PICHANAQUI,PAP PICHANAQUI,OPERATIVO,08:45 a 16:45,Independencia S/N Coliseo Municipal,2022
JUNIN,TARMA,TARMA,ORA DE APOYO FELIX MAYORCA SOTO,OPERATIVO,08:45 a 16:30,Pacheco NÂ§ 362,2022
JUNIN,JAUJA ,JAUJA ,ORA HOSPITAL DOMINGO OLAVEGOYA,OPERATIVO,08:45 a 16:30,San MartÂ¡n NÂ§ 1153 Urb. Olavegoya ,2022
JUNIN,SATIPO,SATIPO,ORA DE APOYO MANUEL HIGA ARAKAKI,DESPLAZAMIENTO,08:45 a 16:30,Daniel Alcides CarriÂ¢n NÂ§ 398,2022
JUNIN,CHANCHAMAYO ,PICHANAQUI,ORA HOSPITAL DE APOYO PICHANAQUI,OPERATIVO,08:45 a 16:30,San MartÂ¡n S/N Pichanaki,2022
JUNIN,HUANCAYO,HUANCAYO,ORA LA LIBERTAD,DESPLAZAMIENTO,08:45 a 16:30,HUANCAS 695,2022
JUNIN,CHANCHAMAYO,LA MERCED,ORA HOSPITAL REGIONAL DOCENTE DE MEDICINA TROPICAL DR. JULIO DEMARINI CARO,OPERATIVO,08:45 a 16:30,Daniel A. Carrion S/N Av. Pampa Del Carmen S/N,2022
JUNIN,HUANCAYO,EL TAMBO,ORA HOSPITAL NACIONAL RAMIRO PRIALE,OPERATIVO,08:45 a 16:30,AV. INDEPENDENCIA NÂ§ 266,2022
JUNIN,SATIPO,PANGOA,ORA HOSPITAL DE PANGOA,DESPLAZAMIENTO,08:45 a 16:30,La Cultura S/N,2022
JUNIN,HUANCAYO,CHILCA,ORA CHILCA,DESPLAZAMIENTO,08:45 a 16:30,HUMBOLT 900,2022
AYACUCHO,HUAMANGA,AYACUCHO,"ORA HOSPITAL REGIONAL DE AYACUCHO ""MIGUEL ANGEL MARISCAL LLERENA""",OPERATIVO,08:45 a 16:30,Av.Daniel Alcides CarriÂ¢n S/N - 2da cuadra.,2022
AYACUCHO,LA MAR,AYNA,PAP AYNA -SAN FRANCISCO,OPERATIVO,08:45 a 16:45,28 de Julio S/N San Francisco,2022
AYACUCHO,HUAMANGA,AYACUCHO,OR HUAMANGA,OPERATIVO,08:45 a 16:45,"San Martin NÂ§ 473, 475, 477 y 477A",2022
AYACUCHO,CANGALLO,CANGALLO,PAP CANGALLO,OPERATIVO,08:45 a 16:45,Maria Parado de Bellido NÂ§ 205,2022
AYACUCHO,HUANTA,HUANTA,AG HUANTA,OPERATIVO,08:45 a 16:45,Ayacucho NÃ¸ 305,2022
AYACUCHO,LA MAR,SAN MIGUEL,PAP LA MAR,OPERATIVO,08:45 a 16:45,Maria Parado de Bellido S/N ,2022
AYACUCHO,VICTOR FAJARDO,HUANCAPI,PAP VICTOR FAJARDO,OPERATIVO,08:45 a 16:45,Plaza Principal NÂ§ 127,2022
AYACUCHO,HUANCA SANCOS,SANCOS,PAP HUANCASANCOS,OPERATIVO,08:45 a 16:45,Progreso S/N Consejo Provincial de Huanca Sancos,2022
AYACUCHO,VILCAS HUAMAN,VILCAS HUAMAN,PAP VILCASHUAMAN,OPERATIVO,08:45 a 16:45,Los Incas NÂ§ 318,2022
AYACUCHO,SUCRE,QUEROBAMBA,PAP SUCRE,OPERATIVO,08:45 a 16:45,San Martin S/N  Plaza de Armas Consejo Provincial de Sucre,2022
AYACUCHO,HUANTA,HUANTA,"ORA HOSPITAL DE APOYO HUANTA ""DANIEL ALCIDES CARRION""",OPERATIVO,08:45 a 16:30,Mariscal Castilla NÂ§ 628,2022
AYACUCHO,LA MAR,SAN MIGUEL,ORA SAN MIGUEL,OPERATIVO,08:45 a 16:30,Ramon Castilla s/n,2022
AYACUCHO,CANGALLO,CANGALLO,ORA HOSPITAL DE APOYO CANGALLO,OPERATIVO,08:45 a 16:30,Santa Rosa NÃ¸ 110,2022
CUSCO,LA CONVENCION,PICHARI,PAP PICHARI,OPERATIVO,08:45 a 16:45,BRASIL S/N,2022
APURIMAC,CHINCHEROS,CHINCHEROS,PAP CHINCHEROS,OPERATIVO,08:45 a 16:45,COTABAMBAS NÃ¸ 121,2022
AYACUCHO,LA MAR,SAMUGARI,PAP SAMUGARI -PALMAPAMPA,OPERATIVO,08:45 a 16:45,Los Laureles S/N ? Palmapampa Distrital de Samugari,2022
AYACUCHO,LA MAR,TAMBO,ORA TAMBO,OPERATIVO,08:45 a 16:30,Lima s/n,2022
AYACUCHO,HUAMANGA,JESUS NAZARENO,ORA HOSPITAL DE APOYO JESUS NAZARENO,OPERATIVO,08:45 a 16:30,Ciro AlegrÂ¡a NÂ§ 547,2022
AYACUCHO,VILCAS HUAMAN,VILCAS HUAMAN,ORA VILCASHUAMAN,OPERATIVO,08:45 a 16:30,Vilcasraymi S/N,2022
APURIMAC,ANDAHUAYLAS,TALAVERA,OR ANDAHUAYLAS,OPERATIVO,08:45 a 16:45,Amauta NÃ¸ 311,2022
APURIMAC,CHINCHEROS,ANCCO HUALLO,ORA  CENTRO DE SALUD URIPAÃ¿,OPERATIVO,08:45 a 16:30, TÂ£pac Amaru S/N ? URIPA,2022
APURIMAC,ANDAHUAYLAS,ANDAHUAYLAS,ORA HOSPITAL REGIONAL DOCENTE  HUGO PESCE PESCETTO ANDAHUAYLAS ,OPERATIVO,08:45 a 16:30,Hugo Pesce Pesceto S/N,2022
AYACUCHO,HUANTA,SIVIA,ORA HOSPITAL DE APOYO DE SIVIA,OPERATIVO,08:45 a 16:30,Gervacio Santillana S/N,2022
CUSCO,LA CONVENCION,KIMBIRI,ORA CENTRO DE SALUD SAN JUAN DE KIMBIRI,OPERATIVO,08:45 a 16:30,Aeropuerto S/N,2022
CUSCO,LA CONVENCION,PICHARI,ORA HOSPITAL DE APOYO PICHARI,OPERATIVO,08:45 a 16:30,Amazonas s/n,2022
APURIMAC,CHINCHEROS,CHINCHEROS,ORA HOSPITAL DE APOYO CHINCHEROS,OPERATIVO,08:45 a 16:30,Fernando Belaunde Terry S/N,2022
AYACUCHO,CANGALLO,LOS MOROCHUCOS,ORA PAMPA CANGALLO,OPERATIVO,08:45 a 16:30,MarÂ¡a Arguedas S/N,2022
AREQUIPA,AREQUIPA,AREQUIPA,ORA HOSPITAL REGIONAL HONORIO DELGADO ESPINOZA,OPERATIVO,08:45 a 16:30,Daniel Alcides CarriÂ¢n NÃ¸ 505,2022
TACNA,TACNA,TACNA,ORA TACNA,OPERATIVO,08:45 a 16:30,Blondel S/N,2022
AREQUIPA,AREQUIPA,AREQUIPA,OR AREQUIPA,OPERATIVO,08:45 a 16:45,San Juan de Dios NÃ¸ 122 y Santo Domingo NÃ¸ 101,2022
AREQUIPA,CAYLLOMA,CHIVAY,PAP CAYLLOMA,OPERATIVO,08:45 a 16:45,Siglo XX S/N,2022
AREQUIPA,CAMANA,CAMANA,AG CAMANA,OPERATIVO,08:45 a 16:45,Mariscal Castilla NÃ¸ 221,2022
AREQUIPA,CARAVELI,CARAVELÃ–,PAP CARAVELI,OPERATIVO,08:45 a 16:45,Bolivar S/N,2022
AREQUIPA,CASTILLA,APLAO,PAP CASTILLA,OPERATIVO,08:45 a 16:45,Progreso S/N,2022
AREQUIPA,CONDESUYOS,CHUQUIBAMBA,PAP CONDESUYOS,OPERATIVO,08:45 a 16:45,Alameda S/N - Los Tres Errantes,2022
AREQUIPA,ISLAY,MOLLENDO,AG ISLAY,OPERATIVO,08:45 a 16:45,Arequipa NÂ§ 261 ,2022
AREQUIPA,LA UNION,COTAHUASI,PAP LA UNION,OPERATIVO,08:45 a 16:45,Centenario NÃ¸ 202 - Cotahuasi,2022
MOQUEGUA,MARISCAL NIETO,MOQUEGUA,ORA HOSPITAL REGIONAL MOQUEGUA,OPERATIVO,08:45 a 16:30,SimÂ¢n BolÂ¡var NÃ¸ 505,2022
MOQUEGUA,MARISCAL NIETO,MOQUEGUA,AG MARISCAL NIETO,OPERATIVO,08:45 a 16:45,Lima NÂ§ 676,2022
MOQUEGUA,ILO,ILO,AG ILO,OPERATIVO,08:45 a 16:45,Ayacucho NÃ¸ 529,2022
AREQUIPA,CAYLLOMA,MAJES,AG MAJES,OPERATIVO,08:45 a 16:45,Arequipa S/N - Tienda 06 del Estadio Almirante Miguel Grau - Pedregal,2022
AREQUIPA,AREQUIPA,CAYMA,AG CAYMA,OPERATIVO,08:45 a 16:45,RamÂ¢n Castilla S/N - Estadio La Tomilla,2022
TACNA,TACNA,TACNA,AG TACNA,OPERATIVO,08:45 a 16:45,Deustua NÂ§ 173,2022
AREQUIPA,AREQUIPA,AREQUIPA,ORA HOSPITAL III GOYENECHE,OPERATIVO,08:45 a 16:30,Goyeche NÃ¸ 100,2022
AREQUIPA,CAMANA,CAMANA,ORA HOSPITAL DE CAMANA,OPERATIVO,08:45 a 16:30,Lima 550,2022
AREQUIPA,AREQUIPA,PAUCARPATA,MAC - AREQUIPA,OPERATIVO,08:30 a 16:30,Porongoche NÃ¸ 500 Paucarpata - Centro Comercial Mall Aventura ,2022
AREQUIPA,CAYLLOMA,MAJES,ORA HOSPITAL CENTRAL DE MAJES- ANGEL GABRIEL CHURA GALLEGOS,OPERATIVO,08:45 a 16:30,Asentamiento B1 lote 1 Irrig. Majes,2022
MOQUEGUA,MARISCAL NIETO,MOQUEGUA,MAC - MOQUEGUA,OPERATIVO,08:30 a 16:30,"CircunvalaciÂ¢n 1B Sub lote 1-A, Moquegua",2022
CUSCO,CUSCO,SANTIAGO,ORA ANTONIO LORENA DEL CUSCO,OPERATIVO,08:45 a 16:30,Carlos Ugarte S/N Urb. Primavera Cuartel AgustÂ¡n Gamarra,2022
CUSCO,CUSCO,WANCHAQ,ORA HOSPITAL NACIONAL ADOLFO GUEVARA VELASCO,OPERATIVO,08:45 a 16:30,Micaela Bastidas S/N,2022
APURIMAC,ABANCAY,ABANCAY,OR ABANCAY,OPERATIVO,08:45 a 16:45,La Victoria NÂ§ 214,2022
APURIMAC,AYMARAES,CHALHUANCA,PANP AYMARAES,DESPLAZAMIENTO,08:45 a 16:30,Plaza de Armas S/N (Gobernatura De Chalhuanca),2022
APURIMAC,ANTABAMBA,ANTABAMBA,PANP ANTABAMBA,DESPLAZAMIENTO,08:45 a 16:30,Plaza de Armas S / N,2022
APURIMAC,COTABAMBAS,TAMBOBAMBA,PAP TAMBOBAMBA,OPERATIVO,08:45 a 16:30,PerÂ£ - Plaza de Armas S/N - 3er Piso,2022
APURIMAC,GRAU,CHUQUIBAMBILLA,PANP GRAU,DESPLAZAMIENTO,08:45 a 16:30,Plaza de Armas S / N,2022
CUSCO,CUSCO,CUSCO,OR CUSCO,OPERATIVO,08:45 a 16:45,El Sol NÃ¸ 272,2022
CUSCO,ACOMAYO,ACOMAYO,PANP ACOMAYO,DESPLAZAMIENTO,08:45 a 16:30,Plaza de Armas S/N,2022
CUSCO,ANTA,ANTA ,PAP ANTA,OPERATIVO,08:45 a 16:30,"Jaquijahuana  S / N, Izcuchaca",2022
CUSCO,CALCA,CALCA,AG CALCA,OPERATIVO,08:45 a 16:45,Plaza de Armas S/N,2022
CUSCO,CANAS,YANAOCA,PAP CANAS,OPERATIVO,08:45 a 16:30,Plaza de Armas S/N,2022
CUSCO,CANCHIS,SICUANI,AG CANCHIS,OPERATIVO,08:45 a 16:45,TÂ£pac Amaru NÃ¸ 163,2022
CUSCO,CHUMBIVILCAS,SANTO TOMAS,PAP CHUMBIVILCAS,OPERATIVO,08:45 a 16:30,PerÂ£ S / N (Ruedo de Toros),2022
CUSCO,ESPINAR,ESPINAR,PAP ESPINAR,OPERATIVO,08:45 a 16:45,Teatro S/N  ,2022
CUSCO,LA CONVENCION,SANTA ANA,AG LA CONVENCION,OPERATIVO,08:45 a 16:45,Grau NÂ§ 238,2022
CUSCO,PARURO,PARURO,PANP PARURO,DESPLAZAMIENTO,08:45 a 16:30,Plaza de Armas S/N,2022
CUSCO,PAUCARTAMBO,PAUCARTAMBO,PAP PAUCARTAMBO - JR9,OPERATIVO,08:45 a 16:30,Enrique Yabar S/N,2022
CUSCO,QUISPICANCHI,URCOS,PAP QUISPICANCHI,OPERATIVO,08:45 a 16:45,HuÂ scar NÃ¸ 181,2022
CUSCO,URUBAMBA,URUBAMBA,PAP URUBAMBA,OPERATIVO,08:45 a 16:30,Conchatupa S/N,2022
MADRE DE DIOS,TAHUAMANU,IBERIA,AG IBERIA,OPERATIVO,08:45 a 16:30,MÂ ximo RodrÂ¡guez NÃ¸ 124 Plaza de Armas,2022
APURIMAC,ABANCAY,ABANCAY,ORA HOSPITAL REGIONAL GUILLERMO DIAZ DE LA VEGA,OPERATIVO,08:45 a 16:30,Daniel Alcides CarriÂ¢n S/N,2022
MADRE DE DIOS,TAMBOPATA,TAMBOPATA,OR TAMBOPATA,OPERATIVO,08:45 a 16:45,Lambayeque NÃ¸ 159,2022
MADRE DE DIOS,MANU,MANU,PANP MANU,DESPLAZAMIENTO,08:45 a 16:30,Esperanza S/N - Local Municipal,2022
CUSCO,ACOMAYO,POMACANCHI,AG POMACANCHI,DESPLAZAMIENTO,08:45 a 16:30,Plaza de Armas S/N,2022
CUSCO,CUSCO,CUSCO,ORA HOSPITAL DE APOYO DEPARTAMENTAL CUSCO,OPERATIVO,08:45 a 16:30,La Cultura S/N,2022
CUSCO,CUSCO,SANTIAGO,ORA BELEMPAMPA,OPERATIVO,08:45 a 16:30,21 de Mayo S/N,2022
CUSCO,CANCHIS,SICUANI,ORA SICUANI,OPERATIVO,08:45 a 16:30,Manuel Callo Zevallos NÃ¸ 519 - Hospital MINSA Sicuani,2022
MADRE DE DIOS,TAMBOPATA,TAMBOPATA,ORA SANTA ROSA,OPERATIVO,08:45 a 16:30,Cajamarca NÃ¸ 171,2022
CUSCO,LA CONVENCION,SANTA ANA,ORA QUILLABAMBA,OPERATIVO,08:45 a 16:30,General Gamarra S/N - Hospital Quillabamba,2022
APURIMAC,AYMARAES,CHALHUANCA,ORA CHALHUANCA,OPERATIVO,08:45 a 16:30,Bolivar S/N,2022
CUSCO,ESPINAR,ESPINAR,ORA ESPINAR,OPERATIVO,08:45 a 16:30,Domingo Huarca Cruz S/N Barrio TÂ£pac Amaru  - Hospital Espinar,2022
MADRE DE DIOS,TAHUAMANU,IBERIA,ORA SAN MARTIN DE PORRES DE IBERIA,OPERATIVO,08:45 a 16:30,Mocopata S/N,2022
APURIMAC,COTABAMBAS,TAMBOBAMBA,ORA TAMBOBAMBA,OPERATIVO,08:45 a 16:30,Hospital Tambobamba,2022
APURIMAC,COTABAMBAS,HAQUIRA,PAP HAQUIRA,OPERATIVO,08:45 a 16:30,Plaza de armas S/N-Haquira,2022
CUSCO,CHUMBIVILCAS,SANTO TOMAS,ORA SANTO TOMAS,OPERATIVO,08:45 a 16:30, Andres Avelino Caceres - Hospital Santo Tomas  ,2022
LIMA,LIMA ,JESÃ©S MARÃ–A,ORA HOSPITAL NACIONAL EDGARDO REBAGLIATI MARTINS,OPERATIVO,08:45 a 16:30,AV. SALAVERRY CDRA. 13 - PUERTA 6,2022
CALLAO,CALLAO,CALLAO,ORA NAC. DANIEL A. CARRIÃ N,OPERATIVO,08:45 a 16:30,Guardia Chalaca NÂ§ 2176 - Bellavista,2022
LIMA,LIMA,SAN JUAN DE LURIGANCHO,ORA HOSPITAL SAN JUAN DE LURIGANCHO,OPERATIVO,08:45 a 16:30,Canto Grande S/N - Altura del paradero 10,2022
LIMA,LIMA,EL AGUSTINO,ORA HOSPITAL NACIONAL HIPOLITO UNANUE,OPERATIVO,08:45 a 16:30,Cesar Vallejo NÂ§ 1390 ,2022
LIMA,LIMA,LIMA,ORA INSTITUTO NACIONAL MATERNO PERINATAL,OPERATIVO,08:45 a 16:30,Miroquesada NÂ§ 941 - Lima,2022
CALLAO,CALLAO,VENTANILLA,OR VENTANILLA,OPERATIVO,08:45 a 16:45,Pachacutec NÃ¸ 225 - Sector B - Grupo Residencial B1 - Mz. F1 ,2022
LIMA,LIMA,SANTIAGO DE SURCO,OR SURCO - HIGUERETA,OPERATIVO,08:45 a 16:45,Santiago de Surco NÂ§ 2807 Urb. Residencial Higuereta,2022
LIMA,LIMA,SAN BORJA,OR SAN BORJA,OPERATIVO,08:45 a 16:45,San Luis NÃ¸ 1673 Urb. Jacaranda II,2022
LIMA,LIMA,COMAS,OR COMAS III,OPERATIVO,08:45 a 16:45,San Felipe NÂ§ 830 Urb. San Felipe,2022
LIMA,LIMA,LIMA,OR QUILCA,OPERATIVO,08:45 a 16:45,Quilca NÂ§ 501 y 525 ,2022
LIMA,LIMA,LIMA,AG ANCASH,OPERATIVO,08:45 a 16:45,Ancash NÂ§ 336-340 y 344 (Frente a la Plazuela San Francisco) - Lima,2022
LIMA,LIMA,VILLA MARÃ–A DEL TRIUNFO,ORA DANIEL ALCIDES CARRION,OPERATIVO,08:45 a 16:30,Pachacutec NÃ¸ 3470 - Pasando el Terminal Pesquero.,2022
CALLAO,CALLAO,BELLAVISTA,MAC - CALLAO,OPERATIVO,08:30 a 16:30,Oscar R. Benavides NÃ¸ 3866 - Centro Comercial Mall Aventura Plaza,2022
LIMA,LIMA,LIMA,OR LIMA,OPERATIVO,08:45 a 16:45,Av. NicolÂ s de Piâ€šrola N 545,2022
LIMA,LIMA,ATE,OR ATE,OPERATIVO,08:45 a 16:45,Industrial NÂ§ 438,2022
LIMA,LIMA,COMAS,OR COMAS I,OPERATIVO,08:45 a 16:45,"Tupac Amaru NÃ¸ 5527 - 5531 - 5535, Urb Huaquillay 2da Etapa",2022
LIMA,LIMA,LURIN,OR LURIN,OPERATIVO,08:45 a 16:45,Simon Bolivar NÃ¸ 267,2022
LIMA,LIMA,MIRAFLORES,OR MIRAFLORES,OPERATIVO,08:45 a 16:45,Ernesto Diez Canseco NÃ¸ 230,2022
LIMA,LIMA,PUENTE PIEDRA,OR PUENTE PIEDRA,OPERATIVO,08:45 a 16:45,Ricardo Palma NÂ§ 241,2022
LIMA,LIMA,SAN JUAN DE LURIGANCHO,OR SAN JUAN DE LURIGANCHO,OPERATIVO,08:45 a 16:45,Las Flores Lote 1 Mz. G Urb. Canto Grande Unidad 7,2022
LIMA,LIMA,SAN JUAN DE MIRAFLORES,OR SAN JUAN DE MIRAFLORES,OPERATIVO,08:45 a 16:45,Guillermo Billinghurst  NÃ¸ 767 ? 769 Mz. F Lote 18 Urb. SJM Parcela D,2022
LIMA,LIMA,SAN MARTÃ–N DE PORRES,OR SAN MARTIN DE PORRES,OPERATIVO,08:45 a 16:45,Eduardo de Habich NÂ§ 590 - 592 con Pedro Paulet NÃ¸ 589,2022
LIMA,CAJATAMBO,CAJATAMBO,AG CAJATAMBO,OPERATIVO,08:45 a 16:45,Bolognesi S/N - Comisiones de Regantes -Frente plaza de Armas,2022
LIMA,CANTA,CANTA,AG CANTA,OPERATIVO,08:45 a 16:45,Independencia NÂ§ 308 Municipio (Plaza de Armas),2022
LIMA,CAÂ¥ETE,SAN VICENTE DE CAÂ¥ETE,AG CAÂ¥ETE,OPERATIVO,08:45 a 16:45,Los Libertadores Mz. D-3 Lote 4 UrbanizaciÂ¢n Tercer Mundo,2022
LIMA,HUAURA,HUACHO,AG HUACHO,OPERATIVO,08:45 a 16:45,Grau NÂ§ 295,2022
LIMA,HUAROCHIRI,MATUCANA,AG MATUCANA,OPERATIVO,08:45 a 16:45,Tacna S/N  - Centro Civico,2022
LIMA,YAUYOS,YAUYOS,AG YAUYOS,OPERATIVO,08:45 a 16:45,Plaza ConstituciÂ¢n NÂ§ 110,2022
LIMA,HUARAL,HUARAL,AG HUARAL,OPERATIVO,08:45 a 16:45,Los Pinos NÂ§ 149 Mz E Lote 4 Pasaje Urb. El Rosario,2022
LIMA,BARRANCA,BARRANCA,OR BARRANCA,OPERATIVO,08:45 a 16:45,Independencia NÃ¸ 674 - 676 - 678,2022
LIMA,OYON,OYON,AG OYON,OPERATIVO,08:45 a 16:45,UniÂ¢n 216,2022
LIMA,LIMA,LURIGANCHO,OR CHOSICA,OPERATIVO,08:45 a 16:45,Chucuito NÂ§ 248 ,2022
LIMA,LIMA,PACHACAMAC,OR PACHACAMAC,OPERATIVO,08:45 a 16:45,Paul Poblet NÃ¸ 3111 - Dentro del Mercado Jumbo,2022
LIMA,LIMA,JESÃ©S MARÃ–A,OR JESUS MARIA,OPERATIVO,08:45 a 16:45,Talara NÃ¸ 130-132-134 y 136 JesÂ£s Maria,2022
LIMA,LIMA,CIENEGUILLA,OR CIENEGUILLA,OPERATIVO,08:45 a 16:45,"San Martin Lote 15, Zona ""D"" Manzana ""D"" Centro Poblado Tambo Viejo",2022
LIMA,LIMA,SANTA ANITA,OR SANTA ANITA,OPERATIVO,08:45 a 16:45,"Los Eucaliptos NÂ§ 947, UrbanizaciÂ¢n Universal",2022
LIMA,LIMA,INDEPENDENCIA,OR INDEPENDENCIA,OPERATIVO,08:45 a 16:45,Los Andes NÂ§ 486 Urb. Industrial Panamericana Norte,2022
CALLAO,CALLAO,VENTANILLA,MAC - VENTANILLA,OPERATIVO,08:30 a 16:30,La Playa S/N altura la Urb. Zona Comercial frente a la Plaza CÂ¡vica ,2022
LIMA,LIMA,JESÃ©S MARÃ–A,AG 06 DE AGOSTO,OPERATIVO,08:45 a 16:45,06 de Agosto NÃ¸ 856,2022
CALLAO,CALLAO,MI PERÃ©,AG MI PERU,OPERATIVO,08:45 a 16:45,Mz. G7 Lt. 06 Mi PerÂ£  interior de la Sede Municipal.,2022
LIMA,LIMA,SAN MARTÃ–N DE PORRES,ORA NACIONAL CAYETANO HEREDIA,OPERATIVO,08:45 a 16:30,Honorio Delgado NÃ¸ 262 - Urb. IngenierÂ¡a / Obstetricia,2022
LIMA,HUAURA,HUACHO,ORA HOSPITAL GENERAL DE HUACHO,OPERATIVO,08:45 a 16:30,Jose Arnaldo Arambulo La Rosa NÃ¸ 251,2022
CALLAO,CALLAO,CALLAO,OR CALLAO,OPERATIVO,08:45 a 16:45,Dos de Mayo NÃ¸ 440 - 446,2022
LIMA,LIMA,SAN BORJA,AG ATENCIONES ESPECIALES DE SAN BORJA,OPERATIVO,08:45 a 16:45,Javier Prado NÃ¸ 2388 -2386 - 2392,2022
LIMA,LIMA,VILLA EL SALVADOR,OR VILLA EL SALVADOR,OPERATIVO,08:45 a 16:45,"Arriba PerÂ£ NÂ§ 640 Sector 2, Grupo 7, Mz J, Lt 05 ",2022
LIMA,LIMA,EL AGUSTINO,MAC - LIMA ESTE,OPERATIVO,08:30 a 16:30,Ancash 2151 - Centro Comercial Agustino Plaza,2022
CALLAO,CALLAO,CARMEN DE LA LEGUA REYNOSO,ORA HOSPITAL SAN JOSE,OPERATIVO,08:45 a 16:30,Las Magnolias 475 Carmen de la Legua-Reynoso,2022
CALLAO,CALLAO,VENTANILLA,ORA HOSPITAL DE VENTANILLA,OPERATIVO,08:45 a 16:30,Pedro Beltran S/N Ventanilla - Hospital de Ventanilla,2022
LIMA,CAÂ¥ETE,SAN VICENTE DE CAÂ¥ETE,ORA HOSPITAL REZOLA,OPERATIVO,08:45 a 16:30,San MartÂ¡n NÂ§ 120 -124 ,2022
LIMA,BARRANCA,BARRANCA,ORA HOSPITAL DE BARRANCA,OPERATIVO,08:45 a 16:30,NicolÂ s de Piâ€šrola NÂ§ 210 -224,2022
LIMA,HUARAL,HUARAL,ORA HOSPITAL SAN JUAN BAUTISTA HUARAL,OPERATIVO,08:45 a 16:30,Tacna NÂ§ 120 Urb. San Juan I,2022
LIMA,LIMA ,COMAS,ORA HOSPITAL NACIONAL SERGIO E. BERNALES,OPERATIVO,08:45 a 16:30,"TÂ£pac Amaru NÃ¸ 8000, Collique, Comas.",2022
LIMA,LIMA,LIMA,ORA NACIONAL DOS DE MAYO,OPERATIVO,08:45 a 16:30,Parque Historia De La Medicina Peruana S/N Altura Cuadra 13 Av Grau,2022
LIMA,LIMA,ATE ,ORA HOSPITAL DE HUAYCAN,OPERATIVO,08:45 a 16:30,Josâ€š C.MariÂ tegui S/N Zona B - A.H.HuaycÂ n S/N Ate Lima Lima,2022
LIMA,LIMA,SAN JUAN DE MIRAFLORES,MAC - LIMA SUR,OPERATIVO,08:30 a 16:30,CircunvalaciÂ¢n 1583- San Juan de Miraflores,2022
LIMA,LIMA,COMAS,MAC - LIMA NORTE,OPERATIVO,08:30 a 16:30,Los Angeles NÃ¸ 602 2do piso - Cc Mall Plaza ,2022
LIMA,LIMA,JESUS MARIA,PVM - JESUS MARIA ,OPERATIVO,08:45 a 16:45,Talara NÃ¸ 130,2022
LIMA,LIMA,SANTIAGO DE SURCO,PVM - JOCKEY PLAZA,OPERATIVO,08:45 a 16:45,Javier Prado Este NÃ¸ 4200 ( Centro Financiero del Centro Comercial),2022
LIMA,LIMA,SURQUILLO,PVM - OPEN PLAZA ANGAMOS,OPERATIVO,08:45 a 16:45,Cruce Angamos NÃ¸ 1805 con Tomas Marsano,2022
LIMA,LIMA,CHORRILLOS,PVM - PLAZA LIMA SUR,OPERATIVO,08:45 a 16:45,ProlongaciÂ¢n Paseo  de la Republica S/N Urb. Matellini (2do nivel del Centro Comercial) ,2022
CALLAO,CALLAO,VENTANILLA,PVM VENTANILLA,OPERATIVO,08:45 a 16:45,La Playa S/N altura la Urb. Zona Comercial frente a la Plaza CÂ¡vica ,2022
CALLAO,CALLAO,BELLAVISTA,PVM MALL AVENTURA PLAZA - CALLAO,OPERATIVO,08:45 a 16:45,Oscar R. Benavides NÃ¸ 3866 - Centro Comercial Mall Aventura Plaza,2022
LIMA,LIMA,CERCADO,PVM - REAL PLAZA CENTRO CÃ–VICO,OPERATIVO,08:45 a 16:45,Garcilaso de la Vega NÃ¸ 1337,2022
LIMA,LIMA,MIRAFLORES,PVM- MIRAFLORES,OPERATIVO,08:45 a 16:45,Diez Canseco NÃ¸ 230,2022
LIMA,LIMA,INDEPENDENCIA,PVM - INDEPENDENCIA,OPERATIVO,08:45 a 16:45,Los Andes NÂ§ 486 Urb. Industrial Panamericana Norte,2022
LIMA,LIMA,SAN JUAN DE LURIGANCHO,PVM - SAN JUAN DE LURIGANCHO ,OPERATIVO,08:45 a 16:45,Las Flores Lote Nz. 6 Urb . Canto Grande ,2022
LIMA,LIMA,SANTA ANITA,ORA HOSP. JORGE VOTO BERNALES,OPERATIVO,08:45 a 16:45,"CARRETERA CENTRAL KM. 3,5 - SANTA ANITA",2022
LIMA,LIMA,VILLA MARÃ–A DEL TRIUNFO,CMI JOSE CARLOS MARIATEGUI,OPERATIVO,08:45 a 16:45,"Necochea s/n, AH. Jose Carlos Mariategui, Villa Maria del Triunfo.",2022
LIMA,LIMA,CERCADO,HOSP. NAC DOC MADRE Y NIÂ¥O  SAN BARTOLOME,OPERATIVO,08:45 a 16:45,ALFONSO UGARTE 825 - LIMA,2022
PUNO,PUNO,PUNO,ORA MANUEL NUÂ¥EZ BUTRON,OPERATIVO,08:45 a 16:30,El Sol NÃ¸ 1022,2022
PUNO,PUNO,PUNO,ORA HOSPITAL BASE III (PUNO) - RED ASISTENCIAL PUNO,OPERATIVO,08:45 a 16:30,Francisco CÂ ceres Jara NÂ§ 600,2022
PUNO,SAN ROMAN,JULIACA,ORA CARLOS MONGE MEDRANO,OPERATIVO,08:45 a 16:30,Carretera a Huancane Km 2,2022
PUNO,EL COLLAO ,ILAVE ,ORA ILAVE,OPERATIVO,08:45 a 16:30,Atahualpa NÂ§ 825,2022
PUNO,SAN ROMAN,JULIACA,ORA HOSPITAL BASE III JULIACA - ESSALUD - RED ASISTENCIAL JULIACA,OPERATIVO,08:45 a 16:30,Josâ€š Santos Chocano S/N - La Capilla,2022
PUNO,PUNO,PUNO,OR PUNO,OPERATIVO,08:45 a 16:45,Arequipa NÃ¸ 1143 - 1145 Barrio Victoria,2022
PUNO,AZANGARO,AZANGARO,PAP AZANGARO,OPERATIVO,08:45 a 16:45,Azangaro NÃ¸ 160  (Palacio Municipal),2022
PUNO,CARABAYA,MACUSANI,PAP CARABAYA,OPERATIVO,08:45 a 16:45,Raimondi NÃ¸ 116,2022
PUNO,CHUCUITO,JULI,PAP CHUCUITO,OPERATIVO,08:45 a 16:45,Ilave 235 - Mercado Central Municipio,2022
PUNO,HUANCANE,HUANCANE,PAP HUANCANE,OPERATIVO,08:45 a 16:45,Moquegua NÃ¸ 104 - Barrio Progreso,2022
PUNO,LAMPA,LAMPA,PAP LAMPA,OPERATIVO,08:45 a 16:45,Alfonso Ugarte NÃ¸ 343,2022
PUNO,MELGAR,AYAVIRI,PAP MELGAR,OPERATIVO,08:45 a 16:45,Jorge Chavez NÃ¸  550,2022
PUNO,SANDIA,SANDIA,PAP SANDIA,OPERATIVO,08:45 a 16:45,Juliaca S/N - Mercado Central Sandia,2022
PUNO,SAN ROMAN,JULIACA,AG SAN ROMAN,OPERATIVO,08:45 a 16:45,Brascesco NÃ¸ 181 ,2022
PUNO,YUNGUYO,YUNGUYO,PAP YUNGUYO,OPERATIVO,08:45 a 16:45,Grau NÂ§ 240,2022
PUNO,SAN ANTONIO DE PUTINA,PUTINA,PAP PUTINA,OPERATIVO,08:45 a 16:45,Plaza de Armas S/N (Palacio Municipal),2022
PUNO,EL COLLAO,ILAVE,PAP EL COLLAO,OPERATIVO,08:45 a 16:45,Bolognesi S/N - Coliseo Cubierto Ilave Oficina NÃ¸ 02,2022
PUNO,MOHO,MOHO,PAP MOHO,OPERATIVO,08:45 a 16:45,CircunvalaciÂ¢n S/N Mercado Municipal,2022
PUNO,AZANGARO,AZANGARO,ORA CARLOS CORNEJO ROSELLO,OPERATIVO,08:45 a 16:30,Francisco Bolognesi NÃ¸ 557,2022
PUNO,CHUCUITO,JULI,ORA JULI,OPERATIVO,08:45 a 16:30,Panamericana S/N,2022
PUNO,HUANCANE,HUANCANE,ORA HOSPITAL LUCIO ALDAZABAL PAUCA,OPERATIVO,08:45 a 16:30,Santa Cruz S/N,2022
PUNO,MELGAR,AYAVIRI,ORA SAN JUAN DE DIOS (AYAVIRI),OPERATIVO,08:45 a 16:30,Progreso S/N,2022
PUNO,SAN ROMÂµN,JULIACA,ORA CENTRO DE SALUD CLAS SANTA ADRIANA,OPERATIVO,08:45 a 16:30,Pachacutec S/N,2022
PUNO,SAN ROMÂµN,SAN MIGUEL,PAP SAN MIGUEL - JR11,OPERATIVO,08:45 a 16:45,Palacio Municipal S/N,2022
PUNO,CHUCUITO,DESAGUADERO,PAP DESAGUADERO,OPERATIVO,08:45 a 16:45,28 de Julio NÃ¸ 305 - Desaguadero,2022
ICA,ICA,ICA,ORA REGIONAL DE ICA,OPERATIVO,08:45 a 16:30,Huacachina S/N,2022
AYACUCHO,LUCANAS,PUQUIO,AG LUCANAS,OPERATIVO,08:45 a 16:45,San Pedro  NÂ§ 216,2022
AYACUCHO,PARINACOCHAS,CORACORA,AG PARINACOCHAS,OPERATIVO,08:45 a 16:45,Bolognesi NÃ¸ 419 Plaza de Armas,2022
AYACUCHO,PAUCAR DEL SARA SARA,PAUSA,PANP PAUCAR DEL SARA SARA,OPERATIVO,08:45 a 16:45,Miguel de Cervantes NÃ¸ 455 (Palacio Municipal),2022
ICA,ICA,PARCONA,PAP PARCONA,OPERATIVO,08:45 a 16:45,Jhon F. Kennedy NÃ¸ 500 con Calle Lima S/N (Costado del Palacio Municipal),2022
ICA,ICA,ICA,OR ICA,OPERATIVO,08:45 a 16:45,San Martin NÃ¸ 1366 Mz. M-02 Lt. 035. Urb. San Isidro ,2022
ICA,CHINCHA,CHINCHA ALTA,AG CHINCHA,OPERATIVO,08:45 a 16:45,Los Angeles NÃ¸ 300,2022
ICA,NASCA,NASCA,AG NASCA,OPERATIVO,08:45 a 16:45,Fermin del Castillo NÃ¸ 270,2022
ICA,PISCO,PISCO,AG PISCO,OPERATIVO,08:45 a 16:45,San Juan de Dios NÃ¸ 288,2022
ICA,PALPA,PALPA,AG PALPA,OPERATIVO,08:45 a 16:45,Portal de Escribanos NÂ§ 145,2022
AYACUCHO,LUCANAS,CABANA,PAP CABANA ,OPERATIVO,08:45 a 16:45,Jorge Chavez NÃ¸ 272 ,2022
AYACUCHO,LUCANAS,PUQUIO,ORA FELIPE HUAMAN POMA DE AYALA,OPERATIVO,08:45 a 16:30,Arnaldo Alvarado S/N ,2022
AYACUCHO,PARINACOCHAS,CORACORA,ORA HOSPITAL DE APOYO DE CORACORA,OPERATIVO,08:45 a 16:30,La Cultura S/N,2022
ICA,ICA,ICA,ORA SANTA MARIA DEL SOCORRO,OPERATIVO,08:45 a 16:30,Castrovirreyna NÃ¸ 759,2022
ICA,PISCO,PISCO,ORA SAN JUAN DE DIOS,OPERATIVO,08:45 a 16:30,FermÂ¡n Tanguis S/N (Altura del Fundo Alto de la Luna),2022
ICA,CHINCHA,CHINCHA ALTA,ORA SAN JOSE DE CHINCHA,OPERATIVO,08:45 a 16:30,Abelardo Alva Maurtua NÂ§ 600,2022
AYACUCHO,LUCANAS,LARAMATE,PANP LARAMATE,OPERATIVO,08:45 a 16:45,Ica S/N,2022
ICA,NASCA,NASCA,ORA DE APOYO DE NASCA,OPERATIVO,08:45 a 16:30,Callao S/N - 5ta Cuadra,2022
UCAYALI,CORONEL PORTILLO,CALLERIA,ORA HOSPITAL REGIONAL DE PUCALLPA,OPERATIVO,08:45 a 16:30,Agustin Cauper NÃ¸ 285,2022
HUANUCO,PUERTO INCA,PUERTO INCA,PAP PUERTO INCA,OPERATIVO,08:45 a 16:45,Vulcano S/N,2022
UCAYALI,CORONEL PORTILLO,YARINACOCHA,ORA HOSPITAL AMAZÃ NICO - YARINACOCHA,OPERATIVO,08:45 a 16:30,Aguaytia NÃ¸ 605,2022
LORETO,UCAYALI,CONTAMANA,PAP CONTAMANA,OPERATIVO,08:45 a 16:45,Nuevo Loreto Mz.38C  Lt.5B,2022
UCAYALI,PADRE ABAD,IRAZOLA ,AG IRAZOLA ,OPERATIVO,08:45 a 16:45,Jr. Progreso S/N ,2022
UCAYALI,PADRE ABAD,PADRE ABAD,ORA AGUAYTIA,OPERATIVO,08:45 a 16:30,Victor Pinedo / Palmeras Mz. 152A Junta Vecinal Pampayurac,2022
UCAYALI,CORONEL PORTILLO,CALLERIA,OR PUCALLPA,OPERATIVO,08:45 a 16:45,"09 de Diciembre NÃ¸ 378 y Tacna NÂ§ 891 Mz. 07 Lt. Acumulado 1-B, independiente.",2022
UCAYALI,PADRE ABAD,PADRE ABAD,PAP PADRE ABAD,OPERATIVO,08:45 a 16:45,Jr. Grau NÂ§ 214,2022
UCAYALI,ATALAYA,RAIMONDI,PAP ATALAYA,OPERATIVO,08:45 a 16:45,Rioja NÂ§ 659,2022
UCAYALI,PURUS,PURUS,PAP PURUS,OPERATIVO,08:45 a 16:45,Purus S/N,2022
UCAYALI,ATALAYA,TAHUANIA,PAP TAHUANIA,OPERATIVO,08:45 a 16:45,7 de Junio  S/N,2022
HUANCAVELICA,HUANCAVELICA,IZCUCHACA,PAP IZCUCHACA,OPERATIVO,08:45 a 16:45,Ferrocarril  S/N ,2022
HUANCAVELICA,ACOBAMBA,PAUCARA,PAP PAUCARA,OPERATIVO,08:45 a 16:45,Plaza Mayor S/N,2022
HUANCAVELICA,HUANCAVELICA,HUANCAVELICA,ORA HOSPITAL REGIONAL ZACARIAS CORREA VALDIVIA,OPERATIVO,08:45 a 16:30,Andrâ€šs Avelino CÂ ceres S/N - Barrio Yananaco,2022
HUANCAVELICA,HUANCAVELICA,ASCENSIÃ N,ORA HOSPITAL II HUANCAVELICA,OPERATIVO,08:45 a 16:30,Teresa de Jurnet S/N,2022
HUANCAVELICA,HUANCAVELICA,HUANCAVELICA,OR HUANCAVELICA,OPERATIVO,08:45 a 16:45,"Av. San CristÂ¢bal NÂ§ 384, 386 y 388",2022
HUANCAVELICA,ACOBAMBA,ACOBAMBA,OR ACOBAMBA,OPERATIVO,08:45 a 16:45,Dos De Mayo NÃ¸ 459,2022
HUANCAVELICA,ANGARAES,LIRCAY,OR ANGARAES,OPERATIVO,08:45 a 16:45,Centenario S/N - Barrio de Pueblo Nuevo - Dentro del Centro Civico,2022
HUANCAVELICA,CASTROVIRREYNA,CASTROVIRREYNA,OR CASTROVIRREYNA,OPERATIVO,08:45 a 16:45,Los Libertadores S/N,2022
HUANCAVELICA,TAYACAJA,PAMPAS,OR TAYACAJA,OPERATIVO,08:45 a 16:45,Manco Capac S/N con JirÂ¢n Alfonso Ugarte Cordova y Necochea - Coliseo Multiuso,2022
HUANCAVELICA,HUAYTARA,HUAYTARA,OR HUAYTARA,OPERATIVO,08:45 a 16:45,24 de Junio S/N - 2do piso Centro CÂ¡vico ,2022
HUANCAVELICA,CHURCAMPA,CHURCAMPA,OR CHURCAMPA,OPERATIVO,08:45 a 16:45,Real NÃ¸ 255,2022
HUANCAVELICA,TAYACAJA,PAMPAS,ORA HOSPITAL DE PAMPAS,OPERATIVO,08:45 a 16:30,BolÂ¡var S/N ,2022
HUANCAVELICA,ANGARAES,LIRCAY,ORA LIRCAY,OPERATIVO,08:45 a 16:30,Esmeralda S/N,2022
HUANCAVELICA,TAYACAJA,SURCUBAMBA,AG SURCUBAMBA,OPERATIVO,08:45 a 16:45,Alfonso Ugarte S/N,2022
HUANCAVELICA,TAYACAJA,COLCABAMBA,AG COLCABAMBA,OPERATIVO,08:45 a 16:45,Av. Centenario S/N,2022
HUANCAVELICA,HUANCAVELICA,YAULI,ORA YAULI,OPERATIVO,08:45 a 16:30,Jorge ChÂ vez S/N,2022
HUANCAVELICA,ACOBAMBA,PAUCARA,ORA PAUCARA,OPERATIVO,08:45 a 16:30,Lircay s/n,2022
PASCO,PASCO,YANACANCHA,ORA DR. DANIEL ALCIDES CARRION GARCIA,OPERATIVO,08:45 a 16:30,Los Incas S/N Urb. San Juan,2022
PASCO,OXAPAMPA,PUERTO BERMUDEZ,PAP PUERTO BERMÃ©DEZ,OPERATIVO,08:45 a 16:45,Remigio Morales BermÂ£dez S/N,2022
PASCO,PASCO,HUARIACA,PAP HUARIACA,OPERATIVO,08:45 a 16:45,28 de Julio NÂ§ 129,2022
HUANUCO,HUANUCO,HUÂµNUCO,ORA HOSPITAL REGIONAL HERMILIO VALDIZAN,OPERATIVO,08:45 a 16:30,Hermilio Valdizan NÂ§ 950,2022
PASCO,PASCO,PAUCARTAMBO,PAP PAUCARTAMBO - JR15,OPERATIVO,08:45 a 16:45,Plaza 28 de Julio S/N,2022
HUANUCO,HUANUCO,HUÂµNUCO,OR HUANUCO,OPERATIVO,08:45 a 16:45,28 de Julio NÃ¸ 825,2022
HUANUCO,AMBO,AMBO,PAP AMBO,OPERATIVO,08:45 a 16:45,"28 de Julio 697, Centro CÂ¡vico",2022
HUANUCO,DOS DE MAYO,LA UNION,PAP DOS DE MAYO,OPERATIVO,08:45 a 16:45,Lourdes NÃ¸ 221,2022
HUANUCO,HUAMALIES,LLATA,PAP HUAMALIES,OPERATIVO,08:45 a 16:45,HuÂ nuco NÃ¸ 242,2022
HUANUCO,MARAÂ¥ON,HUACRACHUCO,PAP MARAÂ¥ON,OPERATIVO,08:45 a 16:45,28 De Julio NÃ¸ 602 ,2022
HUANUCO,LEONCIO PRADO,RUPA-RUPA,PAP LEONCIO PRADO,OPERATIVO,08:45 a 16:45,Chiclayo NÃ¸ 585,2022
HUANUCO,PACHITEA,PANAO,PAP PACHITEA,OPERATIVO,08:45 a 16:45,Bolognesi NÃ¸ 211,2022
HUANUCO,LAURICOCHA,JESÃ©S,PAP LAURICOCHA,OPERATIVO,08:45 a 16:45,Cristobal Colon S/N,2022
HUANUCO,YAROWILCA,CHAVINILLO,PAP YAROWILCA,OPERATIVO,08:45 a 16:45,Virgen de FÂ tima S/N,2022
PASCO,PASCO,CHAUPIMARCA,ORA HOSPITAL II PASCO,OPERATIVO,08:45 a 16:30,Barrio Buenos Aires S/N,2022
HUANUCO,PACHITEA,PANAO,ORA PANAO,OPERATIVO,08:45 a 16:30,Grau NÂ§ 193,2022
HUANUCO,LEONCIO PRADO,RUPA-RUPA,ORA HOSPITAL TINGO MARIA,OPERATIVO,08:45 a 16:30,Mapresa S/N Luyando,2022
HUANUCO,LEONCIO PRADO,JOS  CRESPO Y CASTILLO,ORA AUCAYACU,OPERATIVO,08:45 a 16:30,Grau NÃ¸ 401,2022
HUANUCO,HUAMALIES,LLATA,ORA LLATA,OPERATIVO,08:45 a 16:30,28 de Julio NÃ¸ 216,2022
HUANUCO,DOS DE MAYO,LA UNION,ORA LA UNION,OPERATIVO,08:45 a 16:30,Dos de Mayo NÃ¸ 185,2022
HUANUCO,LEONCIO PRADO,JOS  CRESPO Y CASTILLO,PAP JOSE CRESPO Y CASTILLO,OPERATIVO,08:45 a 16:45,Maria Parado de Bellido S/N Cuadra 4,2022
HUANUCO,LAURICOCHA,BAÂ¥OS,AG BAÂ¥OS,OPERATIVO,08:45 a 16:45,Libertad S/N,2022
PASCO,PASCO,YANACANCHA,AG PASCO,OPERATIVO,08:45 a 16:45,"Centro Comercial ""Sector Dos de San Juan Pampa Edif. 4 Tienda 3 San Juan-Yanacancha",2022
PASCO,DANIEL ALCIDES CARRION,YANAHUANCA,PAP DANIEL ALCIDES CARRIÃ N,OPERATIVO,08:45 a 16:45,Jorge Chavez S/N Plaza Principal,2022
PASCO,OXAPAMPA,OXAPAMPA,PAP OXAPAMPA,OPERATIVO,08:45 a 16:45,Huancabamba S/N Mz. 162 Estadio Municipal Oxapampa,2022
SAN MARTIN,TOCACHE,UCHIZA,AG UCHIZA,OPERATIVO,08:45 a 16:45,Atahualpa NÃ¸ 920,2022
PASCO,OXAPAMPA,PALCAZÃ©,AG PALCAZU,OPERATIVO,08:45 a 16:45,Juan Santos Atahualpa Mz. U Lt. 01,2022
SAN MARTIN,TOCACHE,TOCACHE,PAP TOCACHE,OPERATIVO,08:45 a 16:45,San Juan Cdra 7 S/N Centro CÂ¡vico,2022
HUANUCO,HUANUCO,CHINCHAO,ORA ACOMAYO,OPERATIVO,08:45 a 16:30,Iguarizo S/N Mz. 6 Lt. 02,2022
SAN MARTIN,TOCACHE,TOCACHE,ORA HOSPITAL DE TOCACHE,OPERATIVO,08:45 a 16:30,Ricardo Palma NÃ¸ 550,2022
HUANUCO,HUANUCO,SANTA MARIA DEL VALLE,ORA SANTA MARIA DEL VALLE,OPERATIVO,08:45 a 16:30,Libertad  S/N IntersecciÂ¢n Carretera Central ,2022
HUANUCO,HUANUCO ,AMARILIS ,ORA CARLOS SHOWING FERRARI,OPERATIVO,08:45 a 16:30,Micaela Bastidas S/N Paucarbamba ,2022
PASCO,OXAPAMPA,OXAPAMPA,ORA HOSPITAL ERNESTO GERMAN GUZMAN GONZALES,OPERATIVO,08:45 a 16:30,Eduardo Loechle S/N - Chontabamba,2022
HUANUCO,HUANUCO,HUANUCO,MAC - HUANUCO,OPERATIVO,08:30 a 16:30,"Independencia NÃ¸ 1601, Centro Comercial Real Plaza, Primer Piso",2022
AMAZONAS,CHACHAPOYAS,CHACHAPOYAS,OR CHACHAPOYAS,OPERATIVO,08:45 a 16:45,Triunfo NÂ§ 903 1Ã¸ Piso,2022
AMAZONAS,BAGUA,BAGUA,PAP BAGUA,OPERATIVO,08:45 a 16:45,Los Cedros NÂ§ 263,2022
AMAZONAS,BONGARA,JAZAN,AG BONGARA,OPERATIVO,08:45 a 16:45,Marginal  NÂ§ 100 -Pedro RuÂ¡z,2022
AMAZONAS,LUYA ,LAMUD,AG LUYA,OPERATIVO,08:45 a 16:45,Garcilazo de la Vega NÃ¸ 328,2022
AMAZONAS,RODRIGUEZ DE MENDOZA,SAN NICOLÂµS,AG RODRIGUEZ DE MENDOZA,OPERATIVO,08:45 a 16:45,Victor Mori NÃ¸ 204,2022
AMAZONAS,CONDORCANQUI,NIEVA,PAP CONDORCANQUI,OPERATIVO,08:45 a 16:45,Gonzalo puerta S/N,2022
AMAZONAS,UTCUBAMBA,BAGUA GRANDE,PAP UTCUBAMBA,OPERATIVO,08:45 a 16:45,SimÂ¢n Bolivar NÃ¸ 545,2022
CAJAMARCA,JAEN,JAEN,OR JAEN,OPERATIVO,08:45 a 16:45,Mariscal Ureta NÂ§ 915,2022
CAJAMARCA,SAN IGNACIO,SAN IGNACIO,PAP SAN IGNACIO,OPERATIVO,08:45 a 16:45,Santo Domingo NÂ§ 169,2022
AMAZONAS,BAGUA,IMAZA,OR IMAZA,OPERATIVO,08:45 a 16:45,Awajun S/N Plaza de Armas,2022
AMAZONAS,CHACHAPOYAS,CHACHAPOYAS,ORA HOSPITAL REGIONAL VIRGEN DE FATIMA,OPERATIVO,08:45 a 16:30,Daniel Alcides CarriÂ¢n NÃ¸ 035,2022
AMAZONAS,BAGUA,BAGUA,ORA HOSPITAL DE APOYO GUSTAVO LANATTA LUJAN,OPERATIVO,08:45 a 16:45,Hâ€šroes de Cenepa NÃ¸980,2022
CAJAMARCA,JAEN,JAEN,ORA HOSPITAL GENERAL DE JAEN,OPERATIVO,08:45 a 16:30,Huamantanga s/n,2022
AMAZONAS,BAGUA,IMAZA,ORA CHIRIACO,OPERATIVO,08:45 a 17:45,Junin S/N,2022
AMAZONAS,UTCUBAMBA,BAGUA GRANDE,ORA HOSPITAL DE APOYO SANTIAGO APOSTOL DE UTCUBAMBA,OPERATIVO,08:45 a 16:30,San Felipe Santiago NÃ¸111,2022
CAJAMARCA,SAN IGNACIO,SAN IGNACIO,ORA SAN IGNACIO,OPERATIVO,08:45 a 16:30,"Abelardo QuiÂ¤ones S/N, Sector Santiago",2022
AMAZONAS,BONGARA,FLORIDA,ORA POMACOCHAS,OPERATIVO,08:45 a 16:30,Pomacochas S/NÃ¿,2022
CAJAMARCA,JAEN,PUCARA,PAP PUCARA,OPERATIVO,08:45 a 16:45,Lindo 548,2022
AMAZONAS,CONDORCANQUI,NIEVA,ORA SANTA MARIA DE NIEVA,OPERATIVO,08:45 a 17:45,"Javier Pâ€šrez de Cuellar S/N 
Mz. N Lt. 03 Asent.Humano Hâ€šctor Peas Tsegkuan",2022
AMAZONAS,UTCUBAMBA,LONYA GRANDE,ORA LONYA GRANDE,OPERATIVO,08:45 a 16:45,Alto Amazonas 340,2022
AMAZONAS,CONDORCANQUI,RIO SANTIAGO,ORA GALILEA,OPERATIVO,08:45 a 17:45,La Amistad S/N,2022
LAMBAYEQUE,CHICLAYO,CHICLAYO,ORA HOSPITAL REGIONAL DOCENTE LAS MERCEDES,OPERATIVO,08:45 a 16:30,Luis Gonzáles  Nº 635,2022
LAMBAYEQUE,CHICLAYO,CHICLAYO,ORA HOSPITAL ALMANZOR AGUINAGA ASENJO,OPERATIVO,08:45 a 16:30,Plaza de la Seguridad Social S/N,2022
PIURA,SULLANA,SULLANA,ORA HOSPITAL DE APOYO II-SULLANA,OPERATIVO,08:45 a 16:30,Santa Rosa S/N,2022
CAJAMARCA,CUTERVO,CUTERVO,PAP CUTERVO,OPERATIVO,08:45 a 16:30,Comercio N° 1103 Mz. 203 Lt. 14-Urb. Los Jardines ,2022
CAJAMARCA,CHOTA,CHOTA,AG CHOTA,OPERATIVO,08:45 a 16:45,30 de Agosto N° 848,2022
CAJAMARCA,SANTA CRUZ,SANTA CRUZ,PAP SANTA CRUZ,OPERATIVO,08:45 a 16:30,Domingo Negrón Nº 399,2022
LAMBAYEQUE,CHICLAYO,JOSE LEONARDO ORTIZ,OR JOSÉ LEONARDO ORTIZ,OPERATIVO,08:45 a 16:45,Cacique Cinto Nº 317 Urb. Latina,2022
PIURA,AYABACA,FRÍAS,OR FRIAS,OPERATIVO,08:45 a 16:45,Lima Nº 235 - 2do piso,2022
LAMBAYEQUE,CHICLAYO,CHICLAYO,OR CHICLAYO,OPERATIVO,08:45 a 16:45,Balta N° 680 y esquina con Av. Elias Aguirre,2022
LAMBAYEQUE,FERREÑAFE,FERREÑAFE,PAP FERREÑAFE,OPERATIVO,08:45 a 16:30,Tres Marías Nº 717 – B,2022
LAMBAYEQUE,LAMBAYEQUE,LAMBAYEQUE,PAP LAMBAYEQUE,OPERATIVO,08:45 a 16:30,Huamachuco N° 342,2022
CAJAMARCA,CUTERVO,CUTERVO,ORA SANTA MARIA DE CUTERVO,OPERATIVO,08:45 a 16:30,Ica S/N,2022
CAJAMARCA,CHOTA,CHOTA,ORA HOSPITAL DE APOYO CHOTA - JOSE SOTO CADENILLAS,OPERATIVO,08:45 a 16:30,Ezequiel Montoya Nª 718,2022
PIURA,PIURA,PIURA,OR PIURA,OPERATIVO,08:45 a 16:45,Libertad Nº 568,2022
PIURA,AYABACA,AYABACA,PAP AYABACA,OPERATIVO,08:45 a 16:30,Bolognesi N° 181,2022
PIURA,HUANCABAMBA,HUANCABAMBA,PAP HUANCABAMBA,OPERATIVO,08:45 a 16:30,Complejo Terminal Terrestre S/N - Stand 14,2022
PIURA,MORROPON,CHULUCANAS,AG CHULUCANAS,OPERATIVO,08:45 a 16:45,Jr. Cuzco N° 300,2022
PIURA,PAITA,PAITA,PAP PAITA,OPERATIVO,08:45 a 16:30,San Martin S/N Plaza de Armas - Municipalidad de Paita,2022
PIURA,SULLANA,SULLANA,OR SULLANA,OPERATIVO,08:45 a 16:45,Leoncio Prado Nº 517 ,2022
PIURA,TALARA,PARIÑAS,AG TALARA,OPERATIVO,08:45 a 16:45,Mártires Petroleros B-3 Conjunto Habitacional - Talara,2022
PIURA,SECHURA,SECHURA,PAP SECHURA,OPERATIVO,08:45 a 16:30,Dos de Mayo Nº 618 - Plaza de Armas - Municipalidad de Sechura,2022
PIURA,PIURA,TAMBO GRANDE,PAP TAMBOGRANDE,OPERATIVO,08:45 a 16:30,Salitral Nº 241,2022
PIURA,PIURA,PIURA,MAC - PIURA,OPERATIVO,08:30 a 16:30,Sanchez Cerro con Wiesse Centro Comercial Real Plaza,2022
PIURA,PAITA,PAITA,ORA HOSPITAL LAS MERCEDES-PAITA,OPERATIVO,08:45 a 16:30,Zona Industrial Sector II Mz. H Lt. 1 Jr. Los Pescadores S/N ,2022
TUMBES,TUMBES,TUMBES,OR TUMBES,OPERATIVO,08:45 a 16:45,Tumbes Nº 550,2022
TUMBES,CONTRALMIRANTE VILLAR,ZORRITOS,PANP CONTRALMIRANTE VILLAR - ZORRITOS,DESPLAZAMIENTO,08:45 a 16:30,Grau Nº 305,2022
TUMBES,ZARUMILLA,ZARUMILLA,PAP ZARUMILLA,OPERATIVO,08:45 a 16:30,El Ejérrcito Nº 105 - Interior Biblioteca Municipal,2022
LAMBAYEQUE,LAMBAYEQUE,OLMOS,PANP OLMOS,DESPLAZAMIENTO,08:45 a 16:30,A. B. Leguía  / Calle Alfonso Ugarte,2022
PIURA,PIURA,TAMBO GRANDE,ORA TAMBO GRANDE,OPERATIVO,08:45 a 16:30,"Froilan Alama,, AA.HH.Froilan Alama",2022
LAMBAYEQUE,LAMBAYEQUE,LAMBAYEQUE,ORA HOSPITAL PROVINCIAL DOCENTE BELEN-LAMBAYEQUE,OPERATIVO,08:45 a 16:30,Ramón Castilla Nº 597,2022
TUMBES,TUMBES,TUMBES,ORA HOSPITAL REGIONAL JOSE ALFREDO MENDOZA OLAVARRIA JAMO II-2,OPERATIVO,08:45 a 16:30,24 de Julio Nº 565 ,2022
LA LIBERTAD,TRUJILLO,TRUJILLO,ORA REGIONAL DOCENTE DE TRUJILLO,OPERATIVO,08:45 a 16:30,Mansiche Nº 795,2022
CAJAMARCA,CAJAMARCA,CAJAMARCA,ORA REGIONAL CAJAMARCA,OPERATIVO,08:45 a 16:30,Larry Jhonson S/N Cdra. 8,2022
LA LIBERTAD,TRUJILLO,TRUJILLO,ORA HOSPITAL BELEN DE TRUJILLO,OPERATIVO,08:45 a 16:30,Bolívar Nº 350,2022
CAJAMARCA,CAJAMARCA,CAJAMARCA,OR CAJAMARCA,OPERATIVO,08:45 a 16:45,Del Comercio Nº 633,2022
CAJAMARCA,CAJABAMBA,CAJABAMBA,PAP CAJABAMBA,OPERATIVO,08:45 a 16:30,Miguel Grau Nº 224-226-228 Mz. 31 Lt. 2 ,2022
CAJAMARCA,CELENDIN,CELENDÍN,PAP CELENDIN,OPERATIVO,08:45 a 16:30,Pardo N° 610,2022
CAJAMARCA,CONTUMAZA,CONTUMAZÁ,PAP CONTUMAZA,OPERATIVO,08:45 a 16:30,Miguel Grau Nº 212,2022
CAJAMARCA,HUALGAYOC,BAMBAMARCA,PAP HUALGAYOC,OPERATIVO,08:45 a 16:30,07 de Junio Nº 470,2022
CAJAMARCA,SAN MIGUEL,SAN MIGUEL,PAP SAN MIGUEL,OPERATIVO,08:45 a 16:30,Bolognesi N° 364,2022
CAJAMARCA,SAN MARCOS,PEDRO GÁLVEZ,PAP SAN MARCOS,OPERATIVO,08:45 a 16:30,Jr. Alfonso Ugarte N° 325 (Mz. 46 Lt. 17 Centro Poblado San Marcos).,2022
CAJAMARCA,SAN PABLO,SAN PABLO,PAP SAN PABLO,OPERATIVO,08:45 a 16:30,Plaza de Armas S/N,2022
LA LIBERTAD,TRUJILLO,VICTOR LARCO HERRERA,OR TRUJILLO II,OPERATIVO,08:45 a 16:45,"Víctor Larco N° 1096. Unidad 01, Local Comercial 01, Mz.05, Lte.01 AA.HH. Vista Alegre.",2022
LA LIBERTAD,PATAZ,PARCOY,OR PARCOY,OPERATIVO,08:45 a 16:45,San Martín N° 859,2022
LA LIBERTAD,TRUJILLO,TRUJILLO,OR TRUJILLO I,OPERATIVO,08:45 a 16:45,Pablo Casals Mz. A Lt. 6 Urb. Los Cedros,2022
LA LIBERTAD,BOLIVAR,BOLÍVAR,PAP BOLIVAR,OPERATIVO,08:45 a 16:30,Bolivar S/N - Mz. 20 Lt. 8,2022
LA LIBERTAD,SANCHEZ CARRION,HUAMACHUCO,AG SANCHEZ CARRION,OPERATIVO,08:45 a 16:45,Alfonso Ugarte N° 567,2022
LA LIBERTAD,OTUZCO,OTUZCO,AG OTUZCO,OPERATIVO,08:45 a 16:45,Pasaje Elías Armas Castillo Lt. 5-E1 Mz. 28,2022
LA LIBERTAD,PACASMAYO,SAN PEDRO DE LLOC,AG PACASMAYO,OPERATIVO,08:45 a 16:45,Alianza Nº 524,2022
LA LIBERTAD,PATAZ,TAYABAMBA,PAP PATAZ,OPERATIVO,08:45 a 16:30,Sucre 337 1er Piso Centro Civico,2022
LA LIBERTAD,SANTIAGO DE CHUCO,SANTIAGO DE CHUCO,PAP SANTIAGO DE CHUCO,OPERATIVO,08:45 a 16:30,Luis de La Puente Uceda  Nº 1120,2022
LA LIBERTAD,ASCOPE,ASCOPE,PAP ASCOPE,OPERATIVO,08:45 a 16:30,"Miguel Grau N° 879, Centro Poblado Ascope Mz. 33. Lt. 10 - 1er Piso",2022
LA LIBERTAD,CHEPEN,CHEPÉN,PAP CHEPEN,OPERATIVO,08:45 a 16:30,Calle San Pedro N° 610. Centro Poblado Chepén Sector V Mz. 130 Lt. 03,2022
LA LIBERTAD,JULCAN,JULCÁN,PAP JULCAN,OPERATIVO,08:45 a 16:30,28 de Julio Nº 201 Centro Civico - Julcán,2022
LA LIBERTAD,VIRU,VIRU,PAP VIRU,OPERATIVO,08:45 a 16:30, Mz. A Lt. N° 08 Urb. Las Palmeras,2022
CAJAMARCA,HUALGAYOC,BAMBAMARCA,ORA BAMBAMARCA - TITO VILLAR CABEZAS,OPERATIVO,08:45 a 16:30,Av. Ricardo Palma Nº 689,2022
CAJAMARCA,CELENDIN,CELENDÍN,ORA DE APOYO CELENDIN,OPERATIVO,08:45 a 16:30,Túpac Amaru Cdra. 4,2022
CAJAMARCA,CAJABAMBA,CAJABAMBA,ORA HOSPITAL NUESTRA SEÑORA DEL ROSARIO,OPERATIVO,08:45 a 16:30,La Torre N° 277,2022
CAJAMARCA,SAN MARCOS,PEDRO GÁLVEZ,ORA SAN MARCOS,OPERATIVO,08:45 a 16:30,Av. 28 de Julio S/N Cdra.2,2022
LA LIBERTAD,TRUJILLO,EL PORVENIR,OR EL PORVENIR,OPERATIVO,08:45 a 16:45,Gabriel Aguilar Nº 1657. 2do piso.,2022
LA LIBERTAD,TRUJILLO,EL PORVENIR,OR ALTO TRUJILLO,OPERATIVO,08:45 a 16:45,Centro Poblado Alto Trujillo-Barrio 3 Mz T Lt. 2,2022
CAJAMARCA,CAJAMARCA,CAJAMARCA,ORA SIMON BOLIVAR,OPERATIVO,08:45 a 16:30,Mario Urteaga N° 500,2022
LA LIBERTAD,PACASMAYO,GUADALUPE,ORA DE APOYO TOMÁS LAFORA,OPERATIVO,08:45 a 16:30,La Victoria S/N,2022
CAJAMARCA,CAJAMARCA,LOS BAÑOS DEL INCA,ORA BAÑOS DEL INCA,OPERATIVO,08:45 a 16:30,Pachacútec N° 489,2022
LA LIBERTAD,TRUJILLO,LA ESPERANZA,ORA DISTRITAL JERUSALEN,OPERATIVO,08:45 a 16:30,1 Barrio 3 Mz. 20 Lt. 02 Sector Jerusalén,2022
LA LIBERTAD,PATAZ,CHILLIA,AG CHILLIA,OPERATIVO,08:45 a 16:45,Miraflores S/N,2022
LA LIBERTAD,SANTIAGO DE CHUCO,SANTIAGO DE CHUCO,ORA DE APOYO CESAR ABRAHAM VALLEJO MENDOZA,OPERATIVO,08:45 a 16:30,Gustavo Pinillo S/N - Barrio San Cristobal,2022
LA LIBERTAD,CHEPEN,CHEPEN,ORA DE APOYO CHEPEN,OPERATIVO,08:45 a 16:30,28 de Julio S/N,2022
LA LIBERTAD,SANCHEZ CARRION,HUAMACHUCO,ORA DE APOYO LEONCIO PRADO,OPERATIVO,08:45 a 16:30,10 de Julio N° 209,2022
LA LIBERTAD,OTUZCO,OTUZCO,ORA DE APOYO OTUZCO ELPIDIO BEROVIDES PEREZ,OPERATIVO,08:45 a 16:30,Progreso N° 385,2022
LA LIBERTAD,ASCOPE,PAIJAN,ORA PAIJAN,OPERATIVO,08:45 a 16:30,Vía Panamericana S/N ,2022
CAJAMARCA,CONTUMAZA,CHILETE,PANP CHILETE,OPERATIVO,08:45 a 16:30,Arequipa N° 330,2022
CAJAMARCA,CAJAMARCA,CAJAMARCA,MAC - CAJAMARCA,OPERATIVO,08:30 a 16:30,Via De Evitamiento. Jr. El Mutuy y Av. La Cantuta - Cajamarca - Centro Comercial Real Plaza 2do. Piso,2022
SAN MARTIN,SAN MARTIN,TARAPOTO,ORA HOSPITAL TARAPOTO,OPERATIVO,08:45 a 16:30,Angel Delgado Morey Nº 503,2022
LORETO,DATEM DEL MARAÑON,BARRANCA,PAP DATEM DEL MARAÑON,OPERATIVO,08:45 a 16:30,Tigre Mz. 31 Lt. 08 - San Lorenzo,2022
SAN MARTIN,RIOJA,NUEVA CAJAMARCA,AG NUEVA CAJAMARCA,OPERATIVO,08:45 a 16:45, Fernando Belaunde Terry Altura del Km. 447.50 ,2022
LORETO,ALTO AMAZONAS,YURIMAGUAS,AG ALTO AMAZONAS,OPERATIVO,08:45 a 16:45,Mariscal Castilla N° 411,2022
SAN MARTIN,MOYOBAMBA ,MOYOBAMBA,ORA HOSPITAL MOYOBAMBA,OPERATIVO,08:45 a 16:30,Grau cuadra 4,2022
SAN MARTIN,MOYOBAMBA ,MOYOBAMBA,AG MOYOBAMBA,OPERATIVO,08:45 a 16:45,Dos de Mayo Mz. 1530 Lt. 14 (837),2022
SAN MARTIN,HUALLAGA,SAPOSOA,AG HUALLAGA,OPERATIVO,08:45 a 16:45,Lima N° 591,2022
SAN MARTIN,LAMAS,LAMAS,AG LAMAS,OPERATIVO,08:45 a 16:45,San Martín N° 984,2022
SAN MARTIN,MARISCAL CACERES,JUANJUI,AG MARISCAL CACERES,OPERATIVO,08:45 a 16:45,Eduardo Peña Meza N° 772 ,2022
SAN MARTIN,RIOJA,RIOJA,OR RIOJA,OPERATIVO,08:45 a 16:45,Angaiza N° 530,2022
SAN MARTIN,SAN MARTIN ,TARAPOTO,OR TARAPOTO,OPERATIVO,08:45 a 16:45,Jiménez Pimentel N° 280 ,2022
SAN MARTIN,BELLAVISTA,BELLAVISTA,AG BELLAVISTA,OPERATIVO,08:45 a 16:45,Huallaga - Iquitos Mz. 7 Lt. 27 - A.  1er. Piso,2022
SAN MARTIN,PICOTA,PICOTA,AG PICOTA,OPERATIVO,08:45 a 16:45,"Simón Bolívar, cuadra 4",2022
SAN MARTIN,EL DORADO ,SAN JOSE DE SISA,AG EL DORADO,OPERATIVO,08:45 a 16:45,Comercio N° 610,2022
LORETO,DATEM DEL MARAÑON,BARRANCA,ORA SAN LORENZO - NUCLEO BASE,OPERATIVO,08:45 a 16:30,Daniel Alcides Carrión S/N - Barrio Huacachina,2022
SAN MARTIN,SAN MARTIN ,LA BANDA DE SHILCAYO,AG LA BANDA DE SHILCAYO,OPERATIVO,08:45 a 16:45,Yurimaguas N° 340,2022
SAN MARTIN,MARISCAL CACERES,JUANJUI,ORA HOSPITAL JUANJUI,OPERATIVO,08:45 a 16:30,Arica N° 205,2022
SAN MARTIN,RIOJA,RIOJA,ORA HOSPITAL DE RIOJA,OPERATIVO,08:45 a 16:30,Túpac Amaru S/N,2022
LORETO,ALTO AMAZONAS,LAGUNAS,AG LAGUNAS,OPERATIVO,08:45 a 16:45,CALLE FITZCARRALD C-9,2022
LORETO,ALTO AMAZONAS,YURIMAGUAS,HOSPITAL SANTA GEMA YURIMAGUAS,OPERATIVO,08:45 a 16:30,JR PROGRESO 305 - 307,2022
LORETO,MAYNAS,PUNCHANA,"ORA HOSPITAL REGIONAL DE LORETO ""FELIPE ARRIOLA IGLESIAS""",OPERATIVO,08:45 a 16:30,28 de Julio S/N,2022
LORETO,MAYNAS,IQUITOS,"ORA HOSPITAL IQUITOS ""CESAR GARAYAR GARCIA""",OPERATIVO,08:45 a 16:30,Libertad cuadra 4,2022
LORETO,MAYNAS,BELÉN,OR BELEN,OPERATIVO,08:45 a 16:45,Miraflores S/N P. J. 09 de Octubre,2022
LORETO,MAYNAS,TENIENTE MANUEL CLAVERO,PAP SOPLIN VARGAS,OPERATIVO,08:45 a 16:30,Plaza de Armas S/N 28 de Julio,2022
LORETO,MAYNAS,IQUITOS,OR IQUITOS,OPERATIVO,08:45 a 16:45,Próspero Nº 201,2022
LORETO,LORETO,NAUTA,PAP NAUTA,OPERATIVO,08:45 a 16:30,Grau Nº 305 Centro,2022
LORETO,REQUENA,REQUENA,PAP REQUENA,OPERATIVO,08:45 a 16:30,San Antonio S/N Anexo Hotel Municipal,2022
LORETO,MARISCAL RAMON CASTILLA,RAMON CASTILLA,PAP MARISCAL RAMON CASTILLA - CABALLOCOCHA,OPERATIVO,08:45 a 16:30,Ayacucho Mz. 22 Lt. 4 C con Amazonas S/N - Local Municipal,2022
LORETO,MAYNAS,SAN JUAN BAUTISTA,OR SAN JUAN BAUTISTA,OPERATIVO,08:45 a 16:45,Abelardo Quiñones Nº 2371 Km. 2.5 ,2022
LORETO,MARISCAL RAMON CASTILLA,YAVARI,PAP YAVARI,OPERATIVO,08:45 a 16:30,Dos de Julio S/N Local Municipal,2022
LORETO,MAYNAS,PUTUMAYO,PAP PUTUMAYO,OPERATIVO,08:45 a 16:30,LOCAL MUNICIPAL,2022
LORETO,MAYNAS,PUNCHANA,PAP PUNCHANA,OPERATIVO,08:45 a 16:30,"Trujillo esquina con Calle Cusco, cuadra 5",2022
LORETO,REQUENA,REQUENA,ORA REQUENA,OPERATIVO,08:45 a 16:30,Mártires del Petroléo S/N - Malecon Grau,2022
LORETO,MARISCAL RAMON CASTILLA,RAMON CASTILLA,ORA CABALLOCOCHA,OPERATIVO,08:45 a 16:30,Progreso N° 425,2022
LORETO,MAYNAS,PUNCHANA,MAC - LORETO,OPERATIVO,08:30 a 16:30,La Marina Nº  1338,2022
ANCASH,SANTA,CHIMBOTE,OR SANTA,OPERATIVO,08:45 a 16:45,Jr. Enrique Palacios Nº 504-506 esquina con Jr. Ladislao Espinar Nº 401,2022
ANCASH,SANTA,NUEVO CHIMBOTE,AG NUEVO CHIMBOTE,OPERATIVO,08:45 a 16:45,Mz. 74-75 Lt. 1 del Centro Cívico de la Municipalidad Distrital de Nuevo Chimbote ,2022
ANCASH,HUARAZ,HUARAZ,AG HUARAZ,OPERATIVO,08:45 a 16:45,"José Larrea y Laredo N° 764,Mz. ""C"" Lote 6, Zona Central y Comercial - Huaraz",2022
ANCASH,HUAYLAS,CARAZ,AG HUAYLAS,OPERATIVO,08:45 a 16:45,Jr. Raimondi N° 215 - Caraz,2022
ANCASH,HUARI,HUARI,AG HUARI,OPERATIVO,08:45 a 16:45,Libertad Mz P2 Lote 003,2022
ANCASH,POMABAMBA,POMABAMBA,AG POMABAMBA,OPERATIVO,08:45 a 16:45,Huaraz No. 691 - Pomabamba,2022
ANCASH,SIHUAS,SIHUAS,AG SIHUAS,OPERATIVO,08:45 a 16:45,Señor de los Milagros Nº 211  Pueblo Pingullo,2022
ANCASH,PALLASCA,PAMPAS,AG PAMPAS,OPERATIVO,08:45 a 16:45,Plaza de Armas S/N - Municipalidad Distrital de Pampas - 1er piso,2022
ANCASH,CASMA,CASMA,PAP CASMA,OPERATIVO,08:45 a 16:30,"Lote 13, Manzana C,  Zona Centro Civico, Pasaje Hijuela ",2022
ANCASH,HUARMEY,HUARMEY,PAP HUARMEY,OPERATIVO,08:45 a 16:30,1er. Pabellón de Centro Civico S/N - Huarmey,2022
ANCASH,RECUAY,RECUAY,PAP RECUAY,OPERATIVO,08:45 a 16:30,Plaza de Armas Nº 180 Municipalidad Distrital de Recuay,2022
ANCASH,CARHUAZ,CARHUAZ,PAP CARHUAZ,OPERATIVO,08:45 a 16:30,"La Merced Nº 1006  con Jirón Brasil Lote 7 de la Manzana  P1, Sector Independencia",2022
ANCASH,YUNGAY,YUNGAY,PAP YUNGAY,OPERATIVO,08:45 a 16:30,Av. Arias Grazziani Lt 1-2 Centro Civico Municipalidad Provincial Yungay,2022
ANCASH,CARLOS FERMIN FITZCARRALD,SAN LUÍS,PAP CARLOS FERMIN FITZCARRALD,OPERATIVO,08:45 a 16:30,Ramón Castilla N° 320 - 1er. piso Centro Civico de la Municipalidad Provincial de Carlos Fermin Fitscarrald,2022
ANCASH,MARISCAL LUZURIAGA,PISCOBAMBA,PAP MARISCAL LUZURIAGA,OPERATIVO,08:45 a 16:30,San Pablo S/N - Plaza de Armas de Piscobamba,2022
ANCASH,SANTA,CHIMBOTE,ORA LA CALETA (Chimbote),OPERATIVO,08:45 a 16:30,Malecon Grau S/N La Caleta,2022
ANCASH,SANTA,CHIMBOTE,ORA HOSPITAL ESSALUD III CHIMBOTE,OPERATIVO,08:45 a 16:30,Circunvalación Nº 119 Urb. Laderas del Norte,2022
ANCASH,SANTA,NUEVO CHIMBOTE,ORA ELEAZAR GUZMAN BARRÓN (Nuevo Chimbote),OPERATIVO,08:45 a 16:30,Brasil S/N Urb. Santa Cristina,2022
ANCASH,HUARAZ,HUARAZ,ORA VICTOR RAMOS GUARDIA (Huaraz),OPERATIVO,08:45 a 16:30,Mariscal Luzuriaga S/N Cdra 01 intercepción con Jr. Pedro Villon cdra 10,2022
ANCASH,HUAYLAS,CARAZ,ORA HOSPITAL DE APOYO CARAZ,OPERATIVO,08:45 a 16:30,9 de Octubre S/N,2022
ANCASH,HUARI,HUARI,ORA HUARI,OPERATIVO,08:45 a 16:30,Circunvalación Baja S/N,2022
ANCASH,CORONGO,CORONGO,PANP CORONGO,DESPLAZAMIENTO,08:45 a 16:30,"Jr. Grau N° 206, primer piso de la Municipalidad Provincial de Corongo",2022
ANCASH,PALLASCA,CABANA,PANP PALLASCA,DESPLAZAMIENTO,08:45 a 16:30,Plaza de Armas No. 103 (1er.Piso) Mz.A3 Lote 13,2022
ANCASH,AIJA,AIJA,PANP AIJA,DESPLAZAMIENTO,08:45 a 16:30,"Jr. Gavino Uribe S/N Plaza de Armas, 1er piso de la Municipalidad Provincial de Aija",2022
ANCASH,BOLOGNESI,CHIQUIAN,PAP BOLOGNESI,DESPLAZAMIENTO,08:45 a 16:30,Tacna N° 320 Centro Civico -Plaza de Armas - Chiquian,2022
ANCASH,YUNGAY,YANAMA,AG YANAMA,DESPLAZAMIENTO,08:45 a 16:45,Santa Rosa S/N - Plaza De Armas,2022
ANCASH,MARISCAL LUZURIAGA,LLUMPA,PAP LLUMPA,DESPLAZAMIENTO,08:45 a 16:30,Plaza de Armas S/N,2022
ANCASH,ASUNCION,CHACAS,PANP ASUNCION,DESPLAZAMIENTO,08:45 a 16:30,Atusparia S/N esquina con Jr. Lima,2022
ANCASH,HUARI,CHAVIN DE HUANTAR,PANP CHAVIN DE HUANTAR,DESPLAZAMIENTO,08:45 a 16:30,San Martín S/N Centro Cívico de la Municipalidad Distrital de Chavín de Huantar,2022
ANCASH,HUARI,SAN MARCOS,PANP SAN MARCOS ,DESPLAZAMIENTO,08:45 a 16:30,Progreso N° 332 Plaza de Armas de San Marcos,2022
HUANUCO,HUACAYBAMBA,HUACAYBAMBA,PANP HUACAYBAMBA,DESPLAZAMIENTO,08:45 a 16:30,"Av. El Ejercito S/N Barrio San Pedro, 1er piso Centro Civico de la Municipalidad Provincial de Huacaybamba",2022
ANCASH,ANTONIO RAIMONDI,LLAMELLIN,PANP ANTONIO RAIMONDI,DESPLAZAMIENTO,08:45 a 16:30,Simón Bolívar N° 229,2022
ANCASH,HUARI,UCO,PANP UCO,DESPLAZAMIENTO,08:45 a 16:30,Nicolas de Piérola S/N - Plaza de Armas,2022
JUNIN,HUANCAYO,HUANCAYO,"ORA REGIONAL DOCENTE MATERNO INFANTIL ""EL CARMEN""",OPERATIVO,08:45 a 16:30,Puno Nº 911,2022
JUNIN,SATIPO,MAZAMARI,PAP MAZAMARI,OPERATIVO,08:45 a 16:30,San Juan N° 353,2022
JUNIN,HUANCAYO,EL TAMBO,OR HUANCAYO,OPERATIVO,08:45 a 16:45,Julio Summar N° 351,2022
JUNIN,CONCEPCION,CONCEPCIÓN,PAP CONCEPCIÓN,OPERATIVO,08:45 a 16:30,Ricardo Palma S/N Mercado Modelo Interior 1 ,2022
JUNIN,JAUJA,JAUJA,PAP JAUJA,OPERATIVO,08:45 a 16:30,Sucre N° 889,2022
JUNIN,JUNIN,JUNIN,PAP JUNIN,OPERATIVO,08:45 a 16:30,Simón Bolivar N° 820,2022
JUNIN,TARMA,TARMA,AG TARMA,OPERATIVO,08:45 a 16:45,Arequipa Nº 939,2022
JUNIN,YAULI,SANTA ROSA DE SACCO,PAP YAULI,OPERATIVO,08:45 a 16:30,Miguel Grau N° 309,2022
JUNIN,SATIPO,SATIPO,PAP SATIPO,OPERATIVO,08:45 a 16:30,Micaela Bastidas y Jr. Augusto B. Leguia Centro Civico ,2022
JUNIN,CHANCHAMAYO,LA MERCED,AG CHANCHAMAYO,OPERATIVO,08:45 a 16:45,Tarma Nº 236,2022
JUNIN,CHUPACA,CHUPACA,PAP CHUPACA,OPERATIVO,08:45 a 16:30,Grau N° 195 - Centro Cívico,2022
JUNIN,CHANCHAMAYO,PICHANAQUI,PAP PICHANAQUI,OPERATIVO,08:45 a 16:30,Independencia S/N Coliseo Municipal,2022
JUNIN,TARMA,TARMA,ORA DE APOYO FELIX MAYORCA SOTO,OPERATIVO,08:45 a 16:30,Pacheco Nº 362,2022
JUNIN,JAUJA ,JAUJA ,ORA HOSPITAL DOMINGO OLAVEGOYA,OPERATIVO,08:45 a 16:30,San Martín Nº 1153 Urb. Olavegoya ,2022
JUNIN,SATIPO,SATIPO,ORA DE APOYO MANUEL HIGA ARAKAKI,OPERATIVO,08:45 a 16:30,Daniel Alcides Carrión Nº 398,2022
JUNIN,CHANCHAMAYO ,PICHANAQUI,ORA HOSPITAL DE APOYO PICHANAQUI,OPERATIVO,08:45 a 16:30,San Martín S/N Pichanaki,2022
JUNIN,HUANCAYO,HUANCAYO,ORA LA LIBERTAD,OPERATIVO,08:45 a 16:30,HUANCAS 695,2022
JUNIN,CHANCHAMAYO,LA MERCED,ORA HOSPITAL REGIONAL DOCENTE DE MEDICINA TROPICAL DR. JULIO DEMARINI CARO,OPERATIVO,08:45 a 16:30,Daniel A. Carrion S/N Av. Pampa Del Carmen S/N,2022
JUNIN,HUANCAYO,EL TAMBO,ORA HOSPITAL NACIONAL RAMIRO PRIALE,OPERATIVO,08:45 a 16:30,AV. INDEPENDENCIA Nº 266,2022
JUNIN,HUANCAYO,CHILCA,ORA CHILCA,OPERATIVO,08:45 a 16:30,HUMBOLT 900,2022
AYACUCHO,HUAMANGA,AYACUCHO,"ORA HOSPITAL REGIONAL DE AYACUCHO ""MIGUEL ANGEL MARISCAL LLERENA""",OPERATIVO,08:45 a 16:30,Av.Daniel Alcides Carrión S/N - 2da cuadra.,2022
AYACUCHO,LA MAR,AYNA,PAP AYNA -SAN FRANCISCO,OPERATIVO,08:45 a 16:30,28 de Julio S/N San Francisco,2022
APURIMAC,ANDAHUAYLAS,TALAVERA,OR ANDAHUAYLAS,OPERATIVO,08:45 a 16:45,AMAUTA N° 311,2022
AYACUCHO,HUAMANGA,AYACUCHO,OR HUAMANGA,OPERATIVO,08:45 a 16:45,"San Martin Nº 473, 475, 477 y 477A",2022
APURIMAC,CHINCHEROS,CHINCHEROS,PAP CHINCHEROS,OPERATIVO,08:45 a 16:30,COTABAMBAS N° 121,2022
CUSCO,LA CONVENCION,PICHARI,PAP PICHARI,OPERATIVO,08:45 a 16:30,BRASIL S/N,2022
AYACUCHO,HUAMANGA,JESUS NAZARENO,PAP JESUS NAZARENO,OPERATIVO,08:45 a 16:30,RICARDO PALMA N°249,2022
AYACUCHO,CANGALLO,CANGALLO,PAP CANGALLO,OPERATIVO,08:45 a 16:30,Maria Parado de Bellido Nº 205,2022
AYACUCHO,HUANTA,HUANTA,AG HUANTA,OPERATIVO,08:45 a 16:45,Ayacucho N° 313,2022
AYACUCHO,LA MAR,SAN MIGUEL,PAP LA MAR,OPERATIVO,08:45 a 16:30,Maria Parado de Bellido S/N ,2022
AYACUCHO,VICTOR FAJARDO,HUANCAPI,PAP VICTOR FAJARDO,OPERATIVO,08:45 a 16:30,Plaza Principal Nº 127,2022
AYACUCHO,HUANCA SANCOS,SANCOS,PAP HUANCASANCOS,OPERATIVO,08:45 a 16:30,Progreso S/N Consejo Provincial de Huanca Sancos,2022
AYACUCHO,VILCAS HUAMAN,VILCAS HUAMAN,PAP VILCASHUAMAN,OPERATIVO,08:45 a 16:30,Los Incas S/N - barrio Cruz Pata,2022
AYACUCHO,SUCRE,QUEROBAMBA,PAP SUCRE,OPERATIVO,08:45 a 16:30,Bolívar S/N  Plaza de Armas Consejo Provincial de Sucre,2022
AYACUCHO,HUANTA,HUANTA,"ORA HOSPITAL DE APOYO HUANTA ""DANIEL ALCIDES CARRION""",OPERATIVO,08:45 a 16:30,Mariscal Castilla Nº 628,2022
AYACUCHO,LA MAR,SAN MIGUEL,ORA SAN MIGUEL,OPERATIVO,08:45 a 16:30,Ramon Castilla s/n,2022
AYACUCHO,CANGALLO,CANGALLO,ORA HOSPITAL DE APOYO CANGALLO,OPERATIVO,08:45 a 16:30,Santa Rosa N° 110,2022
AYACUCHO,LA MAR,SAMUGARI,PAP SAMUGARI -PALMAPAMPA,OPERATIVO,08:45 a 16:30,Los Laureles S/N – Palmapampa Distrital de Samugari,2022
AYACUCHO,LA MAR,TAMBO,ORA TAMBO,OPERATIVO,08:45 a 16:30,Lima s/n,2022
AYACUCHO,HUAMANGA,JESUS NAZARENO,ORA HOSPITAL DE APOYO JESUS NAZARENO,OPERATIVO,08:45 a 16:30,Ciro Alegría Nº 547,2022
APURIMAC,ANDAHUAYLAS,ANDAHUAYLAS,ORA HOSPITAL REGIONAL DOCENTE  HUGO PESCE PESCETTO ANDAHUAYLAS ,OPERATIVO,08:45 a 16:30,HUGO PESCE PESCETO S/N,2022
APURIMAC,CHINCHEROS,CHINCHEROS,ORA HOSPITAL DE APOYO CHINCHEROS,OPERATIVO,08:45 a 16:30,Fernando Belaunde Terry S/N,2022
CUSCO,LA CONVENCION,KIMBIRI,ORA SAN JUAN DE KIMBIRI,OPERATIVO,08:45 a 16:30,Aeropuerto S/N,2022
CUSCO,LA CONVENCION,PICHARI,ORA HOSPITAL DE APOYO PICHARI,OPERATIVO,08:45 a 16:30,AMAZONAS S/N,2022
AYACUCHO,VILCAS HUAMAN,VILCAS HUAMAN,ORA VILCASHUAMAN,OPERATIVO,08:45 a 16:30,Vilcasraymi S/N,2022
AYACUCHO,CANGALLO,LOS MOROCHUCOS,ORA PAMPA CANGALLO,OPERATIVO,08:45 a 16:30,María Arguedas S/N,2022
AREQUIPA,AREQUIPA,AREQUIPA,ORA HOSPITAL REGIONAL HONORIO DELGADO ESPINOZA,OPERATIVO,08:45 a 16:30,Daniel Alcides Carrión N° 505,2022
TACNA,TACNA,TACNA,ORA TACNA,OPERATIVO,08:45 a 16:30,Blondel S/N,2022
AREQUIPA,AREQUIPA,AREQUIPA,OR AREQUIPA,OPERATIVO,08:45 a 16:45,San Juan de Dios N° 122 y Santo Domingo N° 101,2022
AREQUIPA,CAYLLOMA,CHIVAY,PAP CAYLLOMA,OPERATIVO,08:45 a 16:30,Siglo XX S/N,2022
AREQUIPA,CAMANA,CAMANA,AG CAMANA,OPERATIVO,08:45 a 16:45,Mariscal Castilla N° 221,2022
AREQUIPA,CARAVELI,CARAVELÍ,PAP CARAVELI,OPERATIVO,08:45 a 16:30,Bolivar S/N,2022
AREQUIPA,CASTILLA,APLAO,PAP CASTILLA,OPERATIVO,08:45 a 16:30,Progreso S/N,2022
AREQUIPA,CONDESUYOS,CHUQUIBAMBA,PAP CONDESUYOS,OPERATIVO,08:45 a 16:30,Alameda S/N - Los Tres Errantes,2022
AREQUIPA,ISLAY,MOLLENDO,AG ISLAY,OPERATIVO,08:45 a 16:45,Arequipa Nº 261 ,2022
AREQUIPA,LA UNION,COTAHUASI,PAP LA UNION,OPERATIVO,08:45 a 16:30,Centenario N° 202 - Cotahuasi,2022
MOQUEGUA,MARISCAL NIETO,MOQUEGUA,ORA HOSPITAL REGIONAL MOQUEGUA,OPERATIVO,08:45 a 16:30,Simón Bolívar N° 505,2022
MOQUEGUA,MARISCAL NIETO,MOQUEGUA,AG MARISCAL NIETO,OPERATIVO,08:45 a 16:45,Lima Nº 676,2022
MOQUEGUA,ILO,ILO,AG ILO,OPERATIVO,08:45 a 16:45,Ayacucho N° 529,2022
AREQUIPA,CAYLLOMA,MAJES,AG MAJES,OPERATIVO,08:45 a 16:45,Arequipa S/N - Tienda 06 del Estadio Almirante Miguel Grau - Pedregal,2022
AREQUIPA,AREQUIPA,CAYMA,AG CAYMA,OPERATIVO,08:45 a 16:45,Ramón Castilla S/N - Estadio La Tomilla,2022
TACNA,TACNA,TACNA,AG TACNA,OPERATIVO,08:45 a 16:45,Deustua Nº 173,2022
AREQUIPA,AREQUIPA,AREQUIPA,ORA HOSPITAL III GOYENECHE,OPERATIVO,08:45 a 16:30,Goyeche N° 100,2022
AREQUIPA,CAMANA,CAMANA,ORA HOSPITAL DE CAMANA,OPERATIVO,08:45 a 16:30,Lima 550,2022
AREQUIPA,AREQUIPA,PAUCARPATA,MAC - AREQUIPA,OPERATIVO,08:30 a 16:30,Porongoche N° 500 Paucarpata - Centro Comercial Mall Aventura ,2022
AREQUIPA,CAYLLOMA,MAJES,ORA HOSPITAL CENTRAL DE MAJES- ANGEL GABRIEL CHURA GALLEGOS,OPERATIVO,08:45 a 16:30,Asentamiento B1 lote 1 Irrig. Majes,2022
CUSCO,CUSCO,SANTIAGO,ORA ANTONIO LORENA DEL CUSCO,OPERATIVO,08:45 a 16:30,Carlos Ugarte S/N Urb. Primavera Cuartel Agustín Gamarra,2022
CUSCO,CUSCO,WANCHAQ,ORA HOSPITAL NACIONAL ADOLFO GUEVARA VELASCO,OPERATIVO,08:45 a 16:30,Micaela Bastidas S/N,2022
APURIMAC,ABANCAY,ABANCAY,OR ABANCAY,OPERATIVO,08:45 a 16:45,La Victoria Nº 214,2022
APURIMAC,AYMARAES,CHALHUANCA,PANP AYMARAES,DESPLAZAMIENTO,08:45 a 16:30,Plaza de Armas S/N (Gobernatura De Chalhuanca),2022
APURIMAC,ANTABAMBA,ANTABAMBA,PANP ANTABAMBA,DESPLAZAMIENTO,08:45 a 16:30,Plaza de Armas S / N,2022
APURIMAC,COTABAMBAS,TAMBOBAMBA,PAP TAMBOBAMBA,OPERATIVO,08:45 a 16:30,Plaza de Armas S/N - 3er Piso,2022
APURIMAC,GRAU,CHUQUIBAMBILLA,PANP GRAU,DESPLAZAMIENTO,08:45 a 16:30,Plaza de Armas S / N,2022
CUSCO,CUSCO,CUSCO,OR CUSCO,OPERATIVO,08:45 a 16:45,El Sol N° 272,2022
CUSCO,ACOMAYO,ACOMAYO,PANP ACOMAYO,DESPLAZAMIENTO,08:45 a 16:30,Plaza de Armas S/N,2022
CUSCO,ANTA,ANTA ,PAP ANTA,OPERATIVO,08:45 a 16:30,"Jaquijahuana  S / N, Izcuchaca",2022
CUSCO,CALCA,CALCA,AG CALCA,OPERATIVO,08:45 a 16:45,Plaza de Armas S/N,2022
CUSCO,CANAS,YANAOCA,PAP CANAS,OPERATIVO,08:45 a 16:30,Plaza de Armas S/N,2022
CUSCO,CANCHIS,SICUANI,AG CANCHIS,OPERATIVO,08:45 a 16:45,Túpac Amaru N° 163,2022
CUSCO,CHUMBIVILCAS,SANTO TOMAS,PAP CHUMBIVILCAS,OPERATIVO,08:45 a 16:30,Perú S / N (Ruedo de Toros),2022
CUSCO,ESPINAR,ESPINAR,PAP ESPINAR,OPERATIVO,08:45 a 16:30,Teatro S/N  ,2022
CUSCO,LA CONVENCION,SANTA ANA,AG LA CONVENCION,OPERATIVO,08:45 a 16:45,Grau Nº 238,2022
CUSCO,PARURO,PARURO,PANP PARURO,DESPLAZAMIENTO,08:45 a 16:30,Plaza de Armas S/N,2022
CUSCO,PAUCARTAMBO,PAUCARTAMBO,PAP PAUCARTAMBO - JR9,OPERATIVO,08:45 a 16:30,Enrique Yabar S/N,2022
CUSCO,QUISPICANCHI,URCOS,PAP QUISPICANCHI,OPERATIVO,08:45 a 16:30,Huáscar N° 181,2022
CUSCO,URUBAMBA,URUBAMBA,PAP URUBAMBA,OPERATIVO,08:45 a 16:30,Conchatupa S/N,2022
MADRE DE DIOS,TAHUAMANU,IBERIA,AG IBERIA,OPERATIVO,08:45 a 16:45,Máximo Rodríguez N° 124 Plaza de Armas,2022
APURIMAC,ABANCAY,ABANCAY,ORA HOSPITAL REGIONAL GUILLERMO DIAZ DE LA VEGA,OPERATIVO,08:45 a 16:30,Alcides Carrión S/N,2022
MADRE DE DIOS,TAMBOPATA,TAMBOPATA,OR TAMBOPATA,OPERATIVO,08:45 a 16:45,Lambayeque N° 159,2022
MADRE DE DIOS,MANU,MANU,PANP MANU,DESPLAZAMIENTO,08:45 a 16:30,Esperanza S/N - Local Municipal,2022
CUSCO,ACOMAYO,POMACANCHI,AG POMACANCHI,DESPLAZAMIENTO,08:45 a 16:45,Plaza de Armas S/N,2022
CUSCO,CUSCO,CUSCO,ORA HOSPITAL DE APOYO DEPARTAMENTAL CUSCO,OPERATIVO,08:45 a 16:30,La Cultura S/N,2022
CUSCO,CUSCO,SANTIAGO,ORA BELEMPAMPA,OPERATIVO,08:45 a 16:30,21 de Mayo S/N,2022
CUSCO,CANCHIS,SICUANI,ORA SICUANI,OPERATIVO,08:45 a 16:30,Manuel Callo Zevallos N° 519 - Hospital MINSA Sicuani,2022
MADRE DE DIOS,TAMBOPATA,TAMBOPATA,ORA SANTA ROSA,OPERATIVO,08:45 a 16:30,Cajamarca N° 171,2022
CUSCO,LA CONVENCION,SANTA ANA,ORA QUILLABAMBA,OPERATIVO,08:45 a 16:30,General Gamarra S/N - Hospital Quillabamba,2022
APURIMAC,AYMARAES,CHALHUANCA,ORA CHALHUANCA,OPERATIVO,08:45 a 16:30,Bolivar S/N,2022
CUSCO,ESPINAR,ESPINAR,ORA ESPINAR,OPERATIVO,08:45 a 16:30,Domingo Huarca Cruz S/N Barrio Túpac Amaru  - Hospital Espinar,2022
MADRE DE DIOS,TAHUAMANU,IBERIA,ORA SAN MARTIN DE PORRES DE IBERIA,OPERATIVO,08:45 a 16:30,Mocopata S/N,2022
APURIMAC,COTABAMBAS,HAQUIRA,PAP HAQUIRA,OPERATIVO,08:45 a 16:30,Plaza de armas S/N-Haquira,2022
LIMA,LIMA ,JESÚS MARÍA,ORA HOSPITAL NACIONAL EDGARDO REBAGLIATI MARTINS,OPERATIVO,08:45 a 16:30,AV. SALAVERRY CDRA. 13 - PUERTA 6,2022
CALLAO,CALLAO,CALLAO,ORA NAC. DANIEL A. CARRIÓN,OPERATIVO,08:45 a 16:30,Guardia Chalaca Nº 2176 - Bellavista,2022
LIMA,LIMA,SAN JUAN DE LURIGANCHO,ORA HOSPITAL SAN JUAN DE LURIGANCHO,OPERATIVO,08:45 a 16:30,Canto Grande S/N - Altura del paradero 10,2022
LIMA,LIMA,EL AGUSTINO,ORA HOSPITAL NACIONAL HIPOLITO UNANUE,OPERATIVO,08:45 a 16:30,Cesar Vallejo Nº 1390 ,2022
LIMA,LIMA,LIMA,ORA INSTITUTO NACIONAL MATERNO PERINATAL,OPERATIVO,08:45 a 16:30,Miroquesada Nº 941 - Lima,2022
CALLAO,CALLAO,VENTANILLA,OR VENTANILLA,OPERATIVO,08:45 a 16:45,Mz. F Lt.1 Sector B Grupo Residencial B1 Proyecto Piloto Nuevo Pachacútec,2022
LIMA,LIMA,SANTIAGO DE SURCO,OR SURCO - HIGUERETA,OPERATIVO,08:45 a 16:45,Santiago de Surco Nº 2807 Urb. Residencial Higuereta,2022
LIMA,LIMA,SAN BORJA,OR SAN BORJA,OPERATIVO,08:45 a 16:45,San Luis N° 1673 Urb. Jacaranda II,2022
LIMA,LIMA,COMAS,OR COMAS III,OPERATIVO,08:45 a 16:45,San Felipe Nº 830 Urb. San Felipe,2022
LIMA,LIMA,LIMA,OR QUILCA,OPERATIVO,08:45 a 16:45,Quilca Nº 501 y 525 ,2022
LIMA,LIMA,LIMA,AG ANCASH,OPERATIVO,08:45 a 16:45,Ancash Nº 336-340 y 344 (Frente a la Plazuela San Francisco) - Lima,2022
LIMA,LIMA,VILLA MARÍA DEL TRIUNFO,ORA DANIEL ALCIDES CARRION,OPERATIVO,08:45 a 16:30,Pachacutec N° 3470 - Pasando el Terminal Pesquero.,2022
CALLAO,CALLAO,BELLAVISTA,MAC - CALLAO,OPERATIVO,08:30 a 16:30,Oscar R. Benavides N° 3866 - Centro Comercial Mall Aventura Plaza,2022
LIMA,LIMA,LIMA,OR LIMA,OPERATIVO,08:45 a 16:45,Av. Nicolás de Piérola N 545,2022
LIMA,LIMA,ATE,OR ATE,OPERATIVO,08:45 a 16:45,Industrial Nº 438,2022
LIMA,LIMA,COMAS,OR COMAS I,OPERATIVO,08:45 a 16:45,"Tupac Amaru N° 5527 - 5531 - 5535, Urb Huaquillay 2da Etapa",2022
LIMA,LIMA,LURIN,OR LURIN,OPERATIVO,08:45 a 16:45,Simon Bolivar N° 267,2022
LIMA,LIMA,MIRAFLORES,OR MIRAFLORES,OPERATIVO,08:45 a 16:45,Ernesto Diez Canseco N° 230,2022
LIMA,LIMA,PUENTE PIEDRA,OR PUENTE PIEDRA,OPERATIVO,08:45 a 16:45,Ricardo Palma Nº 241,2022
LIMA,LIMA,SAN JUAN DE LURIGANCHO,OR SAN JUAN DE LURIGANCHO,OPERATIVO,08:45 a 16:45,Las Flores Lote 1 Mz. G Urb. Canto Grande Unidad 7,2022
LIMA,LIMA,SAN JUAN DE MIRAFLORES,OR SAN JUAN DE MIRAFLORES,OPERATIVO,08:45 a 16:45,Guillermo Billinghurst  N° 767 – 769 Mz. F Lote 18 Urb. SJM Parcela D,2022
LIMA,LIMA,SAN MARTÍN DE PORRES,OR SAN MARTIN DE PORRES,OPERATIVO,08:45 a 16:45,Eduardo de Habich Nº 590 - 592 con Pedro Paulet N° 589,2022
LIMA,CAJATAMBO,CAJATAMBO,AG CAJATAMBO,OPERATIVO,08:45 a 16:45,Bolognesi S/N - Comisiones de Regantes -Frente plaza de Armas,2022
LIMA,CANTA,CANTA,AG CANTA,OPERATIVO,08:45 a 16:45,Independencia Nº 308 Municipio (Plaza de Armas),2022
LIMA,CAÑETE,SAN VICENTE DE CAÑETE,AG CAÑETE,OPERATIVO,08:45 a 16:45,Los Libertadores Mz. D-3 Lote 4 Urbanización Tercer Mundo,2022
LIMA,HUAURA,HUACHO,AG HUACHO,OPERATIVO,08:45 a 16:45,Grau Nº 295,2022
LIMA,HUAROCHIRI,MATUCANA,AG MATUCANA,OPERATIVO,08:45 a 16:45,Tacna S/N  - Centro Civico,2022
LIMA,YAUYOS,YAUYOS,AG YAUYOS,OPERATIVO,08:45 a 16:45,Plaza Constitución Nº 110,2022
LIMA,HUARAL,HUARAL,AG HUARAL,OPERATIVO,08:45 a 16:45,Los Pinos Nº 149 Mz E Lote 4 Pasaje Urb. El Rosario,2022
LIMA,BARRANCA,BARRANCA,OR BARRANCA,OPERATIVO,08:45 a 16:45,Independencia N° 674 - 676 - 678,2022
LIMA,OYON,OYON,AG OYON,OPERATIVO,08:45 a 16:45,Unión 216,2022
LIMA,LIMA,LURIGANCHO,OR CHOSICA,OPERATIVO,08:45 a 16:45,Chucuito Nº 248 ,2022
LIMA,LIMA,PACHACAMAC,OR PACHACAMAC,OPERATIVO,08:45 a 16:45,Paul Poblet N° 3111 - Dentro del Mercado Jumbo,2022
LIMA,LIMA,JESÚS MARÍA,OR JESUS MARIA,OPERATIVO,08:45 a 16:45,Talara N° 130-132-134 y 136 Jesús Maria,2022
LIMA,LIMA,CIENEGUILLA,OR CIENEGUILLA,OPERATIVO,08:45 a 16:45,"San Martin Lote 15, Zona ""D"" Manzana ""D"" Centro Poblado Tambo Viejo",2022
LIMA,LIMA,SANTA ANITA,OR SANTA ANITA,OPERATIVO,08:45 a 16:45,"Los Eucaliptos Nº 947, Urbanización Universal",2022
LIMA,LIMA,INDEPENDENCIA,OR INDEPENDENCIA,OPERATIVO,08:45 a 16:45,Los Andes Nº 486 Urb. Industrial Panamericana Norte,2022
LIMA,LIMA,SAN ISIDRO,AG EREP SAN ISIDRO,OPERATIVO,08:45 a 16:45,Javier Prado Este N° 990,2022
CALLAO,CALLAO,VENTANILLA,MAC - VENTANILLA,OPERATIVO,08:30 a 16:30,La Playa S/N altura la Urb. Zona Comercial frente a la Plaza Cívica ,2022
LIMA,LIMA,JESÚS MARÍA,AG 06 DE AGOSTO,OPERATIVO,08:45 a 16:45,06 de Agosto N° 856,2022
CALLAO,CALLAO,MI PERÚ,AG MI PERU,OPERATIVO,08:45 a 16:45,Mz. G7 Lt. 06 Mi Perú  interior de la Sede Municipal.,2022
LIMA,LIMA,SAN MARTÍN DE PORRES,ORA NACIONAL CAYETANO HEREDIA,OPERATIVO,08:45 a 16:30,Honorio Delgado N° 262 - Urb. Ingeniería / Obstetricia,2022
LIMA,HUAURA,HUACHO,ORA HOSPITAL GENERAL DE HUACHO,OPERATIVO,08:45 a 16:30,Jose Arnaldo Arambulo La Rosa N° 251,2022
CALLAO,CALLAO,CALLAO,OR CALLAO,OPERATIVO,08:45 a 16:45,Dos de Mayo N° 440 - 446,2022
LIMA,LIMA,SAN BORJA,AG ATENCIONES ESPECIALES DE SAN BORJA,OPERATIVO,08:45 a 16:45,Javier Prado N° 2388 -2386 - 2392,2022
LIMA,LIMA,VILLA EL SALVADOR,OR VILLA EL SALVADOR,OPERATIVO,08:45 a 16:45,"Arriba Perú Nº 640 Sector 2, Grupo 7, Mz J, Lt 05 ",2022
LIMA,LIMA,EL AGUSTINO,MAC - LIMA ESTE,OPERATIVO,08:30 a 16:30,Ancash 2151 - Centro Comercial Agustino Plaza,2022
CALLAO,CALLAO,CARMEN DE LA LEGUA REYNOSO,ORA HOSPITAL SAN JOSE,OPERATIVO,08:45 a 16:30,Las Magnolias 475 Carmen de la Legua-Reynoso,2022
CALLAO,CALLAO,VENTANILLA,ORA HOSPITAL DE VENTANILLA,OPERATIVO,08:45 a 16:30,Pedro Beltran S/N Ventanilla - Hospital de Ventanilla,2022
LIMA,CAÑETE,SAN VICENTE DE CAÑETE,ORA HOSPITAL REZOLA,OPERATIVO,08:45 a 16:30,San Martín Nº 120 -124 ,2022
LIMA,BARRANCA,BARRANCA,ORA HOSPITAL DE BARRANCA,OPERATIVO,08:45 a 16:30,Nicolás de Piérola Nº 210 -224,2022
LIMA,HUARAL,HUARAL,ORA HOSPITAL SAN JUAN BAUTISTA HUARAL,OPERATIVO,08:45 a 16:30,Tacna Nº 120 Urb. San Juan I,2022
LIMA,LIMA ,COMAS,ORA HOSPITAL NACIONAL SERGIO E. BERNALES,OPERATIVO,08:45 a 16:30,"Túpac Amaru N° 8000, Collique, Comas.",2022
LIMA,LIMA,LIMA,ORA NACIONAL DOS DE MAYO,OPERATIVO,08:45 a 16:30,Parque Historia De La Medicina Peruana S/N Altura Cuadra 13 Av Grau,2022
LIMA,LIMA,ATE ,ORA HOSPITAL DE HUAYCAN,OPERATIVO,08:45 a 16:30,José C.Mariátegui S/N Zona B - A.H.Huaycán S/N Ate Lima Lima,2022
LIMA,LIMA,SAN JUAN DE MIRAFLORES,MAC - LIMA SUR,OPERATIVO,08:30 a 16:30,Circunvalación 1583- San Juan de Miraflores,2022
LIMA,LIMA,COMAS,MAC - LIMA NORTE,OPERATIVO,08:30 a 16:30,Los Angeles N° 602 2do piso - Cc Mall Plaza ,2022
LIMA,LIMA,JESUS MARIA,PVM - JESUS MARIA ,OPERATIVO,08:45 a 16:45,Talara N° 130,2022
LIMA,LIMA,SANTIAGO DE SURCO,PVM - JOCKEY PLAZA,OPERATIVO,08:45 a 16:45,Javier Prado Este N° 4200 ( Centro Financiero del Centro Comercial),2022
LIMA,LIMA,SURQUILLO,PVM - OPEN PLAZA ANGAMOS,OPERATIVO,08:45 a 16:45,Cruce Angamos N° 1805 con Tomas Marsano,2022
LIMA,LIM,CHORRILLOS,PVM - PLAZA LIMA SUR,OPERATIVO,08:45 a 16:45,Prolongación Paseo  de la Republica S/N Urb. Matellini (2do nivel del Centro Comercial) ,2022
CALLAO,CALLAO,VENTANILLA,PVM VENTANILLA,OPERATIVO,08:45 a 16:45,La Playa S/N altura la Urb. Zona Comercial frente a la Plaza Cívica ,2022
CALLAO,CALLAO,BELLAVISTA,PVM MALL AVENTURA PLAZA - CALLAO,OPERATIVO,08:45 a 16:45,Oscar R. Benavides N° 3866 - Centro Comercial Mall Aventura Plaza,2022
LIMA,LIMA,CERCADO,PVM - REAL PLAZA CENTRO CÍVICO,OPERATIVO,08:45 a 16:45,Garcilaso de la Vega N° 1337,2022
LIMA,LIMA,MIRAFLORES,PVM- MIRAFLORES,OPERATIVO,08:45 a 16:45,Diez Canseco N° 230,2022
LIMA,LIMA,INDEPENDENCIA,PVM - INDEPENDENCIA,OPERATIVO,08:45 a 16:45,Los Andes Nº 486 Urb. Industrial Panamericana Norte,2022
LIMA,LIMA,SAN ISIDRO,PVM - SAN ISIDRO,OPERATIVO,08:45 a 16:45,Javier Prado Este  N° 990 ,2022
LIMA,LIMA,YAUYOS,AG OCROS,OPERATIVO,08:45 a 16:45,Local Municipal Plaza de Armas,2022
PUNO,PUNO,PUNO,ORA MANUEL NUÑEZ BUTRON,OPERATIVO,08:45 a 16:30,El Sol N° 1022,2022
PUNO,PUNO,PUNO,ORA HOSPITAL BASE III (PUNO) - RED ASISTENCIAL PUNO,OPERATIVO,08:45 a 16:30,Francisco Cáceres Jara Nº 600,2022
PUNO,SAN ROMAN,JULIACA,ORA CARLOS MONGE MEDRANO,OPERATIVO,08:45 a 16:30,Carretera a Huancane Km 2,2022
PUNO,EL COLLAO ,ILAVE ,ORA ILAVE,OPERATIVO,08:45 a 16:30,Atahualpa Nº 825,2022
PUNO,SAN ROMAN,JULIACA,ORA HOSPITAL BASE III JULIACA - ESSALUD - RED ASISTENCIAL JULIACA,OPERATIVO,08:45 a 16:30,José Santos Chocano S/N - La Capilla,2022
PUNO,PUNO,PUNO,OR PUNO,OPERATIVO,08:45 a 16:45,Arequipa N° 1143 - 1145 Barrio Victoria,2022
PUNO,AZANGARO,AZANGARO,PAP AZANGARO,OPERATIVO,08:45 a 16:30,Azangaro N° 160  (Palacio Municipal),2022
PUNO,CARABAYA,MACUSANI,PAP CARABAYA,OPERATIVO,08:45 a 16:30,Raimondi N° 116,2022
PUNO,CHUCUITO,JULI,PAP CHUCUITO,OPERATIVO,08:45 a 16:30,Ilave 235 - Mercado Central Municipio,2022
PUNO,HUANCANE,HUANCANE,PAP HUANCANE,OPERATIVO,08:45 a 16:30,Moquegua N° 104 - Barrio Progreso,2022
PUNO,LAMPA,LAMPA,PAP LAMPA,OPERATIVO,08:45 a 16:30,Alfonso Ugarte N° 343,2022
PUNO,MELGAR,AYAVIRI,PAP MELGAR,OPERATIVO,08:45 a 16:30,Jorge Chavez N°  550,2022
PUNO,SANDIA,SANDIA,PAP SANDIA,OPERATIVO,08:45 a 16:30,Juliaca S/N - Mercado Central Sandia,2022
PUNO,SAN ROMAN,JULIACA,AG SAN ROMAN,OPERATIVO,08:45 a 16:45,Brascesco N° 181 ,2022
PUNO,YUNGUYO,YUNGUYO,PAP YUNGUYO,OPERATIVO,08:45 a 16:30,Grau Nº 240,2022
PUNO,SAN ANTONIO DE PUTINA,PUTINA,PAP PUTINA,OPERATIVO,08:45 a 16:30,Plaza de Armas S/N (Palacio Municipal),2022
PUNO,EL COLLAO,ILAVE,PAP EL COLLAO,OPERATIVO,08:45 a 16:30,Bolognesi S/N - Coliseo Cubierto Ilave Oficina N° 02,2022
PUNO,MOHO,MOHO,PAP MOHO,DESPLAZAMIENTO,08:45 a 16:30 (Domingo),Circunvalación S/N Mercado Municipal,2022
PUNO,AZANGARO,AZANGARO,ORA CARLOS CORNEJO ROSELLO,OPERATIVO,08:45 a 16:30,Francisco Bolognesi N° 557,2022
PUNO,CHUCUITO,JULI,ORA JULI,OPERATIVO,08:45 a 16:30,Panamericana S/N,2022
PUNO,HUANCANE,HUANCANE,ORA HOSPITAL LUCIO ALDAZABAL PAUCA,OPERATIVO,08:45 a 16:30,Santa Cruz S/N,2022
PUNO,MELGAR,AYAVIRI,ORA SAN JUAN DE DIOS (AYAVIRI),OPERATIVO,08:45 a 16:30,Progreso S/N,2022
PUNO,SAN ROMÁN,JULIACA,ORA CENTRO DE SALUD CLAS SANTA ADRIANA,OPERATIVO,08:45 a 16:30,Pachacutec S/N,2022
PUNO,SAN ROMÁN,SAN MIGUEL,PAP SAN MIGUEL - JR11,OPERATIVO,08:45 a 16:30,Palacio Municipal S/N,2022
PUNO,CHUCUITO,DESAGUADERO,PAP DESAGUADERO,DESPLAZAMIENTO,08:45 a 16:30 (Viernes),28 de Julio N° 305 - Desaguadero,2022
ICA,ICA,ICA,ORA REGIONAL DE ICA,OPERATIVO,08:45 a 16:30,Huacachina S/N,2022
AYACUCHO,LUCANAS,PUQUIO,AG LUCANAS,OPERATIVO,08:45 a 16:45,San Pedro  Nº 216,2022
AYACUCHO,PARINACOCHAS,CORACORA,AG PARINACOCHAS,OPERATIVO,08:45 a 16:45,Bolognesi N° 419 Plaza de Armas,2022
ICA,ICA,PARCONA,PAP PARCONA,OPERATIVO,08:45 a 16:30,Jhon F. Kennedy N° 500 con Calle Lima S/N (Costado del Palacio Municipal),2022
ICA,ICA,ICA,OR ICA,OPERATIVO,08:45 a 16:45,San Martin N° 1366 Mz. M-02 Lt. 035. Urb. San Isidro ,2022
ICA,CHINCHA,CHINCHA ALTA,AG CHINCHA,OPERATIVO,08:45 a 16:45,Los Angeles N° 300,2022
ICA,NASCA,NASCA,AG NASCA,OPERATIVO,08:45 a 16:45,Fermin del Castillo N° 270,2022
ICA,PISCO,PISCO,AG PISCO,OPERATIVO,08:45 a 16:45,San Juan de Dios N° 288,2022
ICA,PALPA,PALPA,AG PALPA,OPERATIVO,08:45 a 16:45,Portal de Escribanos Nº 145,2022
AYACUCHO,LUCANAS,CABANA,PAP CABANA ,OPERATIVO,08:45 a 16:30,Jorge Chavez N° 272 ,2022
AYACUCHO,LUCANAS,PUQUIO,ORA FELIPE HUAMAN POMA DE AYALA,OPERATIVO,08:45 a 16:30,Arnaldo Alvarado S/N ,2022
AYACUCHO,PARINACOCHAS,CORACORA,ORA HOSPITAL DE APOYO DE CORACORA,OPERATIVO,08:45 a 16:30,La Cultura S/N,2022
ICA,ICA,ICA,ORA SANTA MARIA DEL SOCORRO,OPERATIVO,08:45 a 16:30,Castrovirreyna N° 759,2022
ICA,PISCO,PISCO,ORA SAN JUAN DE DIOS,OPERATIVO,08:45 a 16:30,Fermín Tanguis S/N (Altura del Fundo Alto de la Luna),2022
ICA,CHINCHA,CHINCHA ALTA,ORA SAN JOSE DE CHINCHA,OPERATIVO,08:45 a 16:30,Abelardo Alva Maurtua Nº 600,2022
AYACUCHO,LUCANAS,LARAMATE,PANP LARAMATE,OPERATIVO,08:45 a 16:30,Ica S/N,2022
ICA,NASCA,NASCA,ORA DE APOYO DE NASCA,OPERATIVO,08:45 a 16:30,Callao S/N - 5ta Cuadra,2022
UCAYALI,CORONEL PORTILLO,CALLERIA,ORA HOSPITAL REGIONAL DE PUCALLPA,OPERATIVO,08:45 a 16:30,Agustin Cauper N° 285,2022
HUANUCO,PUERTO INCA,PUERTO INCA,PAP PUERTO INCA,OPERATIVO,08:45 a 16:30,Vulcano S/N,2022
UCAYALI,CORONEL PORTILLO,YARINACOCHA,ORA HOSPITAL AMAZÓNICO - YARINACOCHA,OPERATIVO,08:45 a 16:30,Aguaytia N° 605,2022
LORETO,UCAYALI,CONTAMANA,PAP CONTAMANA,OPERATIVO,08:45 a 16:30,Nuevo Loreto Mz.38C  Lt.5B,2022
UCAYALI,PADRE ABAD,IRAZOLA ,AG IRAZOLA ,OPERATIVO,08:45 a 16:45,Jr. Progreso S/N ,2022
UCAYALI,PADRE ABAD,PADRE ABAD,ORA AGUAYTIA,OPERATIVO,08:45 a 16:30,Victor Pinedo / Palmeras Mz. 152A Junta Vecinal Pampayurac,2022
UCAYALI,CORONEL PORTILLO,CALLERIA,OR PUCALLPA,OPERATIVO,08:45 a 16:45,"09 de Diciembre N° 378 y Tacna Nº 891 Mz. 07 Lt. Acumulado 1-B, independiente.",2022
UCAYALI,PADRE ABAD,PADRE ABAD,PAP PADRE ABAD,OPERATIVO,08:45 a 16:30,Jr. Grau Nº 214,2022
UCAYALI,ATALAYA,RAIMONDI,PAP ATALAYA,OPERATIVO,08:45 a 16:30,Rioja Nº 659,2022
UCAYALI,PURUS,PURUS,PAP PURUS,OPERATIVO,08:45 a 16:30,Purus S/N,2022
UCAYALI,ATALAYA,TAHUANIA,PAP TAHUANIA,OPERATIVO,08:45 a 16:30,7 de Junio  S/N,2022
HUANCAVELICA,HUANCAVELICA,IZCUCHACA,PAP IZCUCHACA,OPERATIVO,08:45 a 16:30,Ferrocarril  S/N ,2022
HUANCAVELICA,ACOBAMBA,PAUCARA,PAP PAUCARA,OPERATIVO,08:45 a 16:30,Plaza Mayor S/N,2022
HUANCAVELICA,HUANCAVELICA,HUANCAVELICA,ORA HOSPITAL REGIONAL ZACARIAS CORREA VALDIVIA,OPERATIVO,08:45 a 16:30,Andrés Avelino Cáceres S/N - Barrio Yananaco,2022
HUANCAVELICA,HUANCAVELICA,ASCENSIÓN,ORA HOSPITAL II HUANCAVELICA,OPERATIVO,08:45 a 16:30,Teresa de Jurnet S/N,2022
HUANCAVELICA,HUANCAVELICA,HUANCAVELICA,OR HUANCAVELICA,OPERATIVO,08:45 a 16:45,"Av. San Cristóbal Nº 384, 386 y 388",2022
HUANCAVELICA,ACOBAMBA,ACOBAMBA,OR ACOBAMBA,OPERATIVO,08:45 a 16:45,Dos De Mayo N° 459,2022
HUANCAVELICA,ANGARAES,LIRCAY,OR ANGARAES,OPERATIVO,08:45 a 16:45,Centenario S/N - Barrio de Pueblo Nuevo - Dentro del Centro Civico,2022
HUANCAVELICA,CASTROVIRREYNA,CASTROVIRREYNA,OR CASTROVIRREYNA,OPERATIVO,08:45 a 16:45,Los Libertadores S/N,2022
HUANCAVELICA,TAYACAJA,PAMPAS,OR TAYACAJA,OPERATIVO,08:45 a 16:45,Manco Capac S/N con Jirón Alfonso Ugarte Cordova y Necochea - Coliseo Multiuso,2022
HUANCAVELICA,HUAYTARA,HUAYTARA,OR HUAYTARA,OPERATIVO,08:45 a 16:45,24 de Junio S/N - 2do piso Centro Cívico ,2022
HUANCAVELICA,CHURCAMPA,CHURCAMPA,OR CHURCAMPA,OPERATIVO,08:45 a 16:45,Real N° 255,2022
HUANCAVELICA,TAYACAJA,PAMPAS,ORA HOSPITAL DE PAMPAS,OPERATIVO,08:45 a 16:30,Bolívar S/N ,2022
HUANCAVELICA,ANGARAES,LIRCAY,ORA LIRCAY,OPERATIVO,08:45 a 16:30,Esmeralda S/N,2022
HUANCAVELICA,TAYACAJA,SURCUBAMBA,AG SURCUBAMBA,OPERATIVO,08:45 a 16:45,Alfonso Ugarte S/N,2022
HUANCAVELICA,TAYACAJA,COLCABAMBA,AG COLCABAMBA,OPERATIVO,08:45 a 16:45,Av. Centenario S/N,2022
HUANCAVELICA,HUANCAVELICA,YAULI,ORA YAULI,OPERATIVO,08:45 a 16:30,Jorge Chávez S/N,2022
PASCO,PASCO,YANACANCHA,ORA DR. DANIEL ALCIDES CARRION GARCIA,OPERATIVO,08:45 a 16:30,Los Incas S/N Urb. San Juan,2022
PASCO,OXAPAMPA,PUERTO BERMUDEZ,PAP PUERTO BERMÚDEZ,CERRADO,08:45 a 16:30,Remigio Morales Bermúdez S/N,2022
PASCO,PASCO,HUARIACA,PAP HUARIACA,OPERATIVO,08:45 a 16:30,28 de Julio Nº 129,2022
HUANUCO,HUANUCO,HUÁNUCO,ORA HOSPITAL REGIONAL HERMILIO VALDIZAN,OPERATIVO,08:45 a 16:30,Hermilio Valdizan Nº 950,2022
PASCO,PASCO,PAUCARTAMBO,PAP PAUCARTAMBO - JR15,CERRADO,08:45 a 16:30,Plaza 28 de Julio S/N,2022
HUANUCO,HUANUCO,HUÁNUCO,OR HUANUCO,OPERATIVO,08:45 a 16:45,28 de Julio N° 825,2022
HUANUCO,AMBO,AMBO,PAP AMBO,OPERATIVO,08:45 a 16:30,"28 de Julio 697, Centro Cívico",2022
HUANUCO,DOS DE MAYO,LA UNION,PAP DOS DE MAYO,OPERATIVO,08:45 a 16:30,Lourdes N° 221,2022
HUANUCO,HUAMALIES,LLATA,PAP HUAMALIES,OPERATIVO,08:45 a 16:30,Huánuco N° 242,2022
HUANUCO,MARAÑON,HUACRACHUCO,PAP MARAÑON,OPERATIVO,08:45 a 16:30,28 De Julio N° 602 ,2022
HUANUCO,LEONCIO PRADO,RUPA-RUPA,PAP LEONCIO PRADO,OPERATIVO,08:45 a 16:30,Chiclayo N° 585,2022
HUANUCO,PACHITEA,PANAO,PAP PACHITEA,OPERATIVO,08:45 a 16:30,Bolognesi N° 211,2022
HUANUCO,LAURICOCHA,JESÚS,PAP LAURICOCHA,DESPLAZAMIENTO,08:45 a 16:30,Cristobal Colon S/N,2022
HUANUCO,YAROWILCA,CHAVINILLO,PAP YAROWILCA,OPERATIVO,08:45 a 16:30,Virgen de Fátima S/N,2022
PASCO,PASCO,CHAUPIMARCA,ORA HOSPITAL II PASCO,OPERATIVO,08:45 a 16:30,Barrio Buenos Aires S/N,2022
HUANUCO,PACHITEA,PANAO,ORA PANAO,OPERATIVO,08:45 a 16:30,Grau Nº 193,2022
HUANUCO,LEONCIO PRADO,RUPA-RUPA,ORA HOSPITAL TINGO MARIA,OPERATIVO,08:45 a 16:30,Mapresa S/N Luyando,2022
HUANUCO,LEONCIO PRADO,JOSÉ CRESPO Y CASTILLO,ORA AUCAYACU,CERRADO,08:45 a 16:30,Grau N° 401,2022
HUANUCO,HUAMALIES,LLATA,ORA LLATA,OPERATIVO,08:45 a 16:30,28 de Julio N° 216,2022
HUANUCO,DOS DE MAYO,LA UNION,ORA LA UNION,OPERATIVO,08:45 a 16:30,Dos de Mayo N° 185,2022
HUANUCO,LEONCIO PRADO,JOSÉ CRESPO Y CASTILLO,PAP JOSE CRESPO Y CASTILLO,OPERATIVO,08:45 a 16:30,Maria Parado de Bellido S/N Cuadra 4,2022
HUANUCO,LAURICOCHA,BAÑOS,AG BAÑOS,DESPLAZAMIENTO,08:45 a 16:45,Libertad S/N,2022
PASCO,PASCO,YANACANCHA,AG PASCO,OPERATIVO,08:45 a 16:45,"Centro Comercial ""Sector Dos de San Juan Pampa Edif. 4 Tienda 3 San Juan",2022
PASCO,DANIEL ALCIDES CARRION,YANAHUANCA,PAP DANIEL ALCIDES CARRIÓN,OPERATIVO,08:45 a 16:30,Jorge Chavez S/N Plaza Principal,2022
PASCO,OXAPAMPA,OXAPAMPA,PAP OXAPAMPA,OPERATIVO,08:45 a 16:30,Huancabamba S/N Mz. 162 Estadio Municipal Oxapampa,2022
SAN MARTIN,TOCACHE,UCHIZA,AG UCHIZA,OPERATIVO,08:45 a 16:45,Atahualpa N° 920,2022
PASCO,OXAPAMPA,PALCAZÚ,AG PALCAZU,CERRADO,08:45 a 16:45,Juan Santos Atahualpa Mz. U Lt. 01,2022
SAN MARTIN,TOCACHE,TOCACHE,PAP TOCACHE,OPERATIVO,08:45 a 16:30,San Juan Cdra 7 S/N Centro Cívico,2022
HUANUCO,HUANUCO,CHINCHAO,ORA ACOMAYO,OPERATIVO,08:45 a 16:30,Iguarizo S/N Mz. 6 Lt. 02,2022
SAN MARTIN,TOCACHE,TOCACHE,ORA HOSPITAL DE TOCACHE,OPERATIVO,08:45 a 16:30,Ricardo Palma N° 550,2022
HUANUCO,HUANUCO,SANTA MARIA DEL VALLE,ORA SANTA MARIA DEL VALLE,OPERATIVO,08:45 a 16:30,Libertad  S/N Intersección Carretera Central ,2022
HUANUCO,HUANUCO ,AMARILIS ,ORA CARLOS SHOWING FERRARI,OPERATIVO,08:45 a 16:30,Micaela Bastidas S/N Paucarbamba ,2022
PASCO,OXAPAMPA,OXAPAMPA,ORA HOSPITAL ERNESTO GERMAN GUZMAN GONZALES,OPERATIVO,08:45 a 16:30,Eduardo Loechle S/N - Chontabamba,2022
HUANUCO,HUANUCO,HUANUCO,MAC - HUANUCO,OPERATIVO,08:30 a 16:30,"Independencia N° 1601, Centro Comercial Real Plaza, Primer Piso",2022
PASCO,OXAPAMPA,CONSTITUCION,AG CONSTITUCION,DESPLAZAMIENTO,08:45 a 16:45,Fernando Belaunde S/N 4ta Etapa.,2022
AMAZONAS,CHACHAPOYAS,CHACHAPOYAS,OR CHACHAPOYAS,OPERATIVO,08:45 a 16:45,Triunfo Nº 903 1° Piso,2022
AMAZONAS,BAGUA,BAGUA,PAP BAGUA,OPERATIVO,08:45 a 16:30,Los Cedros Nº 263,2022
AMAZONAS,BONGARA,JAZAN,AG BONGARA,OPERATIVO,08:45 a 16:45,Marginal  Nº 100 -Pedro Ruíz,2022
AMAZONAS,LUYA ,LAMUD,AG LUYA,OPERATIVO,08:45 a 16:45,Garcilazo de la Vega N° 328,2022
AMAZONAS,RODRIGUEZ DE MENDOZA,SAN NICOLÁS,AG RODRIGUEZ DE MENDOZA,OPERATIVO,08:45 a 16:45,Victor Mori N° 204,2022
AMAZONAS,CONDORCANQUI,NIEVA,PAP CONDORCANQUI,OPERATIVO,08:45 a 16:30,Gonzalo puerta S/N,2022
AMAZONAS,UTCUBAMBA,BAGUA GRANDE,PAP UTCUBAMBA,OPERATIVO,08:45 a 16:30,Simón Bolivar N° 545,2022
CAJAMARCA,JAEN,JAEN,OR JAEN,OPERATIVO,08:45 a 16:45,Mariscal Ureta Nº 915,2022
CAJAMARCA,SAN IGNACIO,SAN IGNACIO,PAP SAN IGNACIO,OPERATIVO,08:45 a 16:30,Santo Domingo Nº 169,2022
AMAZONAS,BAGUA,IMAZA,OR IMAZA,OPERATIVO,08:45 a 16:45,Awajun S/N Plaza de Armas,2022
AMAZONAS,CHACHAPOYAS,CHACHAPOYAS,ORA HOSPITAL REGIONAL VIRGEN DE FATIMA,OPERATIVO,08:45 a 16:30,Daniel Alcides Carrión N° 035,2022
AMAZONAS,BAGUA,BAGUA,ORA HOSPITAL DE APOYO GUSTAVO LANATTA LUJAN,OPERATIVO,08:45 a 16:30,Héroes de Cenepa N°980,2022
CAJAMARCA,JAEN,JAEN,ORA HOSPITAL GENERAL DE JAEN,OPERATIVO,08:45 a 16:30,Huamantanga s/n,2022
AMAZONAS,BAGUA,IMAZA,ORA CHIRIACO,OPERATIVO,08:45 a 16:30,Junin S/N,2022
AMAZONAS,UTCUBAMBA,BAGUA GRANDE,ORA HOSPITAL DE APOYO SANTIAGO APOSTOL DE UTCUBAMBA,OPERATIVO,08:45 a 16:30,San Felipe Santiago N°111,2022
CAJAMARCA,SAN IGNACIO,SAN IGNACIO,ORA SAN IGNACIO,OPERATIVO,08:45 a 16:30,"Abelardo Quiñones S/N, Sector Santiago",2022
AMAZONAS,BONGARA,FLORIDA,ORA POMACOCHAS,OPERATIVO,08:45 a 16:30,Pomacochas S/N ,2022
CAJAMARCA,JAEN,PUCARA,PAP PUCARA,OPERATIVO,08:45 a 16:30,Lindo 548,2022
AMAZONAS,CONDORCANQUI,NIEVA,ORA SANTA MARIA DE NIEVA,OPERATIVO,08:45 a 16:30,"Javier Pérez de Cuellar S/N 
Mz. N Lt. 03 Asent.Humano Héctor Peas Tsegkuan",2022
LA LIBERTAD,GRAN CHIMÚ,CASCAS,PAP GRAN CHIMÚ,OPERATIVO,08:45 a 16:30,Progreso S/N CDRA. 3,2022
LAMBAYEQUE,CHICLAYO,CHICLAYO,ORA HOSPITAL REGIONAL DOCENTE LAS MERCEDES,OPERATIVO,08:45 a 16:30,Luis Gonzáles  Nº 635,2023
LAMBAYEQUE,CHICLAYO,CHICLAYO,ORA HOSPITAL ALMANZOR AGUINAGA ASENJO,OPERATIVO,08:45 a 16:30,Plaza de la Seguridad Social S/N,2023
PIURA,SULLANA,SULLANA,ORA HOSPITAL DE APOYO II-SULLANA,OPERATIVO,08:45 a 16:30,Santa Rosa S/N,2023
CAJAMARCA,CUTERVO,CUTERVO,PAP CUTERVO,OPERATIVO,08:45 a 16:45,Jr. Comercio N° 1103 Mz. 203 Lt. 14-Urb. Los Jardines ,2023
CAJAMARCA,CHOTA,CHOTA,AG CHOTA,OPERATIVO,08:45 a 16:45,Jr. 30 de Agosto N° 848,2023
CAJAMARCA,SANTA CRUZ,SANTA CRUZ,PAP SANTA CRUZ,OPERATIVO,08:45 a 16:30,Domingo Negrón Nº 399,2023
LAMBAYEQUE,CHICLAYO,JOSE LEONARDO ORTIZ,OR JOSÉ LEONARDO ORTIZ,OPERATIVO,08:45 a 16:45,Cacique Cinto Nº 317 Urb. Latina,2023
PIURA,AYABACA,FRÍAS,OR FRIAS,OPERATIVO,08:45 a 16:30,Lima Nº 235 - 2do piso,2023
LAMBAYEQUE,CHICLAYO,CHICLAYO,OR CHICLAYO,OPERATIVO,08:45 a 16:45,Balta N° 680 y esquina con Av. Elias Aguirre,2023
LAMBAYEQUE,FERREÑAFE,FERREÑAFE,PAP FERREÑAFE,OPERATIVO,08:45 a 16:45,Tres Marías Nº 717 – B,2023
LAMBAYEQUE,LAMBAYEQUE,LAMBAYEQUE,PAP LAMBAYEQUE,OPERATIVO,08:45 a 16:45,Huamachuco N° 342,2023
CAJAMARCA,CUTERVO,CUTERVO,ORA SANTA MARIA DE CUTERVO,OPERATIVO,08:45 a 16:30,Ica S/N,2023
CAJAMARCA,CHOTA,CHOTA,ORA HOSPITAL DE APOYO CHOTA - JOSE SOTO CADENILLAS,OPERATIVO,08:45 a 16:30,Ezequiel Montoya Nª 718,2023
PIURA,PIURA,PIURA,OR PIURA,OPERATIVO,08:45 a 16:45,Libertad Nº 568,2023
PIURA,AYABACA,AYABACA,PAP AYABACA,OPERATIVO,08:45 a 16:30,Bolognesi N° 181,2023
PIURA,HUANCABAMBA,HUANCABAMBA,PAP HUANCABAMBA,OPERATIVO,08:45 a 16:30,Complejo Terminal Terrestre S/N - Stand 14,2023
PIURA,MORROPON,CHULUCANAS,AG CHULUCANAS,OPERATIVO,08:45 a 16:45,Jr. Cuzco N° 202,2023
PIURA,PAITA,PAITA,PAP PAITA,OPERATIVO,08:45 a 16:30,San Martin S/N Plaza de Armas - Municipalidad de Paita,2023
PIURA,SULLANA,SULLANA,OR SULLANA,OPERATIVO,08:45 a 16:45,Leoncio Prado Nº 517 ,2023
PIURA,TALARA,PARIÑAS,AG TALARA,OPERATIVO,08:45 a 16:45,Mártires Petroleros B-3 Conjunto Habitacional - Talara,2023
PIURA,SECHURA,SECHURA,PAP SECHURA,OPERATIVO,08:45 a 16:30,Dos de Mayo Nº 618 - Plaza de Armas - Municipalidad de Sechura,2023
PIURA,PIURA,TAMBO GRANDE,PAP TAMBOGRANDE,OPERATIVO,08:45 a 16:30,Jr. Salitral Nº 241,2023
PIURA,PIURA,PIURA,MAC - PIURA,OPERATIVO,08:30 a 16:30,Sanchez Cerro con Wiesse Centro Comercial Real Plaza,2023
PIURA,PAITA,PAITA,ORA HOSPITAL LAS MERCEDES-PAITA,OPERATIVO,08:45 a 16:30,Zona Industrial Sector II Mz. H Lt. 1 Jr. Los Pescadores S/N ,2023
TUMBES,TUMBES,TUMBES,OR TUMBES,OPERATIVO,08:45 a 16:45,Tumbes Nº 550,2023
TUMBES,CONTRALMIRANTE VILLAR,ZORRITOS,PANP CONTRALMIRANTE VILLAR - ZORRITOS,DESPLAZAMIENTO,08:45 a 16:45,Grau Nº 305,2023
TUMBES,ZARUMILLA,ZARUMILLA,PAP ZARUMILLA,OPERATIVO,08:45 a 16:30,El Ejérrcito Nº 105 - Interior Biblioteca Municipal,2023
LAMBAYEQUE,LAMBAYEQUE,OLMOS,PANP OLMOS,DESPLAZAMIENTO,08:45 a 16:45,A. B. Leguía/Calle Alfonso Ugarte,2023
PIURA,PIURA,TAMBO GRANDE,ORA TAMBO GRANDE,OPERATIVO,08:45 a 16:30,"Froilan Alama,, AA.HH.Froilan Alama",2023
LAMBAYEQUE,LAMBAYEQUE,LAMBAYEQUE,ORA HOSPITAL PROVINCIAL DOCENTE BELEN-LAMBAYEQUE,OPERATIVO,08:45 a 16:30,Ramón Castilla Nº 597,2023
TUMBES,TUMBES,TUMBES,ORA HOSPITAL REGIONAL JOSE ALFREDO MENDOZA OLAVARRIA JAMO II-2,OPERATIVO,08:45 a 16:30,24 de Julio Nº 565 ,2023
PIURA,PIURA,CATACAOS,ORA CENTRO DE SALUD MATERNO INFANTIL-CATACAOS,OPERATIVO,08:45 a 16:30,Cayetano Heredia 1108 - Catacos,2023
PIURA,PIURA,Veintises de Octubre,ORA HOSPITAL DE LA AMISTAD PERU - COREA SANTA ROSA II-2,OPERATIVO,08:45 a 16:45,Prolongación Av. Grau/Av. Chulucanas ,2023
LA LIBERTAD,TRUJILLO,TRUJILLO,ORA REGIONAL DOCENTE DE TRUJILLO,OPERATIVO,08:45 a 16:30,Mansiche Nº 795,2023
CAJAMARCA,CAJAMARCA,CAJAMARCA,ORA REGIONAL CAJAMARCA,OPERATIVO,08:45 a 16:30,Larry Jhonson S/N Cdra. 8,2023
LA LIBERTAD,TRUJILLO,TRUJILLO,ORA HOSPITAL BELEN DE TRUJILLO,OPERATIVO,08:45 a 16:30,Bolívar Nº 350,2023
CAJAMARCA,CAJAMARCA,CAJAMARCA,OR CAJAMARCA,OPERATIVO,08:45 a 16:45,Del Comercio Nº 633,2023
CAJAMARCA,CAJABAMBA,CAJABAMBA,PAP CAJABAMBA,OPERATIVO,08:45 a 16:45,Miguel Grau Nº 224-226-228 Mz. 31 Lt. 2 ,2023
CAJAMARCA,CELENDIN,CELENDÍN,PAP CELENDIN,OPERATIVO,08:45 a 16:45,Pardo N° 610,2023
CAJAMARCA,CONTUMAZA,CONTUMAZÁ,PAP CONTUMAZA,OPERATIVO,08:45 a 16:45,Miguel Grau Nº 212,2023
CAJAMARCA,HUALGAYOC,BAMBAMARCA,PAP HUALGAYOC,OPERATIVO,08:45 a 16:45,07 de Junio Nº 470,2023
CAJAMARCA,SAN MIGUEL,SAN MIGUEL,PAP SAN MIGUEL,OPERATIVO,08:45 a 16:45,Bolognesi N° 364,2023
CAJAMARCA,SAN MARCOS,PEDRO GÁLVEZ,PAP SAN MARCOS,OPERATIVO,08:45 a 16:45,Jr. Alfonso Ugarte N° 325 (Mz. 46 Lt. 17 Centro Poblado San Marcos).,2023
CAJAMARCA,SAN PABLO,SAN PABLO,PAP SAN PABLO,OPERATIVO,08:45 a 16:45,Plaza de Armas S/N,2023
LA LIBERTAD,TRUJILLO,VICTOR LARCO HERRERA,OR TRUJILLO II,OPERATIVO,08:45 a 16:45,Víctor Larco N° 1096. Urb. Vista Alegre,2023
LA LIBERTAD,PATAZ,PARCOY,OR PARCOY,OPERATIVO,08:45 a 16:45,San Martín N° 859,2023
LA LIBERTAD,TRUJILLO,TRUJILLO,OR TRUJILLO I,OPERATIVO,08:45 a 16:45,Pablo Casals Mz. A Lt. 6 Urb. Los Cedros,2023
LA LIBERTAD,BOLIVAR,BOLÍVAR,PAP BOLIVAR,OPERATIVO,08:45 a 16:45,Bolivar S/N - Mz. 20 Lt. 8,2023
LA LIBERTAD,SANCHEZ CARRION,HUAMACHUCO,AG SANCHEZ CARRION,OPERATIVO,08:45 a 16:45,Alfonso Ugarte N° 567,2023
LA LIBERTAD,OTUZCO,OTUZCO,AG OTUZCO,OPERATIVO,08:45 a 16:45,Pasaje Elías Armas Castillo Lt. 5-E1 Mz. 28,2023
LA LIBERTAD,PACASMAYO,SAN PEDRO DE LLOC,AG PACASMAYO,OPERATIVO,08:45 a 16:45,Alianza Nº 524,2023
LA LIBERTAD,PATAZ,TAYABAMBA,PAP PATAZ,OPERATIVO,08:45 a 16:45,Sucre 337 1er Piso Centro Civico,2023
LA LIBERTAD,SANTIAGO DE CHUCO,SANTIAGO DE CHUCO,PAP SANTIAGO DE CHUCO,OPERATIVO,08:45 a 16:45,Luis de La Puente Uceda  Nº 1120,2023
LA LIBERTAD,ASCOPE,ASCOPE,PAP ASCOPE,OPERATIVO,08:45 a 16:45,"Miguel Grau N° 879, Ascope - 1er Piso",2023
LA LIBERTAD,CHEPEN,CHEPÉN,PAP CHEPEN,OPERATIVO,08:45 a 16:45,Calle Manuel Seoane  N° 136. Chepen,2023
LA LIBERTAD,JULCAN,JULCÁN,PAP JULCAN,OPERATIVO,08:45 a 16:45,28 de Julio Nº 201 Centro Civico - Julcán,2023
LA LIBERTAD,GRAN CHIMU,CASCAS,PAP GRAN CHIMU,OPERATIVO,08:45 a 16:45,Progreso S/N Cdra. 3,2023
LA LIBERTAD,VIRU,VIRU,PAP VIRU,OPERATIVO,08:45 a 16:45, Mz. A Lt. N° 08 Urb. Las Palmeras,2023
CAJAMARCA,HUALGAYOC,BAMBAMARCA,ORA BAMBAMARCA - TITO VILLAR CABEZAS,OPERATIVO,08:45 a 16:30,Av. Ricardo Palma Nº 689,2023
CAJAMARCA,CELENDIN,CELENDÍN,ORA DE APOYO CELENDIN,OPERATIVO,08:45 a 16:30,Túpac Amaru Cdra. 4,2023
CAJAMARCA,CAJABAMBA,CAJABAMBA,ORA HOSPITAL NUESTRA SEÑORA DEL ROSARIO,OPERATIVO,08:45 a 16:30,La Torre N° 277,2023
CAJAMARCA,SAN MARCOS,PEDRO GÁLVEZ,ORA SAN MARCOS,OPERATIVO,08:45 a 16:30,Av. 28 de Julio S/N Cdra.2,2023
LA LIBERTAD,TRUJILLO,EL PORVENIR,OR EL PORVENIR,OPERATIVO,08:45 a 16:45,Gabriel Aguilar Nº 1657. 2do piso.,2023
LA LIBERTAD,TRUJILLO,ALTO TRUJILLO,OR ALTO TRUJILLO,OPERATIVO,08:45 a 16:45,Barrio 3 Mz T Lt. 2,2023
CAJAMARCA,CAJAMARCA,CAJAMARCA,ORA SIMON BOLIVAR,OPERATIVO,08:45 a 16:30,Mario Urteaga N° 500,2023
LA LIBERTAD,PACASMAYO,GUADALUPE,ORA DE APOYO TOMÁS LAFORA,OPERATIVO,08:45 a 16:30,La Victoria S/N,2023
CAJAMARCA,CAJAMARCA,LOS BAÑOS DEL INCA,ORA BAÑOS DEL INCA,OPERATIVO,08:45 a 16:30,Pachacútec N° 489,2023
LA LIBERTAD,TRUJILLO,LA ESPERANZA,ORA DISTRITAL JERUSALEN,OPERATIVO,08:45 a 16:30,1 Barrio 3 Mz. 20 Lt. 02 Sector Jerusalén,2023
LA LIBERTAD,PATAZ,CHILLIA,AG CHILLIA,OPERATIVO,08:45 a 16:45,Miraflores S/N,2023
LA LIBERTAD,SANTIAGO DE CHUCO,SANTIAGO DE CHUCO,ORA DE APOYO CESAR ABRAHAM VALLEJO MENDOZA,OPERATIVO,08:45 a 16:30,Gustavo Pinillo S/N - Barrio San Cristobal,2023
LA LIBERTAD,CHEPEN,CHEPEN,ORA DE APOYO CHEPEN,OPERATIVO,08:45 a 16:30,28 de Julio S/N,2023
LA LIBERTAD,SANCHEZ CARRION,HUAMACHUCO,ORA DE APOYO LEONCIO PRADO,OPERATIVO,08:45 a 16:30,10 de Julio N° 209,2023
LA LIBERTAD,OTUZCO,OTUZCO,ORA DE APOYO OTUZCO ELPIDIO BEROVIDES PEREZ,OPERATIVO,08:45 a 16:30,Progreso N° 385,2023
LA LIBERTAD,ASCOPE,PAIJAN,ORA PAIJAN,OPERATIVO,08:45 a 16:30,Vía Panamericana S/N Sector Manco Capac,2023
CAJAMARCA,CONTUMAZA,CHILETE,PANP CHILETE,OPERATIVO,08:45 a 16:45,Arequipa N° 330,2023
CAJAMARCA,CAJAMARCA,CAJAMARCA,MAC - CAJAMARCA,OPERATIVO,08:30 a 16:30,Via De Evitamiento. Jr. El Mutuy y Av. La Cantuta - Cajamarca - Centro Comercial Real Plaza 2do. Piso,2023
LA LIBERTAD,TRUJILLO,TRUJILLO,MAC - LA LIBERTAD,OPERATIVO,08:30 a 16:30,"Centro Comercial Real Plaza de Trujillo -Fundo Las Casuarinas, Sub Lote predio A; Intersección , Av. Fátima 1345, Trujillo, La Libertad",2023
LA LIBERTAD,TRUJILLO,TRUJILLO,OFICINA TERRAPUERTO TRUJILLO,OPERATIVO,08:45 a 16:45,Panamericana Norte 558,2023
LA LIBERTAD,TRUJILLO,TRUJILLO,PANP PODER JUDICIAL TRUJILLO,OPERATIVO,08:45 a 16:45,Mz. P Lote 7 - Urb. Natasha Alta-trujillo,2023
SAN MARTIN,SAN MARTIN,TARAPOTO,ORA HOSPITAL TARAPOTO,OPERATIVO,08:45 a 16:30,Angel Delgado Morey Nº 503,2023
LORETO,DATEM DEL MARAÑON,BARRANCA,PAP DATEM DEL MARAÑON,OPERATIVO,08:45 a 16:45,Tigre Mz. 31 Lt. 08 - San Lorenzo,2023
SAN MARTIN,RIOJA,NUEVA CAJAMARCA,AG NUEVA CAJAMARCA,OPERATIVO,08:45 a 16:45, Fernando Belaunde Terry Altura del Km. 447.50 ,2023
LORETO,ALTO AMAZONAS,YURIMAGUAS,AG ALTO AMAZONAS,OPERATIVO,08:45 a 16:45,Mariscal Castilla N° 411,2023
SAN MARTIN,MOYOBAMBA ,MOYOBAMBA,ORA HOSPITAL MOYOBAMBA,OPERATIVO,08:45 a 16:30,Grau cuadra 4,2023
SAN MARTIN,MOYOBAMBA ,MOYOBAMBA,AG MOYOBAMBA,OPERATIVO,08:45 a 16:45,Dos de Mayo Mz. 1530 Lt. 14 (837),2023
SAN MARTIN,HUALLAGA,SAPOSOA,AG HUALLAGA,OPERATIVO,08:45 a 16:45,Lima N° 591,2023
SAN MARTIN,LAMAS,LAMAS,AG LAMAS,OPERATIVO,08:45 a 16:45,San Martín N° 984,2023
SAN MARTIN,MARISCAL CACERES,JUANJUI,AG MARISCAL CACERES,OPERATIVO,08:45 a 16:45,Eduardo Peña Meza N° 772 ,2023
SAN MARTIN,RIOJA,RIOJA,OR RIOJA,OPERATIVO,08:45 a 16:45,Angaiza N° 530,2023
SAN MARTIN,SAN MARTIN ,TARAPOTO,OR TARAPOTO,OPERATIVO,08:45 a 16:45,Jiménez Pimentel N° 280 ,2023
SAN MARTIN,BELLAVISTA,BELLAVISTA,AG BELLAVISTA,OPERATIVO,08:45 a 16:45,Huallaga - Iquitos Mz. 7 Lt. 27 - A.  1er. Piso,2023
SAN MARTIN,PICOTA,PICOTA,AG PICOTA,OPERATIVO,08:45 a 16:45,"Simón Bolívar, cuadra 4",2023
SAN MARTIN,EL DORADO ,SAN JOSE DE SISA,AG EL DORADO,OPERATIVO,08:45 a 16:45,Comercio N° 610,2023
LORETO,DATEM DEL MARAÑON,BARRANCA,ORA SAN LORENZO - NUCLEO BASE,OPERATIVO,08:45 a 16:30,Daniel Alcides Carrión S/N - Barrio Huacachina,2023
SAN MARTIN,SAN MARTIN ,LA BANDA DE SHILCAYO,AG LA BANDA DE SHILCAYO,OPERATIVO,08:45 a 16:45,Yurimaguas N° 340,2023
SAN MARTIN,MARISCAL CACERES,JUANJUI,ORA HOSPITAL JUANJUI,OPERATIVO,08:45 a 16:30,Arica N° 205,2023
SAN MARTIN,RIOJA,RIOJA,ORA HOSPITAL DE RIOJA,OPERATIVO,08:45 a 16:30,Túpac Amaru S/N,2023
LORETO,ALTO AMAZONAS,LAGUNAS,AG LAGUNAS,OPERATIVO,08:45 a 16:45,CALLE FITZCARRALD C-9,2023
LORETO,ALTO AMAZONAS,YURIMAGUAS,ORA HOSPITAL SANTA GEMA YURIMAGUAS,OPERATIVO,08:45 a 16:30,CALLE HUALLAGA  C-4,2023
LORETO,MAYNAS,PUNCHANA,"ORA HOSPITAL REGIONAL DE LORETO ""FELIPE ARRIOLA IGLESIAS""",OPERATIVO,08:45 a 16:45,28 de Julio S/N,2023
LORETO,MAYNAS,IQUITOS,"ORA HOSPITAL IQUITOS ""CESAR GARAYAR GARCIA""",OPERATIVO,08:45 a 16:45,Cornejo Portugal 1710,2023
LORETO,MAYNAS,BELÉN,OR BELEN,OPERATIVO,08:45 a 16:45,Miraflores S/N P. J. 09 de Octubre,2023
LORETO,MAYNAS,TENIENTE MANUEL CLAVERO,PAP SOPLIN VARGAS,OPERATIVO,08:45 a 16:45,Plaza de Armas S/N  ,2023
LORETO,MAYNAS,IQUITOS,OR IQUITOS,OPERATIVO,08:45 a 16:45,Próspero Nº 201,2023
LORETO,LORETO,NAUTA,PAP NAUTA,OPERATIVO,08:45 a 16:45,Grau Nº 305 Centro,2023
LORETO,REQUENA,REQUENA,PAP REQUENA,OPERATIVO,08:45 a 16:45,San Antonio S/N Anexo Hotel Municipal,2023
LORETO,MARISCAL RAMON CASTILLA,RAMON CASTILLA,PAP MARISCAL RAMON CASTILLA - CABALLOCOCHA,OPERATIVO,08:45 a 16:45,Ayacucho Mz. 22 Lt. 4 C con Amazonas S/N - Local Municipal,2023
LORETO,MAYNAS,SAN JUAN BAUTISTA,OR SAN JUAN BAUTISTA,OPERATIVO,08:45 a 16:45,Abelardo Quiñones Nº 2371 Km. 2.5 ,2023
LORETO,MARISCAL RAMON CASTILLA,YAVARI,PAP YAVARI,OPERATIVO,08:45 a 16:45,Dos de Julio S/N Local Municipal,2023
LORETO,MAYNAS,PUTUMAYO,PAP PUTUMAYO,OPERATIVO,08:45 a 16:45,LOCAL MUNICIPAL,2023
LORETO,MAYNAS,PUNCHANA,PAP PUNCHANA,OPERATIVO,08:45 a 16:45,"Calle Cusco S/N, cuadra 5, equina con Trujillo.",2023
LORETO,REQUENA,REQUENA,ORA REQUENA,OPERATIVO,08:45 a 16:45,Mártires del Petroléo S/N - Malecon Grau,2023
LORETO,MAYNAS,PUNCHANA,MAC - LORETO,OPERATIVO,08:30 a 16:30,La Marina Nº  1338,2023
ANCASH,SANTA,CHIMBOTE,OR SANTA,OPERATIVO,08:45 a 16:45,Jr. Enrique Palacios Nº 504-506 esquina con Jr. Ladislao Espinar Nº 401,2023
ANCASH,SANTA,NUEVO CHIMBOTE,AG NUEVO CHIMBOTE,OPERATIVO,08:45 a 16:45,Mz. 74-75 Lt. 1 del Centro Cívico de la Municipalidad Distrital de Nuevo Chimbote,2023
ANCASH,HUARAZ,HUARAZ,AG HUARAZ,OPERATIVO,08:45 a 16:45,Jr. José Larrea y Loredo N° 764,2023
ANCASH,HUAYLAS,CARAZ,AG HUAYLAS,OPERATIVO,08:45 a 16:45,Jr. Raimondi N° 215,2023
ANCASH,HUARI,HUARI,AG HUARI,OPERATIVO,08:45 a 16:45,Jr. Libertad Mz. P2 Lt. 003,2023
ANCASH,POMABAMBA,POMABAMBA,AG POMABAMBA,OPERATIVO,08:45 a 16:45,Jr. Huaraz Nº 369,2023
ANCASH,SIHUAS,SIHUAS,AG SIHUAS,OPERATIVO,08:45 a 16:45,"Jr. Gomes Arias 106, Barrio Pingullo Alto",2023
ANCASH,PALLASCA,PAMPAS,AG PAMPAS,OPERATIVO,08:45 a 16:45,Calle Plaza de Armas S/N - Municipalidad Distrital de Pampas - 1er piso,2023
ANCASH,CASMA,CASMA,PAP CASMA,OPERATIVO,08:45 a 16:45,Sector Hijuela Mz. C Lt. 13 del Centro Cívico de la Municipalidad Provincial de Casma,2023
ANCASH,HUARMEY,HUARMEY,PAP HUARMEY,OPERATIVO,08:45 a 16:45,1er. Pabellón S/N del Centro Cívico de la Municipalidad Provincial de Huarmey,2023
ANCASH,RECUAY,RECUAY,PAP RECUAY,OPERATIVO,08:45 a 16:45,Jr. Plaza de Armas Nº 180 Municipalidad Distrital de Recuay,2023
ANCASH,CARHUAZ,CARHUAZ,PAP CARHUAZ,OPERATIVO,08:45 a 16:45,Av. La Merced Nº 1006,2023
ANCASH,YUNGAY,YUNGAY,PAP YUNGAY,OPERATIVO,08:45 a 16:45,Av.  Arias Grazziani Lt. 1-2 Centro Cívico de la Municipalidad Provincial de Yungay,2023
ANCASH,CARLOS FERMIN FITZCARRALD,SAN LUÍS,PAP CARLOS FERMÍN FITZCARRALD,OPERATIVO,08:45 a 16:45,Av. Ramón Castilla N° 320 - 1er. piso Centro Cívico de la Municipalidad Provincial de C. F. Fitzcarrald,2023
ANCASH,MARISCAL LUZURIAGA,PISCOBAMBA,PAP MARISCAL LUZURIAGA,OPERATIVO,08:45 a 16:45,"Jr. San Pablo S/N, Centro Cívico de la Municipalidad Provincial de Mariscal Luzuriaga",2023
ANCASH,SANTA,CHIMBOTE,ORA HOSPITAL LA CALETA (Chimbote),OPERATIVO,08:45 a 16:30,Av. Malecon Grau S/N,2023
ANCASH,SANTA,CHIMBOTE,ORA HOSPITAL ESSALUD III CHIMBOTE,OPERATIVO,08:45 a 16:30,Av. Circunvalación Nº 119 Urb. Laderas del Norte,2023
ANCASH,SANTA,CHIMBOTE,ORA MATERNIDAD DE MARÍA (Chimbote),OPERATIVO,08:45 a 16:30,"Av. Enrique Meiggs S/N, PPJJ Miraflores Alto",2023
ANCASH,SANTA,NUEVO CHIMBOTE,ORA HOSPITAL ELEAZAR GUZMÁN BARRÓN (Nuevo Chimbote),OPERATIVO,08:45 a 16:30,"Av. Brasil S/N, Urb. Santa Cristina (Hospital Regional Eleazar Guzmán Barrón puerta de Emergencia)",2023
ANCASH,HUARAZ,HUARAZ,ORA HOSPITAL VÍCTOR RAMOS GUARDIA (Huaraz),OPERATIVO,08:45 a 16:30,"Av. Mariscal Luzuriaga cdra. 01, cruce con Jr. Pedro Villón cdra. 10",2023
ANCASH,HUAYLAS,CARAZ,ORA HOSPITAL DE APOYO CARAZ,OPERATIVO,08:45 a 16:30,Av. 9 de Octubre S/N,2023
ANCASH,HUARI,HUARI,ORA HOSPITAL DE APOYO HUARI,OPERATIVO,08:45 a 16:30,Av. Circunvalación Baja S/N,2023
ANCASH,CORONGO,CORONGO,PANP CORONGO,DESPLAZAMIENTO,08:45 a 16:45,"Jr. Grau N° 206, primer piso de la Municipalidad Provincial de Corongo",2023
ANCASH,PALLASCA,CABANA,PANP PALLASCA,DESPLAZAMIENTO,08:45 a 16:45,"Av. Plaza de Armas N° 103, primer piso de la Municipalidad Provincial de Pallasca",2023
ANCASH,AIJA,AIJA,PANP AIJA,DESPLAZAMIENTO,08:45 a 16:45,"Jr. Gavino Uribe S/N Plaza de Armas, 1er piso de la Municipalidad Provincial de Aija",2023
ANCASH,BOLOGNESI,CHIQUIAN,PANP BOLOGNESI,DESPLAZAMIENTO,08:45 a 16:45,"Jr. Tacna 320, primer piso del Centro Cívico de la Municipalidad Distrital de Chiquian",2023
ANCASH,YUNGAY,YANAMA,AG YANAMA,DESPLAZAMIENTO,08:45 a 16:45,Jr. Gran Chavín 2da cuadra S/N,2023
ANCASH,MARISCAL LUZURIAGA,LLUMPA,PANP LLUMPA,DESPLAZAMIENTO,08:45 a 16:45,Plaza de Armas S/N,2023
ANCASH,ASUNCION,CHACAS,PANP ASUNCIÓN,DESPLAZAMIENTO,08:45 a 16:45,"Jr. Atusparia S/N, esquina con Jr. Lima",2023
ANCASH,HUARI,CHAVIN DE HUANTAR,PANP CHAVÍN DE HUANTAR,DESPLAZAMIENTO,08:45 a 16:45,"Jr. San Martin S/N, 1er piso del Centro Cívico de la Municipalidad Distrital de Chavin de Huantar",2023
ANCASH,HUARI,SAN MARCOS,PANP SAN MARCOS ,DESPLAZAMIENTO,08:45 a 16:45,"Jr. Progreso 332, Plaza de Armas de San Marcos",2023
ANCASH,HUACAYBAMBA,HUACAYBAMBA,PANP HUACAYBAMBA,DESPLAZAMIENTO,08:45 a 16:45,"Av. El Ejercito S/N Barrio San Pedro, 1er piso Municipalidad Provincial de Huacaybamba",2023
ANCASH,ANTONIO RAIMONDI,LLAMELLIN,PANP ANTONIO RAIMONDI,DESPLAZAMIENTO,08:45 a 16:45,Jr. Simón Bolívar N° 229,2023
ANCASH,HUARI,UCO,PANP UCO,DESPLAZAMIENTO,08:45 a 16:45,"Jr. Nicolas de Piérola S/N Plaza de Armas, Municipalidad Distrital de Uco",2023
JUNIN,TARMA,TARMA,AG TARMA,OPERATIVO,08:45 a 16:45,Arequipa Nº 939,2023
JUNIN,CHANCHAMAYO,LA MERCED,AG CHANCHAMAYO,OPERATIVO,08:45 a 16:45,Tarma Nº 236,2023
JUNIN,HUANCAYO,EL TAMBO,OR HUANCAYO,OPERATIVO,08:45 a 16:45,Mariscal Castilla 1801,2023
JUNIN,HUANCAYO,HUANCAYO,"ORA REGIONAL DOCENTE MATERNO INFANTIL ""EL CARMEN""",OPERATIVO,08:45 a 16:30,Puno Nº 911,2023
JUNIN,TARMA,TARMA,ORA DE APOYO FELIX MAYORCA SOTO,OPERATIVO,08:45 a 16:30,Pacheco Nº 362,2023
JUNIN,JAUJA ,JAUJA ,ORA HOSPITAL DOMINGO OLAVEGOYA,DESPLAZAMIENTO,08:45 a 16:30,San Martín Nº 1153 Urb. Olavegoya ,2023
JUNIN,SATIPO,SATIPO,ORA DE APOYO MANUEL HIGA ARAKAKI,DESPLAZAMIENTO,08:45 a 16:30,Daniel Alcides Carrión Nº 398,2023
JUNIN,CHANCHAMAYO ,PICHANAQUI,ORA HOSPITAL DE APOYO PICHANAQUI,OPERATIVO,08:45 a 16:30,San Martín S/N Pichanaki,2023
JUNIN,HUANCAYO,HUANCAYO,ORA LA LIBERTAD,DESPLAZAMIENTO,08:45 a 16:30,HUANCAS 695,2023
JUNIN,CHANCHAMAYO,LA MERCED,ORA HOSPITAL REGIONAL DOCENTE DE MEDICINA TROPICAL DR. JULIO DEMARINI CARO,OPERATIVO,08:45 a 16:30,Daniel A. Carrion S/N Av. Pampa Del Carmen S/N,2023
JUNIN,HUANCAYO,EL TAMBO,ORA HOSPITAL NACIONAL RAMIRO PRIALE,DESPLAZAMIENTO,08:45 a 16:30,INDEPENDENCIA Nº 266,2023
JUNIN,SATIPO,PANGOA,ORA HOSPITAL DE PANGOA,DESPLAZAMIENTO,08:45 a 16:30,La Cultura S/N,2023
JUNIN,HUANCAYO,CHILCA,ORA CHILCA,DESPLAZAMIENTO,08:45 a 16:30,HUMBOLT 900,2023
JUNIN,SATIPO,PANGOA,PAP PANGOA,OPERATIVO,08:45 a 16:30,07 de Junio Nº 641 Plaza Principal Centro Civico,2023
JUNIN,SATIPO,MAZAMARI,PAP MAZAMARI,OPERATIVO,08:45 a 16:30,San Juan N° 377,2023
JUNIN,CONCEPCION,CONCEPCIÓN,PAP CONCEPCIÓN,OPERATIVO,08:45 a 16:30,Ricardo Palma S/N Mercado Modelo Interior 1 ,2023
JUNIN,JAUJA,JAUJA,PAP JAUJA,OPERATIVO,08:45 a 16:30,Sucre N° 889,2023
JUNIN,JUNIN,JUNIN,PAP JUNIN,OPERATIVO,08:45 a 16:30,Simón Bolivar N° 820,2023
JUNIN,YAULI,SANTA ROSA DE SACCO,PAP YAULI,OPERATIVO,08:45 a 16:30,Miguel Grau N° 309,2023
JUNIN,SATIPO,SATIPO,PAP SATIPO,OPERATIVO,08:45 a 16:45,Micaela Bastidas y Jr. Augusto B. Leguia Centro Civico ,2023
JUNIN,CHUPACA,CHUPACA,PAP CHUPACA,OPERATIVO,08:45 a 16:30,Grau N° 195 - Centro Cívico,2023
JUNIN,CHANCHAMAYO,PICHANAQUI,PAP PICHANAQUI,OPERATIVO,08:45 a 16:45,Independencia S/N Coliseo Municipal,2023
AYACUCHO,HUAMANGA,AYACUCHO,"ORA HOSPITAL REGIONAL DE AYACUCHO ""MIGUEL ANGEL MARISCAL LLERENA""",OPERATIVO,08:45 a 16:30,Av.Daniel Alcides Carrión S/N - 2da cuadra.,2023
AYACUCHO,LA MAR,AYNA,PAP AYNA -SAN FRANCISCO,OPERATIVO,08:45 a 16:45,28 de Julio S/N San Francisco,2023
AYACUCHO,HUAMANGA,AYACUCHO,OR HUAMANGA,OPERATIVO,08:45 a 16:45,"San Martin Nº 473, 475, 477 y 477A",2023
AYACUCHO,CANGALLO,CANGALLO,PAP CANGALLO,OPERATIVO,08:45 a 16:45,Maria Parado de Bellido Nº 205,2023
AYACUCHO,HUANTA,HUANTA,AG HUANTA,OPERATIVO,08:45 a 16:45,Ayacucho N° 305,2023
AYACUCHO,LA MAR,SAN MIGUEL,PAP LA MAR,OPERATIVO,08:45 a 16:45,Maria Parado de Bellido S/N ,2023
AYACUCHO,VICTOR FAJARDO,HUANCAPI,PAP VICTOR FAJARDO,OPERATIVO,08:45 a 16:45,Plaza Principal Nº 127,2023
AYACUCHO,HUANCA SANCOS,SANCOS,PAP HUANCASANCOS,OPERATIVO,08:45 a 16:45,Progreso S/N Consejo Provincial de Huanca Sancos,2023
AYACUCHO,VILCAS HUAMAN,VILCAS HUAMAN,PAP VILCASHUAMAN,OPERATIVO,08:45 a 16:45,Los Incas Nº 222,2023
AYACUCHO,SUCRE,QUEROBAMBA,PAP SUCRE,OPERATIVO,08:45 a 16:45,San Martin S/N  Plaza de Armas Consejo Provincial de Sucre,2023
AYACUCHO,HUANTA,HUANTA,"ORA HOSPITAL DE APOYO HUANTA ""DANIEL ALCIDES CARRION""",OPERATIVO,08:45 a 16:30,Mariscal Castilla Nº 628,2023
AYACUCHO,LA MAR,SAN MIGUEL,ORA SAN MIGUEL,OPERATIVO,08:45 a 16:30,Ramon Castilla s/n,2023
AYACUCHO,CANGALLO,CANGALLO,ORA HOSPITAL DE APOYO CANGALLO,OPERATIVO,08:45 a 16:30,Santa Rosa N° 110,2023
CUSCO,LA CONVENCION,PICHARI,PAP PICHARI,OPERATIVO,08:45 a 16:45,BRASIL S/N,2023
APURIMAC,CHINCHEROS,CHINCHEROS,PAP CHINCHEROS,OPERATIVO,08:45 a 16:45,COTABAMBAS N° 121,2023
AYACUCHO,LA MAR,SAMUGARI,PAP SAMUGARI -PALMAPAMPA,OPERATIVO,08:45 a 16:45,Los Laureles S/N – Palmapampa Distrital de Samugari,2023
AYACUCHO,LA MAR,TAMBO,ORA TAMBO,OPERATIVO,08:45 a 16:30,Lima s/n,2023
AYACUCHO,HUAMANGA,JESUS NAZARENO,ORA HOSPITAL DE APOYO JESUS NAZARENO,OPERATIVO,08:45 a 16:30,Ciro Alegría Nº 547,2023
AYACUCHO,VILCAS HUAMAN,VILCAS HUAMAN,ORA VILCASHUAMAN,OPERATIVO,08:45 a 16:30,Vilcasraymi S/N,2023
APURIMAC,ANDAHUAYLAS,TALAVERA,OR ANDAHUAYLAS,OPERATIVO,08:45 a 16:45,Amauta N° 311,2023
APURIMAC,CHINCHEROS,ANCCO HUALLO,ORA  CENTRO DE SALUD URIPA ,OPERATIVO,08:45 a 16:30, Túpac Amaru S/N – URIPA,2023
APURIMAC,ANDAHUAYLAS,ANDAHUAYLAS,ORA HOSPITAL REGIONAL DOCENTE  HUGO PESCE PESCETTO ANDAHUAYLAS ,OPERATIVO,08:45 a 16:30,Hugo Pesce Pesceto S/N,2023
AYACUCHO,HUANTA,SIVIA,ORA HOSPITAL DE APOYO DE SIVIA,OPERATIVO,08:45 a 16:30,Gervacio Santillana S/N,2023
CUSCO,LA CONVENCION,KIMBIRI,ORA CENTRO DE SALUD SAN JUAN DE KIMBIRI,OPERATIVO,08:45 a 16:30,Aeropuerto S/N,2023
CUSCO,LA CONVENCION,PICHARI,ORA HOSPITAL DE APOYO PICHARI,OPERATIVO,08:45 a 16:30,Amazonas s/n,2023
APURIMAC,CHINCHEROS,CHINCHEROS,ORA HOSPITAL DE APOYO CHINCHEROS,OPERATIVO,08:45 a 16:30,Fernando Belaunde Terry S/N,2023
AYACUCHO,CANGALLO,LOS MOROCHUCOS,ORA PAMPA CANGALLO,OPERATIVO,08:45 a 16:30,María Arguedas S/N,2023
AREQUIPA,AREQUIPA,AREQUIPA,ORA HOSPITAL REGIONAL HONORIO DELGADO ESPINOZA,OPERATIVO,08:45 a 16:45,Daniel Alcides Carrión N° 505,2023
TACNA,TACNA,TACNA,ORA TACNA,OPERATIVO,08:45 a 16:45,Blondel S/N,2023
AREQUIPA,AREQUIPA,AREQUIPA,OR AREQUIPA,OPERATIVO,08:45 a 16:45,San Juan de Dios N° 122 y Santo Domingo N° 101,2023
AREQUIPA,CAYLLOMA,CHIVAY,PAP CAYLLOMA,OPERATIVO,08:45 a 16:45,Siglo XX S/N,2023
AREQUIPA,CAMANA,CAMANA,AG CAMANA,OPERATIVO,08:45 a 16:45,Mariscal Castilla N° 221,2023
AREQUIPA,CARAVELI,CARAVELÍ,PAP CARAVELI,OPERATIVO,08:45 a 16:45,Bolivar S/N,2023
AREQUIPA,CASTILLA,APLAO,PAP CASTILLA,OPERATIVO,08:45 a 16:45,Progreso S/N,2023
AREQUIPA,CONDESUYOS,CHUQUIBAMBA,PAP CONDESUYOS,OPERATIVO,08:45 a 16:45,Alameda S/N - Los Tres Errantes,2023
AREQUIPA,ISLAY,MOLLENDO,AG ISLAY,OPERATIVO,08:45 a 16:45,Arequipa Nº 261 ,2023
AREQUIPA,LA UNION,COTAHUASI,PAP LA UNION,OPERATIVO,08:45 a 16:45,Centenario N° 202 - Cotahuasi,2023
MOQUEGUA,MARISCAL NIETO,MOQUEGUA,ORA HOSPITAL REGIONAL MOQUEGUA,OPERATIVO,08:45 a 16:45,Simón Bolívar N° 505,2023
MOQUEGUA,MARISCAL NIETO,MOQUEGUA,AG MARISCAL NIETO,OPERATIVO,08:45 a 16:45,Lima Nº 676,2023
MOQUEGUA,ILO,ILO,AG ILO,OPERATIVO,08:45 a 16:45,Ayacucho N° 529,2023
AREQUIPA,CAYLLOMA,MAJES,AG MAJES,OPERATIVO,08:45 a 16:45,Arequipa S/N - Tienda 06 del Estadio Almirante Miguel Grau - Pedregal,2023
AREQUIPA,AREQUIPA,CAYMA,AG CAYMA,OPERATIVO,08:45 a 16:45,Ramón Castilla S/N - Estadio La Tomilla,2023
TACNA,TACNA,TACNA,AG TACNA,OPERATIVO,08:45 a 16:45,Deustua Nº 173,2023
AREQUIPA,AREQUIPA,AREQUIPA,ORA HOSPITAL III GOYENECHE,OPERATIVO,08:45 a 16:45,Goyeche N° 100,2023
AREQUIPA,CAMANA,CAMANA,ORA HOSPITAL DE CAMANA,OPERATIVO,08:45 a 16:45,Lima 550,2023
AREQUIPA,AREQUIPA,PAUCARPATA,MAC - AREQUIPA,OPERATIVO,08:30 a 16:30,Porongoche N° 500 Paucarpata - Centro Comercial Mall Aventura ,2023
AREQUIPA,CAYLLOMA,MAJES,ORA HOSPITAL CENTRAL DE MAJES- ANGEL GABRIEL CHURA GALLEGOS,OPERATIVO,08:45 a 16:45,Asentamiento B1 lote 1 Irrig. Majes,2023
MOQUEGUA,MARISCAL NIETO,MOQUEGUA,MAC - MOQUEGUA,OPERATIVO,08:30 a 16:30,"Circunvalación 1B Sub lote 1-A, Moquegua",2023
AREQUIPA,AREQUIPA,YURA,PANP YURA,DESPLAZAMIENTO,07:30 a 15:30,Asoc Ciudad de Dios Z-3 Yura,2023
AREQUIPA,AREQUIPA,AREQUIPA,PAP PASEO CENTRAL,OPERATIVO,08:45 a 16:45,Arturo Ibañez S/N,2023
AREQUIPA,AREQUIPA,CERRO COLORADO,C.S. MARITZA CAMPOS DIAZ,OPERATIVO,08:45 a 16:45,Yavari S/N,2023
AREQUIPA,AREQUIPA,PAUCARPATA,HOSPITAL EDMUNDO ESCOMEL,OPERATIVO,08:45 a 16:45,EL Cayro S/N,2023
AREQUIPA,AREQUIPA,AREQUIPA,HOSPITAL CARLOS ALBERTO SEGUIN ESCOBEDO,OPERATIVO,08:45 a 16:45,Peral S/N,2023
AREQUIPA,AREQUIPA,YANAHUARA,ORA HOSPITAL III YANAHUARA,OPERATIVO,08:45 a 16:45,Zamácola S/N,2023
CUSCO,CUSCO,SANTIAGO,ORA ANTONIO LORENA DEL CUSCO,OPERATIVO,08:45 a 16:30,Carlos Ugarte S/N Urb. Primavera Cuartel Agustín Gamarra,2023
CUSCO,CUSCO,WANCHAQ,ORA HOSPITAL NACIONAL ADOLFO GUEVARA VELASCO,OPERATIVO,08:45 a 16:30,Ancelmo Alvarez S/N,2023
APURIMAC,ABANCAY,ABANCAY,OR ABANCAY,OPERATIVO,08:45 a 16:45,La Victoria Nº 214,2023
APURIMAC,AYMARAES,CHALHUANCA,PANP AYMARAES,DESPLAZAMIENTO,08:45 a 16:30,Plaza de Armas S/N (Gobernatura De Chalhuanca),2023
APURIMAC,ANTABAMBA,ANTABAMBA,PANP ANTABAMBA,DESPLAZAMIENTO,08:45 a 16:30,Plaza de Armas S / N,2023
APURIMAC,COTABAMBAS,TAMBOBAMBA,PAP TAMBOBAMBA,OPERATIVO,08:45 a 16:30,Perú - Plaza de Armas S/N - 3er Piso,2023
APURIMAC,GRAU,CHUQUIBAMBILLA,PANP GRAU,DESPLAZAMIENTO,08:45 a 16:30,Plaza de Armas S / N,2023
CUSCO,CUSCO,CUSCO,OR CUSCO,OPERATIVO,08:45 a 16:45,El Sol N° 272,2023
CUSCO,ACOMAYO,ACOMAYO,PANP ACOMAYO,DESPLAZAMIENTO,08:45 a 16:30,Plaza de Armas S/N,2023
CUSCO,ANTA,ANTA ,PAP ANTA,OPERATIVO,08:45 a 16:30,"Jaquijahuana  S / N, Izcuchaca",2023
CUSCO,CALCA,CALCA,AG CALCA,OPERATIVO,08:45 a 16:45,Plaza de Armas S/N,2023
CUSCO,CANAS,YANAOCA,PAP CANAS,OPERATIVO,08:45 a 16:30,Plaza de Armas S/N,2023
CUSCO,CANCHIS,SICUANI,AG CANCHIS,OPERATIVO,08:45 a 16:45,Túpac Amaru N° 163,2023
CUSCO,CHUMBIVILCAS,SANTO TOMAS,PAP CHUMBIVILCAS,OPERATIVO,08:45 a 16:45,Perú S / N (Ruedo de Toros),2023
CUSCO,ESPINAR,ESPINAR,PAP ESPINAR,OPERATIVO,08:45 a 16:45,Teatro S/N  ,2023
CUSCO,LA CONVENCION,SANTA ANA,AG LA CONVENCION,OPERATIVO,08:45 a 16:45,Grau Nº 238,2023
CUSCO,PARURO,PARURO,PANP PARURO,DESPLAZAMIENTO,08:45 a 16:30,Plaza de Armas S/N,2023
CUSCO,PAUCARTAMBO,PAUCARTAMBO,PAP PAUCARTAMBO - JR9,OPERATIVO,08:45 a 16:30,Enrique Yabar S/N,2023
CUSCO,QUISPICANCHI,URCOS,PAP QUISPICANCHI,OPERATIVO,08:45 a 16:45,Huáscar N° 181,2023
CUSCO,URUBAMBA,URUBAMBA,PAP URUBAMBA,OPERATIVO,08:45 a 16:30,Conchatupa S/N,2023
MADRE DE DIOS,TAHUAMANU,IBERIA,AG IBERIA,OPERATIVO,08:45 a 16:45,Máximo Rodríguez N° 124 Plaza de Armas,2023
APURIMAC,ABANCAY,ABANCAY,ORA HOSPITAL REGIONAL GUILLERMO DIAZ DE LA VEGA,OPERATIVO,08:45 a 16:30,Daniel Alcides Carrión S/N,2023
MADRE DE DIOS,TAMBOPATA,TAMBOPATA,OR TAMBOPATA,OPERATIVO,08:45 a 16:45,Lambayeque N° 159,2023
MADRE DE DIOS,MANU,MANU,PANP MANU,DESPLAZAMIENTO,08:45 a 16:30,Esperanza S/N - Local Municipal,2023
CUSCO,ACOMAYO,POMACANCHI,AG POMACANCHI,DESPLAZAMIENTO,08:45 a 16:45,Plaza de Armas S/N,2023
CUSCO,CUSCO,CUSCO,ORA HOSPITAL DE APOYO DEPARTAMENTAL CUSCO,OPERATIVO,08:45 a 16:30,La Cultura S/N,2023
CUSCO,CUSCO,SANTIAGO,ORA BELEMPAMPA,OPERATIVO,08:45 a 16:30,21 de Mayo S/N,2023
CUSCO,CANCHIS,SICUANI,ORA SICUANI,OPERATIVO,08:45 a 16:30,Manuel Callo Zevallos N° 519 - Hospital MINSA Sicuani,2023
MADRE DE DIOS,TAMBOPATA,TAMBOPATA,ORA SANTA ROSA,OPERATIVO,08:45 a 16:30,Cajamarca N° 171,2023
CUSCO,LA CONVENCION,SANTA ANA,ORA QUILLABAMBA,OPERATIVO,08:45 a 16:30,General Gamarra S/N - Hospital Quillabamba,2023
APURIMAC,AYMARAES,CHALHUANCA,ORA CHALHUANCA,OPERATIVO,08:45 a 16:30,Bolivar S/N,2023
CUSCO,ESPINAR,ESPINAR,ORA ESPINAR,OPERATIVO,08:45 a 16:30,Domingo Huarca Cruz S/N Barrio Túpac Amaru  - Hospital Espinar,2023
MADRE DE DIOS,TAHUAMANU,IBERIA,ORA SAN MARTIN DE PORRES DE IBERIA,OPERATIVO,08:45 a 16:30,Mocopata S/N,2023
APURIMAC,COTABAMBAS,TAMBOBAMBA,ORA TAMBOBAMBA,OPERATIVO,08:45 a 16:30,Hospital Tambobamba,2023
APURIMAC,COTABAMBAS,HAQUIRA,PAP HAQUIRA,OPERATIVO,08:45 a 16:30,Plaza de armas S/N-Haquira,2023
CUSCO,CHUMBIVILCAS,SANTO TOMAS,ORA SANTO TOMAS,OPERATIVO,08:45 a 16:30, Andres Avelino Caceres - Hospital Santo Tomas  ,2023
CUSCO,CHUMBIVILCAS,VELILLE,PANP VELILLE,DESPLAZAMIENTO,08:45 a 16:30,Plaza de Armas - Municipalidad Distrital Velille,2023
CUSCO,CALCA,YANATILE,PANP YANATILE,DESPLAZAMIENTO,08:45 a 16:30,Plaza de Armas - Municipalidad Distrital Yanatile,2023
APURIMAC,ABANCAY,CURAHUASI,PANP CURAHUASI,DESPLAZAMIENTO,08:45 a 16:30,Coliseo Cerrado - Municipalidad de Curahuasi,2023
LIMA,LIMA ,JESÚS MARÍA,ORA HOSPITAL NACIONAL EDGARDO REBAGLIATI MARTINS,OPERATIVO,08:45 a 16:45,AV. SALAVERRY CDRA. 13 - PUERTA 6,2023
CALLAO,CALLAO,CALLAO,ORA NAC. DANIEL A. CARRIÓN,OPERATIVO,08:45 a 16:45,Guardia Chalaca Nº 2176 - Bellavista,2023
LIMA,LIMA,SAN JUAN DE LURIGANCHO,ORA HOSPITAL SAN JUAN DE LURIGANCHO,OPERATIVO,08:45 a 16:45,Canto Grande S/N - Altura del paradero 10,2023
LIMA,LIMA,EL AGUSTINO,ORA HOSPITAL NACIONAL HIPOLITO UNANUE,OPERATIVO,08:45 a 16:45,Cesar Vallejo Nº 1390 ,2023
LIMA,LIMA,LIMA,ORA INSTITUTO NACIONAL MATERNO PERINATAL,OPERATIVO,08:45 a 16:45,Miroquesada Nº 941 - Lima,2023
CALLAO,CALLAO,VENTANILLA,OR VENTANILLA,OPERATIVO,08:45 a 16:45,Pachacutec N° 225 - Sector B - Grupo Residencial B1 - Mz. F1 ,2023
LIMA,LIMA,SANTIAGO DE SURCO,OR SURCO - HIGUERETA,OPERATIVO,08:45 a 16:45,Santiago de Surco Nº 2807 Urb. Residencial Higuereta,2023
LIMA,LIMA,SAN BORJA,OR SAN BORJA,OPERATIVO,08:45 a 16:45,San Luis N° 1673 Urb. Jacaranda II,2023
LIMA,LIMA,COMAS,OR COMAS III,OPERATIVO,08:45 a 16:45,San Felipe Nº 830 Urb. San Felipe,2023
LIMA,LIMA,LIMA,OR QUILCA,OPERATIVO,08:45 a 16:45,Quilca Nº 501 y 525 ,2023
LIMA,LIMA,LIMA,AG ANCASH,OPERATIVO,08:45 a 16:45,Ancash Nº 336-340 y 344 (Frente a la Plazuela San Francisco) - Lima,2023
LIMA,LIMA,VILLA MARÍA DEL TRIUNFO,ORA DANIEL ALCIDES CARRION,OPERATIVO,08:45 a 16:45,Pachacutec N° 3470 - Pasando el Terminal Pesquero.,2023
CALLAO,CALLAO,BELLAVISTA,MAC - CALLAO,OPERATIVO,08:30 a 16:30,Oscar R. Benavides N° 3866 - Centro Comercial Mall Aventura Plaza,2023
LIMA,LIMA,LIMA,OR LIMA,OPERATIVO,08:45 a 16:45,Av. Nicolás de Piérola N 545,2023
LIMA,LIMA,ATE,OR ATE,OPERATIVO,08:45 a 16:45,Industrial Nº 438,2023
LIMA,LIMA,COMAS,OR COMAS I,OPERATIVO,08:45 a 16:45,"Tupac Amaru N° 5527 - 5531 - 5535, Urb Huaquillay 2da Etapa",2023
LIMA,LIMA,LURIN,OR LURIN,OPERATIVO,08:45 a 16:45,Simon Bolivar N° 267,2023
LIMA,LIMA,MIRAFLORES,OR MIRAFLORES,OPERATIVO,08:45 a 16:45,Ernesto Diez Canseco N° 230,2023
LIMA,LIMA,PUENTE PIEDRA,OR PUENTE PIEDRA,OPERATIVO,08:45 a 16:45,Ricardo Palma Nº 241,2023
LIMA,LIMA,SAN JUAN DE LURIGANCHO,OR SAN JUAN DE LURIGANCHO,OPERATIVO,08:45 a 16:45,Las Flores Lote 1 Mz. G Urb. Canto Grande Unidad 7,2023
LIMA,LIMA,SAN JUAN DE MIRAFLORES,OR SAN JUAN DE MIRAFLORES,OPERATIVO,08:45 a 16:45,Guillermo Billinghurst  N° 767 – 769 Mz. F Lote 18 Urb. SJM Parcela D,2023
LIMA,LIMA,SAN MARTÍN DE PORRES,OR SAN MARTIN DE PORRES,OPERATIVO,08:45 a 16:45,Eduardo de Habich Nº 590 - 592 con Pedro Paulet N° 589,2023
LIMA,CAJATAMBO,CAJATAMBO,AG CAJATAMBO,OPERATIVO,08:45 a 16:45,Bolognesi S/N - Comisiones de Regantes -Frente plaza de Armas,2023
LIMA,CANTA,CANTA,AG CANTA,OPERATIVO,08:45 a 16:45,Independencia Nº 308 Municipio (Plaza de Armas),2023
LIMA,CAÑETE,SAN VICENTE DE CAÑETE,AG CAÑETE,OPERATIVO,08:45 a 16:45,Los Libertadores Mz. D-3 Lote 4 Urbanización Tercer Mundo,2023
LIMA,HUAURA,HUACHO,AG HUACHO,OPERATIVO,08:45 a 16:45,Grau Nº 295,2023
LIMA,HUAROCHIRI,MATUCANA,AG MATUCANA,OPERATIVO,08:45 a 16:45,Tacna S/N  - Centro Civico,2023
LIMA,YAUYOS,YAUYOS,AG YAUYOS,OPERATIVO,08:45 a 16:45,Plaza Constitución Nº 110,2023
LIMA,HUARAL,HUARAL,AG HUARAL,OPERATIVO,08:45 a 16:45,Los Pinos Nº 149 Mz E Lote 4 Pasaje Urb. El Rosario,2023
LIMA,BARRANCA,BARRANCA,OR BARRANCA,OPERATIVO,08:45 a 16:45,Independencia N° 674 - 676 - 678,2023
LIMA,OYON,OYON,AG OYON,OPERATIVO,08:45 a 16:45,Unión 216,2023
LIMA,LIMA,LURIGANCHO,OR CHOSICA,OPERATIVO,08:45 a 16:45,Chucuito Nº 248 ,2023
LIMA,LIMA,PACHACAMAC,OR PACHACAMAC,OPERATIVO,08:45 a 16:45,Paul Poblet N° 3111 - Dentro del Mercado Jumbo,2023
LIMA,LIMA,JESÚS MARÍA,OR JESUS MARIA,OPERATIVO,08:45 a 16:45,Talara N° 130-132-134 y 136 Jesús Maria,2023
LIMA,LIMA,CIENEGUILLA,OR CIENEGUILLA,OPERATIVO,08:45 a 16:45,"San Martin Lote 15, Zona ""D"" Manzana ""D"" Centro Poblado Tambo Viejo",2023
LIMA,LIMA,SANTA ANITA,OR SANTA ANITA,OPERATIVO,08:45 a 16:45,"Los Eucaliptos Nº 947, Urbanización Universal",2023
LIMA,LIMA,INDEPENDENCIA,OR INDEPENDENCIA,OPERATIVO,08:45 a 16:45,Los Andes Nº 486 Urb. Industrial Panamericana Norte,2023
CALLAO,CALLAO,VENTANILLA,MAC - VENTANILLA,OPERATIVO,08:30 a 16:30,La Playa S/N altura la Urb. Zona Comercial frente a la Plaza Cívica ,2023
LIMA,LIMA,JESÚS MARÍA,AG 06 DE AGOSTO,OPERATIVO,08:45 a 16:45,06 de Agosto N° 856,2023
CALLAO,CALLAO,MI PERÚ,AG MI PERU,OPERATIVO,08:45 a 16:45,Mz. G7 Lt. 06 Mi Perú  interior de la Sede Municipal.,2023
LIMA,LIMA,SAN MARTÍN DE PORRES,ORA NACIONAL CAYETANO HEREDIA,OPERATIVO,08:45 a 16:45,Honorio Delgado N° 262 - Urb. Ingeniería / Obstetricia,2023
LIMA,HUAURA,HUACHO,ORA HOSPITAL GENERAL DE HUACHO,OPERATIVO,08:45 a 16:45,Jose Arnaldo Arambulo La Rosa N° 251,2023
CALLAO,CALLAO,CALLAO,OR CALLAO,OPERATIVO,08:45 a 16:45,Dos de Mayo N° 440 - 446,2023
LIMA,LIMA,SAN BORJA,AG ATENCIONES ESPECIALES DE SAN BORJA,OPERATIVO,08:45 a 16:45,Javier Prado N° 2388 -2386 - 2392,2023
LIMA,LIMA,VILLA EL SALVADOR,OR VILLA EL SALVADOR,OPERATIVO,08:45 a 16:45,"Arriba Perú Nº 640 Sector 2, Grupo 7, Mz J, Lt 05 ",2023
LIMA,LIMA,EL AGUSTINO,MAC - LIMA ESTE,OPERATIVO,08:30 a 16:30,Ancash 2151 - Centro Comercial Agustino Plaza,2023
CALLAO,CALLAO,CARMEN DE LA LEGUA REYNOSO,ORA HOSPITAL SAN JOSE,OPERATIVO,08:45 a 16:45,Las Magnolias 475 Carmen de la Legua-Reynoso,2023
CALLAO,CALLAO,VENTANILLA,ORA HOSPITAL DE VENTANILLA,OPERATIVO,08:45 a 16:45,Pedro Beltran S/N Ventanilla - Hospital de Ventanilla,2023
LIMA,CAÑETE,SAN VICENTE DE CAÑETE,ORA HOSPITAL REZOLA,OPERATIVO,08:45 a 16:45,San Martín Nº 120 -124 ,2023
LIMA,BARRANCA,BARRANCA,ORA HOSPITAL DE BARRANCA,OPERATIVO,08:45 a 16:45,Nicolás de Piérola Nº 210 -224,2023
LIMA,HUARAL,HUARAL,ORA HOSPITAL SAN JUAN BAUTISTA HUARAL,OPERATIVO,08:45 a 16:45,Tacna Nº 120 Urb. San Juan I,2023
LIMA,LIMA ,COMAS,ORA HOSPITAL NACIONAL SERGIO E. BERNALES,OPERATIVO,08:45 a 16:45,"Túpac Amaru N° 8000, Collique, Comas.",2023
LIMA,LIMA,LIMA,ORA NACIONAL DOS DE MAYO,OPERATIVO,08:45 a 16:45,Parque Historia De La Medicina Peruana S/N Altura Cuadra 13 Av Grau,2023
LIMA,LIMA,ATE ,ORA HOSPITAL DE HUAYCAN,OPERATIVO,08:45 a 16:45,José C.Mariátegui S/N Zona B - A.H.Huaycán S/N Ate Lima Lima,2023
LIMA,LIMA,SAN JUAN DE MIRAFLORES,MAC - LIMA SUR,OPERATIVO,08:30 a 16:30,Circunvalación 1583- San Juan de Miraflores,2023
LIMA,LIMA,COMAS,MAC - LIMA NORTE,OPERATIVO,08:30 a 16:30,Los Angeles N° 602 2do piso - Cc Mall Plaza ,2023
LIMA,LIMA,JESUS MARIA,PVM - JESUS MARIA ,OPERATIVO,08:45 a 16:45,Talara N° 130,2023
LIMA,LIMA,SANTIAGO DE SURCO,PVM - JOCKEY PLAZA,OPERATIVO,08:45 a 16:45,Javier Prado Este N° 4200 ( Centro Financiero del Centro Comercial),2023
LIMA,LIMA,SURQUILLO,PVM - OPEN PLAZA ANGAMOS,OPERATIVO,08:45 a 16:45,Cruce Angamos N° 1805 con Tomas Marsano,2023
LIMA,LIMA,CHORRILLOS,PVM - PLAZA LIMA SUR,OPERATIVO,08:45 a 16:45,Prolongación Paseo  de la Republica S/N Urb. Matellini (2do nivel del Centro Comercial) ,2023
CALLAO,CALLAO,VENTANILLA,PVM VENTANILLA,OPERATIVO,08:45 a 16:45,La Playa S/N altura la Urb. Zona Comercial frente a la Plaza Cívica ,2023
CALLAO,CALLAO,BELLAVISTA,PVM MALL AVENTURA PLAZA - CALLAO,OPERATIVO,08:45 a 16:45,Oscar R. Benavides N° 3866 - Centro Comercial Mall Aventura Plaza,2023
LIMA,LIMA,CERCADO,PVM - REAL PLAZA CENTRO CÍVICO,OPERATIVO,08:45 a 16:45,Garcilaso de la Vega N° 1337,2023
LIMA,LIMA,MIRAFLORES,PVM- MIRAFLORES,OPERATIVO,08:45 a 16:45,Diez Canseco N° 230,2023
LIMA,LIMA,INDEPENDENCIA,PVM - INDEPENDENCIA,OPERATIVO,08:45 a 16:45,Los Andes Nº 486 Urb. Industrial Panamericana Norte,2023
LIMA,LIMA,SAN JUAN DE LURIGANCHO,PVM - SAN JUAN DE LURIGANCHO ,OPERATIVO,08:45 a 16:45,Las Flores Lote Nz. 6 Urb . Canto Grande ,2023
LIMA,LIMA,SANTA ANITA,ORA HOSP. JORGE VOTO BERNALES,OPERATIVO,08:45 a 16:45,"CARRETERA CENTRAL KM. 3,5 - SANTA ANITA",2023
LIMA,LIMA,VILLA MARÍA DEL TRIUNFO,CMI JOSE CARLOS MARIATEGUI,OPERATIVO,08:45 a 16:45,"Necochea s/n, AH. Jose Carlos Mariategui, Villa Maria del Triunfo.",2023
LIMA,LIMA,CHORRILLOS,CMI VIRGEN DEL CARMEN ,OPERATIVO,08:45 a 16:45,AV. LEOPOLDO ARIAS 200 FRENTE AL COLISEO MARISCAL CACERES,2023
LIMA,LIMA,SAN BORJA,PVM - SAN SAN BORJA,OPERATIVO,08:45 a 16:45,SAN LUIS 1673 - URB JACARANDA II,2023
ANCASH,OCROS,OCROS,AG OCROS,OPERATIVO,08:45 a 16:45,Plaza de Armas S/N (MUNICIPIO),2023
PUNO,PUNO,PUNO,ORA MANUEL NUÑEZ BUTRON,OPERATIVO,08:45 a 16:45,El Sol N° 1022,2023
PUNO,PUNO,PUNO,ORA HOSPITAL BASE III (PUNO) - RED ASISTENCIAL PUNO,OPERATIVO,08:45 a 16:45,Francisco Cáceres Jara Nº 600,2023
PUNO,SAN ROMAN,JULIACA,ORA CARLOS MONGE MEDRANO,OPERATIVO,08:45 a 16:45,Carretera a Huancane Km 2,2023
PUNO,EL COLLAO ,ILAVE ,ORA ILAVE,OPERATIVO,08:45 a 16:45,Atahualpa Nº 825,2023
PUNO,SAN ROMAN,JULIACA,ORA HOSPITAL BASE III JULIACA - ESSALUD - RED ASISTENCIAL JULIACA,OPERATIVO,08:45 a 16:45,José Santos Chocano S/N - La Capilla,2023
PUNO,PUNO,PUNO,OR PUNO,OPERATIVO,08:45 a 16:45,Arequipa N° 1143 - 1145 Barrio Victoria,2023
PUNO,AZANGARO,AZANGARO,PAP AZANGARO,OPERATIVO,08:45 a 16:45,Azangaro N° 160  (Palacio Municipal),2023
PUNO,CARABAYA,MACUSANI,PAP CARABAYA,OPERATIVO,08:45 a 16:45,Raimondi N° 116,2023
PUNO,CHUCUITO,JULI,PAP CHUCUITO,OPERATIVO,08:45 a 16:45,Ilave 235 - Mercado Central Municipio,2023
PUNO,HUANCANE,HUANCANE,PAP HUANCANE,OPERATIVO,08:45 a 16:45,Moquegua N° 104 - Barrio Progreso,2023
PUNO,LAMPA,LAMPA,PAP LAMPA,OPERATIVO,08:45 a 16:45,Alfonso Ugarte N° 343,2023
PUNO,MELGAR,AYAVIRI,PAP MELGAR,OPERATIVO,08:45 a 16:45,Jorge Chavez N°  550,2023
PUNO,SANDIA,SANDIA,PAP SANDIA,OPERATIVO,08:45 a 16:45,Juliaca S/N - Mercado Central Sandia,2023
PUNO,SAN ROMAN,JULIACA,AG SAN ROMAN,OPERATIVO,08:45 a 16:45,Brascesco N° 181 ,2023
PUNO,YUNGUYO,YUNGUYO,PAP YUNGUYO,OPERATIVO,08:45 a 16:45,Grau Nº 240,2023
PUNO,SAN ANTONIO DE PUTINA,PUTINA,PAP PUTINA,OPERATIVO,08:45 a 16:45,Plaza de Armas S/N (Palacio Municipal),2023
PUNO,EL COLLAO,ILAVE,PAP EL COLLAO,OPERATIVO,08:45 a 16:45,Bolognesi S/N - Coliseo Cubierto Ilave Oficina N° 02,2023
PUNO,MOHO,MOHO,PAP MOHO,DESPLAZAMIENTO (DOMINGOS),08:45 a 16:45,Circunvalación S/N Mercado Municipal,2023
PUNO,AZANGARO,AZANGARO,ORA CARLOS CORNEJO ROSELLO,OPERATIVO,08:45 a 16:45,Francisco Bolognesi N° 557,2023
PUNO,CHUCUITO,JULI,ORA JULI,OPERATIVO,08:45 a 16:45,Panamericana S/N,2023
PUNO,HUANCANE,HUANCANE,ORA HOSPITAL LUCIO ALDAZABAL PAUCA,OPERATIVO,08:45 a 16:45,Santa Cruz S/N,2023
PUNO,MELGAR,AYAVIRI,ORA SAN JUAN DE DIOS (AYAVIRI),OPERATIVO,08:45 a 16:45,Progreso S/N,2023
PUNO,SAN ROMÁN,JULIACA,ORA CENTRO DE SALUD CLAS SANTA ADRIANA,OPERATIVO,08:45 a 16:45,Pachacutec S/N,2023
PUNO,SAN ROMÁN,SAN MIGUEL,PAP SAN MIGUEL - JR11,OPERATIVO,08:45 a 16:45,Palacio Municipal S/N,2023
PUNO,CHUCUITO,DESAGUADERO,PAP DESAGUADERO,OPERATIVO,08:45 a 16:45,28 de Julio N° 305 - Desaguadero,2023
PUNO,PUNO,ACORA,PAP ACORA,OPERATIVO,08:45 a 16:45,Plaza de Armas (Palacio Municipal),2023
ICA,ICA,ICA,ORA REGIONAL DE ICA,OPERATIVO,08:45 a 16:30,Huacachina S/N,2023
AYACUCHO,LUCANAS,PUQUIO,AG LUCANAS,OPERATIVO,08:45 a 16:45,San Pedro  Nº 216,2023
AYACUCHO,PARINACOCHAS,CORACORA,AG PARINACOCHAS,OPERATIVO,08:45 a 16:45,Bolognesi N° 419 Plaza de Armas,2023
AYACUCHO,PAUCAR DEL SARA SARA,PAUSA,PANP PAUCAR DEL SARA SARA,OPERATIVO,08:45 a 16:45,Miguel de Cervantes N° 455 (Palacio Municipal),2023
ICA,ICA,PARCONA,PAP PARCONA,OPERATIVO,08:45 a 16:45,Jhon F. Kennedy N° 500 con Calle Lima S/N (Costado del Palacio Municipal),2023
ICA,ICA,ICA,OR ICA,OPERATIVO,08:45 a 16:45,San Martin N° 1366 Mz. M-02 Lt. 035. Urb. San Isidro ,2023
ICA,CHINCHA,CHINCHA ALTA,AG CHINCHA,OPERATIVO,08:45 a 16:45,Los Angeles N° 300,2023
ICA,NASCA,NASCA,AG NASCA,OPERATIVO,08:45 a 16:45,Fermin del Castillo N° 270,2023
ICA,PISCO,PISCO,AG PISCO,OPERATIVO,08:45 a 16:45,San Juan de Dios N° 288,2023
ICA,PALPA,PALPA,AG PALPA,OPERATIVO,08:45 a 16:45,Portal de Escribanos Nº 145,2023
AYACUCHO,LUCANAS,CABANA,PAP CABANA ,ITINERANTE,08:45 a 16:45,Jorge Chavez N° 272 ,2023
AYACUCHO,LUCANAS,PUQUIO,ORA FELIPE HUAMAN POMA DE AYALA,OPERATIVO,08:45 a 16:30,Arnaldo Alvarado S/N ,2023
AYACUCHO,PARINACOCHAS,CORACORA,ORA HOSPITAL DE APOYO DE CORACORA,OPERATIVO,08:45 a 16:30,La Cultura S/N,2023
ICA,ICA,ICA,ORA SANTA MARIA DEL SOCORRO,OPERATIVO,08:45 a 16:30,Castrovirreyna N° 759,2023
ICA,PISCO,PISCO,ORA SAN JUAN DE DIOS,OPERATIVO,08:45 a 16:30,Fermín Tanguis S/N (Altura del Fundo Alto de la Luna),2023
ICA,CHINCHA,CHINCHA ALTA,ORA SAN JOSE DE CHINCHA,OPERATIVO,08:45 a 16:30,Abelardo Alva Maurtua Nº 600,2023
AYACUCHO,LUCANAS,LARAMATE,PANP LARAMATE,ITINERANTE,08:45 a 16:45,Ica S/N,2023
ICA,NASCA,NASCA,ORA HOSPITAL DE APOYO DE NASCA,OPERATIVO,08:45 a 16:30,Callao S/N - 5ta Cuadra,2023
ICA,ICA,ICA,ORA AUGUSTO HERNANDEZ MENDOZA,OPERATIVO,08:45 a 16:30,Av. José Matias Manzanilla S/N,2023
UCAYALI,CORONEL PORTILLO,CALLERIA,ORA HOSPITAL REGIONAL DE PUCALLPA,OPERATIVO,08:45 a 16:30,Agustin Cauper N° 285,2023
HUANUCO,PUERTO INCA,PUERTO INCA,PAP PUERTO INCA,OPERATIVO,08:45 a 16:45,Vulcano S/N,2023
UCAYALI,CORONEL PORTILLO,YARINACOCHA,ORA HOSPITAL AMAZÓNICO - YARINACOCHA,OPERATIVO,08:45 a 16:30,Aguaytia N° 605,2023
LORETO,UCAYALI,CONTAMANA,PAP CONTAMANA,OPERATIVO,08:45 a 16:45,Nuevo Loreto Mz.38C  Lt.5B,2023
UCAYALI,PADRE ABAD,IRAZOLA ,AG IRAZOLA ,OPERATIVO,08:45 a 16:45,Jr. Progreso S/N ,2023
UCAYALI,PADRE ABAD,PADRE ABAD,ORA AGUAYTIA,OPERATIVO,08:45 a 16:30,Victor Pinedo / Palmeras Mz. 152A Junta Vecinal Pampayurac,2023
UCAYALI,CORONEL PORTILLO,CALLERIA,OR PUCALLPA,OPERATIVO,08:45 a 16:45,"09 de Diciembre N° 378 y Tacna Nº 891 Mz. 07 Lt. Acumulado 1-B, independiente.",2023
UCAYALI,PADRE ABAD,PADRE ABAD,PAP PADRE ABAD,OPERATIVO,08:45 a 16:45,Jr. Grau Nº 214,2023
UCAYALI,ATALAYA,RAIMONDI,PAP ATALAYA,OPERATIVO,08:45 a 16:45,Rioja Nº 659,2023
UCAYALI,PURUS,PURUS,PAP PURUS,OPERATIVO,08:45 a 16:45,Purus S/N,2023
UCAYALI,ATALAYA,TAHUANIA,PAP TAHUANIA,OPERATIVO,08:45 a 16:45,7 de Junio  S/N,2023
UCAYALI,CORONEL PORTILLO,CALLERIA,MAC - UCAYALI,OPERATIVO,08:30 a 16:30,Centenario 1642 (2do piso) Centro Comercial Real Plaza,2023
HUANCAVELICA,HUANCAVELICA,IZCUCHACA,PAP IZCUCHACA,OPERATIVO,08:45 a 16:45,Ferrocarril  S/N ,2023
HUANCAVELICA,ACOBAMBA,PAUCARA,PAP PAUCARA,OPERATIVO,08:45 a 16:45,Plaza Mayor S/N,2023
HUANCAVELICA,HUANCAVELICA,HUANCAVELICA,ORA HOSPITAL REGIONAL ZACARIAS CORREA VALDIVIA,OPERATIVO,08:45 a 16:45,Andrés Avelino Cáceres S/N - Barrio Yananaco,2023
HUANCAVELICA,HUANCAVELICA,HUANCAVELICA,ORA HUANDO,DESPLAZAMIENTO,08:45 a 16:45,Cementerio s/n,2023
HUANCAVELICA,HUANCAVELICA,ASCENSIÓN,ORA HOSPITAL II HUANCAVELICA,OPERATIVO,08:45 a 16:45,Teresa de Jurnet S/N,2023
HUANCAVELICA,HUANCAVELICA,HUANCAVELICA,OR HUANCAVELICA,OPERATIVO,08:45 a 16:45,"Av. San Cristóbal Nº 384, 386 y 388",2023
HUANCAVELICA,ACOBAMBA,ACOBAMBA,OR ACOBAMBA,OPERATIVO,08:45 a 16:45,Dos De Mayo N° 459,2023
HUANCAVELICA,ANGARAES,LIRCAY,OR ANGARAES,OPERATIVO,08:45 a 16:45,Centenario S/N - Barrio de Pueblo Nuevo - Dentro del Centro Civico,2023
HUANCAVELICA,CASTROVIRREYNA,CASTROVIRREYNA,OR CASTROVIRREYNA,OPERATIVO,08:45 a 16:45,Los Libertadores S/N,2023
HUANCAVELICA,TAYACAJA,PAMPAS,OR TAYACAJA,OPERATIVO,08:45 a 16:45,Manco Capac S/N con Jirón Alfonso Ugarte Cordova y Necochea - Coliseo Multiuso,2023
HUANCAVELICA,HUAYTARA,HUAYTARA,OR HUAYTARA,OPERATIVO,08:45 a 16:45,24 de Junio S/N - 2do piso Centro Cívico ,2023
HUANCAVELICA,CHURCAMPA,CHURCAMPA,OR CHURCAMPA,OPERATIVO,08:45 a 16:45,Real N° 255,2023
HUANCAVELICA,TAYACAJA,PAMPAS,ORA HOSPITAL DE PAMPAS,OPERATIVO,08:45 a 16:45,Bolívar S/N ,2023
HUANCAVELICA,ANGARAES,LIRCAY,ORA LIRCAY,DESPLAZAMIENTO,08:45 a 16:45,Esmeralda S/N,2023
HUANCAVELICA,TAYACAJA,SURCUBAMBA,AG SURCUBAMBA,OPERATIVO,08:45 a 16:45,Alfonso Ugarte S/N,2023
HUANCAVELICA,TAYACAJA,COLCABAMBA,AG COLCABAMBA,OPERATIVO,08:45 a 16:45,Av. Centenario S/N,2023
HUANCAVELICA,HUANCAVELICA,YAULI,ORA YAULI,OPERATIVO,08:45 a 16:45,Jorge Chávez S/N,2023
HUANCAVELICA,ACOBAMBA,PAUCARA,ORA PAUCARA,OPERATIVO,08:45 a 16:45,Lircay s/n,2023
PASCO,PASCO,YANACANCHA,ORA DR. DANIEL ALCIDES CARRION GARCIA,OPERATIVO,08:45 a 16:45,Los Incas S/N Urb. San Juan,2023
PASCO,OXAPAMPA,PUERTO BERMUDEZ,PAP PUERTO BERMÚDEZ,OPERATIVO,08:45 a 16:45,Remigio Morales Bermúdez S/N,2023
PASCO,PASCO,HUARIACA,PAP HUARIACA,OPERATIVO,08:45 a 16:45,28 de Julio Nº 129,2023
HUANUCO,HUANUCO,HUÁNUCO,ORA HOSPITAL REGIONAL HERMILIO VALDIZAN,OPERATIVO,08:45 a 16:45,Hermilio Valdizan Nº 950,2023
PASCO,PASCO,PAUCARTAMBO,PAP PAUCARTAMBO - JR15,OPERATIVO,08:45 a 16:45,Plaza 28 de Julio S/N,2023
HUANUCO,HUANUCO,HUÁNUCO,OR HUANUCO,OPERATIVO,08:45 a 16:45,28 de Julio N° 825,2023
HUANUCO,AMBO,AMBO,PAP AMBO,OPERATIVO,08:45 a 16:45,"28 de Julio 697, Centro Cívico",2023
HUANUCO,DOS DE MAYO,LA UNION,PAP DOS DE MAYO,OPERATIVO,08:45 a 16:45,Lourdes N° 221,2023
HUANUCO,HUAMALIES,LLATA,PAP HUAMALIES,OPERATIVO,08:45 a 16:45,Huánuco N° 242,2023
HUANUCO,MARAÑON,HUACRACHUCO,PAP MARAÑON,OPERATIVO,08:45 a 16:45,28 De Julio N° 602 ,2023
HUANUCO,LEONCIO PRADO,RUPA-RUPA,PAP LEONCIO PRADO,OPERATIVO,08:45 a 16:45,Chiclayo N° 585,2023
HUANUCO,PACHITEA,PANAO,PAP PACHITEA,OPERATIVO,08:45 a 16:45,Espinar N° 121,2023
HUANUCO,LAURICOCHA,JESÚS,PAP LAURICOCHA,OPERATIVO,08:45 a 16:45,Cristobal Colon S/N,2023
HUANUCO,YAROWILCA,CHAVINILLO,PAP YAROWILCA,OPERATIVO,08:45 a 16:45,Virgen de Fátima S/N,2023
PASCO,PASCO,CHAUPIMARCA,ORA HOSPITAL II PASCO,OPERATIVO,08:45 a 16:45,Barrio Buenos Aires S/N,2023
HUANUCO,PACHITEA,PANAO,ORA PANAO,OPERATIVO,08:45 a 16:45,Grau Nº 193,2023
HUANUCO,LEONCIO PRADO,RUPA-RUPA,ORA HOSPITAL TINGO MARIA,OPERATIVO,08:45 a 16:45,Mapresa S/N Luyando,2023
HUANUCO,LEONCIO PRADO,JOSÉ CRESPO Y CASTILLO,ORA AUCAYACU,OPERATIVO,08:45 a 16:45,Grau S/N cuadra 4,2023
HUANUCO,HUAMALIES,LLATA,ORA LLATA,OPERATIVO,08:45 a 16:45,28 de Julio N° 216,2023
HUANUCO,DOS DE MAYO,LA UNION,ORA LA UNION,OPERATIVO,08:45 a 16:45,Dos de Mayo N° 185,2023
HUANUCO,LEONCIO PRADO,JOSÉ CRESPO Y CASTILLO,PAP JOSE CRESPO Y CASTILLO,OPERATIVO,08:45 a 16:45,Maria Parado de Bellido S/N Cuadra 4,2023
HUANUCO,LAURICOCHA,BAÑOS,AG BAÑOS,OPERATIVO,08:45 a 16:45,Plaza de Armas S/N,2023
PASCO,PASCO,YANACANCHA,AG PASCO,OPERATIVO,08:45 a 16:45,"Centro Comercial ""Sector Dos de San Juan Pampa Edif. 4 Tienda 3 San Juan-Yanacancha",2023
PASCO,DANIEL ALCIDES CARRION,YANAHUANCA,PAP DANIEL ALCIDES CARRIÓN,OPERATIVO,08:45 a 16:45,Jorge Chavez S/N Plaza Principal,2023
PASCO,OXAPAMPA,OXAPAMPA,PAP OXAPAMPA,OPERATIVO,08:45 a 16:45,Huancabamba S/N Mz. 162 Estadio Municipal Oxapampa,2023
SAN MARTIN,TOCACHE,UCHIZA,AG UCHIZA,OPERATIVO,08:45 a 16:45,Atahualpa N° 920,2023
PASCO,OXAPAMPA,PALCAZÚ,AG PALCAZU,OPERATIVO,08:45 a 16:45,Juan Santos Atahualpa Mz. U Lt. 01,2023
SAN MARTIN,TOCACHE,TOCACHE,PAP TOCACHE,OPERATIVO,08:45 a 16:45,San Juan Cdra 7 S/N Centro Cívico,2023
HUANUCO,HUANUCO,CHINCHAO,ORA ACOMAYO,OPERATIVO,08:45 a 16:45,Iguarizo S/N Mz. 6 Lt. 02,2023
SAN MARTIN,TOCACHE,TOCACHE,ORA HOSPITAL DE TOCACHE,OPERATIVO,08:45 a 16:45,Ricardo Palma N° 550,2023
HUANUCO,HUANUCO,SANTA MARIA DEL VALLE,ORA SANTA MARIA DEL VALLE,OPERATIVO,08:45 a 16:45,Libertad  S/N Intersección Carretera Central ,2023
HUANUCO,HUANUCO ,AMARILIS ,ORA CARLOS SHOWING FERRARI,OPERATIVO,08:45 a 16:45,Micaela Bastidas S/N Paucarbamba ,2023
PASCO,OXAPAMPA,OXAPAMPA,ORA HOSPITAL ERNESTO GERMAN GUZMAN GONZALES,OPERATIVO,08:45 a 16:45,Eduardo Loechle S/N - Chontabamba,2023
HUANUCO,HUANUCO,HUANUCO,MAC - HUANUCO,OPERATIVO,08:30 a 16:30,"Independencia N° 1601, Centro Comercial Real Plaza, Primer Piso",2023
HUANUCO,PACHITEA,UMARI,ORA TAMBILLO UMARI,OPERATIVO,08:45 a 16:45,Huanuco - Panao Km 37,2023
HUANUCO,YAROWILCA,CHAVINILLO,ORA CHAVINILLO,OPERATIVO,08:45 a 16:45,San Juan N° 102,2023
PASCO,OXAPAMPA,CONSTITUCIÓN,AG CONSTITUCION,OPERATIVO,08:45 a 16:45,Fernando Belaunde S/N 4ta Etapa del Distrito de Constitución,2023
AMAZONAS,CHACHAPOYAS,CHACHAPOYAS,OR CHACHAPOYAS,OPERATIVO,08:45 a 16:45,Triunfo Nº 903 1° Piso,2023
AMAZONAS,BAGUA,BAGUA,PAP BAGUA,OPERATIVO,08:45 a 16:45,Los Cedros Nº 263,2023
AMAZONAS,BONGARA,JAZAN,AG BONGARA,OPERATIVO,08:45 a 16:45,Marginal  Nº 100 -Pedro Ruíz,2023
AMAZONAS,LUYA ,LAMUD,AG LUYA,OPERATIVO,08:45 a 16:45,Diego Mori Zuta n° 447,2023
AMAZONAS,RODRIGUEZ DE MENDOZA,SAN NICOLÁS,AG RODRIGUEZ DE MENDOZA,OPERATIVO,08:45 a 16:45,Victor Mori N° 204,2023
AMAZONAS,CONDORCANQUI,NIEVA,PAP CONDORCANQUI,OPERATIVO,08:45 a 16:45,Gonzalo puerta S/N,2023
AMAZONAS,UTCUBAMBA,BAGUA GRANDE,PAP UTCUBAMBA,OPERATIVO,08:45 a 16:45,Simón Bolivar N° 545,2023
CAJAMARCA,JAEN,JAEN,OR JAEN,OPERATIVO,08:45 a 16:45,Mariscal Ureta Nº 915,2023
CAJAMARCA,SAN IGNACIO,SAN IGNACIO,PAP SAN IGNACIO,OPERATIVO,08:45 a 16:45,Santo Domingo Nº 169,2023
AMAZONAS,BAGUA,IMAZA,OR IMAZA,OPERATIVO,08:45 a 16:45,Awajun S/N Plaza de Armas,2023
AMAZONAS,CHACHAPOYAS,CHACHAPOYAS,ORA HOSPITAL REGIONAL VIRGEN DE FATIMA,OPERATIVO,08:45 a 16:45,Daniel Alcides Carrión N° 035,2023
AMAZONAS,BAGUA,BAGUA,ORA HOSPITAL DE APOYO GUSTAVO LANATTA LUJAN,OPERATIVO,08:45 a 16:45,Héroes de Cenepa N°980,2023
CAJAMARCA,JAEN,JAEN,ORA HOSPITAL GENERAL DE JAEN,OPERATIVO,08:45 a 16:45,Huamantanga s/n,2023
AMAZONAS,BAGUA,IMAZA,ORA CHIRIACO,OPERATIVO,08:45 a 16:45,Junin S/N,2023
AMAZONAS,UTCUBAMBA,BAGUA GRANDE,ORA HOSPITAL DE APOYO SANTIAGO APOSTOL DE UTCUBAMBA,OPERATIVO,08:45 a 16:45,San Felipe Santiago N°111,2023
CAJAMARCA,SAN IGNACIO,SAN IGNACIO,ORA SAN IGNACIO,OPERATIVO,08:45 a 16:45,"Abelardo Quiñones S/N, Sector Santiago",2023
AMAZONAS,BONGARA,FLORIDA,ORA POMACOCHAS,OPERATIVO,08:45 a 16:45,Pomacochas S/N ,2023
CAJAMARCA,JAEN,PUCARA,PAP PUCARA,OPERATIVO,08:45 a 16:45,Lindo 548,2023
AMAZONAS,UTCUBAMBA,LONYA GRANDE,ORA LONYA GRANDE,OPERATIVO,08:45 a 16:45,Alto Amazonas 340,2023
AMAZONAS,CONDORCANQUI,RIO SANTIAGO,ORA GALILEA,OPERATIVO,08:45 a 16:45,La Amistad S/N,2023
LAMBAYEQUE,CHICLAYO,CHICLAYO,ORA HOSPITAL REGIONAL DOCENTE LAS MERCEDES,OPERATIVO,08:45 a 16:30,Luis Gonzáles  Nº 635,2023
LAMBAYEQUE,CHICLAYO,CHICLAYO,ORA HOSPITAL ALMANZOR AGUINAGA ASENJO,OPERATIVO,08:45 a 16:30,Plaza de la Seguridad Social S/N,2023
PIURA,SULLANA,SULLANA,ORA HOSPITAL DE APOYO II-SULLANA,OPERATIVO,08:45 a 16:30,Santa Rosa S/N,2023
CAJAMARCA,CUTERVO,CUTERVO,PAP CUTERVO,OPERATIVO,08:45 a 16:45,Jr. Comercio N° 1103 Mz. 203 Lt. 14-Urb. Los Jardines ,2023
CAJAMARCA,CHOTA,CHOTA,AG CHOTA,OPERATIVO,08:45 a 16:45,Jr. 30 de Agosto N° 848,2023
CAJAMARCA,SANTA CRUZ,SANTA CRUZ,PAP SANTA CRUZ,OPERATIVO,08:45 a 16:30,Domingo Negrón Nº 399,2023
LAMBAYEQUE,CHICLAYO,JOSE LEONARDO ORTIZ,OR JOSÉ LEONARDO ORTIZ,OPERATIVO,08:45 a 16:45,Cacique Cinto Nº 317 Urb. Latina,2023
PIURA,AYABACA,FRÍAS,OR FRIAS,OPERATIVO,08:45 a 16:30,Lima Nº 235 - 2do piso,2023
LAMBAYEQUE,CHICLAYO,CHICLAYO,OR CHICLAYO,OPERATIVO,08:45 a 16:45,Balta N° 680 y esquina con Av. Elias Aguirre,2023
LAMBAYEQUE,FERREÑAFE,FERREÑAFE,PAP FERREÑAFE,OPERATIVO,08:45 a 16:45,Tres Marías Nº 717 – B,2023
LAMBAYEQUE,LAMBAYEQUE,LAMBAYEQUE,PAP LAMBAYEQUE,OPERATIVO,08:45 a 16:45,Huamachuco N° 342,2023
CAJAMARCA,CUTERVO,CUTERVO,ORA SANTA MARIA DE CUTERVO,OPERATIVO,08:45 a 16:30,Ica S/N,2023
CAJAMARCA,CHOTA,CHOTA,ORA HOSPITAL DE APOYO CHOTA - JOSE SOTO CADENILLAS,OPERATIVO,08:45 a 16:30,Ezequiel Montoya Nª 718,2023
PIURA,PIURA,PIURA,OR PIURA,OPERATIVO,08:45 a 16:45,Libertad Nº 568,2023
PIURA,AYABACA,AYABACA,PAP AYABACA,OPERATIVO,08:45 a 16:30,Bolognesi N° 181,2023
PIURA,HUANCABAMBA,HUANCABAMBA,PAP HUANCABAMBA,OPERATIVO,08:45 a 16:30,Complejo Terminal Terrestre S/N - Stand 14,2023
PIURA,MORROPON,CHULUCANAS,AG CHULUCANAS,OPERATIVO,08:45 a 16:45,Jr. Cuzco N° 202,2023
PIURA,PAITA,PAITA,PAP PAITA,OPERATIVO,08:45 a 16:30,San Martin S/N Plaza de Armas - Municipalidad de Paita,2023
PIURA,SULLANA,SULLANA,OR SULLANA,OPERATIVO,08:45 a 16:45,Leoncio Prado Nº 517 ,2023
PIURA,TALARA,PARIÑAS,AG TALARA,OPERATIVO,08:45 a 16:45,Mártires Petroleros B-3 Conjunto Habitacional - Talara,2023
PIURA,SECHURA,SECHURA,PAP SECHURA,OPERATIVO,08:45 a 16:30,Dos de Mayo Nº 618 - Plaza de Armas - Municipalidad de Sechura,2023
PIURA,PIURA,TAMBO GRANDE,PAP TAMBOGRANDE,OPERATIVO,08:45 a 16:30,Jr. Salitral Nº 241,2023
PIURA,PIURA,PIURA,MAC - PIURA,OPERATIVO,08:30 a 16:30,Sanchez Cerro con Wiesse Centro Comercial Real Plaza,2023
PIURA,PAITA,PAITA,ORA HOSPITAL LAS MERCEDES-PAITA,OPERATIVO,08:45 a 16:30,Zona Industrial Sector II Mz. H Lt. 1 Jr. Los Pescadores S/N ,2023
TUMBES,TUMBES,TUMBES,OR TUMBES,OPERATIVO,08:45 a 16:45,Tumbes Nº 550,2023
TUMBES,CONTRALMIRANTE VILLAR,ZORRITOS,PANP CONTRALMIRANTE VILLAR - ZORRITOS,DESPLAZAMIENTO,08:45 a 16:45,Grau Nº 305,2023
TUMBES,ZARUMILLA,ZARUMILLA,PAP ZARUMILLA,OPERATIVO,08:45 a 16:30,El Ejérrcito Nº 105 - Interior Biblioteca Municipal,2023
LAMBAYEQUE,LAMBAYEQUE,OLMOS,PANP OLMOS,DESPLAZAMIENTO,08:45 a 16:45,A. B. Leguía/Calle Alfonso Ugarte,2023
PIURA,PIURA,TAMBO GRANDE,ORA TAMBO GRANDE,OPERATIVO,08:45 a 16:30,"Froilan Alama,, AA.HH.Froilan Alama",2023
LAMBAYEQUE,LAMBAYEQUE,LAMBAYEQUE,ORA HOSPITAL PROVINCIAL DOCENTE BELEN-LAMBAYEQUE,OPERATIVO,08:45 a 16:30,Ramón Castilla Nº 597,2023
TUMBES,TUMBES,TUMBES,ORA HOSPITAL REGIONAL JOSE ALFREDO MENDOZA OLAVARRIA JAMO II-2,OPERATIVO,08:45 a 16:30,24 de Julio Nº 565 ,2023
PIURA,PIURA,Veintises de Octubre,ORA HOSPITAL DE LA AMISTAD PERU - COREA SANTA ROSA II-2,OPERATIVO,08:45 a 16:45,Prolongación Av. Grau/Av. Chulucanas ,2023
LAMBAYEQUE,CHICLAYO,CHICLAYO,ORA HOSPITAL REGIONAL LAMBAYEQUE,OPERATIVO,08:45 a 16:30,Intersección de Carretera Panamerica Norte y Vía de Evitamiento S/N,2023
LA LIBERTAD,TRUJILLO,TRUJILLO,ORA REGIONAL DOCENTE DE TRUJILLO,OPERATIVO,08:45 a 16:30,Mansiche Nº 795,2023
CAJAMARCA,CAJAMARCA,CAJAMARCA,ORA REGIONAL CAJAMARCA,OPERATIVO,08:45 a 16:30,Larry Jhonson S/N Cdra. 8,2023
LA LIBERTAD,TRUJILLO,TRUJILLO,ORA HOSPITAL BELEN DE TRUJILLO,OPERATIVO,08:45 a 16:30,Bolívar Nº 350,2023
CAJAMARCA,CAJAMARCA,CAJAMARCA,OR CAJAMARCA,OPERATIVO,08:45 a 16:45,Del Comercio Nº 633,2023
CAJAMARCA,CAJABAMBA,CAJABAMBA,PAP CAJABAMBA,OPERATIVO,08:45 a 16:45,Miguel Grau Nº 224-226-228 Mz. 31 Lt. 2 ,2023
CAJAMARCA,CELENDIN,CELENDÍN,PAP CELENDIN,OPERATIVO,08:45 a 16:45,Pardo N° 610,2023
CAJAMARCA,CONTUMAZA,CONTUMAZÁ,PAP CONTUMAZA,OPERATIVO,08:45 a 16:45,Miguel Grau Nº 212,2023
CAJAMARCA,HUALGAYOC,BAMBAMARCA,PAP HUALGAYOC,OPERATIVO,08:45 a 16:45,07 de Junio Nº 470,2023
CAJAMARCA,SAN MIGUEL,SAN MIGUEL,PAP SAN MIGUEL,OPERATIVO,08:45 a 16:45,Bolognesi N° 364,2023
CAJAMARCA,SAN MARCOS,PEDRO GÁLVEZ,PAP SAN MARCOS,OPERATIVO,08:45 a 16:45,Jr. Alfonso Ugarte N° 325 (Mz. 46 Lt. 17 Centro Poblado San Marcos).,2023
CAJAMARCA,SAN PABLO,SAN PABLO,PAP SAN PABLO,OPERATIVO,08:45 a 16:45,Plaza de Armas S/N,2023
LA LIBERTAD,TRUJILLO,VICTOR LARCO HERRERA,OR TRUJILLO II,OPERATIVO,08:45 a 16:45,Víctor Larco N° 1096. Urb. Vista Alegre,2023
LA LIBERTAD,PATAZ,PARCOY,OR PARCOY,OPERATIVO,08:45 a 16:45,San Martín N° 859,2023
LA LIBERTAD,TRUJILLO,TRUJILLO,OR TRUJILLO I,OPERATIVO,08:45 a 16:45,Pablo Casals Mz. A Lt. 6 Urb. Los Cedros,2023
LA LIBERTAD,BOLIVAR,BOLÍVAR,PAP BOLIVAR,OPERATIVO,08:45 a 16:45,Bolivar S/N - Mz. 20 Lt. 8,2023
LA LIBERTAD,SANCHEZ CARRION,HUAMACHUCO,AG SANCHEZ CARRION,OPERATIVO,08:45 a 16:45,Alfonso Ugarte N° 567,2023
LA LIBERTAD,OTUZCO,OTUZCO,AG OTUZCO,OPERATIVO,08:45 a 16:45,Pasaje Elías Armas Castillo Lt. 5-E1 Mz. 28,2023
LA LIBERTAD,PACASMAYO,SAN PEDRO DE LLOC,AG PACASMAYO,OPERATIVO,08:45 a 16:45,Alianza Nº 524,2023
LA LIBERTAD,PATAZ,TAYABAMBA,PAP PATAZ,OPERATIVO,08:45 a 16:45,Sucre 337 1er Piso Centro Civico,2023
LA LIBERTAD,SANTIAGO DE CHUCO,SANTIAGO DE CHUCO,PAP SANTIAGO DE CHUCO,OPERATIVO,08:45 a 16:45,Luis de La Puente Uceda  Nº 1120,2023
LA LIBERTAD,ASCOPE,ASCOPE,PAP ASCOPE,OPERATIVO,08:45 a 16:45,"Miguel Grau N° 879, Ascope - 1er Piso",2023
LA LIBERTAD,CHEPEN,CHEPÉN,PAP CHEPEN,OPERATIVO,08:45 a 16:45,Calle Manuel Seoane  N° 136. Chepen,2023
LA LIBERTAD,JULCAN,JULCÁN,PAP JULCAN,OPERATIVO,08:45 a 16:45,28 de Julio Nº 201 Centro Civico - Julcán,2023
LA LIBERTAD,GRAN CHIMU,CASCAS,PAP GRAN CHIMU,OPERATIVO,08:45 a 16:45,Progreso S/N Cdra. 3,2023
LA LIBERTAD,VIRU,VIRU,PAP VIRU,OPERATIVO,08:45 a 16:45, Mz. A Lt. N° 08 Urb. Las Palmeras,2023
CAJAMARCA,HUALGAYOC,BAMBAMARCA,ORA BAMBAMARCA - TITO VILLAR CABEZAS,OPERATIVO,08:45 a 16:30,Av. Ricardo Palma Nº 689,2023
CAJAMARCA,CELENDIN,CELENDÍN,ORA DE APOYO CELENDIN,OPERATIVO,08:45 a 16:30,Túpac Amaru Cdra. 4,2023
CAJAMARCA,CAJABAMBA,CAJABAMBA,ORA HOSPITAL NUESTRA SEÑORA DEL ROSARIO,OPERATIVO,08:45 a 16:30,La Torre N° 277,2023
CAJAMARCA,SAN MARCOS,PEDRO GÁLVEZ,ORA SAN MARCOS,OPERATIVO,08:45 a 16:30,Av. 28 de Julio S/N Cdra.2,2023
LA LIBERTAD,TRUJILLO,EL PORVENIR,OR EL PORVENIR,OPERATIVO,08:45 a 16:45,Gabriel Aguilar Nº 1657. 2do piso.,2023
LA LIBERTAD,TRUJILLO,ALTO TRUJILLO,OR ALTO TRUJILLO,OPERATIVO,08:45 a 16:45,Barrio 3 Mz T Lt. 2,2023
CAJAMARCA,CAJAMARCA,CAJAMARCA,ORA SIMON BOLIVAR,OPERATIVO,08:45 a 16:30,Mario Urteaga N° 500,2023
LA LIBERTAD,PACASMAYO,GUADALUPE,ORA DE APOYO TOMÁS LAFORA,OPERATIVO,08:45 a 16:30,La Victoria S/N,2023
CAJAMARCA,CAJAMARCA,LOS BAÑOS DEL INCA,ORA BAÑOS DEL INCA,OPERATIVO,08:45 a 16:30,Pachacútec N° 489,2023
LA LIBERTAD,TRUJILLO,LA ESPERANZA,ORA DISTRITAL JERUSALEN,OPERATIVO,08:45 a 16:30,1 Barrio 3 Mz. 20 Lt. 02 Sector Jerusalén,2023
LA LIBERTAD,PATAZ,CHILLIA,AG CHILLIA,OPERATIVO,08:45 a 16:45,Miraflores S/N,2023
LA LIBERTAD,SANTIAGO DE CHUCO,SANTIAGO DE CHUCO,ORA DE APOYO CESAR ABRAHAM VALLEJO MENDOZA,OPERATIVO,08:45 a 16:30,Gustavo Pinillo S/N - Barrio San Cristobal,2023
LA LIBERTAD,CHEPEN,CHEPEN,ORA DE APOYO CHEPEN,OPERATIVO,08:45 a 16:30,28 de Julio S/N,2023
LA LIBERTAD,SANCHEZ CARRION,HUAMACHUCO,ORA DE APOYO LEONCIO PRADO,OPERATIVO,08:45 a 16:30,10 de Julio N° 209,2023
LA LIBERTAD,OTUZCO,OTUZCO,ORA DE APOYO OTUZCO ELPIDIO BEROVIDES PEREZ,OPERATIVO,08:45 a 16:30,Progreso N° 385,2023
LA LIBERTAD,ASCOPE,PAIJAN,ORA PAIJAN,OPERATIVO,08:45 a 16:30,Vía Panamericana S/N Sector Manco Capac,2023
CAJAMARCA,CONTUMAZA,CHILETE,PANP CHILETE,OPERATIVO,08:45 a 16:45,Arequipa N° 330,2023
CAJAMARCA,CAJAMARCA,CAJAMARCA,MAC - CAJAMARCA,OPERATIVO,08:30 a 16:30,Via De Evitamiento. Jr. El Mutuy y Av. La Cantuta - Cajamarca - Centro Comercial Real Plaza 2do. Piso,2023
LA LIBERTAD,TRUJILLO,TRUJILLO,MAC - LA LIBERTAD,OPERATIVO,08:30 a 16:30,"Centro Comercial Real Plaza de Trujillo -Fundo Las Casuarinas, Sub Lote predio A; Intersección , Av. Fátima 1345, Trujillo, La Libertad",2023
LA LIBERTAD,VIRU,VIRU,ORA PROVINCIAL DE VIRÚ,OPERATIVO,08:45 a 16:30,Sucre Nº 799,2023
SAN MARTIN,SAN MARTIN,TARAPOTO,ORA HOSPITAL TARAPOTO,OPERATIVO,08:45 a 16:30,Angel Delgado Morey Nº 503,2023
LORETO,DATEM DEL MARAÑON,BARRANCA,PAP DATEM DEL MARAÑON,OPERATIVO,08:45 a 16:45,Tigre Mz. 31 Lt. 08 - San Lorenzo,2023
SAN MARTIN,RIOJA,NUEVA CAJAMARCA,AG NUEVA CAJAMARCA,OPERATIVO,08:45 a 16:45, Fernando Belaunde Terry Altura del Km. 447.50 ,2023
LORETO,ALTO AMAZONAS,YURIMAGUAS,AG ALTO AMAZONAS,OPERATIVO,08:45 a 16:45,Mariscal Castilla N° 411,2023
SAN MARTIN,MOYOBAMBA ,MOYOBAMBA,ORA HOSPITAL MOYOBAMBA,OPERATIVO,08:45 a 16:30,Grau cuadra 4,2023
SAN MARTIN,MOYOBAMBA ,MOYOBAMBA,AG MOYOBAMBA,OPERATIVO,08:45 a 16:45,Dos de Mayo Mz. 1530 Lt. 14 (837),2023
SAN MARTIN,HUALLAGA,SAPOSOA,AG HUALLAGA,OPERATIVO,08:45 a 16:45,Lima N° 591,2023
SAN MARTIN,LAMAS,LAMAS,AG LAMAS,OPERATIVO,08:45 a 16:45,San Martín N° 984,2023
SAN MARTIN,MARISCAL CACERES,JUANJUI,AG MARISCAL CACERES,OPERATIVO,08:45 a 16:45,Eduardo Peña Meza N° 772 ,2023
SAN MARTIN,RIOJA,RIOJA,OR RIOJA,OPERATIVO,08:45 a 16:45,Angaiza N° 530,2023
SAN MARTIN,SAN MARTIN ,TARAPOTO,OR TARAPOTO,OPERATIVO,08:45 a 16:45,Jiménez Pimentel N° 280 ,2023
SAN MARTIN,BELLAVISTA,BELLAVISTA,AG BELLAVISTA,OPERATIVO,08:45 a 16:45,Huallaga - Iquitos Mz. 7 Lt. 27 - A.  1er. Piso,2023
SAN MARTIN,PICOTA,PICOTA,AG PICOTA,OPERATIVO,08:45 a 16:45,"Simón Bolívar, cuadra 4",2023
SAN MARTIN,EL DORADO ,SAN JOSE DE SISA,AG EL DORADO,OPERATIVO,08:45 a 16:45,Comercio N° 610,2023
LORETO,DATEM DEL MARAÑON,BARRANCA,ORA SAN LORENZO - NUCLEO BASE,OPERATIVO,08:45 a 16:30,Daniel Alcides Carrión S/N - Barrio Huacachina,2023
SAN MARTIN,SAN MARTIN ,LA BANDA DE SHILCAYO,AG LA BANDA DE SHILCAYO,OPERATIVO,08:45 a 16:45,Yurimaguas N° 340,2023
SAN MARTIN,MARISCAL CACERES,JUANJUI,ORA HOSPITAL JUANJUI,OPERATIVO,08:45 a 16:30,Arica N° 205,2023
SAN MARTIN,RIOJA,RIOJA,ORA HOSPITAL DE RIOJA,OPERATIVO,08:45 a 16:30,Túpac Amaru S/N,2023
LORETO,ALTO AMAZONAS,LAGUNAS,AG LAGUNAS,OPERATIVO,08:45 a 16:45,CALLE FITZCARRALD C-9,2023
LORETO,ALTO AMAZONAS,YURIMAGUAS,ORA HOSPITAL SANTA GEMA YURIMAGUAS,OPERATIVO,08:45 a 16:30,CALLE HUALLAGA  C-4,2023
LORETO,MAYNAS,PUNCHANA,"ORA HOSPITAL REGIONAL DE LORETO ""FELIPE ARRIOLA IGLESIAS""",OPERATIVO,08:45 a 16:45,28 de Julio S/N,2023
LORETO,MAYNAS,IQUITOS,"ORA HOSPITAL IQUITOS ""CESAR GARAYAR GARCIA""",OPERATIVO,08:45 a 16:45,Cornejo Portugal 1710,2023
LORETO,MAYNAS,BELÉN,OR BELEN,OPERATIVO,08:45 a 16:45,Miraflores S/N P. J. 09 de Octubre,2023
LORETO,MAYNAS,TENIENTE MANUEL CLAVERO,PAP SOPLIN VARGAS,OPERATIVO,08:45 a 16:45,Plaza de Armas S/N  ,2023
LORETO,MAYNAS,IQUITOS,OR IQUITOS,OPERATIVO,08:45 a 16:45,Próspero Nº 201,2023
LORETO,LORETO,NAUTA,PAP NAUTA,OPERATIVO,08:45 a 16:45,Grau Nº 305 Centro,2023
LORETO,REQUENA,REQUENA,PAP REQUENA,OPERATIVO,08:45 a 16:45,San Antonio S/N Anexo Hotel Municipal,2023
LORETO,MARISCAL RAMON CASTILLA,RAMON CASTILLA,PAP MARISCAL RAMON CASTILLA - CABALLOCOCHA,OPERATIVO,08:45 a 16:45,Ayacucho Mz. 22 Lt. 4 C con Amazonas S/N - Local Municipal,2023
LORETO,MAYNAS,SAN JUAN BAUTISTA,OR SAN JUAN BAUTISTA,OPERATIVO,08:45 a 16:45,Abelardo Quiñones Nº 2371 Km. 2.5 ,2023
LORETO,MARISCAL RAMON CASTILLA,YAVARI,PAP YAVARI,OPERATIVO,08:45 a 16:45,Dos de Julio S/N Local Municipal,2023
LORETO,PUTUMAYO,PUTUMAYO,PAP PUTUMAYO,OPERATIVO,08:45 a 16:45,LOCAL MUNICIPAL,2023
LORETO,MAYNAS,PUNCHANA,PAP PUNCHANA,OPERATIVO,08:45 a 16:45,"Calle Cusco S/N, cuadra 5, equina con Trujillo.",2023
LORETO,REQUENA,REQUENA,ORA REQUENA,OPERATIVO,08:45 a 16:45,Mártires del Petroléo S/N - Malecon Grau,2023
LORETO,MARISCAL RAMON CASTILLA,RAMON CASTILLA,ORA CABALLOCOCHA,OPERATIVO,08:45 a 16:45,Progreso N° 425,2023
LORETO,MAYNAS,PUNCHANA,MAC - LORETO,OPERATIVO,08:30 a 16:30,La Marina Nº  1338,2023
ANCASH,SANTA,CHIMBOTE,OR SANTA,OPERATIVO,08:45 a 16:45,Jr. Enrique Palacios Nº 504-506 esquina con Jr. Ladislao Espinar Nº 401,2023
ANCASH,SANTA,NUEVO CHIMBOTE,AG NUEVO CHIMBOTE,OPERATIVO,08:45 a 16:45,Mz. 74-75 Lt. 1 del Centro Cívico de la Municipalidad Distrital de Nuevo Chimbote,2023
ANCASH,HUARAZ,HUARAZ,AG HUARAZ,OPERATIVO,08:45 a 16:45,Jr. José Larrea y Loredo N° 764,2023
ANCASH,HUAYLAS,CARAZ,AG HUAYLAS,OPERATIVO,08:45 a 16:45,Jr. Raimondi N° 215,2023
ANCASH,HUARI,HUARI,AG HUARI,OPERATIVO,08:45 a 16:45,Jr. Libertad Mz. P2 Lt. 003,2023
ANCASH,POMABAMBA,POMABAMBA,AG POMABAMBA,OPERATIVO,08:45 a 16:45,Jr. Huaraz Nº 369,2023
ANCASH,SIHUAS,SIHUAS,AG SIHUAS,OPERATIVO,08:45 a 16:45,"Jr. Gomes Arias 106, Barrio Pingullo Alto",2023
ANCASH,PALLASCA,PAMPAS,AG PAMPAS,OPERATIVO,08:45 a 16:45,Calle Plaza de Armas S/N - Municipalidad Distrital de Pampas - 1er piso,2023
ANCASH,CASMA,CASMA,PAP CASMA,OPERATIVO,08:45 a 16:45,Sector Hijuela Mz. C Lt. 13 del Centro Cívico de la Municipalidad Provincial de Casma,2023
ANCASH,HUARMEY,HUARMEY,PAP HUARMEY,OPERATIVO,08:45 a 16:45,1er. Pabellón S/N del Centro Cívico de la Municipalidad Provincial de Huarmey,2023
ANCASH,RECUAY,RECUAY,PAP RECUAY,OPERATIVO,08:45 a 16:45,Jr. Plaza de Armas Nº 180 Municipalidad Distrital de Recuay,2023
ANCASH,CARHUAZ,CARHUAZ,PAP CARHUAZ,OPERATIVO,08:45 a 16:45,Av. La Merced Nº 1006,2023
ANCASH,YUNGAY,YUNGAY,PAP YUNGAY,OPERATIVO,08:45 a 16:45,Av.  Arias Grazziani Lt. 1-2 Centro Cívico de la Municipalidad Provincial de Yungay,2023
ANCASH,CARLOS FERMIN FITZCARRALD,SAN LUÍS,PAP CARLOS FERMÍN FITZCARRALD,OPERATIVO,08:45 a 16:45,Av. Ramón Castilla N° 320 - 1er. piso Centro Cívico de la Municipalidad Provincial de C. F. Fitzcarrald,2023
ANCASH,MARISCAL LUZURIAGA,PISCOBAMBA,PAP MARISCAL LUZURIAGA,OPERATIVO,08:45 a 16:45,"Jr. San Pablo S/N, Centro Cívico de la Municipalidad Provincial de Mariscal Luzuriaga",2023
ANCASH,SANTA,CHIMBOTE,ORA HOSPITAL LA CALETA (Chimbote),OPERATIVO,08:45 a 16:30,Av. Malecon Grau S/N,2023
ANCASH,SANTA,CHIMBOTE,ORA HOSPITAL ESSALUD III CHIMBOTE,OPERATIVO,08:45 a 16:30,Av. Circunvalación Nº 119 Urb. Laderas del Norte,2023
ANCASH,SANTA,CHIMBOTE,ORA MATERNIDAD DE MARÍA (Chimbote),OPERATIVO,08:45 a 16:30,"Av. Enrique Meiggs S/N, PPJJ Miraflores Alto",2023
ANCASH,SANTA,NUEVO CHIMBOTE,ORA HOSPITAL ELEAZAR GUZMÁN BARRÓN (Nuevo Chimbote),OPERATIVO,08:45 a 16:30,"Av. Brasil S/N, Urb. Santa Cristina (Hospital Regional Eleazar Guzmán Barrón puerta de Emergencia)",2023
ANCASH,HUARAZ,HUARAZ,ORA HOSPITAL VÍCTOR RAMOS GUARDIA (Huaraz),OPERATIVO,08:45 a 16:30,"Av. Mariscal Luzuriaga cdra. 01, cruce con Jr. Pedro Villón cdra. 10",2023
ANCASH,HUAYLAS,CARAZ,ORA HOSPITAL DE APOYO CARAZ,OPERATIVO,08:45 a 16:30,Av. 9 de Octubre S/N,2023
ANCASH,HUARI,HUARI,ORA HOSPITAL DE APOYO HUARI,OPERATIVO,08:45 a 16:30,Av. Circunvalación Baja S/N,2023
ANCASH,CORONGO,CORONGO,PANP CORONGO,DESPLAZAMIENTO,08:45 a 16:45,"Jr. Grau N° 206, primer piso de la Municipalidad Provincial de Corongo",2023
ANCASH,PALLASCA,CABANA,PANP PALLASCA,DESPLAZAMIENTO,08:45 a 16:45,"Av. Plaza de Armas N° 103, primer piso de la Municipalidad Provincial de Pallasca",2023
ANCASH,AIJA,AIJA,PANP AIJA,DESPLAZAMIENTO,08:45 a 16:45,"Jr. Gavino Uribe S/N Plaza de Armas, 1er piso de la Municipalidad Provincial de Aija",2023
ANCASH,BOLOGNESI,CHIQUIAN,PANP BOLOGNESI,DESPLAZAMIENTO,08:45 a 16:45,"Jr. Tacna 320, primer piso del Centro Cívico de la Municipalidad Distrital de Chiquian",2023
ANCASH,YUNGAY,YANAMA,AG YANAMA,DESPLAZAMIENTO,08:45 a 16:45,Jr. Gran Chavín 2da cuadra S/N,2023
ANCASH,MARISCAL LUZURIAGA,LLUMPA,PANP LLUMPA,DESPLAZAMIENTO,08:45 a 16:45,Plaza de Armas S/N,2023
ANCASH,ASUNCION,CHACAS,PANP ASUNCIÓN,DESPLAZAMIENTO,08:45 a 16:45,"Jr. Atusparia S/N, esquina con Jr. Lima",2023
ANCASH,HUARI,CHAVIN DE HUANTAR,PANP CHAVÍN DE HUANTAR,DESPLAZAMIENTO,08:45 a 16:45,"Jr. San Martin S/N, 1er piso del Centro Cívico de la Municipalidad Distrital de Chavin de Huantar",2023
ANCASH,HUARI,SAN MARCOS,PANP SAN MARCOS ,DESPLAZAMIENTO,08:45 a 16:45,"Jr. Progreso 332, Plaza de Armas de San Marcos",2023
ANCASH,HUACAYBAMBA,HUACAYBAMBA,PANP HUACAYBAMBA,DESPLAZAMIENTO,08:45 a 16:45,"Av. El Ejercito S/N Barrio San Pedro, 1er piso Municipalidad Provincial de Huacaybamba",2023
ANCASH,ANTONIO RAIMONDI,LLAMELLIN,PANP ANTONIO RAIMONDI,DESPLAZAMIENTO,08:45 a 16:45,Jr. Simón Bolívar N° 229,2023
ANCASH,HUARI,UCO,PANP UCO,DESPLAZAMIENTO,08:45 a 16:45,"Jr. Nicolas de Piérola S/N Plaza de Armas, Municipalidad Distrital de Uco",2023
JUNIN,TARMA,TARMA,AG TARMA,OPERATIVO,08:45 a 16:45,Arequipa Nº 939,2023
JUNIN,CHANCHAMAYO,LA MERCED,AG CHANCHAMAYO,OPERATIVO,08:45 a 16:45,Tarma Nº 236,2023
JUNIN,HUANCAYO,EL TAMBO,OR HUANCAYO,OPERATIVO,08:45 a 16:45,Mariscal Castilla 1801,2023
JUNIN,HUANCAYO,HUANCAYO,"ORA REGIONAL DOCENTE MATERNO INFANTIL ""EL CARMEN""",OPERATIVO,08:45 a 16:30,Puno Nº 911,2023
JUNIN,TARMA,TARMA,ORA DE APOYO FELIX MAYORCA SOTO,OPERATIVO,08:45 a 16:30,Pacheco Nº 362,2023
JUNIN,JAUJA ,JAUJA ,ORA HOSPITAL DOMINGO OLAVEGOYA,DESPLAZAMIENTO,08:45 a 16:30,San Martín Nº 1153 Urb. Olavegoya ,2023
JUNIN,SATIPO,SATIPO,ORA DE APOYO MANUEL HIGA ARAKAKI,DESPLAZAMIENTO,08:45 a 16:30,Daniel Alcides Carrión Nº 398,2023
JUNIN,CHANCHAMAYO ,PICHANAQUI,ORA HOSPITAL DE APOYO PICHANAQUI,OPERATIVO,08:45 a 16:30,San Martín S/N Pichanaki,2023
JUNIN,HUANCAYO,HUANCAYO,ORA LA LIBERTAD,DESPLAZAMIENTO,08:45 a 16:30,HUANCAS 695,2023
JUNIN,CHANCHAMAYO,LA MERCED,ORA HOSPITAL REGIONAL DOCENTE DE MEDICINA TROPICAL DR. JULIO DEMARINI CARO,OPERATIVO,08:45 a 16:30,Daniel A. Carrion S/N Av. Pampa Del Carmen S/N,2023
JUNIN,HUANCAYO,EL TAMBO,ORA HOSPITAL NACIONAL RAMIRO PRIALE,DESPLAZAMIENTO,08:45 a 16:30,INDEPENDENCIA Nº 266,2023
JUNIN,SATIPO,PANGOA,ORA HOSPITAL DE PANGOA,DESPLAZAMIENTO,08:45 a 16:30,La Cultura S/N,2023
JUNIN,HUANCAYO,CHILCA,ORA CHILCA,DESPLAZAMIENTO,08:45 a 16:30,HUMBOLT 900,2023
JUNIN,SATIPO,PANGOA,PAP PANGOA,OPERATIVO,08:45 a 16:30,07 de Junio Nº 641 Plaza Principal Centro Civico,2023
JUNIN,SATIPO,MAZAMARI,PAP MAZAMARI,OPERATIVO,08:45 a 16:30,San Juan N° 377,2023
JUNIN,CONCEPCION,CONCEPCIÓN,PAP CONCEPCIÓN,OPERATIVO,08:45 a 16:30,Ricardo Palma S/N Mercado Modelo Interior 1 ,2023
JUNIN,JAUJA,JAUJA,PAP JAUJA,OPERATIVO,08:45 a 16:30,Sucre N° 889,2023
JUNIN,JUNIN,JUNIN,PAP JUNIN,OPERATIVO,08:45 a 16:30,Simón Bolivar N° 820,2023
JUNIN,YAULI,SANTA ROSA DE SACCO,PAP YAULI,OPERATIVO,08:45 a 16:30,Miguel Grau N° 309,2023
JUNIN,SATIPO,SATIPO,PAP SATIPO,OPERATIVO,08:45 a 16:45,Micaela Bastidas y Jr. Augusto B. Leguia Centro Civico ,2023
JUNIN,CHUPACA,CHUPACA,PAP CHUPACA,OPERATIVO,08:45 a 16:30,Grau N° 195 - Centro Cívico,2023
JUNIN,CHANCHAMAYO,PICHANAQUI,PAP PICHANAQUI,OPERATIVO,08:45 a 16:45,Independencia S/N Coliseo Municipal,2023
JUNIN,HUANCAYO,HUANCAYO,MAC JUNIN,OPERATIVO,08:45 a 16:30,Ferrocarril N° 146 - 150 - Centro Comercial Open Plaza,2023
AYACUCHO,HUAMANGA,AYACUCHO,"ORA HOSPITAL REGIONAL DE AYACUCHO ""MIGUEL ANGEL MARISCAL LLERENA""",OPERATIVO,08:45 a 16:30,Av.Daniel Alcides Carrión S/N - 2da cuadra.,2023
AYACUCHO,LA MAR,AYNA,PAP AYNA -SAN FRANCISCO,OPERATIVO,08:45 a 16:45,28 de Julio S/N San Francisco,2023
AYACUCHO,HUAMANGA,AYACUCHO,OR HUAMANGA,OPERATIVO,08:45 a 16:45,"San Martin Nº 473, 475, 477 y 477A",2023
AYACUCHO,CANGALLO,CANGALLO,PAP CANGALLO,OPERATIVO,08:45 a 16:45,Maria Parado de Bellido Nº 205,2023
AYACUCHO,HUANTA,HUANTA,AG HUANTA,OPERATIVO,08:45 a 16:45,Ayacucho N° 305,2023
AYACUCHO,LA MAR,SAN MIGUEL,PAP LA MAR,OPERATIVO,08:45 a 16:45,Maria Parado de Bellido S/N ,2023
AYACUCHO,VICTOR FAJARDO,HUANCAPI,PAP VICTOR FAJARDO,OPERATIVO,08:45 a 16:45,Plaza Principal Nº 127,2023
AYACUCHO,HUANCA SANCOS,SANCOS,PAP HUANCASANCOS,OPERATIVO,08:45 a 16:45,Progreso S/N Consejo Provincial de Huanca Sancos,2023
AYACUCHO,VILCAS HUAMAN,VILCAS HUAMAN,PAP VILCASHUAMAN,OPERATIVO,08:45 a 16:45,Los Incas Nº 222,2023
AYACUCHO,SUCRE,QUEROBAMBA,PAP SUCRE,OPERATIVO,08:45 a 16:45,San Martin S/N  Plaza de Armas Consejo Provincial de Sucre,2023
AYACUCHO,HUANTA,HUANTA,"ORA HOSPITAL DE APOYO HUANTA ""DANIEL ALCIDES CARRION""",OPERATIVO,08:45 a 16:30,Mariscal Castilla Nº 628,2023
AYACUCHO,LA MAR,SAN MIGUEL,ORA SAN MIGUEL,OPERATIVO,08:45 a 16:30,Ramon Castilla s/n,2023
AYACUCHO,CANGALLO,CANGALLO,ORA HOSPITAL DE APOYO CANGALLO,OPERATIVO,08:45 a 16:30,Santa Rosa N° 110,2023
CUSCO,LA CONVENCION,PICHARI,PAP PICHARI,OPERATIVO,08:45 a 16:45,BRASIL S/N,2023
APURIMAC,CHINCHEROS,CHINCHEROS,PAP CHINCHEROS,OPERATIVO,08:45 a 16:45,COTABAMBAS N° 121,2023
AYACUCHO,LA MAR,SAMUGARI,PAP SAMUGARI -PALMAPAMPA,OPERATIVO,08:45 a 16:45,Los Laureles S/N – Palmapampa Distrital de Samugari,2023
AYACUCHO,LA MAR,TAMBO,ORA TAMBO,OPERATIVO,08:45 a 16:30,Lima s/n,2023
AYACUCHO,HUAMANGA,JESUS NAZARENO,ORA HOSPITAL DE APOYO JESUS NAZARENO,OPERATIVO,08:45 a 16:30,Ciro Alegría Nº 547,2023
APURIMAC,ANDAHUAYLAS,TALAVERA,OR ANDAHUAYLAS,OPERATIVO,08:45 a 16:45,Amauta N° 311,2023
APURIMAC,CHINCHEROS,ANCCO HUALLO,ORA  CENTRO DE SALUD URIPA ,OPERATIVO,08:45 a 16:30, Túpac Amaru S/N – URIPA,2023
APURIMAC,ANDAHUAYLAS,ANDAHUAYLAS,ORA HOSPITAL REGIONAL DOCENTE  HUGO PESCE PESCETTO ANDAHUAYLAS ,OPERATIVO,08:45 a 16:30,Hugo Pesce Pesceto S/N,2023
AYACUCHO,HUANTA,SIVIA,ORA HOSPITAL DE APOYO DE SIVIA,OPERATIVO,08:45 a 16:30,Gervacio Santillana S/N,2023
CUSCO,LA CONVENCION,KIMBIRI,ORA CENTRO DE SALUD SAN JUAN DE KIMBIRI,OPERATIVO,08:45 a 16:30,Aeropuerto S/N,2023
CUSCO,LA CONVENCION,PICHARI,ORA HOSPITAL DE APOYO PICHARI,OPERATIVO,08:45 a 16:30,Amazonas s/n,2023
APURIMAC,CHINCHEROS,CHINCHEROS,ORA HOSPITAL DE APOYO CHINCHEROS,OPERATIVO,08:45 a 16:30,Fernando Belaunde Terry S/N,2023
AYACUCHO,CANGALLO,LOS MOROCHUCOS,ORA PAMPA CANGALLO,OPERATIVO,08:45 a 16:30,María Arguedas S/N,2023
AREQUIPA,AREQUIPA,AREQUIPA,ORA HOSPITAL REGIONAL HONORIO DELGADO ESPINOZA,OPERATIVO,08:45 a 16:45,Daniel Alcides Carrión N° 505,2023
TACNA,TACNA,TACNA,ORA TACNA,OPERATIVO,08:45 a 16:45,Blondel S/N,2023
AREQUIPA,AREQUIPA,AREQUIPA,OR AREQUIPA,OPERATIVO,08:45 a 16:45,San Juan de Dios N° 122 y Santo Domingo N° 101,2023
AREQUIPA,CAYLLOMA,CHIVAY,PAP CAYLLOMA,OPERATIVO,08:45 a 16:45,Siglo XX S/N,2023
AREQUIPA,CAMANA,CAMANA,AG CAMANA,OPERATIVO,08:45 a 16:45,Mariscal Castilla N° 221,2023
AREQUIPA,CARAVELI,CARAVELÍ,PAP CARAVELI,OPERATIVO,08:45 a 16:45,Bolivar S/N,2023
AREQUIPA,CASTILLA,APLAO,PAP CASTILLA,OPERATIVO,08:45 a 16:45,Progreso S/N,2023
AREQUIPA,CONDESUYOS,CHUQUIBAMBA,PAP CONDESUYOS,OPERATIVO,08:45 a 16:45,Alameda S/N - Los Tres Errantes,2023
AREQUIPA,ISLAY,MOLLENDO,AG ISLAY,OPERATIVO,08:45 a 16:45,Arequipa Nº 261 ,2023
AREQUIPA,LA UNION,COTAHUASI,PAP LA UNION,OPERATIVO,08:45 a 16:45,Centenario N° 202 - Cotahuasi,2023
MOQUEGUA,MARISCAL NIETO,MOQUEGUA,ORA HOSPITAL REGIONAL MOQUEGUA,OPERATIVO,08:45 a 16:45,Simón Bolívar N° 505,2023
MOQUEGUA,MARISCAL NIETO,MOQUEGUA,AG MARISCAL NIETO,OPERATIVO,08:45 a 16:45,Lima Nº 676,2023
MOQUEGUA,ILO,ILO,AG ILO,OPERATIVO,08:45 a 16:45,Ayacucho N° 529,2023
AREQUIPA,CAYLLOMA,MAJES,AG MAJES,OPERATIVO,08:45 a 16:45,Arequipa S/N - Tienda 06 del Estadio Almirante Miguel Grau - Pedregal,2023
AREQUIPA,AREQUIPA,CAYMA,AG CAYMA,OPERATIVO,08:45 a 16:45,Ramón Castilla S/N - Estadio La Tomilla,2023
TACNA,TACNA,TACNA,AG TACNA,OPERATIVO,08:45 a 16:45,Deustua Nº 173,2023
AREQUIPA,AREQUIPA,AREQUIPA,ORA HOSPITAL III GOYENECHE,OPERATIVO,08:45 a 16:45,Goyeche N° 100,2023
AREQUIPA,CAMANA,CAMANA,ORA HOSPITAL DE CAMANA,OPERATIVO,08:45 a 16:45,Lima 550,2023
AREQUIPA,AREQUIPA,PAUCARPATA,MAC - AREQUIPA,OPERATIVO,08:30 a 16:30,Porongoche N° 500 Paucarpata - Centro Comercial Mall Aventura ,2023
AREQUIPA,CAYLLOMA,MAJES,ORA HOSPITAL CENTRAL DE MAJES- ANGEL GABRIEL CHURA GALLEGOS,OPERATIVO,08:45 a 16:45,Asentamiento B1 lote 1 Irrig. Majes,2023
MOQUEGUA,MARISCAL NIETO,MOQUEGUA,MAC - MOQUEGUA,Desplazamiento,08:30 a 16:30,"Circunvalación 1B Sub lote 1-A, Moquegua",2023
AREQUIPA,AREQUIPA,YURA,PANP YURA,Desplazamiento,07:30 a 15:30,Asoc Ciudad de Dios Z-3 Yura,2023
AREQUIPA,AREQUIPA,AREQUIPA,PAP PASEO CENTRAL,OPERATIVO,08:45 a 16:45,Arturo Ibañez S/N,2023
AREQUIPA,AREQUIPA,CERRO COLORADO,C.S. MARITZA CAMPOS DIAZ,OPERATIVO,08:45 a 16:45,Yavari S/N,2023
AREQUIPA,AREQUIPA,PAUCARPATA,HOSPITAL EDMUNDO ESCOMEL,OPERATIVO,08:45 a 16:45,EL Cayro S/N,2023
AREQUIPA,AREQUIPA,AREQUIPA,HOSPITAL CARLOS ALBERTO SEGUIN ESCOBEDO,OPERATIVO,08:45 a 16:45,Peral S/N,2023
AREQUIPA,AREQUIPA,YANAHUARA,ORA HOSPITAL III YANAHUARA,OPERATIVO,08:45 a 16:45,Zamácola S/N,2023
CUSCO,CUSCO,SANTIAGO,ORA ANTONIO LORENA DEL CUSCO,OPERATIVO,08:45 a 16:30,Carlos Ugarte S/N Urb. Primavera Cuartel Agustín Gamarra,2023
CUSCO,CUSCO,WANCHAQ,ORA HOSPITAL NACIONAL ADOLFO GUEVARA VELASCO,OPERATIVO,08:45 a 16:30,Ancelmo Alvarez S/N,2023
APURIMAC,ABANCAY,ABANCAY,OR ABANCAY,OPERATIVO,08:45 a 16:45,La Victoria Nº 214,2023
APURIMAC,AYMARAES,CHALHUANCA,PANP AYMARAES,DESPLAZAMIENTO,08:45 a 16:30,Plaza de Armas S/N (Gobernatura De Chalhuanca),2023
APURIMAC,ANTABAMBA,ANTABAMBA,PANP ANTABAMBA,DESPLAZAMIENTO,08:45 a 16:30,Plaza de Armas S / N,2023
APURIMAC,COTABAMBAS,TAMBOBAMBA,PAP TAMBOBAMBA,OPERATIVO,08:45 a 16:30,Perú - Plaza de Armas S/N - 3er Piso,2023
APURIMAC,GRAU,CHUQUIBAMBILLA,PANP GRAU,DESPLAZAMIENTO,08:45 a 16:30,Plaza de Armas S / N,2023
CUSCO,CUSCO,CUSCO,OR CUSCO,OPERATIVO,08:45 a 16:45,El Sol N° 272,2023
CUSCO,ACOMAYO,ACOMAYO,PANP ACOMAYO,DESPLAZAMIENTO,08:45 a 16:30,Plaza de Armas S/N,2023
CUSCO,ANTA,ANTA ,PAP ANTA,OPERATIVO,08:45 a 16:30,"Jaquijahuana  S / N, Izcuchaca",2023
CUSCO,CALCA,CALCA,AG CALCA,OPERATIVO,08:45 a 16:45,Plaza de Armas S/N,2023
CUSCO,CANAS,YANAOCA,PAP CANAS,OPERATIVO,08:45 a 16:30,Plaza de Armas S/N,2023
CUSCO,CANCHIS,SICUANI,AG CANCHIS,OPERATIVO,08:45 a 16:45,Túpac Amaru N° 163,2023
CUSCO,CHUMBIVILCAS,SANTO TOMAS,PAP CHUMBIVILCAS,OPERATIVO,08:45 a 16:45,Perú S / N (Ruedo de Toros),2023
CUSCO,ESPINAR,ESPINAR,PAP ESPINAR,OPERATIVO,08:45 a 16:45,Teatro S/N  ,2023
CUSCO,LA CONVENCION,SANTA ANA,AG LA CONVENCION,OPERATIVO,08:45 a 16:45,Grau Nº 238,2023
CUSCO,PARURO,PARURO,PANP PARURO,DESPLAZAMIENTO,08:45 a 16:30,Plaza de Armas S/N,2023
CUSCO,PAUCARTAMBO,PAUCARTAMBO,PAP PAUCARTAMBO - JR9,OPERATIVO,08:45 a 16:30,Enrique Yabar S/N,2023
CUSCO,QUISPICANCHI,URCOS,PAP QUISPICANCHI,OPERATIVO,08:45 a 16:45,Huáscar N° 181,2023
CUSCO,URUBAMBA,URUBAMBA,PAP URUBAMBA,OPERATIVO,08:45 a 16:30,Conchatupa S/N,2023
MADRE DE DIOS,TAHUAMANU,IBERIA,AG IBERIA,OPERATIVO,08:45 a 16:45,Máximo Rodríguez N° 124 Plaza de Armas,2023
APURIMAC,ABANCAY,ABANCAY,ORA HOSPITAL REGIONAL GUILLERMO DIAZ DE LA VEGA,OPERATIVO,08:45 a 16:30,Daniel Alcides Carrión S/N,2023
MADRE DE DIOS,TAMBOPATA,TAMBOPATA,OR TAMBOPATA,OPERATIVO,08:45 a 16:45,Lambayeque N° 159,2023
MADRE DE DIOS,MANU,MANU,PANP MANU,DESPLAZAMIENTO,08:45 a 16:30,Esperanza S/N - Local Municipal,2023
CUSCO,ACOMAYO,POMACANCHI,AG POMACANCHI,DESPLAZAMIENTO,08:45 a 16:45,Plaza de Armas S/N,2023
CUSCO,CUSCO,CUSCO,ORA HOSPITAL DE APOYO DEPARTAMENTAL CUSCO,OPERATIVO,08:45 a 16:30,La Cultura S/N,2023
CUSCO,CUSCO,SANTIAGO,ORA BELEMPAMPA,OPERATIVO,08:45 a 16:30,21 de Mayo S/N,2023
CUSCO,CANCHIS,SICUANI,ORA SICUANI,OPERATIVO,08:45 a 16:30,Manuel Callo Zevallos N° 519 - Hospital MINSA Sicuani,2023
MADRE DE DIOS,TAMBOPATA,TAMBOPATA,ORA SANTA ROSA,OPERATIVO,08:45 a 16:30,Cajamarca N° 171,2023
CUSCO,LA CONVENCION,SANTA ANA,ORA QUILLABAMBA,OPERATIVO,08:45 a 16:30,General Gamarra S/N - Hospital Quillabamba,2023
APURIMAC,AYMARAES,CHALHUANCA,ORA CHALHUANCA,OPERATIVO,08:45 a 16:30,Bolivar S/N,2023
CUSCO,ESPINAR,ESPINAR,ORA ESPINAR,OPERATIVO,08:45 a 16:30,Domingo Huarca Cruz S/N Barrio Túpac Amaru  - Hospital Espinar,2023
MADRE DE DIOS,TAHUAMANU,IBERIA,ORA SAN MARTIN DE PORRES DE IBERIA,OPERATIVO,08:45 a 16:30,Mocopata S/N,2023
APURIMAC,COTABAMBAS,TAMBOBAMBA,ORA TAMBOBAMBA,OPERATIVO,08:45 a 16:30,Hospital Tambobamba,2023
APURIMAC,COTABAMBAS,HAQUIRA,PAP HAQUIRA,OPERATIVO,08:45 a 16:30,Plaza de armas S/N-Haquira,2023
CUSCO,CHUMBIVILCAS,SANTO TOMAS,ORA SANTO TOMAS,OPERATIVO,08:45 a 16:30, Andres Avelino Caceres - Hospital Santo Tomas  ,2023
CUSCO,CHUMBIVILCAS,VELILLE,PANP VELILLE,DESPLAZAMIENTO,08:45 a 16:30,Plaza de Armas - Municipalidad Distrital Velille,2023
CUSCO,CALCA,YANATILE,PANP YANATILE,DESPLAZAMIENTO,08:45 a 16:30,Plaza de Armas - Municipalidad Distrital Yanatile,2023
APURIMAC,ABANCAY,CURAHUASI,PANP CURAHUASI,DESPLAZAMIENTO,08:45 a 16:30,Coliseo Cerrado - Municipalidad de Curahuasi,2023
LIMA,LIMA ,JESÚS MARÍA,ORA HOSPITAL NACIONAL EDGARDO REBAGLIATI MARTINS,OPERATIVO,08:45 a 16:45,AV. SALAVERRY CDRA. 13 - PUERTA 6,2023
CALLAO,CALLAO,CALLAO,ORA NAC. DANIEL A. CARRIÓN,OPERATIVO,08:45 a 16:45,Guardia Chalaca Nº 2176 - Bellavista,2023
LIMA,LIMA,SAN JUAN DE LURIGANCHO,ORA HOSPITAL SAN JUAN DE LURIGANCHO,OPERATIVO,08:45 a 16:45,Canto Grande S/N - Altura del paradero 10,2023
LIMA,LIMA,EL AGUSTINO,ORA HOSPITAL NACIONAL HIPOLITO UNANUE,OPERATIVO,08:45 a 16:45,Cesar Vallejo Nº 1390 ,2023
LIMA,LIMA,LIMA,ORA INSTITUTO NACIONAL MATERNO PERINATAL,OPERATIVO,08:45 a 16:45,Miroquesada Nº 941 - Lima,2023
CALLAO,CALLAO,VENTANILLA,OR VENTANILLA,OPERATIVO,08:45 a 16:45,Pachacutec N° 225 - Sector B - Grupo Residencial B1 - Mz. F1 ,2023
LIMA,LIMA,SANTIAGO DE SURCO,OR SURCO - HIGUERETA,OPERATIVO,08:45 a 16:45,Santiago de Surco Nº 2807 Urb. Residencial Higuereta,2023
LIMA,LIMA,SAN BORJA,OR SAN BORJA,OPERATIVO,08:45 a 16:45,San Luis N° 1673 Urb. Jacaranda II,2023
LIMA,LIMA,COMAS,OR COMAS III,OPERATIVO,08:45 a 16:45,San Felipe Nº 830 Urb. San Felipe,2023
LIMA,LIMA,LIMA,OR QUILCA,OPERATIVO,08:45 a 16:45,Quilca Nº 501 y 525 ,2023
LIMA,LIMA,LIMA,AG ANCASH,OPERATIVO,08:45 a 16:45,Ancash Nº 336-340 y 344 (Frente a la Plazuela San Francisco) - Lima,2023
LIMA,LIMA,VILLA MARÍA DEL TRIUNFO,ORA DANIEL ALCIDES CARRION,OPERATIVO,08:45 a 16:45,Pachacutec N° 3470 - Pasando el Terminal Pesquero.,2023
CALLAO,CALLAO,BELLAVISTA,MAC - CALLAO,OPERATIVO,08:30 a 16:30,Oscar R. Benavides N° 3866 - Centro Comercial Mall Aventura Plaza,2023
LIMA,LIMA,LIMA,OR LIMA,OPERATIVO,08:45 a 16:45,Av. Nicolás de Piérola N 545,2023
LIMA,LIMA,ATE,OR ATE,OPERATIVO,08:45 a 16:45,Industrial Nº 438,2023
LIMA,LIMA,COMAS,OR COMAS I,OPERATIVO,08:45 a 16:45,"Tupac Amaru N° 5527 - 5531 - 5535, Urb Huaquillay 2da Etapa",2023
LIMA,LIMA,LURIN,OR LURIN,OPERATIVO,08:45 a 16:45,Simon Bolivar N° 267,2023
LIMA,LIMA,MIRAFLORES,OR MIRAFLORES,OPERATIVO,08:45 a 16:45,Ernesto Diez Canseco N° 230,2023
LIMA,LIMA,PUENTE PIEDRA,OR PUENTE PIEDRA,OPERATIVO,08:45 a 16:45,Ricardo Palma Nº 241,2023
LIMA,LIMA,SAN JUAN DE LURIGANCHO,OR SAN JUAN DE LURIGANCHO,OPERATIVO,08:45 a 16:45,Las Flores Lote 1 Mz. G Urb. Canto Grande Unidad 7,2023
LIMA,LIMA,SAN JUAN DE MIRAFLORES,OR SAN JUAN DE MIRAFLORES,OPERATIVO,08:45 a 16:45,Guillermo Billinghurst  N° 767 – 769 Mz. F Lote 18 Urb. SJM Parcela D,2023
LIMA,LIMA,SAN MARTÍN DE PORRES,OR SAN MARTIN DE PORRES,OPERATIVO,08:45 a 16:45,Eduardo de Habich Nº 590 - 592 con Pedro Paulet N° 589,2023
LIMA,CAJATAMBO,CAJATAMBO,AG CAJATAMBO,OPERATIVO,08:45 a 16:45,Bolognesi S/N - Comisiones de Regantes -Frente plaza de Armas,2023
LIMA,CANTA,CANTA,AG CANTA,OPERATIVO,08:45 a 16:45,Independencia Nº 308 Municipio (Plaza de Armas),2023
LIMA,CAÑETE,SAN VICENTE DE CAÑETE,AG CAÑETE,OPERATIVO,08:45 a 16:45,Los Libertadores Mz. D-3 Lote 4 Urbanización Tercer Mundo,2023
LIMA,HUAURA,HUACHO,AG HUACHO,OPERATIVO,08:45 a 16:45,Grau Nº 295,2023
LIMA,HUAROCHIRI,MATUCANA,AG MATUCANA,OPERATIVO,08:45 a 16:45,Tacna S/N  - Centro Civico,2023
LIMA,YAUYOS,YAUYOS,AG YAUYOS,OPERATIVO,08:45 a 16:45,Plaza Constitución Nº 110,2023
LIMA,HUARAL,HUARAL,AG HUARAL,OPERATIVO,08:45 a 16:45,Los Pinos Nº 149 Mz E Lote 4 Pasaje Urb. El Rosario,2023
LIMA,BARRANCA,BARRANCA,OR BARRANCA,OPERATIVO,08:45 a 16:45,Independencia N° 674 - 676 - 678,2023
LIMA,OYON,OYON,AG OYON,OPERATIVO,08:45 a 16:45,Unión 216,2023
LIMA,LIMA,LURIGANCHO,OR CHOSICA,OPERATIVO,08:45 a 16:45,Chucuito Nº 248 ,2023
LIMA,LIMA,PACHACAMAC,OR PACHACAMAC,OPERATIVO,08:45 a 16:45,Paul Poblet N° 3111 - Dentro del Mercado Jumbo,2023
LIMA,LIMA,JESÚS MARÍA,OR JESUS MARIA,OPERATIVO,08:45 a 16:45,Talara N° 130-132-134 y 136 Jesús Maria,2023
LIMA,LIMA,CIENEGUILLA,OR CIENEGUILLA,OPERATIVO,08:45 a 16:45,"San Martin Lote 15, Zona ""D"" Manzana ""D"" Centro Poblado Tambo Viejo",2023
LIMA,LIMA,SANTA ANITA,OR SANTA ANITA,OPERATIVO,08:45 a 16:45,"Los Eucaliptos Nº 947, Urbanización Universal",2023
LIMA,LIMA,INDEPENDENCIA,OR INDEPENDENCIA,OPERATIVO,08:45 a 16:45,Los Andes Nº 486 Urb. Industrial Panamericana Norte,2023
CALLAO,CALLAO,VENTANILLA,MAC - VENTANILLA,OPERATIVO,08:30 a 16:30,La Playa S/N altura la Urb. Zona Comercial frente a la Plaza Cívica ,2023
LIMA,LIMA,JESÚS MARÍA,AG 06 DE AGOSTO,OPERATIVO,08:45 a 16:45,06 de Agosto N° 856,2023
CALLAO,CALLAO,MI PERÚ,AG MI PERU,OPERATIVO,08:45 a 16:45,Mz. G7 Lt. 06 Mi Perú  interior de la Sede Municipal.,2023
LIMA,LIMA,SAN MARTÍN DE PORRES,ORA NACIONAL CAYETANO HEREDIA,OPERATIVO,08:45 a 16:45,Honorio Delgado N° 262 - Urb. Ingeniería / Obstetricia,2023
LIMA,HUAURA,HUACHO,ORA HOSPITAL GENERAL DE HUACHO,OPERATIVO,08:45 a 16:45,Jose Arnaldo Arambulo La Rosa N° 251,2023
CALLAO,CALLAO,CALLAO,OR CALLAO,OPERATIVO,08:45 a 16:45,Dos de Mayo N° 440 - 446,2023
LIMA,LIMA,SAN BORJA,AG ATENCIONES ESPECIALES DE SAN BORJA,OPERATIVO,08:45 a 16:45,Javier Prado N° 2388 -2386 - 2392,2023
LIMA,LIMA,VILLA EL SALVADOR,OR VILLA EL SALVADOR,OPERATIVO,08:45 a 16:45,"Arriba Perú Nº 640 Sector 2, Grupo 7, Mz J, Lt 05 ",2023
LIMA,LIMA,EL AGUSTINO,MAC - LIMA ESTE,OPERATIVO,08:30 a 16:30,Ancash 2151 - Centro Comercial Agustino Plaza,2023
CALLAO,CALLAO,CARMEN DE LA LEGUA REYNOSO,ORA HOSPITAL SAN JOSE,OPERATIVO,08:45 a 16:45,Las Magnolias 475 Carmen de la Legua-Reynoso,2023
CALLAO,CALLAO,VENTANILLA,ORA HOSPITAL DE VENTANILLA,OPERATIVO,08:45 a 16:45,Pedro Beltran S/N Ventanilla - Hospital de Ventanilla,2023
LIMA,CAÑETE,SAN LUIS,ORA HOSPITAL REZOLA,OPERATIVO,08:45 a 16:45,Distrito de San Luis S/N,2023
LIMA,BARRANCA,BARRANCA,ORA HOSPITAL DE BARRANCA,OPERATIVO,08:45 a 16:45,Nicolás de Piérola Nº 210 -224,2023
LIMA,HUARAL,HUARAL,ORA HOSPITAL SAN JUAN BAUTISTA HUARAL,OPERATIVO,08:45 a 16:45,Tacna Nº 120 Urb. San Juan I,2023
LIMA,LIMA ,COMAS,ORA HOSPITAL NACIONAL SERGIO E. BERNALES,OPERATIVO,08:45 a 16:45,"Túpac Amaru N° 8000, Collique, Comas.",2023
LIMA,LIMA,LIMA,ORA NACIONAL DOS DE MAYO,OPERATIVO,08:45 a 16:45,Parque Historia De La Medicina Peruana S/N Altura Cuadra 13 Av Grau,2023
LIMA,LIMA,ATE ,ORA HOSPITAL DE HUAYCAN,OPERATIVO,08:45 a 16:45,José C.Mariátegui S/N Zona B - A.H.Huaycán S/N Ate Lima Lima,2023
LIMA,LIMA,SAN JUAN DE MIRAFLORES,MAC - LIMA SUR,OPERATIVO,08:30 a 16:30,Circunvalación 1583- San Juan de Miraflores,2023
LIMA,LIMA,COMAS,MAC - LIMA NORTE,OPERATIVO,08:30 a 16:30,Los Angeles N° 602 2do piso - Cc Mall Plaza ,2023
LIMA,LIMA,JESUS MARIA,PVM - JESUS MARIA ,OPERATIVO,08:45 a 16:45,Talara N° 130,2023
LIMA,LIMA,SANTIAGO DE SURCO,PVM - JOCKEY PLAZA,OPERATIVO,08:45 a 16:45,Javier Prado Este N° 4200 ( Centro Financiero del Centro Comercial),2023
LIMA,LIMA,SURQUILLO,PVM - OPEN PLAZA ANGAMOS,OPERATIVO,08:45 a 16:45,Cruce Angamos N° 1805 con Tomas Marsano,2023
LIMA,LIMA,CHORRILLOS,PVM - PLAZA LIMA SUR,OPERATIVO,08:45 a 16:45,Prolongación Paseo  de la Republica S/N Urb. Matellini (2do nivel del Centro Comercial) ,2023
CALLAO,CALLAO,VENTANILLA,PVM VENTANILLA,OPERATIVO,08:45 a 16:45,La Playa S/N altura la Urb. Zona Comercial frente a la Plaza Cívica ,2023
CALLAO,CALLAO,BELLAVISTA,PVM MALL AVENTURA PLAZA - CALLAO,OPERATIVO,08:45 a 16:45,Oscar R. Benavides N° 3866 - Centro Comercial Mall Aventura Plaza,2023
LIMA,LIMA,CERCADO,PVM - REAL PLAZA CENTRO CÍVICO,OPERATIVO,08:45 a 16:45,Garcilaso de la Vega N° 1337,2023
LIMA,LIMA,MIRAFLORES,PVM- MIRAFLORES,OPERATIVO,08:45 a 16:45,Diez Canseco N° 230,2023
LIMA,LIMA,INDEPENDENCIA,PVM - INDEPENDENCIA,OPERATIVO,08:45 a 16:45,Los Andes Nº 486 Urb. Industrial Panamericana Norte,2023
LIMA,LIMA,SAN JUAN DE LURIGANCHO,PVM - SAN JUAN DE LURIGANCHO ,OPERATIVO,08:45 a 16:45,Las Flores Lote Nz. 6 Urb . Canto Grande ,2023
LIMA,LIMA,SANTA ANITA,ORA HOSP. JORGE VOTO BERNALES,OPERATIVO,08:45 a 16:45,"CARRETERA CENTRAL KM. 3,5 - SANTA ANITA",2023
LIMA,LIMA,VILLA MARÍA DEL TRIUNFO,CMI JOSE CARLOS MARIATEGUI,OPERATIVO,08:45 a 16:45,"Necochea s/n, AH. Jose Carlos Mariategui, Villa Maria del Triunfo.",2023
LIMA,LIMA,CHORRILLOS,CMI VIRGEN DEL CARMEN ,OPERATIVO,08:45 a 16:45,AV. LEOPOLDO ARIAS 200 FRENTE AL COLISEO MARISCAL CACERES,2023
LIMA,LIMA,PUENTE PIEDRA,CARLOS LANFRANCO LA HOZ,OPERATIVO,08:45 a 16:45,AV. SAENZ PEÑA S/N KM 30,2023
LIMA,LIMA,SAN BORJA,PVM - SAN SAN BORJA,OPERATIVO,08:45 a 16:45,SAN LUIS 1673 - URB JACARANDA II,2023
ANCASH,OCROS,OCROS,AG OCROS,OPERATIVO,08:45 a 16:45,Plaza de Armas S/N (MUNICIPIO),2023
PUNO,PUNO,PUNO,ORA MANUEL NUÑEZ BUTRON,OPERATIVO,08:45 a 16:45,El Sol N° 1022,2023
PUNO,PUNO,PUNO,ORA HOSPITAL BASE III (PUNO) - RED ASISTENCIAL PUNO,OPERATIVO,08:45 a 16:45,Francisco Cáceres Jara Nº 600,2023
PUNO,SAN ROMAN,JULIACA,ORA CARLOS MONGE MEDRANO,OPERATIVO,08:45 a 16:45,Carretera a Huancane Km 2,2023
PUNO,EL COLLAO ,ILAVE ,ORA ILAVE,OPERATIVO,08:45 a 16:45,Atahualpa Nº 825,2023
PUNO,SAN ROMAN,JULIACA,ORA HOSPITAL BASE III JULIACA - ESSALUD - RED ASISTENCIAL JULIACA,OPERATIVO,08:45 a 16:45,José Santos Chocano S/N - La Capilla,2023
PUNO,PUNO,PUNO,OR PUNO,OPERATIVO,08:45 a 16:45,Arequipa N° 1143 - 1145 Barrio Victoria,2023
PUNO,AZANGARO,AZANGARO,PAP AZANGARO,OPERATIVO,08:45 a 16:45,Azangaro N° 160  (Palacio Municipal),2023
PUNO,CARABAYA,MACUSANI,PAP CARABAYA,OPERATIVO,08:45 a 16:45,Raimondi N° 116,2023
PUNO,CHUCUITO,JULI,PAP CHUCUITO,OPERATIVO,08:45 a 16:45,Ilave 235 - Mercado Central Municipio,2023
PUNO,HUANCANE,HUANCANE,PAP HUANCANE,OPERATIVO,08:45 a 16:45,Moquegua N° 104 - Barrio Progreso,2023
PUNO,LAMPA,LAMPA,PAP LAMPA,OPERATIVO,08:45 a 16:45,Alfonso Ugarte N° 343,2023
PUNO,MELGAR,AYAVIRI,PAP MELGAR,OPERATIVO,08:45 a 16:45,Jorge Chavez N°  550,2023
PUNO,SANDIA,SANDIA,PAP SANDIA,OPERATIVO,08:45 a 16:45,Juliaca S/N - Mercado Central Sandia,2023
PUNO,SAN ROMAN,JULIACA,AG SAN ROMAN,OPERATIVO,08:45 a 16:45,Brascesco N° 181 ,2023
PUNO,YUNGUYO,YUNGUYO,PAP YUNGUYO,OPERATIVO,08:45 a 16:45,Grau Nº 240,2023
PUNO,SAN ANTONIO DE PUTINA,PUTINA,PAP PUTINA,OPERATIVO,08:45 a 16:45,Plaza de Armas S/N (Palacio Municipal),2023
PUNO,EL COLLAO,ILAVE,PAP EL COLLAO,OPERATIVO,08:45 a 16:45,Bolognesi S/N - Coliseo Cubierto Ilave Oficina N° 02,2023
PUNO,MOHO,MOHO,PAP MOHO,DESPLAZAMIENTO (DOMINGOS),08:45 a 16:45,Circunvalación S/N Mercado Municipal,2023
PUNO,AZANGARO,AZANGARO,ORA CARLOS CORNEJO ROSELLO,OPERATIVO,08:45 a 16:45,Francisco Bolognesi N° 557,2023
PUNO,CHUCUITO,JULI,ORA JULI,OPERATIVO,08:45 a 16:45,Panamericana S/N,2023
PUNO,HUANCANE,HUANCANE,ORA HOSPITAL LUCIO ALDAZABAL PAUCA,OPERATIVO,08:45 a 16:45,Santa Cruz S/N,2023
PUNO,MELGAR,AYAVIRI,ORA SAN JUAN DE DIOS (AYAVIRI),OPERATIVO,08:45 a 16:45,Progreso S/N,2023
PUNO,SAN ROMÁN,JULIACA,ORA CENTRO DE SALUD CLAS SANTA ADRIANA,OPERATIVO,08:45 a 16:45,Pachacutec S/N,2023
PUNO,SANDIA,SANDIA,ORA HOSPITAL SANDIA,DESPLAZAMIENTO,08:45 a 16:45,Arica N° 448,2023
PUNO,SAN ROMÁN,SAN MIGUEL,PAP SAN MIGUEL - JR11,OPERATIVO,08:45 a 16:45,Palacio Municipal S/N,2023
PUNO,CHUCUITO,DESAGUADERO,PAP DESAGUADERO,OPERATIVO,08:45 a 16:45,28 de Julio N° 305 - Desaguadero,2023
ICA,ICA,ICA,ORA REGIONAL DE ICA,OPERATIVO,08:45 a 16:30,Huacachina S/N,2023
AYACUCHO,LUCANAS,PUQUIO,AG LUCANAS,OPERATIVO,08:45 a 16:45,San Pedro  Nº 216,2023
AYACUCHO,PARINACOCHAS,CORACORA,AG PARINACOCHAS,OPERATIVO,08:45 a 16:45,Bolognesi N° 419 Plaza de Armas,2023
AYACUCHO,PAUCAR DEL SARA SARA,PAUSA,PANP PAUCAR DEL SARA SARA,OPERATIVO,08:45 a 16:45,Miguel de Cervantes N° 455 (Palacio Municipal),2023
ICA,ICA,PARCONA,PAP PARCONA,OPERATIVO,08:45 a 16:45,Jhon F. Kennedy N° 500 con Calle Lima S/N (Costado del Palacio Municipal),2023
ICA,ICA,ICA,OR ICA,OPERATIVO,08:45 a 16:45,San Martin N° 1366 Mz. M-02 Lt. 035. Urb. San Isidro ,2023
ICA,CHINCHA,CHINCHA ALTA,AG CHINCHA,OPERATIVO,08:45 a 16:45,Los Angeles N° 300,2023
ICA,NASCA,NASCA,AG NASCA,OPERATIVO,08:45 a 16:45,Fermin del Castillo N° 270,2023
ICA,PISCO,PISCO,AG PISCO,OPERATIVO,08:45 a 16:45,San Juan de Dios N° 288,2023
ICA,PALPA,PALPA,AG PALPA,OPERATIVO,08:45 a 16:45,Portal de Escribanos Nº 145,2023
AYACUCHO,LUCANAS,CABANA,PAP CABANA ,ITINERANTE,08:45 a 16:45,Jorge Chavez N° 272 ,2023
AYACUCHO,LUCANAS,PUQUIO,ORA FELIPE HUAMAN POMA DE AYALA,OPERATIVO,08:45 a 16:30,Arnaldo Alvarado S/N ,2023
AYACUCHO,PARINACOCHAS,CORACORA,ORA HOSPITAL DE APOYO DE CORACORA,OPERATIVO,08:45 a 16:30,La Cultura S/N,2023
ICA,ICA,ICA,ORA SANTA MARIA DEL SOCORRO,OPERATIVO,08:45 a 16:30,Castrovirreyna N° 759,2023
ICA,PISCO,PISCO,ORA SAN JUAN DE DIOS,OPERATIVO,08:45 a 16:30,Fermín Tanguis S/N (Altura del Fundo Alto de la Luna),2023
ICA,CHINCHA,CHINCHA ALTA,ORA SAN JOSE DE CHINCHA,OPERATIVO,08:45 a 16:30,Abelardo Alva Maurtua Nº 600,2023
AYACUCHO,LUCANAS,LARAMATE,PANP LARAMATE,ITINERANTE,08:45 a 16:45,Ica S/N,2023
ICA,NASCA,NASCA,ORA HOSPITAL DE APOYO DE NASCA,OPERATIVO,08:45 a 16:30,Callao S/N - 5ta Cuadra,2023
ICA,ICA,ICA,ORA AUGUSTO HERNANDEZ MENDOZA,OPERATIVO,08:45 a 16:30,Av. José Matias Manzanilla S/N,2023
ICA,NASCA,MARCONA,PAP MARCONA,OPERATIVO,08:45 a 16:45,Av. Andres Avelino Caceres S/N,2023
UCAYALI,CORONEL PORTILLO,CALLERIA,ORA HOSPITAL REGIONAL DE PUCALLPA,OPERATIVO,08:45 a 16:30,Agustin Cauper N° 285,2023
HUANUCO,PUERTO INCA,PUERTO INCA,PAP PUERTO INCA,OPERATIVO,08:45 a 16:45,Vulcano S/N,2023
UCAYALI,CORONEL PORTILLO,YARINACOCHA,ORA HOSPITAL AMAZÓNICO - YARINACOCHA,OPERATIVO,08:45 a 16:30,Aguaytia N° 605,2023
LORETO,UCAYALI,CONTAMANA,PAP CONTAMANA,OPERATIVO,08:45 a 16:45,Nuevo Loreto Mz.38C  Lt.5B,2023
UCAYALI,PADRE ABAD,IRAZOLA ,AG IRAZOLA ,OPERATIVO,08:45 a 16:45,Jr. Progreso S/N ,2023
UCAYALI,PADRE ABAD,PADRE ABAD,ORA AGUAYTIA,OPERATIVO,08:45 a 16:30,Victor Pinedo / Palmeras Mz. 152A Junta Vecinal Pampayurac,2023
UCAYALI,CORONEL PORTILLO,CALLERIA,OR PUCALLPA,OPERATIVO,08:45 a 16:45,"09 de Diciembre N° 378 y Tacna Nº 891 Mz. 07 Lt. Acumulado 1-B, independiente.",2023
UCAYALI,PADRE ABAD,PADRE ABAD,PAP PADRE ABAD,OPERATIVO,08:45 a 16:45,Jr. Grau Nº 214,2023
UCAYALI,ATALAYA,RAIMONDI,PAP ATALAYA,OPERATIVO,08:45 a 16:45,Rioja Nº 659,2023
UCAYALI,PURUS,PURUS,PAP PURUS,OPERATIVO,08:45 a 16:45,Purus S/N,2023
UCAYALI,ATALAYA,TAHUANIA,PAP TAHUANIA,OPERATIVO,08:45 a 16:45,7 de Junio  S/N,2023
UCAYALI,CORONEL PORTILLO,CALLERIA,MAC - UCAYALI,OPERATIVO,08:30 a 16:30,Centenario 1642 (2do piso) Centro Comercial Real Plaza,2023
HUANCAVELICA,HUANCAVELICA,IZCUCHACA,PAP IZCUCHACA,OPERATIVO,08:45 a 16:45,Ferrocarril  S/N ,2023
HUANCAVELICA,ACOBAMBA,PAUCARA,PAP PAUCARA,OPERATIVO,08:45 a 16:45,Plaza Mayor S/N,2023
HUANCAVELICA,HUANCAVELICA,HUANCAVELICA,ORA HOSPITAL REGIONAL ZACARIAS CORREA VALDIVIA,OPERATIVO,08:45 a 16:45,Andrés Avelino Cáceres S/N - Barrio Yananaco,2023
HUANCAVELICA,HUANCAVELICA,HUANCAVELICA,ORA HUANDO,DESPLAZAMIENTO,08:45 a 16:45,Cementerio s/n,2023
HUANCAVELICA,HUANCAVELICA,ASCENSIÓN,ORA HOSPITAL II HUANCAVELICA,OPERATIVO,08:45 a 16:45,Teresa de Jurnet S/N,2023
HUANCAVELICA,HUANCAVELICA,HUANCAVELICA,OR HUANCAVELICA,OPERATIVO,08:45 a 16:45,"Av. San Cristóbal Nº 384, 386 y 388",2023
HUANCAVELICA,ACOBAMBA,ACOBAMBA,OR ACOBAMBA,OPERATIVO,08:45 a 16:45,Dos De Mayo N° 459,2023
HUANCAVELICA,ANGARAES,LIRCAY,OR ANGARAES,OPERATIVO,08:45 a 16:45,Centenario S/N - Barrio de Pueblo Nuevo - Dentro del Centro Civico,2023
HUANCAVELICA,CASTROVIRREYNA,CASTROVIRREYNA,OR CASTROVIRREYNA,OPERATIVO,08:45 a 16:45,Los Libertadores S/N,2023
HUANCAVELICA,TAYACAJA,PAMPAS,OR TAYACAJA,OPERATIVO,08:45 a 16:45,Manco Capac S/N con Jirón Alfonso Ugarte Cordova y Necochea - Coliseo Multiuso,2023
HUANCAVELICA,HUAYTARA,HUAYTARA,OR HUAYTARA,OPERATIVO,08:45 a 16:45,24 de Junio S/N - 2do piso Centro Cívico ,2023
HUANCAVELICA,CHURCAMPA,CHURCAMPA,OR CHURCAMPA,OPERATIVO,08:45 a 16:45,Real N° 255,2023
HUANCAVELICA,TAYACAJA,PAMPAS,ORA HOSPITAL DE PAMPAS,OPERATIVO,08:45 a 16:45,Bolívar S/N ,2023
HUANCAVELICA,ANGARAES,LIRCAY,ORA LIRCAY,DESPLAZAMIENTO,08:45 a 16:45,Esmeralda S/N,2023
HUANCAVELICA,TAYACAJA,SURCUBAMBA,AG SURCUBAMBA,OPERATIVO,08:45 a 16:45,Alfonso Ugarte S/N,2023
HUANCAVELICA,TAYACAJA,COLCABAMBA,AG COLCABAMBA,OPERATIVO,08:45 a 16:45,Av. Centenario S/N,2023
HUANCAVELICA,HUANCAVELICA,YAULI,ORA YAULI,OPERATIVO,08:45 a 16:45,Jorge Chávez S/N,2023
HUANCAVELICA,ACOBAMBA,PAUCARA,ORA PAUCARA,OPERATIVO,08:45 a 16:45,Lircay s/n,2023
HUANCAVELICA,CHURCAMPA,CHURCAMPA,ORA CHURCAMPA,OPERATIVO,08:45 a 16:45,Ricardo Palma N° 535 (Instalaciones del Centro de Salud),2023
PASCO,PASCO,YANACANCHA,ORA DR. DANIEL ALCIDES CARRION GARCIA,OPERATIVO,08:45 a 16:45,Los Incas S/N Urb. San Juan,2023
PASCO,OXAPAMPA,PUERTO BERMUDEZ,PAP PUERTO BERMÚDEZ,OPERATIVO,08:45 a 16:45,Remigio Morales Bermúdez S/N,2023
PASCO,PASCO,HUARIACA,PAP HUARIACA,OPERATIVO,08:45 a 16:45,28 de Julio Nº 129,2023
HUANUCO,HUANUCO,HUÁNUCO,ORA HOSPITAL REGIONAL HERMILIO VALDIZAN,OPERATIVO,08:45 a 16:45,Hermilio Valdizan Nº 950,2023
PASCO,PASCO,PAUCARTAMBO,PAP PAUCARTAMBO - JR15,OPERATIVO,08:45 a 16:45,Plaza 28 de Julio S/N,2023
HUANUCO,HUANUCO,HUÁNUCO,OR HUANUCO,OPERATIVO,08:45 a 16:45,28 de Julio N° 825,2023
HUANUCO,AMBO,AMBO,PAP AMBO,OPERATIVO,08:45 a 16:45,"28 de Julio 697, Centro Cívico",2023
HUANUCO,DOS DE MAYO,LA UNION,PAP DOS DE MAYO,OPERATIVO,08:45 a 16:45,Lourdes N° 221,2023
HUANUCO,HUAMALIES,LLATA,PAP HUAMALIES,OPERATIVO,08:45 a 16:45,Huánuco N° 242,2023
HUANUCO,MARAÑON,HUACRACHUCO,PAP MARAÑON,OPERATIVO,08:45 a 16:45,28 De Julio N° 602 ,2023
HUANUCO,LEONCIO PRADO,RUPA-RUPA,PAP LEONCIO PRADO,OPERATIVO,08:45 a 16:45,Chiclayo N° 585,2023
HUANUCO,PACHITEA,PANAO,PAP PACHITEA,OPERATIVO,08:45 a 16:45,Espinar N° 121,2023
HUANUCO,LAURICOCHA,JESÚS,PAP LAURICOCHA,OPERATIVO,08:45 a 16:45,Cristobal Colon S/N,2023
HUANUCO,YAROWILCA,CHAVINILLO,PAP YAROWILCA,OPERATIVO,08:45 a 16:45,Virgen de Fátima S/N,2023
PASCO,PASCO,CHAUPIMARCA,ORA HOSPITAL II PASCO,OPERATIVO,08:45 a 16:45,Barrio Buenos Aires S/N,2023
HUANUCO,PACHITEA,PANAO,ORA PANAO,OPERATIVO,08:45 a 16:45,Grau Nº 193,2023
HUANUCO,LEONCIO PRADO,RUPA-RUPA,ORA HOSPITAL TINGO MARIA,OPERATIVO,08:45 a 16:45,Mapresa S/N Luyando,2023
HUANUCO,LEONCIO PRADO,JOSÉ CRESPO Y CASTILLO,ORA AUCAYACU,OPERATIVO,08:45 a 16:45,Grau S/N cuadra 4,2023
HUANUCO,HUAMALIES,LLATA,ORA LLATA,OPERATIVO,08:45 a 16:45,28 de Julio N° 216,2023
HUANUCO,DOS DE MAYO,LA UNION,ORA LA UNION,OPERATIVO,08:45 a 16:45,Dos de Mayo N° 185,2023
HUANUCO,LEONCIO PRADO,JOSÉ CRESPO Y CASTILLO,PAP JOSE CRESPO Y CASTILLO,OPERATIVO,08:45 a 16:45,Maria Parado de Bellido S/N Cuadra 4,2023
HUANUCO,LAURICOCHA,BAÑOS,AG BAÑOS,OPERATIVO,08:45 a 16:45,Plaza de Armas S/N,2023
PASCO,PASCO,YANACANCHA,AG PASCO,OPERATIVO,08:45 a 16:45,"Centro Comercial ""Sector Dos de San Juan Pampa Edif. 4 Tienda 3 San Juan-Yanacancha",2023
PASCO,DANIEL ALCIDES CARRION,YANAHUANCA,PAP DANIEL ALCIDES CARRIÓN,OPERATIVO,08:45 a 16:45,Jorge Chavez S/N Plaza Principal,2023
PASCO,OXAPAMPA,OXAPAMPA,PAP OXAPAMPA,OPERATIVO,08:45 a 16:45,Huancabamba S/N Mz. 162 Estadio Municipal Oxapampa,2023
SAN MARTIN,TOCACHE,UCHIZA,AG UCHIZA,OPERATIVO,08:45 a 16:45,Atahualpa N° 920,2023
PASCO,OXAPAMPA,PALCAZÚ,AG PALCAZU,OPERATIVO,08:45 a 16:45,Juan Santos Atahualpa Mz. U Lt. 01,2023
SAN MARTIN,TOCACHE,TOCACHE,PAP TOCACHE,OPERATIVO,08:45 a 16:45,San Juan Cdra 7 S/N Centro Cívico,2023
HUANUCO,HUANUCO,CHINCHAO,ORA ACOMAYO,OPERATIVO,08:45 a 16:45,Iguarizo S/N Mz. 6 Lt. 02,2023
SAN MARTIN,TOCACHE,TOCACHE,ORA HOSPITAL DE TOCACHE,OPERATIVO,08:45 a 16:45,Ricardo Palma N° 550,2023
HUANUCO,HUANUCO,SANTA MARIA DEL VALLE,ORA SANTA MARIA DEL VALLE,OPERATIVO,08:45 a 16:45,Libertad  S/N Intersección Carretera Central ,2023
HUANUCO,HUANUCO ,AMARILIS ,ORA CARLOS SHOWING FERRARI,OPERATIVO,08:45 a 16:45,Micaela Bastidas S/N Paucarbamba ,2023
PASCO,OXAPAMPA,OXAPAMPA,ORA HOSPITAL ERNESTO GERMAN GUZMAN GONZALES,OPERATIVO,08:45 a 16:45,Eduardo Loechle S/N - Chontabamba,2023
HUANUCO,HUANUCO,HUANUCO,MAC - HUANUCO,OPERATIVO,08:30 a 16:30,"Independencia N° 1601, Centro Comercial Real Plaza, Primer Piso",2023
HUANUCO,PACHITEA,UMARI,ORA TAMBILLO UMARI,OPERATIVO,08:45 a 16:45,Huanuco - Panao Km 37,2023
HUANUCO,YAROWILCA,CHAVINILLO,ORA CHAVINILLO,OPERATIVO,08:45 a 16:45,San Juan N° 102,2023
PASCO,OXAPAMPA,CONSTITUCIÓN,AG CONSTITUCION,OPERATIVO,08:45 a 16:45,Fernando Belaunde S/N 4ta Etapa del Distrito de Constitución,2023
AMAZONAS,CHACHAPOYAS,CHACHAPOYAS,OR CHACHAPOYAS,OPERATIVO,08:45 a 16:45,Triunfo Nº 903 1° Piso,2023
AMAZONAS,BAGUA,BAGUA,PAP BAGUA,OPERATIVO,08:45 a 16:45,Los Cedros Nº 263,2023
AMAZONAS,BONGARA,JAZAN,AG BONGARA,OPERATIVO,08:45 a 16:45,Marginal  Nº 100 -Pedro Ruíz,2023
AMAZONAS,LUYA ,LUYA ,AG LUYA,OPERATIVO,08:45 a 16:45,Diego Mori Zuta n° 447,2023
AMAZONAS,RODRIGUEZ DE MENDOZA,SAN NICOLÁS,AG RODRIGUEZ DE MENDOZA,OPERATIVO,08:45 a 16:45,Victor Mori N° 204,2023
AMAZONAS,CONDORCANQUI,NIEVA,PAP CONDORCANQUI,OPERATIVO,08:45 a 16:45,Gonzalo puerta S/N,2023
AMAZONAS,UTCUBAMBA,BAGUA GRANDE,PAP UTCUBAMBA,OPERATIVO,08:45 a 16:45,Simón Bolivar N° 545,2023
CAJAMARCA,JAEN,JAEN,OR JAEN,OPERATIVO,08:45 a 16:45,Mariscal Ureta Nº 915,2023
CAJAMARCA,SAN IGNACIO,SAN IGNACIO,PAP SAN IGNACIO,OPERATIVO,08:45 a 16:45,Santo Domingo Nº 169,2023
AMAZONAS,BAGUA,IMAZA,OR IMAZA,OPERATIVO,08:45 a 16:45,Awajun S/N Plaza de Armas,2023
AMAZONAS,CHACHAPOYAS,CHACHAPOYAS,ORA HOSPITAL REGIONAL VIRGEN DE FATIMA,OPERATIVO,08:45 a 16:45,Daniel Alcides Carrión N° 035,2023
AMAZONAS,BAGUA,BAGUA,ORA HOSPITAL DE APOYO GUSTAVO LANATTA LUJAN,OPERATIVO,08:45 a 16:45,Héroes de Cenepa N°980,2023
CAJAMARCA,JAEN,JAEN,ORA HOSPITAL GENERAL DE JAEN,OPERATIVO,08:45 a 16:45,Huamantanga s/n,2023
AMAZONAS,BAGUA,IMAZA,ORA CHIRIACO,OPERATIVO,08:45 a 16:45,Junin S/N,2023
AMAZONAS,UTCUBAMBA,BAGUA GRANDE,ORA HOSPITAL DE APOYO SANTIAGO APOSTOL DE UTCUBAMBA,OPERATIVO,08:45 a 16:45,San Felipe Santiago N°111,2023
CAJAMARCA,SAN IGNACIO,SAN IGNACIO,ORA SAN IGNACIO,OPERATIVO,08:45 a 16:45,"Abelardo Quiñones S/N, Sector Santiago",2023
AMAZONAS,BONGARA,FLORIDA,ORA POMACOCHAS,OPERATIVO,08:45 a 16:45,Pomacochas S/N ,2023
AMAZONAS,CONDORCANQUI,NIEVA,ORA SANTA MARIA DE NIEVA,OPERATIVO,08:45 a 16:45,"Javier Pérez de Cuellar S/N 
Mz. N Lt. 03 Asent.Humano Héctor Peas Tsegkuan",2023
AMAZONAS,UTCUBAMBA,LONYA GRANDE,ORA LONYA GRANDE,OPERATIVO,08:45 a 16:45,Alto Amazonas 340,2023
AMAZONAS,CONDORCANQUI,RIO SANTIAGO,ORA GALILEA,OPERATIVO,08:45 a 16:45,La Amistad S/N,2023
LAMBAYEQUE,CHICLAYO,CHICLAYO,ORA HOSPITAL REGIONAL DOCENTE LAS MERCEDES (MINSA),OPERATIVO,08:45 a 16:30,Luis Gonzáles  Nº 635,2023
LAMBAYEQUE,CHICLAYO,CHICLAYO,ORA HOSPITAL ALMANZOR AGUINAGA ASENJO (ESSALUD),OPERATIVO,08:45 a 16:30,Plaza de la Seguridad Social S/N,2023
PIURA,SULLANA,SULLANA,ORA HOSPITAL DE APOYO II-SULLANA (MINSA),OPERATIVO,08:45 a 16:30,Santa Rosa S/N,2023
CAJAMARCA,CUTERVO,CUTERVO,PAP CUTERVO,OPERATIVO,08:45 a 16:45,Jr. Comercio N° 1103 Mz. 203 Lt. 14-Urb. Los Jardines ,2023
CAJAMARCA,CHOTA,CHOTA,AG CHOTA,OPERATIVO,08:45 a 16:45,Jr. 30 de Agosto N° 848,2023
CAJAMARCA,SANTA CRUZ,SANTA CRUZ,PAP SANTA CRUZ,OPERATIVO,08:45 a 16:30,Domingo Negrón Nº 399,2023
LAMBAYEQUE,CHICLAYO,JOSE LEONARDO ORTIZ,OR JOSÉ LEONARDO ORTIZ,OPERATIVO,08:45 a 16:45,Cacique Cinto Nº 317 Urb. Latina,2023
PIURA,AYABACA,FRÍAS,OR FRIAS,OPERATIVO,08:45 a 16:45,Lima Nº 235 - 2do piso,2023
LAMBAYEQUE,CHICLAYO,CHICLAYO,OR CHICLAYO,OPERATIVO,08:45 a 16:45,Balta N° 680 y esquina con Av. Elias Aguirre,2023
LAMBAYEQUE,FERREÑAFE,FERREÑAFE,PAP FERREÑAFE,OPERATIVO,08:45 a 16:45,Tres Marías Nº 717 – B,2023
LAMBAYEQUE,LAMBAYEQUE,LAMBAYEQUE,PAP LAMBAYEQUE,OPERATIVO,08:45 a 16:45,Huamachuco N° 342,2023
CAJAMARCA,CUTERVO,CUTERVO,ORA SANTA MARIA DE CUTERVO (MINSA),OPERATIVO,08:45 a 16:30,Ica S/N,2023
CAJAMARCA,CHOTA,CHOTA,ORA HOSPITAL DE APOYO CHOTA - JOSE SOTO CADENILLAS (MINSA),OPERATIVO,08:45 a 16:30,Ezequiel Montoya Nª 718,2023
PIURA,PIURA,PIURA,OR PIURA,OPERATIVO,08:45 a 16:45,Libertad Nº 568,2023
PIURA,AYABACA,AYABACA,PAP AYABACA,OPERATIVO,08:45 a 16:30,Bolognesi N° 181,2023
PIURA,HUANCABAMBA,HUANCABAMBA,PAP HUANCABAMBA,OPERATIVO,08:45 a 16:30,Complejo Terminal Terrestre S/N - Stand 14,2023
PIURA,MORROPON,CHULUCANAS,AG CHULUCANAS,OPERATIVO,08:45 a 16:45,Cuzco N° 202,2023
PIURA,PAITA,PAITA,PAP PAITA,OPERATIVO,08:45 a 16:30,San Martin S/N Plaza de Armas - Municipalidad de Paita,2023
PIURA,SULLANA,SULLANA,OR SULLANA,OPERATIVO,08:45 a 16:45,Leoncio Prado Nº 517 ,2023
PIURA,TALARA,PARIÑAS,AG TALARA,OPERATIVO,08:45 a 16:45,Mártires Petroleros B-3 Conjunto Habitacional - Talara,2023
PIURA,SECHURA,SECHURA,PAP SECHURA,OPERATIVO,08:45 a 16:30,Dos de Mayo Nº 618 - Plaza de Armas - Municipalidad de Sechura,2023
PIURA,PIURA,TAMBO GRANDE,PAP TAMBOGRANDE,OPERATIVO,08:45 a 16:30,Salitral Nº 241,2023
PIURA,PIURA,PIURA,MAC - PIURA,OPERATIVO,08:30 a 16:30,Sanchez Cerro con Wiesse Centro Comercial Real Plaza,2023
PIURA,PAITA,PAITA,ORA HOSPITAL LAS MERCEDES-PAITA (MINSA),OPERATIVO,08:45 a 16:30,Zona Industrial Sector II Mz. H Lt. 1 Jr. Los Pescadores S/N ,2023
TUMBES,TUMBES,TUMBES,OR TUMBES,OPERATIVO,08:45 a 16:45,Tumbes Nº 550,2023
TUMBES,CONTRALMIRANTE VILLAR,ZORRITOS,PANP CONTRALMIRANTE VILLAR - ZORRITOS,DESPLAZAMIENTO,08:45 a 16:45,Grau Nº 305,2023
TUMBES,ZARUMILLA,ZARUMILLA,PAP ZARUMILLA,OPERATIVO,08:45 a 16:30,El Ejérrcito Nº 105 - Interior Biblioteca Municipal,2023
LAMBAYEQUE,LAMBAYEQUE,OLMOS,PANP OLMOS,DESPLAZAMIENTO,08:45 a 16:45,A. B. Leguía/Calle Alfonso Ugarte,2023
PIURA,PIURA,TAMBO GRANDE,ORA TAMBO GRANDE (MINSA),OPERATIVO,08:45 a 16:30,"Froilan Alama,, AA.HH.Froilan Alama",2023
LAMBAYEQUE,LAMBAYEQUE,LAMBAYEQUE,ORA HOSPITAL PROVINCIAL DOCENTE BELEN-LAMBAYEQUE (MINSA),OPERATIVO,08:45 a 16:30,Ramón Castilla Nº 597,2023
TUMBES,TUMBES,TUMBES,ORA HOSPITAL REGIONAL JOSE ALFREDO MENDOZA OLAVARRIA JAMO II-2 (MINSA),OPERATIVO,08:45 a 16:30,24 de Julio Nº 565 ,2023
PIURA,PIURA,CATACAOS,ORA CENTRO DE SALUD MATERNO INFANTIL-CATACAOS (MINSA),OPERATIVO,08:45 a 16:30,Cayetano Heredia 1108 - Catacos,2023
PIURA,PIURA,Veintises de Octubre,ORA HOSPITAL DE LA AMISTAD PERU - COREA SANTA ROSA II-2 (MINSA),OPERATIVO,08:45 a 16:30,Prolongación Av. Grau/Av. Chulucanas ,2023
LAMBAYEQUE,CHICLAYO,CHICLAYO,ORA HOSPITAL REGIONAL LAMBAYEQUE (MINSA),OPERATIVO,08:45 a 16:30,Intersección de Carretera Panamerica Norte y Vía de Evitamiento S/N,2023
PIURA,MORROPON,CHULUCANAS,ORA HOSPITAL DE APOYO CHULUCANAS (MINSA),OPERATIVO,08:45 a 16:30,Daniel alcides carrion S/N Asent .H. vate manrique,2023
LA LIBERTAD,TRUJILLO,TRUJILLO,ORA REGIONAL DOCENTE DE TRUJILLO (MINSA),OPERATIVO,08:45 a 16:30,Mansiche Nº 795,2023
CAJAMARCA,CAJAMARCA,CAJAMARCA,ORA REGIONAL CAJAMARCA (MINSA),OPERATIVO,08:45 a 16:30,Larry Jhonson S/N Cdra. 8,2023
LA LIBERTAD,TRUJILLO,TRUJILLO,ORA HOSPITAL BELEN DE TRUJILLO (MINSA),OPERATIVO,08:45 a 16:30,Bolívar Nº 350,2023
CAJAMARCA,CAJAMARCA,CAJAMARCA,OR CAJAMARCA,OPERATIVO,08:45 a 16:45,Del Comercio Nº 633,2023
CAJAMARCA,CAJABAMBA,CAJABAMBA,PAP CAJABAMBA,OPERATIVO,08:45 a 16:45,Miguel Grau Nº 224-226-228 Mz. 31 Lt. 2 ,2023
CAJAMARCA,CELENDIN,CELENDÍN,PAP CELENDIN,OPERATIVO,08:45 a 16:45,Pardo N° 610,2023
CAJAMARCA,CONTUMAZA,CONTUMAZÁ,PAP CONTUMAZA,OPERATIVO,08:45 a 13.00          14:00 a 16:30,Miguel Grau Nº 212,2023
CAJAMARCA,HUALGAYOC,BAMBAMARCA,PAP HUALGAYOC,OPERATIVO,08:45 a 16:45,07 de Junio Nº 470,2023
CAJAMARCA,SAN MIGUEL,SAN MIGUEL,PAP SAN MIGUEL,OPERATIVO,08:45 a 13.00          14:00 a 16:30,Bolognesi N° 364,2023
CAJAMARCA,SAN MARCOS,PEDRO GÁLVEZ,PAP SAN MARCOS,OPERATIVO,08:45 a 16:45,Jr. Alfonso Ugarte N° 325 (Mz. 46 Lt. 17 Centro Poblado San Marcos).,2023
CAJAMARCA,SAN PABLO,SAN PABLO,PAP SAN PABLO,OPERATIVO,08:45 a 13.00          14:00 a 16:30,Plaza de Armas S/N,2023
LA LIBERTAD,TRUJILLO,VICTOR LARCO HERRERA,OR TRUJILLO II,OPERATIVO,08:45 a 16:45,Víctor Larco N° 1096. Urb. Vista Alegre,2023
LA LIBERTAD,PATAZ,PARCOY,OR PARCOY,OPERATIVO,08:45 a 13.00          14:00 a 16:30,San Martín N° 859,2023
LA LIBERTAD,TRUJILLO,TRUJILLO,OR TRUJILLO I,OPERATIVO,08:45 a 16:45,Pablo Casals Mz. A Lt. 6 Urb. Los Cedros,2023
LA LIBERTAD,BOLIVAR,BOLÍVAR,PAP BOLIVAR,OPERATIVO,08:45 a 16:45,Bolivar S/N - Mz. 20 Lt. 8,2023
LA LIBERTAD,SANCHEZ CARRION,HUAMACHUCO,AG SANCHEZ CARRION,OPERATIVO,08:45 a 16:45,Alfonso Ugarte N° 567,2023
LA LIBERTAD,OTUZCO,OTUZCO,AG OTUZCO,OPERATIVO,08:45 a 16:45,Pasaje Elías Armas Castillo Lt. 5-E1 Mz. 28,2023
LA LIBERTAD,PACASMAYO,SAN PEDRO DE LLOC,AG PACASMAYO,OPERATIVO,08:45 a 16:45,Alianza Nº 524,2023
LA LIBERTAD,SANTIAGO DE CHUCO,SANTIAGO DE CHUCO,PAP SANTIAGO DE CHUCO,OPERATIVO,08:45 a 13.00          14:00 a 16:30,Luis de La Puente Uceda  Nº 1120,2023
LA LIBERTAD,ASCOPE,ASCOPE,PAP ASCOPE,OPERATIVO,08:45 a 16:45,"Miguel Grau N° 879, Ascope - 1er Piso",2023
LA LIBERTAD,CHEPEN,CHEPÉN,PAP CHEPEN,OPERATIVO,08:45 a 16:45,Calle Manuel Seoane  N° 136. Chepen,2023
LA LIBERTAD,GRAN CHIMU,CASCAS,PAP GRAN CHIMU,OPERATIVO,08:45 a 13.00          14:00 a 16:30,Progreso S/N Cdra. 3,2023
LA LIBERTAD,VIRU,VIRU,PAP VIRU,OPERATIVO,08:45 a 16:45, Mz. A Lt. N° 08 Urb. Las Palmeras,2023
CAJAMARCA,HUALGAYOC,BAMBAMARCA,ORA BAMBAMARCA - TITO VILLAR CABEZAS (MINSA),OPERATIVO,08:45 a 16:30,Av. Ricardo Palma Nº 689,2023
CAJAMARCA,CELENDIN,CELENDÍN,ORA DE APOYO CELENDIN (MINSA),OPERATIVO,08:45 a 16:30,Túpac Amaru Cdra. 4,2023
CAJAMARCA,CAJABAMBA,CAJABAMBA,ORA HOSPITAL NUESTRA SEÑORA DEL ROSARIO (MINSA),OPERATIVO,08:45 a 16:30,La Torre N° 277,2023
CAJAMARCA,SAN MARCOS,PEDRO GÁLVEZ,ORA SAN MARCOS (MINSA),OPERATIVO,08:45 a 16:30,Av. 28 de Julio S/N Cdra.2,2023
LA LIBERTAD,TRUJILLO,EL PORVENIR,OR EL PORVENIR,OPERATIVO,08:45 a 16:45,Gabriel Aguilar Nº 1657. 2do piso.,2023
LA LIBERTAD,TRUJILLO,ALTO TRUJILLO,OR ALTO TRUJILLO,OPERATIVO,08:45 a 16:45,Barrio 3 Mz T Lt. 2,2023
CAJAMARCA,CAJAMARCA,CAJAMARCA,ORA SIMON BOLIVAR (MINSA),OPERATIVO,08:45 a 16:30,Mario Urteaga N° 500,2023
LA LIBERTAD,PACASMAYO,GUADALUPE,ORA DE APOYO TOMÁS LAFORA (MINSA),OPERATIVO,08:45 a 16:30,La Victoria S/N,2023
CAJAMARCA,CAJAMARCA,LOS BAÑOS DEL INCA,ORA BAÑOS DEL INCA (MINSA),OPERATIVO,08:45 a 16:30,Pachacútec N° 489,2023
LA LIBERTAD,TRUJILLO,LA ESPERANZA,ORA DISTRITAL JERUSALEN (MINSA),OPERATIVO,08:45 a 13.00          14:00 a 16:30,1 Barrio 3 Mz. 20 Lt. 02 Sector Jerusalén,2023
LA LIBERTAD,PATAZ,CHILLIA,AG CHILLIA,OPERATIVO,08:45 a 13.00          14:00 a 16:30,Miraflores S/N,2023
LA LIBERTAD,SANTIAGO DE CHUCO,SANTIAGO DE CHUCO,ORA DE APOYO CESAR ABRAHAM VALLEJO MENDOZA (MINSA),OPERATIVO,08:45 a 16:30,Gustavo Pinillo S/N - Barrio San Cristobal,2023
LA LIBERTAD,CHEPEN,CHEPEN,ORA DE APOYO CHEPEN (MINSA),OPERATIVO,08:45 a 16:30,28 de Julio S/N,2023
LA LIBERTAD,SANCHEZ CARRION,HUAMACHUCO,ORA DE APOYO LEONCIO PRADO (MINSA),OPERATIVO,08:45 a 16:30,10 de Julio N° 209,2023
LA LIBERTAD,OTUZCO,OTUZCO,ORA DE APOYO OTUZCO ELPIDIO BEROVIDES PEREZ (MINSA),OPERATIVO,08:45 a 16:30,Progreso N° 385,2023
LA LIBERTAD,ASCOPE,PAIJAN,ORA PAIJAN (MINSA),OPERATIVO,08:45 a 16:30,Vía Panamericana S/N Sector Manco Capac,2023
CAJAMARCA,CONTUMAZA,CHILETE,PANP CHILETE,OPERATIVO,08:45 a 16:45,Arequipa N° 330,2023
CAJAMARCA,CAJAMARCA,CAJAMARCA,MAC - CAJAMARCA,OPERATIVO,"08:30 a 13:00
14:00 a 16:30",Via De Evitamiento. Jr. El Mutuy y Av. La Cantuta - Cajamarca - Centro Comercial Real Plaza 2do. Piso,2023
LA LIBERTAD,TRUJILLO,TRUJILLO,MAC - LA LIBERTAD,OPERATIVO,"08:30 a 13:00
14:00 a 16:30","Centro Comercial Real Plaza de Trujillo -Fundo Las Casuarinas, Sub Lote predio A; Intersección , Av. Fátima 1345, Trujillo, La Libertad",2023
LA LIBERTAD,VIRU,VIRU,ORA PROVINCIAL DE VIRÚ (MINSA),OPERATIVO,08:45 a 16:30,Sucre Nº 799,2023
LA LIBERTAD,TRUJILLO,TRUJILLO,ORA HOSPITAL VÍCTOR LAZARTE ECHEGARAY (ESSALUD),OPERATIVO,08:45 a 13.00          14:00 a 16:30,Prolong.Union 1375,2023
SAN MARTIN,SAN MARTIN,TARAPOTO,ORA HOSPITAL TARAPOTO (MINSA),OPERATIVO,08:45 a 16:30,Angel Delgado Morey Nº 503,2023
LORETO,DATEM DEL MARAÑON,BARRANCA,PAP DATEM DEL MARAÑON,OPERATIVO,08:45 a 16:45,Tigre Mz. 31 Lt. 08 - San Lorenzo,2023
SAN MARTIN,RIOJA,NUEVA CAJAMARCA,AG NUEVA CAJAMARCA,OPERATIVO,08:45 a 16:45, Fernando Belaunde Terry Altura del Km. 447.50 ,2023
LORETO,ALTO AMAZONAS,YURIMAGUAS,AG ALTO AMAZONAS,OPERATIVO,08:45 a 16:45,Mariscal Castilla N° 411,2023
SAN MARTIN,MOYOBAMBA ,MOYOBAMBA,ORA HOSPITAL MOYOBAMBA (MINSA),OPERATIVO,08:45 a 16:30,Grau cuadra 4,2023
SAN MARTIN,MOYOBAMBA ,MOYOBAMBA,AG MOYOBAMBA,OPERATIVO,08:45 a 16:45,Dos de Mayo Mz. 1530 Lt. 14 (837),2023
SAN MARTIN,HUALLAGA,SAPOSOA,AG HUALLAGA,OPERATIVO,08:45 a 16:45,Lima N° 591,2023
SAN MARTIN,LAMAS,LAMAS,AG LAMAS,OPERATIVO,08:45 a 16:45,San Martín N° 984,2023
SAN MARTIN,MARISCAL CACERES,JUANJUI,AG MARISCAL CACERES,OPERATIVO,08:45 a 16:45,Eduardo Peña Meza N° 772 ,2023
SAN MARTIN,RIOJA,RIOJA,OR RIOJA,OPERATIVO,08:45 a 16:45,Angaiza N° 530,2023
SAN MARTIN,SAN MARTIN ,TARAPOTO,OR TARAPOTO,OPERATIVO,08:45 a 16:45,Jiménez Pimentel N° 280 ,2023
SAN MARTIN,BELLAVISTA,BELLAVISTA,AG BELLAVISTA,OPERATIVO,08:45 a 16:45,Huallaga - Iquitos Mz. 7 Lt. 27 - A.  1er. Piso,2023
SAN MARTIN,PICOTA,PICOTA,AG PICOTA,OPERATIVO,08:45 a 16:45,"Simón Bolívar, cuadra 4",2023
SAN MARTIN,EL DORADO ,SAN JOSE DE SISA,AG EL DORADO,OPERATIVO,08:45 a 16:45,Comercio N° 610,2023
LORETO,DATEM DEL MARAÑON,BARRANCA,ORA SAN LORENZO - NUCLEO BASE (MINSA),OPERATIVO,08:45 a 16:30,Daniel Alcides Carrión S/N - Barrio Huacachina,2023
SAN MARTIN,SAN MARTIN ,LA BANDA DE SHILCAYO,AG LA BANDA DE SHILCAYO,OPERATIVO,08:45 a 16:45,Yurimaguas N° 340,2023
SAN MARTIN,MARISCAL CACERES,JUANJUI,ORA HOSPITAL JUANJUI (MINSA),OPERATIVO,08:45 a 16:30,Arica N° 205,2023
SAN MARTIN,RIOJA,RIOJA,ORA HOSPITAL DE RIOJA (MINSA),OPERATIVO,08:45 a 16:30,Túpac Amaru S/N,2023
LORETO,ALTO AMAZONAS,LAGUNAS,AG LAGUNAS,OPERATIVO,08:45 a 16:45,CALLE FITZCARRALD C-9,2023
LORETO,ALTO AMAZONAS,YURIMAGUAS,ORA HOSPITAL SANTA GEMA YURIMAGUAS (MINSA),OPERATIVO,08:45 a 16:30,CALLE HUALLAGA  C-4,2023
SAN MARTIN,SAN MARTIN,MORALES,PANP MORALES,OPERATIVO,08:45 a 16:45,Tarapoto N° 116 Plaza de Armas,2023
LORETO,MAYNAS,PUNCHANA,"ORA HOSPITAL REGIONAL DE LORETO ""FELIPE ARRIOLA IGLESIAS""",OPERATIVO,08:45 a 16:30,28 de Julio S/N,2023
LORETO,MAYNAS,IQUITOS,"ORA HOSPITAL IQUITOS ""CESAR GARAYAR GARCIA""",OPERATIVO,08:45 a 16:30,Cornejo Portugal 1710,2023
LORETO,MAYNAS,BELÉN,OR BELEN,OPERATIVO,08:45 a 16:30,Miraflores S/N P. J. 09 de Octubre,2023
LORETO,MAYNAS,TENIENTE MANUEL CLAVERO,PAP SOPLIN VARGAS,OPERATIVO,08:45 a 16:30,Plaza de Armas S/N  ,2023
LORETO,MAYNAS,IQUITOS,OR IQUITOS,OPERATIVO,08:45 a 16:45,Próspero Nº 201,2023
LORETO,LORETO,NAUTA,PAP NAUTA,OPERATIVO,08:45 a 16:30,Grau Nº 305 Centro,2023
LORETO,REQUENA,REQUENA,PAP REQUENA,OPERATIVO,08:45 a 16:30,San Antonio S/N Anexo Hotel Municipal,2023
LORETO,MARISCAL RAMON CASTILLA,RAMON CASTILLA,PAP MARISCAL RAMON CASTILLA - CABALLOCOCHA,OPERATIVO,08:45 a 16:30,Ayacucho Mz. 22 Lt. 4 C con Amazonas S/N - Local Municipal,2023
LORETO,MAYNAS,SAN JUAN BAUTISTA,OR SAN JUAN BAUTISTA,OPERATIVO,08:45 a 16:30,Abelardo Quiñones Nº 2371 Km. 2.5 ,2023
LORETO,MARISCAL RAMON CASTILLA,YAVARI,PAP YAVARI,OPERATIVO,08:45 a 16:30,Dos de Julio S/N Local Municipal,2023
LORETO,PUTUMAYO,PUTUMAYO,PAP PUTUMAYO,OPERATIVO,08:45 a 16:30,LOCAL MUNICIPAL,2023
LORETO,MAYNAS,PUNCHANA,PAP PUNCHANA,OPERATIVO,08:45 a 16:30,"Calle Cusco S/N, cuadra 5, equina con Trujillo.",2023
LORETO,REQUENA,REQUENA,ORA REQUENA,OPERATIVO,08:45 a 16:30,Mártires del Petroléo S/N - Malecon Grau,2023
LORETO,MARISCAL RAMON CASTILLA,RAMON CASTILLA,ORA CABALLOCOCHA,OPERATIVO,08:45 a 16:30,Progreso N° 425,2023
LORETO,MAYNAS,PUNCHANA,MAC - LORETO,OPERATIVO,08:45 a 16:30,La Marina Nº  1338,2023
ANCASH,SANTA,CHIMBOTE,OR SANTA,OPERATIVO,08:45 a 16:45,Jr. Enrique Palacios Nº 504-506 esquina con Jr. Ladislao Espinar Nº 401,2023
ANCASH,SANTA,NUEVO CHIMBOTE,AG NUEVO CHIMBOTE,OPERATIVO,08:45 a 16:45,Mz. 74-75 Lt. 1 del Centro Cívico de la Municipalidad Distrital de Nuevo Chimbote,2023
ANCASH,HUARAZ,HUARAZ,AG HUARAZ,OPERATIVO,08:45 a 16:45,Jr. José Larrea y Loredo N° 764,2023
ANCASH,HUAYLAS,CARAZ,AG HUAYLAS,OPERATIVO,08:45 a 16:45,Jr. Raimondi N° 215,2023
ANCASH,HUARI,HUARI,AG HUARI,OPERATIVO,08:45 a 16:45,Jr. Libertad Mz. P2 Lt. 003,2023
ANCASH,POMABAMBA,POMABAMBA,AG POMABAMBA,OPERATIVO,08:45 a 16:45,Jr. Huaraz Nº 369,2023
ANCASH,SIHUAS,SIHUAS,AG SIHUAS,OPERATIVO,08:45 a 16:45,"Jr. Gomes Arias 106, Barrio Pingullo Alto",2023
ANCASH,PALLASCA,PAMPAS,AG PAMPAS,OPERATIVO,08:45 a 16:45,Calle Plaza de Armas S/N - Municipalidad Distrital de Pampas - 1er piso,2023
ANCASH,CASMA,CASMA,PAP CASMA,OPERATIVO,08:45 a 16:45,Sector Hijuela Mz. C Lt. 13 del Centro Cívico de la Municipalidad Provincial de Casma,2023
ANCASH,HUARMEY,HUARMEY,PAP HUARMEY,OPERATIVO,08:45 a 16:45,1er. Pabellón S/N del Centro Cívico de la Municipalidad Provincial de Huarmey,2023
ANCASH,RECUAY,RECUAY,PAP RECUAY,OPERATIVO,08:45 a 16:45,Jr. Plaza de Armas Nº 180 Municipalidad Distrital de Recuay,2023
ANCASH,CARHUAZ,CARHUAZ,PAP CARHUAZ,OPERATIVO,08:45 a 16:45,Av. La Merced Nº 1006,2023
ANCASH,YUNGAY,YUNGAY,PAP YUNGAY,OPERATIVO,08:45 a 16:45,Av.  Arias Grazziani Lt. 1-2 Centro Cívico de la Municipalidad Provincial de Yungay,2023
ANCASH,CARLOS FERMIN FITZCARRALD,SAN LUÍS,PAP CARLOS FERMÍN FITZCARRALD,OPERATIVO,08:45 a 16:45,Av. Ramón Castilla N° 320 - 1er. piso Centro Cívico de la Municipalidad Provincial de C. F. Fitzcarrald,2023
ANCASH,MARISCAL LUZURIAGA,PISCOBAMBA,PAP MARISCAL LUZURIAGA,OPERATIVO,08:45 a 16:45,"Jr. San Pablo S/N, Centro Cívico de la Municipalidad Provincial de Mariscal Luzuriaga",2023
ANCASH,SANTA,CHIMBOTE,ORA HOSPITAL LA CALETA (Chimbote) (MINSA),OPERATIVO,08:45 a 16:30,Av. Malecon Grau S/N,2023
ANCASH,SANTA,CHIMBOTE,ORA HOSPITAL ESSALUD III CHIMBOTE (ESSALUD),OPERATIVO,08:45 a 16:30,Av. Circunvalación Nº 119 Urb. Laderas del Norte,2023
ANCASH,SANTA,CHIMBOTE,ORA MATERNIDAD DE MARÍA (Chimbote) (OTROS),OPERATIVO,08:45 a 16:30,"Av. Enrique Meiggs S/N, PPJJ Miraflores Alto",2023
ANCASH,SANTA,NUEVO CHIMBOTE,ORA HOSPITAL ELEAZAR GUZMÁN BARRÓN (Nuevo Chimbote) (MINSA),OPERATIVO,08:45 a 16:30,"Av. Brasil S/N, Urb. Santa Cristina (Hospital Regional Eleazar Guzmán Barrón puerta de Emergencia)",2023
ANCASH,HUARAZ,HUARAZ,ORA HOSPITAL VÍCTOR RAMOS GUARDIA (Huaraz) (MINSA),OPERATIVO,08:45 a 16:30,"Av. Mariscal Luzuriaga cdra. 01, cruce con Jr. Pedro Villón cdra. 10",2023
ANCASH,HUAYLAS,CARAZ,ORA HOSPITAL DE APOYO CARAZ (MINSA),OPERATIVO,08:45 a 16:30,Av. 9 de Octubre S/N,2023
ANCASH,HUARI,HUARI,ORA HOSPITAL DE APOYO HUARI (MINSA),OPERATIVO,08:45 a 16:30,Av. Circunvalación Baja S/N,2023
ANCASH,CORONGO,CORONGO,PANP CORONGO,DESPLAZAMIENTO,08:45 a 16:45,"Jr. Grau N° 206, primer piso de la Municipalidad Provincial de Corongo",2023
ANCASH,PALLASCA,CABANA,PANP PALLASCA,DESPLAZAMIENTO,08:45 a 16:45,"Av. Plaza de Armas N° 103, primer piso de la Municipalidad Provincial de Pallasca",2023
ANCASH,AIJA,AIJA,PANP AIJA,DESPLAZAMIENTO,08:45 a 16:45,"Jr. Gavino Uribe S/N Plaza de Armas, 1er piso de la Municipalidad Provincial de Aija",2023
ANCASH,BOLOGNESI,CHIQUIAN,PANP BOLOGNESI,DESPLAZAMIENTO,08:45 a 16:45,"Jr. Tacna 320, primer piso del Centro Cívico de la Municipalidad Distrital de Chiquian",2023
ANCASH,YUNGAY,YANAMA,AG YANAMA,DESPLAZAMIENTO,08:45 a 16:45,Jr. Gran Chavín 2da cuadra S/N,2023
ANCASH,MARISCAL LUZURIAGA,LLUMPA,PANP LLUMPA,DESPLAZAMIENTO,08:45 a 16:45,Plaza de Armas S/N,2023
ANCASH,ASUNCION,CHACAS,PANP ASUNCIÓN,DESPLAZAMIENTO,08:45 a 16:45,"Jr. Atusparia S/N, esquina con Jr. Lima",2023
ANCASH,HUARI,CHAVIN DE HUANTAR,PANP CHAVÍN DE HUANTAR,DESPLAZAMIENTO,08:45 a 16:45,"Jr. San Martin S/N, 1er piso del Centro Cívico de la Municipalidad Distrital de Chavin de Huantar",2023
ANCASH,HUARI,SAN MARCOS,PANP SAN MARCOS ,DESPLAZAMIENTO,08:45 a 16:45,"Jr. Progreso 332, Plaza de Armas de San Marcos",2023
ANCASH,HUACAYBAMBA,HUACAYBAMBA,PANP HUACAYBAMBA,DESPLAZAMIENTO,08:45 a 16:45,"Av. El Ejercito S/N Barrio San Pedro, 1er piso Municipalidad Provincial de Huacaybamba",2023
ANCASH,ANTONIO RAIMONDI,LLAMELLIN,PANP ANTONIO RAIMONDI,DESPLAZAMIENTO,08:45 a 16:45,Jr. Simón Bolívar N° 229,2023
ANCASH,HUARI,UCO,PANP UCO,DESPLAZAMIENTO,08:45 a 16:45,"Jr. Nicolas de Piérola S/N Plaza de Armas, Municipalidad Distrital de Uco",2023
JUNIN,TARMA,TARMA,AG TARMA,OPERATIVO,08:45 a 16:45,AREQUIPA Nº 939,2023
JUNIN,CHANCHAMAYO,LA MERCED,AG CHANCHAMAYO,OPERATIVO,08:45 a 16:45,TARMA Nº 236,2023
JUNIN,HUANCAYO,EL TAMBO,OR HUANCAYO,OPERATIVO,08:45 a 16:45,MARISCAL CASTILLA Nº 1801,2023
JUNIN,HUANCAYO,HUANCAYO,"ORA REGIONAL DOCENTE MATERNO INFANTIL ""EL CARMEN"" (MINSA)",OPERATIVO,08:45 a 16:30,PUNO Nº 911,2023
JUNIN,TARMA,TARMA,ORA DE APOYO FELIX MAYORCA SOTO (MINSA),OPERATIVO,08:45 a 16:30,PACHECO Nº 362,2023
JUNIN,JAUJA ,JAUJA ,ORA HOSPITAL DOMINGO OLAVEGOYA (MINSA),OPERATIVO,08:45 a 16:30,SAN MARTÍN Nº 1153 URB. OLAVEGOYA ,2023
JUNIN,SATIPO,SATIPO,ORA DE APOYO MANUEL HIGA ARAKAKI (MINSA),DESPLAZAMIENTO,08:45 a 16:30,DANIEL ALCIDES CARRIÓN Nº 398,2023
JUNIN,CHANCHAMAYO ,PICHANAQUI,ORA HOSPITAL DE APOYO PICHANAQUI (MINSA),OPERATIVO,08:45 a 16:30,SAN MARTÍN S/N PICHANAKI,2023
JUNIN,HUANCAYO,HUANCAYO,ORA LA LIBERTAD (MINSA),DESPLAZAMIENTO,08:45 a 16:30,LA VITORIA 1001,2023
JUNIN,CHANCHAMAYO,LA MERCED,ORA HOSPITAL REGIONAL DOCENTE DE MEDICINA TROPICAL DR. JULIO DEMARINI CARO (MINSA),OPERATIVO,08:45 a 16:30,DANIEL A. CARRION S/N AV. PAMPA DEL CARMEN S/N,2023
JUNIN,HUANCAYO,EL TAMBO,ORA HOSPITAL NACIONAL RAMIRO PRIALE (ESSALUD),DESPLAZAMIENTO,08:45 a 16:30,INDEPENDENCIA Nº 266,2023
JUNIN,SATIPO,PANGOA,ORA HOSPITAL DE PANGOA (MINSA),DESPLAZAMIENTO,08:45 a 16:30,LA CULTURA S/N,2023
JUNIN,HUANCAYO,CHILCA,ORA CHILCA (MINSA),DESPLAZAMIENTO,08:45 a 16:30,HUMBOLT Nº 900,2023
JUNIN,SATIPO,PANGOA,PAP PANGOA,OPERATIVO,08:45 a 16:30,07 DE JUNIO Nº 641 PLAZA PRINCIPAL CENTRO CIVICO,2023
JUNIN,SATIPO,MAZAMARI,PAP MAZAMARI,OPERATIVO,08:45 a 16:30,SAN JUAN N° 377,2023
JUNIN,CONCEPCION,CONCEPCIÓN,PAP CONCEPCIÓN,OPERATIVO,08:45 a 16:30,RICARDO PALMA S/N MERCADO MODELO INTERIOR 1 ,2023
JUNIN,JAUJA,JAUJA,PAP JAUJA,OPERATIVO,08:45 a 16:30,SUCRE N° 889,2023
JUNIN,JUNIN,JUNIN,PAP JUNIN,OPERATIVO,08:45 a 16:30,SIMÓN BOLIVAR N° 820,2023
JUNIN,YAULI,SANTA ROSA DE SACCO,PAP YAULI,OPERATIVO,08:45 a 16:30,MIGUEL GRAU N° 309,2023
JUNIN,SATIPO,SATIPO,PAP SATIPO,OPERATIVO,08:45 a 16:45,MICAELA BASTIDAS Y JR. AUGUSTO B. LEGUIA CENTRO CIVICO ,2023
JUNIN,CHUPACA,CHUPACA,PAP CHUPACA,OPERATIVO,08:45 a 16:30,GRAU N° 195 - CENTRO CÍVICO,2023
JUNIN,CHANCHAMAYO,PICHANAQUI,PAP PICHANAQUI,OPERATIVO,08:45 a 16:45,INDEPENDENCIA S/N COLISEO MUNICIPAL,2023
JUNIN,HUANCAYO,HUANCAYO,MAC JUNIN,OPERATIVO,08:45 a 16:30,FERROCARRIL N° 146 - 150 - CENTRO COMERCIAL OPEN PLAZA,2023
AYACUCHO,HUAMANGA,AYACUCHO,"ORA HOSPITAL REGIONAL DE AYACUCHO ""MIGUEL ANGEL MARISCAL LLERENA"" (MINSA)",OPERATIVO,08:45 a 16:30,Av.Daniel Alcides Carrión S/N - 2da cuadra.,2023
AYACUCHO,LA MAR,AYNA,PAP AYNA -SAN FRANCISCO,OPERATIVO,08:45 a 16:45,28 de Julio S/N San Francisco,2023
AYACUCHO,HUAMANGA,AYACUCHO,OR HUAMANGA,OPERATIVO,08:45 a 16:45,"San Martin Nº 473, 475, 477 y 477A",2023
AYACUCHO,CANGALLO,CANGALLO,PAP CANGALLO,OPERATIVO,08:45 a 16:45,Maria Parado de Bellido Nº 205,2023
AYACUCHO,HUANTA,HUANTA,AG HUANTA,OPERATIVO,08:45 a 16:45,Ayacucho N° 305,2023
AYACUCHO,LA MAR,SAN MIGUEL,PAP LA MAR,OPERATIVO,08:45 a 16:45,Maria Parado de Bellido S/N ,2023
AYACUCHO,VICTOR FAJARDO,HUANCAPI,PAP VICTOR FAJARDO,OPERATIVO,08:45 a 16:45,Plaza Principal Nº 127,2023
AYACUCHO,HUANCA SANCOS,SANCOS,PAP HUANCASANCOS,OPERATIVO,08:45 a 16:45,Progreso S/N Consejo Provincial de Huanca Sancos,2023
AYACUCHO,VILCAS HUAMAN,VILCAS HUAMAN,PAP VILCASHUAMAN,OPERATIVO,08:45 a 16:45,Los Incas Nº 222,2023
AYACUCHO,SUCRE,QUEROBAMBA,PAP SUCRE,OPERATIVO,08:45 a 16:45,San Martin S/N  Plaza de Armas Consejo Provincial de Sucre,2023
AYACUCHO,HUANTA,HUANTA,"ORA HOSPITAL DE APOYO HUANTA ""DANIEL ALCIDES CARRION"" (MINSA)",OPERATIVO,08:45 a 16:30,Mariscal Castilla Nº 628,2023
AYACUCHO,LA MAR,SAN MIGUEL,ORA SAN MIGUEL (MINSA),DESPLAZAMIENTO,08:45 a 16:30,Ramon Castilla s/n,2023
AYACUCHO,CANGALLO,CANGALLO,ORA HOSPITAL DE APOYO CANGALLO (MINSA),OPERATIVO,08:45 a 16:30,Santa Rosa N° 110,2023
CUSCO,LA CONVENCION,PICHARI,PAP PICHARI,OPERATIVO,08:45 a 16:45,BRASIL S/N,2023
APURIMAC,CHINCHEROS,CHINCHEROS,PAP CHINCHEROS,OPERATIVO,08:45 a 16:45,COTABAMBAS N° 121,2023
AYACUCHO,LA MAR,SAMUGARI,PAP SAMUGARI -PALMAPAMPA,OPERATIVO,08:45 a 16:45,Los Laureles S/N – Palmapampa Distrital de Samugari,2023
AYACUCHO,LA MAR,TAMBO,ORA TAMBO (MINSA),OPERATIVO,08:45 a 16:30,Lima s/n,2023
AYACUCHO,HUAMANGA,JESUS NAZARENO,ORA HOSPITAL DE APOYO JESUS NAZARENO (MINSA),OPERATIVO,08:45 a 16:30,Ciro Alegría Nº 547,2023
APURIMAC,ANDAHUAYLAS,TALAVERA,OR ANDAHUAYLAS,OPERATIVO,08:45 a 16:45,Amauta N° 311,2023
APURIMAC,CHINCHEROS,ANCCO HUALLO,ORA  CENTRO DE SALUD URIPA  (MINSA),OPERATIVO,08:45 a 16:30, Túpac Amaru S/N – URIPA,2023
APURIMAC,ANDAHUAYLAS,ANDAHUAYLAS,ORA HOSPITAL REGIONAL DOCENTE  HUGO PESCE PESCETTO ANDAHUAYLAS (MINSA),OPERATIVO,08:45 a 16:30,Hugo Pesce Pesceto S/N,2023
AYACUCHO,HUANTA,SIVIA,ORA HOSPITAL DE APOYO DE SIVIA (MINSA),DESPLAZAMIENTO,08:45 a 16:30,Gervacio Santillana S/N,2023
CUSCO,LA CONVENCION,KIMBIRI,ORA CENTRO DE SALUD SAN JUAN DE KIMBIRI (MINSA),OPERATIVO,08:45 a 16:30,Aeropuerto S/N,2023
CUSCO,LA CONVENCION,PICHARI,ORA HOSPITAL DE APOYO PICHARI (MINSA),OPERATIVO,08:45 a 16:30,Amazonas s/n,2023
APURIMAC,CHINCHEROS,CHINCHEROS,ORA HOSPITAL DE APOYO CHINCHEROS (MINSA),OPERATIVO,08:45 a 16:30,Fernando Belaunde Terry S/N,2023
AYACUCHO,CANGALLO,LOS MOROCHUCOS,ORA PAMPA CANGALLO (MINSA),OPERATIVO,08:45 a 16:30,María Arguedas S/N,2023
AREQUIPA,AREQUIPA,AREQUIPA,ORA HOSPITAL REGIONAL HONORIO DELGADO ESPINOZA (MINSA),OPERATIVO,08:45 a 16:45,Daniel Alcides Carrión N° 505,2023
TACNA,TACNA,TACNA,ORA TACNA (MINSA),OPERATIVO,08:45 a 16:45,Blondel S/N,2023
AREQUIPA,AREQUIPA,AREQUIPA,OR AREQUIPA,OPERATIVO,08:45 a 16:45,San Juan de Dios N° 122 y Santo Domingo N° 101,2023
AREQUIPA,CAYLLOMA,CHIVAY,PAP CAYLLOMA,OPERATIVO,08:45 a 16:45,Siglo XX S/N,2023
AREQUIPA,CAMANA,CAMANA,AG CAMANA,OPERATIVO,08:45 a 16:45,Mariscal Castilla N° 221,2023
AREQUIPA,CARAVELI,CARAVELÍ,PAP CARAVELI,OPERATIVO,08:45 a 16:45,Bolivar S/N,2023
AREQUIPA,CASTILLA,APLAO,PAP CASTILLA,OPERATIVO,08:45 a 16:45,Progreso S/N,2023
AREQUIPA,CONDESUYOS,CHUQUIBAMBA,PAP CONDESUYOS,OPERATIVO,08:45 a 16:45,Alameda S/N - Los Tres Errantes,2023
AREQUIPA,ISLAY,MOLLENDO,AG ISLAY,OPERATIVO,08:45 a 16:45,Arequipa Nº 261 ,2023
AREQUIPA,LA UNION,COTAHUASI,PAP LA UNION,OPERATIVO,08:45 a 16:45,Centenario N° 202 - Cotahuasi,2023
MOQUEGUA,MARISCAL NIETO,MOQUEGUA,ORA HOSPITAL REGIONAL MOQUEGUA (MINSA),OPERATIVO,08:45 a 16:45,Simón Bolívar N° 505,2023
MOQUEGUA,MARISCAL NIETO,MOQUEGUA,AG MARISCAL NIETO,OPERATIVO,08:45 a 16:45,Lima Nº 676,2023
MOQUEGUA,ILO,ILO,AG ILO,OPERATIVO,08:45 a 16:45,Ayacucho N° 529,2023
AREQUIPA,CAYLLOMA,MAJES,AG MAJES,OPERATIVO,08:45 a 16:45,Arequipa S/N - Tienda 06 del Estadio Almirante Miguel Grau - Pedregal,2023
AREQUIPA,AREQUIPA,CAYMA,AG CAYMA,OPERATIVO,08:45 a 16:45,Ramón Castilla S/N - Estadio La Tomilla,2023
TACNA,TACNA,TACNA,AG TACNA,OPERATIVO,08:45 a 16:45,Deustua Nº 173,2023
AREQUIPA,AREQUIPA,AREQUIPA,ORA HOSPITAL III GOYENECHE (MINSA),OPERATIVO,08:45 a 16:45,Goyeche N° 100,2023
AREQUIPA,CAMANA,CAMANA,ORA HOSPITAL DE CAMANA (MINSA),OPERATIVO,08:45 a 16:45,Lima 550,2023
AREQUIPA,AREQUIPA,PAUCARPATA,MAC - AREQUIPA,OPERATIVO,08:30 a 16:30,Porongoche N° 500 Paucarpata - Centro Comercial Mall Aventura ,2023
AREQUIPA,CAYLLOMA,MAJES,ORA HOSPITAL CENTRAL DE MAJES- ANGEL GABRIEL CHURA GALLEGOS (MINSA),OPERATIVO,08:45 a 16:45,Asentamiento B1 lote 1 Irrig. Majes,2023
MOQUEGUA,MARISCAL NIETO,MOQUEGUA,MAC - MOQUEGUA,OPERATIVO,08:30 a 16:30,"Circunvalación 1B Sub lote 1-A, Moquegua",2023
AREQUIPA,AREQUIPA,YURA,PANP YURA,DESPLAZAMIENTO,08:00 a 16:00,Asoc Ciudad de Dios Z-3 Yura,2023
AREQUIPA,AREQUIPA,AREQUIPA,PAP PASEO CENTRAL,OPERATIVO,08:45 a 16:45,Arturo Ibañez S/N,2023
AREQUIPA,AREQUIPA,CERRO COLORADO,C.S. MARITZA CAMPOS DIAZ (MINSA),OPERATIVO,08:45 a 16:45,Yavari S/N,2023
AREQUIPA,AREQUIPA,PAUCARPATA,HOSPITAL EDMUNDO ESCOMEL (ESSALUD),OPERATIVO,08:45 a 16:45,EL Cayro S/N,2023
AREQUIPA,AREQUIPA,AREQUIPA,HOSPITAL CARLOS ALBERTO SEGUIN ESCOBEDO (ESSALUD),OPERATIVO,08:45 a 16:45,Peral S/N,2023
AREQUIPA,AREQUIPA,YANAHUARA,ORA HOSPITAL III YANAHUARA (ESSALUD),OPERATIVO,08:45 a 16:45,Zamácola S/N,2023
CUSCO,CUSCO,SANTIAGO,ORA ANTONIO LORENA DEL CUSCO (MINSA),OPERATIVO,08:45 a 16:30,Carlos Ugarte S/N Urb. Primavera Cuartel Agustín Gamarra,2023
CUSCO,CUSCO,WANCHAQ,ORA HOSPITAL NACIONAL ADOLFO GUEVARA VELASCO (ESSALUD),OPERATIVO,08:45 a 16:30,Ancelmo Alvarez S/N,2023
APURIMAC,ABANCAY,ABANCAY,OR ABANCAY,OPERATIVO,08:45 a 16:45,La Victoria Nº 214,2023
APURIMAC,AYMARAES,CHALHUANCA,PANP AYMARAES,DESPLAZAMIENTO,08:45 a 16:30,Plaza de Armas S/N (Gobernatura De Chalhuanca),2023
APURIMAC,ANTABAMBA,ANTABAMBA,PANP ANTABAMBA,DESPLAZAMIENTO,08:45 a 16:30,Plaza de Armas S / N,2023
APURIMAC,COTABAMBAS,TAMBOBAMBA,PAP TAMBOBAMBA,OPERATIVO,08:45 a 16:30,Perú - Plaza de Armas S/N - 3er Piso,2023
APURIMAC,GRAU,CHUQUIBAMBILLA,PANP GRAU,DESPLAZAMIENTO,08:45 a 16:30,Plaza de Armas S / N,2023
CUSCO,CUSCO,CUSCO,OR CUSCO,OPERATIVO,08:45 a 16:45,El Sol N° 272,2023
CUSCO,ACOMAYO,ACOMAYO,PANP ACOMAYO,DESPLAZAMIENTO,08:45 a 16:30,Plaza de Armas S/N,2023
CUSCO,ANTA,ANTA ,PAP ANTA,OPERATIVO,08:45 a 16:30,"Jaquijahuana  S / N, Izcuchaca",2023
CUSCO,CALCA,CALCA,AG CALCA,OPERATIVO,08:45 a 16:45,Plaza de Armas S/N,2023
CUSCO,CANAS,YANAOCA,PAP CANAS,OPERATIVO,08:45 a 16:30,Plaza de Armas S/N,2023
CUSCO,CANCHIS,SICUANI,AG CANCHIS,OPERATIVO,08:45 a 16:45,Túpac Amaru N° 163,2023
CUSCO,CHUMBIVILCAS,SANTO TOMAS,PAP CHUMBIVILCAS,OPERATIVO,08:45 a 16:45,Perú S / N (Ruedo de Toros),2023
CUSCO,ESPINAR,ESPINAR,PAP ESPINAR,OPERATIVO,08:45 a 16:45,Teatro S/N  ,2023
CUSCO,LA CONVENCION,SANTA ANA,AG LA CONVENCION,OPERATIVO,08:45 a 16:45,Grau Nº 238,2023
CUSCO,PARURO,PARURO,PANP PARURO,DESPLAZAMIENTO,08:45 a 16:30,Plaza de Armas S/N,2023
CUSCO,PAUCARTAMBO,PAUCARTAMBO,PAP PAUCARTAMBO - JR9,OPERATIVO,08:45 a 16:30,Enrique Yabar S/N,2023
CUSCO,QUISPICANCHI,URCOS,PAP QUISPICANCHI,OPERATIVO,08:45 a 16:45,Huáscar N° 181,2023
CUSCO,URUBAMBA,URUBAMBA,PAP URUBAMBA,OPERATIVO,08:45 a 16:30,Conchatupa S/N,2023
MADRE DE DIOS,TAHUAMANU,IBERIA,AG IBERIA,OPERATIVO,08:45 a 16:45,Máximo Rodríguez N° 124 Plaza de Armas,2023
APURIMAC,ABANCAY,ABANCAY,ORA HOSPITAL REGIONAL GUILLERMO DIAZ DE LA VEGA (MINSA),OPERATIVO,08:45 a 16:30,Daniel Alcides Carrión S/N,2023
MADRE DE DIOS,TAMBOPATA,TAMBOPATA,OR TAMBOPATA,OPERATIVO,08:45 a 16:45,Lambayeque N° 159,2023
MADRE DE DIOS,MANU,MANU,PANP MANU,DESPLAZAMIENTO,08:45 a 16:30,Esperanza S/N - Local Municipal,2023
CUSCO,ACOMAYO,POMACANCHI,AG POMACANCHI,DESPLAZAMIENTO,08:45 a 16:45,Plaza de Armas S/N,2023
CUSCO,CUSCO,CUSCO,ORA HOSPITAL DE APOYO DEPARTAMENTAL CUSCO (MINSA),OPERATIVO,08:45 a 16:30,La Cultura S/N,2023
CUSCO,CUSCO,SANTIAGO,ORA BELEMPAMPA (MINSA),OPERATIVO,08:45 a 16:30,21 de Mayo S/N,2023
CUSCO,CANCHIS,SICUANI,ORA SICUANI (MINSA),OPERATIVO,08:45 a 16:30,Manuel Callo Zevallos N° 519 - Hospital MINSA Sicuani,2023
MADRE DE DIOS,TAMBOPATA,TAMBOPATA,ORA SANTA ROSA (MINSA),OPERATIVO,08:45 a 16:30,Cajamarca N° 171,2023
CUSCO,LA CONVENCION,SANTA ANA,ORA QUILLABAMBA (MINSA),OPERATIVO,08:45 a 16:30,General Gamarra S/N - Hospital Quillabamba,2023
APURIMAC,AYMARAES,CHALHUANCA,ORA CHALHUANCA (MINSA),OPERATIVO,08:45 a 16:30,Bolivar S/N,2023
CUSCO,ESPINAR,ESPINAR,ORA ESPINAR (MINSA),OPERATIVO,08:45 a 16:30,Domingo Huarca Cruz S/N Barrio Túpac Amaru  - Hospital Espinar,2023
MADRE DE DIOS,TAHUAMANU,IBERIA,ORA SAN MARTIN DE PORRES DE IBERIA (MINSA),OPERATIVO,08:45 a 16:30,Mocopata S/N,2023
APURIMAC,COTABAMBAS,TAMBOBAMBA,ORA TAMBOBAMBA (MINSA),OPERATIVO,08:45 a 16:30,Hospital Tambobamba,2023
APURIMAC,COTABAMBAS,HAQUIRA,PAP HAQUIRA,OPERATIVO,08:45 a 16:30,Plaza de armas S/N-Haquira,2023
CUSCO,CHUMBIVILCAS,SANTO TOMAS,ORA SANTO TOMAS (MINSA),OPERATIVO,08:45 a 16:30, Andres Avelino Caceres - Hospital Santo Tomas  ,2023
CUSCO,CHUMBIVILCAS,VELILLE,PANP VELILLE,DESPLAZAMIENTO,08:45 a 16:30,Plaza de Armas - Municipalidad Distrital Velille,2023
CUSCO,CALCA,YANATILE,PANP YANATILE,DESPLAZAMIENTO,08:45 a 16:30,Plaza de Armas - Municipalidad Distrital Yanatile,2023
APURIMAC,ABANCAY,CURAHUASI,PANP CURAHUASI,DESPLAZAMIENTO,08:45 a 16:30,Coliseo Cerrado - Municipalidad de Curahuasi,2023
CUSCO,CUSCO,SANTIAGO,AGENCIA SANTIAGO,OPERATIVO,08:45 a 16:30,Giraldo Ruiz Caro S/N,2023
CUSCO,CUSCO,WANCHAQ,MAC CUSCO,OPERATIVO,08:45 a 16:30,Collasuyo 2964 - Real Plaza Cusco,2023
LIMA,LIMA ,JESÚS MARÍA,ORA HOSPITAL NACIONAL EDGARDO REBAGLIATI MARTINS (ESSALUD),OPERATIVO,08:45 a 16:30,AV. SALAVERRY CDRA. 13 - PUERTA 6,2023
CALLAO,CALLAO,CALLAO,ORA NAC. DANIEL A. CARRIÓN (MINSA),OPERATIVO,08:45 a 16:45,Guardia Chalaca Nº 2176 - Bellavista,2023
LIMA,LIMA,SAN JUAN DE LURIGANCHO,ORA HOSPITAL SAN JUAN DE LURIGANCHO (MINSA),OPERATIVO,08:45 a 16:30,Canto Grande S/N - Altura del paradero 10,2023
LIMA,LIMA,EL AGUSTINO,ORA HOSPITAL NACIONAL HIPOLITO UNANUE (MINSA),OPERATIVO,08:45 a 16:30,Cesar Vallejo Nº 1390 ,2023
LIMA,LIMA,LIMA,ORA INSTITUTO NACIONAL MATERNO PERINATAL (MINSA),OPERATIVO,08:45 a 16:30,Miroquesada Nº 941 - Lima,2023
CALLAO,CALLAO,VENTANILLA,OR VENTANILLA,OPERATIVO,08:45 a 16:45,Pachacutec N° 225 - Sector B - Grupo Residencial B1 - Mz. F1 ,2023
LIMA,LIMA,SANTIAGO DE SURCO,OR SURCO - HIGUERETA,OPERATIVO,08:45 a 16:45,Santiago de Surco Nº 2807 Urb. Residencial Higuereta,2023
LIMA,LIMA,SAN BORJA,OR SAN BORJA,OPERATIVO,08:45 a 16:45,San Luis N° 1673 Urb. Jacaranda II,2023
LIMA,LIMA,COMAS,OR COMAS III,OPERATIVO,08:45 a 16:45,San Felipe Nº 830 Urb. San Felipe,2023
LIMA,LIMA,LIMA,OR QUILCA,OPERATIVO,08:45 a 16:45,Quilca Nº 501 y 525 ,2023
LIMA,LIMA,LIMA,AG ANCASH,OPERATIVO,08:45 a 16:45,Ancash Nº 336-340 y 344 (Frente a la Plazuela San Francisco) - Lima,2023
LIMA,LIMA,VILLA MARÍA DEL TRIUNFO,ORA DANIEL ALCIDES CARRION (MINSA),OPERATIVO,08:45 a 16:30,Pachacutec N° 3470 - Pasando el Terminal Pesquero.,2023
CALLAO,CALLAO,BELLAVISTA,MAC - CALLAO,OPERATIVO,08:30 a 16:30,Oscar R. Benavides N° 3866 - Centro Comercial Mall Aventura Plaza,2023
LIMA,LIMA,LIMA,OR LIMA,OPERATIVO,08:45 a 16:45,Av. Nicolás de Piérola N 545,2023
LIMA,LIMA,ATE,OR ATE,OPERATIVO,08:45 a 16:45,Industrial Nº 438,2023
LIMA,LIMA,COMAS,OR COMAS I,OPERATIVO,08:45 a 16:45,"Tupac Amaru N° 5527 - 5531 - 5535, Urb Huaquillay 2da Etapa",2023
LIMA,LIMA,LURIN,OR LURIN,OPERATIVO,08:45 a 16:45,Simon Bolivar N° 267,2023
LIMA,LIMA,MIRAFLORES,OR MIRAFLORES,OPERATIVO,08:45 a 16:45,Ernesto Diez Canseco N° 230,2023
LIMA,LIMA,PUENTE PIEDRA,OR PUENTE PIEDRA,OPERATIVO,08:45 a 16:45,Ricardo Palma Nº 241,2023
LIMA,LIMA,SAN JUAN DE LURIGANCHO,OR SAN JUAN DE LURIGANCHO,OPERATIVO,08:45 a 16:45,Las Flores Lote 1 Mz. G Urb. Canto Grande Unidad 7,2023
LIMA,LIMA,SAN JUAN DE MIRAFLORES,OR SAN JUAN DE MIRAFLORES,OPERATIVO,08:45 a 16:45,Guillermo Billinghurst  N° 767 – 769 Mz. F Lote 18 Urb. SJM Parcela D,2023
LIMA,LIMA,SAN MARTÍN DE PORRES,OR SAN MARTIN DE PORRES,OPERATIVO,08:45 a 16:45,Eduardo de Habich Nº 590 - 592 con Pedro Paulet N° 589,2023
LIMA,CAJATAMBO,CAJATAMBO,AG CAJATAMBO,OPERATIVO,08:45 a 16:45,Bolognesi S/N - Comisiones de Regantes -Frente plaza de Armas,2023
LIMA,CANTA,CANTA,AG CANTA,OPERATIVO,08:45 a 16:45,Independencia Nº 308 Municipio (Plaza de Armas),2023
LIMA,CAÑETE,SAN VICENTE DE CAÑETE,AG CAÑETE,OPERATIVO,08:45 a 16:45,Los Libertadores Mz. D-3 Lote 4 Urbanización Tercer Mundo,2023
LIMA,HUAURA,HUACHO,AG HUACHO,OPERATIVO,08:45 a 16:45,Grau Nº 295,2023
LIMA,HUAROCHIRI,MATUCANA,AG MATUCANA,OPERATIVO,08:45 a 16:45,Tacna S/N  - Centro Civico,2023
LIMA,YAUYOS,YAUYOS,AG YAUYOS,OPERATIVO,08:45 a 16:45,Plaza Constitución Nº 110,2023
LIMA,HUARAL,HUARAL,AG HUARAL,OPERATIVO,08:45 a 16:45,Los Pinos Nº 149 Mz E Lote 4 Pasaje Urb. El Rosario,2023
LIMA,BARRANCA,BARRANCA,OR BARRANCA,OPERATIVO,08:45 a 16:45,Independencia N° 674 - 676 - 678,2023
LIMA,OYON,OYON,AG OYON,OPERATIVO,08:45 a 16:45,Unión 216,2023
LIMA,LIMA,LURIGANCHO,OR CHOSICA,OPERATIVO,08:45 a 16:45,Chucuito Nº 248 ,2023
LIMA,LIMA,PACHACAMAC,OR PACHACAMAC,OPERATIVO,08:45 a 16:45,Paul Poblet N° 3111 - Dentro del Mercado Jumbo,2023
LIMA,LIMA,JESÚS MARÍA,OR JESUS MARIA,OPERATIVO,08:45 a 16:45,Talara N° 130-132-134 y 136 Jesús Maria,2023
LIMA,LIMA,CIENEGUILLA,OR CIENEGUILLA,OPERATIVO,08:45 a 16:45,"San Martin Lote 15, Zona ""D"" Manzana ""D"" Centro Poblado Tambo Viejo",2023
LIMA,LIMA,SANTA ANITA,OR SANTA ANITA,OPERATIVO,08:45 a 16:45,"Los Eucaliptos Nº 947, Urbanización Universal",2023
LIMA,LIMA,INDEPENDENCIA,OR INDEPENDENCIA,OPERATIVO,08:45 a 16:45,Los Andes Nº 486 Urb. Industrial Panamericana Norte,2023
CALLAO,CALLAO,VENTANILLA,MAC - VENTANILLA,OPERATIVO,08:30 a 16:30,La Playa S/N altura la Urb. Zona Comercial frente a la Plaza Cívica ,2023
LIMA,LIMA,JESÚS MARÍA,AG 06 DE AGOSTO,OPERATIVO,08:45 a 16:45,06 de Agosto N° 856,2023
CALLAO,CALLAO,MI PERÚ,PAP MI PERU,OPERATIVO,08:45 a 16:45,Mz. G7 Lt. 06 Mi Perú  interior de la Sede Municipal.,2023
LIMA,LIMA,SAN MARTÍN DE PORRES,ORA NACIONAL CAYETANO HEREDIA (MINSA),OPERATIVO,08:45 a 16:30,Honorio Delgado N° 262 - Urb. Ingeniería / Obstetricia,2023
LIMA,HUAURA,HUACHO,ORA HOSPITAL GENERAL DE HUACHO (MINSA),OPERATIVO,08:45 a 16:30,Jose Arnaldo Arambulo La Rosa N° 251,2023
CALLAO,CALLAO,CALLAO,OR CALLAO,OPERATIVO,08:45 a 16:45,Dos de Mayo N° 440 - 446,2023
LIMA,LIMA,SAN BORJA,AG ATENCIONES ESPECIALES DE SAN BORJA,OPERATIVO,08:45 a 16:45,Javier Prado N° 2388 -2386 - 2392,2023
LIMA,LIMA,VILLA EL SALVADOR,OR VILLA EL SALVADOR,OPERATIVO,08:45 a 16:45,"Arriba Perú Nº 640 Sector 2, Grupo 7, Mz J, Lt 05 ",2023
CALLAO,CALLAO,CARMEN DE LA LEGUA REYNOSO,ORA HOSPITAL SAN JOSE (MINSA),OPERATIVO,08:45 a 16:45,Las Magnolias 475 Carmen de la Legua-Reynoso,2023
CALLAO,CALLAO,VENTANILLA,ORA HOSPITAL DE VENTANILLA (MINSA),OPERATIVO,08:45 a 16:45,Pedro Beltran S/N Ventanilla - Hospital de Ventanilla,2023
LIMA,CAÑETE,SAN LUIS,ORA HOSPITAL REZOLA (MINSA),OPERATIVO,08:45 a 16:30,Distrito de San Luis S/N,2023
LIMA,BARRANCA,BARRANCA,ORA HOSPITAL DE BARRANCA (MINSA),OPERATIVO,08:45 a 16:30,Nicolás de Piérola Nº 210 -224,2023
LIMA,HUARAL,HUARAL,ORA HOSPITAL SAN JUAN BAUTISTA HUARAL (MINSA),OPERATIVO,08:45 a 16:30,Tacna Nº 120 Urb. San Juan I,2023
LIMA,LIMA ,COMAS,ORA HOSPITAL NACIONAL SERGIO E. BERNALES (MINSA),OPERATIVO,08:45 a 16:30,"Túpac Amaru N° 8000, Collique, Comas.",2023
LIMA,LIMA,LIMA,ORA NACIONAL DOS DE MAYO (MINSA),OPERATIVO,08:45 a 16:30,Parque Historia De La Medicina Peruana S/N Altura Cuadra 13 Av Grau,2023
LIMA,LIMA,ATE ,ORA HOSPITAL DE HUAYCAN (MINSA),OPERATIVO,08:45 a 16:30,José C.Mariátegui S/N Zona B - A.H.Huaycán S/N Ate Lima Lima,2023
LIMA,LIMA,SAN JUAN DE MIRAFLORES,MAC - LIMA SUR,OPERATIVO,08:30 a 16:30,Circunvalación 1583- San Juan de Miraflores,2023
LIMA,LIMA,COMAS,MAC - LIMA NORTE,OPERATIVO,08:30 a 16:30,Los Angeles N° 602 2do piso - Cc Mall Plaza ,2023
LIMA,LIMA,JESUS MARIA,PVM - JESUS MARIA ,OPERATIVO,08:45 a 16:45,Talara N° 130,2023
LIMA,LIMA,SANTIAGO DE SURCO,PVM - JOCKEY PLAZA,OPERATIVO,08:45 a 16:45,Javier Prado Este N° 4200 ( Centro Financiero del Centro Comercial),2023
LIMA,LIMA,SURQUILLO,PVM - OPEN PLAZA ANGAMOS,OPERATIVO,08:45 a 16:45,Cruce Angamos N° 1805 con Tomas Marsano,2023
LIMA,LIMA,CHORRILLOS,PVM - PLAZA LIMA SUR,OPERATIVO,08:45 a 16:45,Prolongación Paseo  de la Republica S/N Urb. Matellini (2do nivel del Centro Comercial) ,2023
CALLAO,CALLAO,VENTANILLA,PVM - VENTANILLA,OPERATIVO,08:45 a 16:45,La Playa S/N altura la Urb. Zona Comercial frente a la Plaza Cívica ,2023
CALLAO,CALLAO,BELLAVISTA,PVM MALL AVENTURA PLAZA - CALLAO,OPERATIVO,08:45 a 16:45,Oscar R. Benavides N° 3866 - Centro Comercial Mall Aventura Plaza,2023
LIMA,LIMA,CERCADO,PVM - REAL PLAZA CENTRO CÍVICO,OPERATIVO,08:45 a 16:45,Garcilaso de la Vega N° 1337,2023
LIMA,LIMA,MIRAFLORES,PVM- MIRAFLORES,OPERATIVO,08:45 a 16:45,Diez Canseco N° 230,2023
LIMA,LIMA,INDEPENDENCIA,PVM - INDEPENDENCIA,OPERATIVO,08:45 a 16:45,Los Andes Nº 486 Urb. Industrial Panamericana Norte,2023
LIMA,LIMA,VILLA EL SALVADOR,PVM - VILLA EL SALVADOR ,OPERATIVO,08:45 a 16:45,"Arriba Perú Nº 640 Sector 2, Grupo 7, Mz J, Lt 05 ",2023
LIMA,LIMA,SANTA ANITA,ORA HOSP. JORGE VOTO BERNALES (ESSALUD),OPERATIVO,08:45 a 16:30,"CARRETERA CENTRAL KM. 3,5 - SANTA ANITA",2023
LIMA,LIMA,VILLA MARÍA DEL TRIUNFO,CMI JOSE CARLOS MARIATEGUI (MINSA),OPERATIVO,08:45 a 16:30,"Necochea s/n, AH. Jose Carlos Mariategui, Villa Maria del Triunfo.",2023
LIMA,LIMA,CHORRILLOS,CMI VIRGEN DEL CARMEN  (MINSA),OPERATIVO,08:45 a 16:30,AV. LEOPOLDO ARIAS 200 FRENTE AL COLISEO MARISCAL CACERES,2023
LIMA,LIMA,PUENTE PIEDRA,CARLOS LANFRANCO LA HOZ (MINSA),OPERATIVO,08:45 a 16:30,AV. SAENZ PEÑA S/N KM 30,2023
LIMA,LIMA,SAN JUAN DE LURIGANCHO,PVM - SAN JUAN DE LURIGANCHO,OPERATIVO,08:45 a 16:45,Las Flores Lote Nz. 6 Urb . Canto Grande ,2023
ANCASH,OCROS,OCROS,AG OCROS,OPERATIVO,08:45 a 16:45,Plaza de Armas S/N (MUNICIPIO),2023
PUNO,PUNO,PUNO,ORA MANUEL NUÑEZ BUTRON (MINSA),OPERATIVO,08:45 a 16:45,El Sol N° 1022,2023
PUNO,PUNO,PUNO,ORA HOSPITAL BASE III (PUNO) - RED ASISTENCIAL PUNO (ESSALUD),OPERATIVO,08:45 a 16:45,Francisco Cáceres Jara Nº 600,2023
PUNO,SAN ROMAN,JULIACA,ORA CARLOS MONGE MEDRANO (MINSA),OPERATIVO,08:45 a 16:45,Carretera a Huancane Km 2,2023
PUNO,EL COLLAO ,ILAVE ,ORA ILAVE (MINSA),OPERATIVO,08:45 a 16:45,Atahualpa Nº 825,2023
PUNO,SAN ROMAN,JULIACA,ORA HOSPITAL BASE III JULIACA - ESSALUD - RED ASISTENCIAL JULIACA (ESSALUD),OPERATIVO,08:45 a 16:45,José Santos Chocano S/N - La Capilla,2023
PUNO,PUNO,PUNO,OR PUNO,OPERATIVO,08:45 a 16:45,Arequipa N° 1143 - 1145 Barrio Victoria,2023
PUNO,AZANGARO,AZANGARO,PAP AZANGARO,OPERATIVO,08:45 a 16:45,Azangaro N° 160  (Palacio Municipal),2023
PUNO,CARABAYA,MACUSANI,PAP CARABAYA,OPERATIVO,08:45 a 16:45,Raimondi N° 116,2023
PUNO,CHUCUITO,JULI,PAP CHUCUITO,OPERATIVO,08:45 a 16:45,Ilave 235 - Mercado Central Municipio,2023
PUNO,HUANCANE,HUANCANE,PAP HUANCANE,OPERATIVO,08:45 a 16:45,Moquegua N° 104 - Barrio Progreso,2023
PUNO,LAMPA,LAMPA,PAP LAMPA,OPERATIVO,08:45 a 16:45,Alfonso Ugarte N° 343,2023
PUNO,MELGAR,AYAVIRI,PAP MELGAR,OPERATIVO,08:45 a 16:45,Jorge Chavez N°  550,2023
PUNO,SANDIA,SANDIA,PAP SANDIA,OPERATIVO,08:45 a 16:45,Juliaca S/N - Mercado Central Sandia,2023
PUNO,SAN ROMAN,JULIACA,AG SAN ROMAN,OPERATIVO,08:45 a 16:45,Brascesco N° 181 ,2023
PUNO,YUNGUYO,YUNGUYO,PAP YUNGUYO,OPERATIVO,08:45 a 16:45,Grau Nº 240,2023
PUNO,SAN ANTONIO DE PUTINA,PUTINA,PAP PUTINA,OPERATIVO,08:45 a 16:45,Plaza de Armas S/N (Palacio Municipal),2023
PUNO,EL COLLAO,ILAVE,PAP EL COLLAO,OPERATIVO,08:45 a 16:45,Bolognesi S/N - Coliseo Cubierto Ilave Oficina N° 02,2023
PUNO,MOHO,MOHO,PAP MOHO,DESPLAZAMIENTO,"08:15 a 13.00
(Domingos)",Circunvalación S/N Terminal Terrestre,2023
PUNO,AZANGARO,AZANGARO,ORA CARLOS CORNEJO ROSELLO (MINSA),OPERATIVO,08:45 a 16:45,Francisco Bolognesi N° 557,2023
PUNO,CHUCUITO,JULI,ORA JULI (MINSA),OPERATIVO,08:45 a 16:45,Panamericana S/N,2023
PUNO,HUANCANE,HUANCANE,ORA HOSPITAL LUCIO ALDAZABAL PAUCA (MINSA),OPERATIVO,08:45 a 16:45,Santa Cruz S/N,2023
PUNO,MELGAR,AYAVIRI,ORA SAN JUAN DE DIOS (AYAVIRI) (MINSA),OPERATIVO,08:45 a 16:45,Progreso S/N,2023
PUNO,SAN ROMÁN,JULIACA,ORA CENTRO DE SALUD CLAS SANTA ADRIANA (MINSA),OPERATIVO,08:45 a 16:45,Pachacutec S/N,2023
PUNO,SAN ROMÁN,SAN MIGUEL,PAP SAN MIGUEL - JR11,OPERATIVO,08:45 a 16:45,Palacio Municipal S/N,2023
PUNO,CHUCUITO,DESAGUADERO,PAP DESAGUADERO,OPERATIVO,08:45 a 16:45,28 de Julio N° 305 - Desaguadero,2023
ICA,ICA,ICA,ORA REGIONAL DE ICA (MINSA),OPERATIVO,08:45 a 16:30,Huacachina S/N,2023
AYACUCHO,LUCANAS,PUQUIO,AG LUCANAS,OPERATIVO,08:45 a 16:45,San Pedro  Nº 216,2023
AYACUCHO,PARINACOCHAS,CORACORA,AG PARINACOCHAS,OPERATIVO,08:45 a 16:45,Bolognesi N° 419 Plaza de Armas,2023
AYACUCHO,PAUCAR DEL SARA SARA,PAUSA,PANP PAUCAR DEL SARA SARA,OPERATIVO,08:45 a 16:45,Miguel de Cervantes N° 455 (Palacio Municipal),2023
ICA,ICA,PARCONA,PAP PARCONA,OPERATIVO,08:45 a 16:45,Jhon F. Kennedy N° 500 con Calle Lima S/N (Costado del Palacio Municipal),2023
ICA,ICA,ICA,OR ICA,OPERATIVO,08:45 a 16:45,San Martin N° 1366 Mz. M-02 Lt. 035. Urb. San Isidro ,2023
ICA,CHINCHA,CHINCHA ALTA,AG CHINCHA,OPERATIVO,08:45 a 16:45,Los Angeles N° 300,2023
ICA,NASCA,NASCA,AG NASCA,OPERATIVO,08:45 a 16:45,Fermin del Castillo N° 270,2023
ICA,PISCO,PISCO,AG PISCO,OPERATIVO,08:45 a 16:45,San Juan de Dios N° 288,2023
ICA,PALPA,PALPA,AG PALPA,OPERATIVO,08:45 a 16:45,Portal de Escribanos Nº 145,2023
AYACUCHO,LUCANAS,CABANA,PAP CABANA ,DESPLAZAMIENTO,08:45 a 16:45,Jorge Chavez N° 272 ,2023
AYACUCHO,LUCANAS,PUQUIO,ORA FELIPE HUAMAN POMA DE AYALA (MINSA),OPERATIVO,08:45 a 16:30,Arnaldo Alvarado S/N ,2023
AYACUCHO,PARINACOCHAS,CORACORA,ORA HOSPITAL DE APOYO DE CORACORA (MINSA),OPERATIVO,08:45 a 16:30,La Cultura S/N,2023
ICA,ICA,ICA,ORA SANTA MARIA DEL SOCORRO (MINSA),OPERATIVO,08:45 a 16:30,Castrovirreyna N° 759,2023
ICA,PISCO,PISCO,ORA SAN JUAN DE DIOS (MINSA),OPERATIVO,08:45 a 16:30,Fermín Tanguis S/N (Altura del Fundo Alto de la Luna),2023
ICA,CHINCHA,CHINCHA ALTA,ORA SAN JOSE DE CHINCHA (MINSA),OPERATIVO,08:45 a 16:30,Abelardo Alva Maurtua Nº 600,2023
AYACUCHO,LUCANAS,LARAMATE,PANP LARAMATE,DESPLAZAMIENTO,08:45 a 16:45,Ica S/N,2023
ICA,NASCA,NASCA,ORA HOSPITAL DE APOYO DE NASCA (MINSA),OPERATIVO,08:45 a 16:30,Callao S/N - 5ta Cuadra,2023
ICA,ICA,ICA,ORA AUGUSTO HERNANDEZ MENDOZA (ESSALUD),OPERATIVO,08:45 a 16:30,Av. José Matias Manzanilla S/N,2023
ICA,NASCA,MARCONA,PAP MARCONA,DESPLAZAMIENTO,08:45 a 16:45,Av. Andres Avelino Caceres S/N,2023
UCAYALI,CORONEL PORTILLO,CALLERIA,ORA HOSPITAL REGIONAL DE PUCALLPA (MINSA),OPERATIVO,08:45 a 16:30,Agustin Cauper N° 285,2023
HUANUCO,PUERTO INCA,PUERTO INCA,PAP PUERTO INCA,OPERATIVO,08:45 a 16:45,Vulcano S/N,2023
UCAYALI,CORONEL PORTILLO,YARINACOCHA,ORA HOSPITAL AMAZÓNICO - YARINACOCHA (MINSA),OPERATIVO,08:45 a 16:30,Aguaytia N° 605,2023
LORETO,UCAYALI,CONTAMANA,PAP CONTAMANA,OPERATIVO,08:45 a 16:45,Nuevo Loreto Mz.38C  Lt.5B,2023
UCAYALI,PADRE ABAD,IRAZOLA ,AG IRAZOLA ,OPERATIVO,08:45 a 16:45,Jr. Progreso S/N ,2023
UCAYALI,PADRE ABAD,PADRE ABAD,ORA AGUAYTIA (MINSA),OPERATIVO,08:45 a 16:30,Victor Pinedo / Palmeras Mz. 152A Junta Vecinal Pampayurac,2023
UCAYALI,CORONEL PORTILLO,CALLERIA,OR PUCALLPA,OPERATIVO,08:45 a 16:45,"09 de Diciembre N° 378 y Tacna Nº 891 Mz. 07 Lt. Acumulado 1-B, independiente.",2023
UCAYALI,PADRE ABAD,PADRE ABAD,PAP PADRE ABAD,OPERATIVO,08:45 a 16:45,Jr. Grau Nº 214,2023
UCAYALI,ATALAYA,RAIMONDI,PAP ATALAYA,OPERATIVO,08:45 a 16:45,Rioja Nº 659,2023
UCAYALI,PURUS,PURUS,PAP PURUS,OPERATIVO,08:45 a 16:45,Purus S/N,2023
UCAYALI,ATALAYA,TAHUANIA,PAP TAHUANIA,OPERATIVO,08:45 a 16:45,7 de Junio  S/N,2023
UCAYALI,CORONEL PORTILLO,CALLERIA,MAC - UCAYALI,OPERATIVO,08:30 a 16:30,Centenario 1642 (2do piso) Centro Comercial Real Plaza,2023
HUANCAVELICA,HUANCAVELICA,IZCUCHACA,PAP IZCUCHACA,OPERATIVO,08:45 a 16:45,Ferrocarril  S/N ,2023
HUANCAVELICA,ACOBAMBA,PAUCARA,PAP PAUCARA,OPERATIVO,08:45 a 16:45,Plaza Mayor S/N,2023
HUANCAVELICA,HUANCAVELICA,HUANCAVELICA,ORA HOSPITAL REGIONAL ZACARIAS CORREA VALDIVIA (MINSA),OPERATIVO,08:45 a 16:45,Andrés Avelino Cáceres S/N - Barrio Yananaco,2023
HUANCAVELICA,HUANCAVELICA,HUANCAVELICA,ORA HUANDO (MINSA),OPERATIVO,08:45 a 16:45,Cementerio s/n,2023
HUANCAVELICA,HUANCAVELICA,ASCENSIÓN,ORA HOSPITAL II HUANCAVELICA (ESSALUD),OPERATIVO,08:45 a 16:45,Teresa de Jurnet S/N,2023
HUANCAVELICA,HUANCAVELICA,HUANCAVELICA,OR HUANCAVELICA,OPERATIVO,08:45 a 16:45,"Av. San Cristóbal Nº 384, 386 y 388",2023
HUANCAVELICA,ACOBAMBA,ACOBAMBA,OR ACOBAMBA,OPERATIVO,08:45 a 16:45,Dos De Mayo N° 459,2023
HUANCAVELICA,ANGARAES,LIRCAY,OR ANGARAES,OPERATIVO,08:45 a 16:45,Centenario S/N - Barrio de Pueblo Nuevo - Dentro del Centro Civico,2023
HUANCAVELICA,CASTROVIRREYNA,CASTROVIRREYNA,OR CASTROVIRREYNA,OPERATIVO,08:45 a 16:45,Los Libertadores S/N,2023
HUANCAVELICA,TAYACAJA,PAMPAS,OR TAYACAJA,OPERATIVO,08:45 a 16:45,Manco Capac S/N con Jirón Alfonso Ugarte Cordova y Necochea - Coliseo Multiuso,2023
HUANCAVELICA,HUAYTARA,HUAYTARA,OR HUAYTARA,OPERATIVO,08:45 a 16:45,24 de Junio S/N - 2do piso Centro Cívico ,2023
HUANCAVELICA,CHURCAMPA,CHURCAMPA,OR CHURCAMPA,OPERATIVO,08:45 a 16:45,Real N° 255,2023
HUANCAVELICA,TAYACAJA,PAMPAS,ORA HOSPITAL DE PAMPAS (MINSA),OPERATIVO,08:45 a 16:45,Bolívar S/N ,2023
HUANCAVELICA,ANGARAES,LIRCAY,ORA LIRCAY (MINSA),DESPLAZAMIENTO,08:45 a 16:45,Esmeralda S/N,2023
HUANCAVELICA,TAYACAJA,SURCUBAMBA,AG SURCUBAMBA,OPERATIVO,08:45 a 16:45,Alfonso Ugarte S/N,2023
HUANCAVELICA,TAYACAJA,COLCABAMBA,AG COLCABAMBA,OPERATIVO,08:45 a 16:45,Av. Centenario S/N,2023
HUANCAVELICA,HUANCAVELICA,YAULI,ORA YAULI (MINSA),OPERATIVO,08:45 a 16:45,Jorge Chávez S/N,2023
HUANCAVELICA,ACOBAMBA,PAUCARA,ORA PAUCARA (MINSA),OPERATIVO,08:45 a 16:45,Lircay s/n,2023
HUANCAVELICA,CHURCAMPA,CHURCAMPA,ORA CHURCAMPA (MINSA),DESPLAZAMIENTO,08:45 a 16:45,Ricardo Palma N° 535 (Instalaciones del Centro de Salud),2023
PASCO,PASCO,YANACANCHA,ORA DR. DANIEL ALCIDES CARRION GARCIA (MINSA),OPERATIVO,08:45 a 16:45,Los Incas S/N Urb. San Juan,2023
PASCO,OXAPAMPA,PUERTO BERMUDEZ,PAP PUERTO BERMÚDEZ,OPERATIVO,08:45 a 16:45,Remigio Morales Bermúdez S/N,2023
PASCO,PASCO,HUARIACA,PAP HUARIACA,OPERATIVO,08:45 a 16:45,28 de Julio Nº 129,2023
HUANUCO,HUANUCO,HUÁNUCO,ORA HOSPITAL REGIONAL HERMILIO VALDIZAN (MINSA),OPERATIVO,08:45 a 16:45,Hermilio Valdizan Nº 950,2023
PASCO,PASCO,PAUCARTAMBO,PAP PAUCARTAMBO,OPERATIVO,08:45 a 16:45,Plaza 28 de Julio S/N,2023
HUANUCO,HUANUCO,HUÁNUCO,OR HUANUCO,OPERATIVO,08:45 a 16:45,28 de Julio N° 825,2023
HUANUCO,AMBO,AMBO,PAP AMBO,OPERATIVO,08:45 a 16:45,"28 de Julio 697, Centro Cívico",2023
HUANUCO,DOS DE MAYO,LA UNION,PAP DOS DE MAYO,OPERATIVO,08:45 a 16:45,Lourdes N° 221,2023
HUANUCO,HUAMALIES,LLATA,PAP HUAMALIES,OPERATIVO,08:45 a 16:45,Huánuco N° 242,2023
HUANUCO,MARAÑON,HUACRACHUCO,PAP MARAÑON,OPERATIVO,08:45 a 16:45,28 De Julio N° 602 ,2023
HUANUCO,LEONCIO PRADO,RUPA-RUPA,PAP LEONCIO PRADO,OPERATIVO,08:45 a 16:45,Chiclayo N° 585,2023
HUANUCO,PACHITEA,PANAO,PAP PACHITEA,OPERATIVO,08:45 a 16:45,Espinar N° 121,2023
HUANUCO,LAURICOCHA,JESÚS,PAP LAURICOCHA,OPERATIVO,08:45 a 16:45,Cristobal Colon S/N,2023
HUANUCO,YAROWILCA,CHAVINILLO,PAP YAROWILCA,OPERATIVO,08:45 a 16:45,Virgen de Fátima S/N,2023
PASCO,PASCO,CHAUPIMARCA,ORA HOSPITAL II PASCO (ESSALUD),OPERATIVO,08:45 a 16:45,Barrio Buenos Aires S/N,2023
HUANUCO,PACHITEA,PANAO,ORA PANAO (MINSA),OPERATIVO,08:45 a 16:45,Grau Nº 193,2023
HUANUCO,LEONCIO PRADO,RUPA-RUPA,ORA HOSPITAL TINGO MARIA (MINSA),OPERATIVO,08:45 a 16:45,Mapresa S/N Luyando,2023
HUANUCO,LEONCIO PRADO,JOSÉ CRESPO Y CASTILLO,ORA AUCAYACU (MINSA),OPERATIVO,08:45 a 16:45,Grau S/N cuadra 4,2023
HUANUCO,HUAMALIES,LLATA,ORA LLATA (MINSA),OPERATIVO,08:45 a 16:45,28 de Julio N° 216,2023
HUANUCO,DOS DE MAYO,LA UNION,ORA LA UNION (MINSA),OPERATIVO,08:45 a 16:45,Dos de Mayo N° 185,2023
HUANUCO,LEONCIO PRADO,JOSÉ CRESPO Y CASTILLO,PAP JOSE CRESPO Y CASTILLO,OPERATIVO,08:45 a 16:45,Maria Parado de Bellido S/N Cuadra 4,2023
HUANUCO,LAURICOCHA,BAÑOS,AG BAÑOS,DESPLAZAMIENTO,08:45 a 16:45,Plaza de Armas S/N,2023
PASCO,PASCO,YANACANCHA,AG PASCO,OPERATIVO,08:45 a 16:45,"Centro Comercial ""Sector Dos de San Juan Pampa Edif. 4 Tienda 3 San Juan-Yanacancha",2023
PASCO,DANIEL ALCIDES CARRION,YANAHUANCA,PAP DANIEL ALCIDES CARRIÓN,OPERATIVO,08:45 a 16:45,Jorge Chavez S/N Plaza Principal,2023
PASCO,OXAPAMPA,OXAPAMPA,PAP OXAPAMPA,OPERATIVO,08:45 a 16:45,Huancabamba S/N Mz. 162 Estadio Municipal Oxapampa,2023
SAN MARTIN,TOCACHE,UCHIZA,AG UCHIZA,OPERATIVO,08:45 a 16:45,Atahualpa N° 920,2023
PASCO,OXAPAMPA,PALCAZÚ,AG PALCAZU,OPERATIVO,08:45 a 16:45,Juan Santos Atahualpa Mz. U Lt. 01,2023
SAN MARTIN,TOCACHE,TOCACHE,PAP TOCACHE,OPERATIVO,08:45 a 16:45,San Juan Cdra 7 S/N Centro Cívico,2023
HUANUCO,HUANUCO,CHINCHAO,ORA ACOMAYO (MINSA),OPERATIVO,08:45 a 16:45,Iguarizo S/N Mz. 6 Lt. 02,2023
SAN MARTIN,TOCACHE,TOCACHE,ORA HOSPITAL DE TOCACHE (MINSA),OPERATIVO,08:45 a 16:45,Ricardo Palma N° 550,2023
HUANUCO,HUANUCO,SANTA MARIA DEL VALLE,ORA SANTA MARIA DEL VALLE (MINSA),OPERATIVO,08:45 a 16:45,Libertad  S/N Intersección Carretera Central ,2023
HUANUCO,HUANUCO ,AMARILIS ,ORA CARLOS SHOWING FERRARI (MINSA),OPERATIVO,08:45 a 16:45,Micaela Bastidas S/N Paucarbamba ,2023
PASCO,OXAPAMPA,OXAPAMPA,ORA HOSPITAL ERNESTO GERMAN GUZMAN GONZALES (MINSA),OPERATIVO,08:45 a 16:45,Eduardo Loechle S/N - Chontabamba,2023
HUANUCO,HUANUCO,HUANUCO,MAC - HUANUCO,OPERATIVO,08:30 a 16:30,"Independencia N° 1601, Centro Comercial Real Plaza, Primer Piso",2023
HUANUCO,PACHITEA,UMARI,ORA TAMBILLO UMARI (MINSA),OPERATIVO,08:45 a 16:45,Huanuco - Panao Km 37,2023
HUANUCO,YAROWILCA,CHAVINILLO,ORA CHAVINILLO (MINSA),OPERATIVO,08:45 a 16:45,San Juan N° 102,2023
PASCO,OXAPAMPA,CONSTITUCIÓN,AG CONSTITUCION,OPERATIVO,08:45 a 16:45,Fernando Belaunde S/N 4ta Etapa del Distrito de Constitución,2023
AMAZONAS,CHACHAPOYAS,CHACHAPOYAS,OR CHACHAPOYAS,OPERATIVO,08:45 a 16:45,Triunfo Nº 903 1° Piso,2023
AMAZONAS,BAGUA,BAGUA,PAP BAGUA,OPERATIVO,08:45 a 16:45,Los Cedros Nº 263,2023
AMAZONAS,BONGARA,JAZAN,AG BONGARA,OPERATIVO,08:45 a 16:45,Marginal  Nº 100 -Pedro Ruíz,2023
AMAZONAS,LUYA ,LUYA ,AG LUYA,OPERATIVO,08:45 a 16:45,Diego Mori Zuta N° 447,2023
AMAZONAS,RODRIGUEZ DE MENDOZA,SAN NICOLÁS,AG RODRIGUEZ DE MENDOZA,OPERATIVO,08:45 a 16:45,Victor Mori N° 204,2023
AMAZONAS,CONDORCANQUI,NIEVA,PAP CONDORCANQUI,OPERATIVO,08:45 a 16:45,Gonzalo puerta S/N,2023
AMAZONAS,UTCUBAMBA,BAGUA GRANDE,PAP UTCUBAMBA,OPERATIVO,08:45 a 16:45,Simón Bolivar N° 545,2023
CAJAMARCA,JAEN,JAEN,OR JAEN,OPERATIVO,08:45 a 16:45,Mariscal Ureta Nº 915,2023
CAJAMARCA,SAN IGNACIO,SAN IGNACIO,PAP SAN IGNACIO,OPERATIVO,08:45 a 16:45,Santo Domingo Nº 169,2023
AMAZONAS,BAGUA,IMAZA,OR IMAZA,OPERATIVO,08:45 a 16:45,Awajun 751 Centro Poblado Chiriaco,2023
AMAZONAS,CHACHAPOYAS,CHACHAPOYAS,ORA HOSPITAL REGIONAL VIRGEN DE FATIMA (MINSA),OPERATIVO,08:45 a 16:45,Daniel Alcides Carrión N° 035,2023
AMAZONAS,BAGUA,BAGUA,ORA HOSPITAL DE APOYO GUSTAVO LANATTA LUJAN (MINSA),OPERATIVO,08:45 a 16:45,Héroes de Cenepa N°980,2023
CAJAMARCA,JAEN,JAEN,ORA HOSPITAL GENERAL DE JAEN (MINSA),OPERATIVO,08:45 a 16:45,Huamantanga s/n,2023
AMAZONAS,BAGUA,IMAZA,ORA CHIRIACO (MINSA),OPERATIVO,08:45 a 16:45,Junin S/N,2023
AMAZONAS,UTCUBAMBA,BAGUA GRANDE,ORA HOSPITAL DE APOYO SANTIAGO APOSTOL DE UTCUBAMBA (MINSA),OPERATIVO,08:45 a 16:45,San Felipe Santiago N°111,2023
CAJAMARCA,SAN IGNACIO,SAN IGNACIO,ORA SAN IGNACIO (MINSA),OPERATIVO,08:45 a 16:45,"Abelardo Quiñones S/N, Sector Santiago",2023
AMAZONAS,BONGARA,FLORIDA,ORA POMACOCHAS (MINSA),OPERATIVO,08:45 a 16:45,Pomacochas S/N ,2023
CAJAMARCA,JAEN,PUCARA,PAP PUCARA,OPERATIVO,08:45 a 16:45,Lindo 548,2023
AMAZONAS,CONDORCANQUI,NIEVA,ORA SANTA MARIA DE NIEVA (MINSA),OPERATIVO,08:45 a 16:45,"Javier Pérez de Cuellar S/N 
Mz. N Lt. 03 Asent.Humano Héctor Peas Tsegkuan",2023
AMAZONAS,UTCUBAMBA,LONYA GRANDE,ORA LONYA GRANDE (MINSA),DESPLAZAMIENTO,08:45 a 16:45,Alto Amazonas 340,2023
AMAZONAS,CONDORCANQUI,RIO SANTIAGO,ORA GALILEA (MINSA),OPERATIVO,08:45 a 16:45,La Amistad S/N,2023
LAMBAYEQUE,CHICLAYO,CHICLAYO,ORA HOSPITAL REGIONAL DOCENTE LAS MERCEDES (MINSA),OPERATIVO,08:45 a 16:30,Luis Gonzáles  Nº 635,2023
LAMBAYEQUE,CHICLAYO,CHICLAYO,ORA HOSPITAL ALMANZOR AGUINAGA ASENJO (ESSALUD),OPERATIVO,08:45 a 16:30,Plaza de la Seguridad Social S/N,2023
CAJAMARCA,CUTERVO,CUTERVO,PAP CUTERVO,OPERATIVO,08:45 a 16:45,Jr. Comercio N° 1103 Mz. 203 Lt. 14-Urb. Los Jardines ,2023
CAJAMARCA,CHOTA,CHOTA,AG CHOTA,OPERATIVO,08:45 a 16:45,Jr. 30 de Agosto N° 848,2023
CAJAMARCA,SANTA CRUZ,SANTA CRUZ,PAP SANTA CRUZ,OPERATIVO,08:45 a 16:30,Domingo Negrón Nº 399,2023
LAMBAYEQUE,CHICLAYO,JOSE LEONARDO ORTIZ,OR JOSÉ LEONARDO ORTIZ,OPERATIVO,08:45 a 16:45,Cacique Cinto Nº 317 Urb. Latina,2023
PIURA,AYABACA,FRÍAS,OR FRIAS,OPERATIVO,08:45 a 16:45,Lima Nº 235 - 2do piso,2023
LAMBAYEQUE,CHICLAYO,CHICLAYO,OR CHICLAYO,OPERATIVO,08:45 a 16:45,Balta N° 680 y esquina con Av. Elias Aguirre,2023
LAMBAYEQUE,FERREÑAFE,FERREÑAFE,PAP FERREÑAFE,OPERATIVO,08:45 a 16:45,Tres Marías Nº 717 – B,2023
LAMBAYEQUE,LAMBAYEQUE,LAMBAYEQUE,PAP LAMBAYEQUE,OPERATIVO,08:45 a 16:45,Huamachuco N° 342,2023
CAJAMARCA,CUTERVO,CUTERVO,ORA SANTA MARIA DE CUTERVO (MINSA),OPERATIVO,08:45 a 16:30,Ica S/N,2023
CAJAMARCA,CHOTA,CHOTA,ORA HOSPITAL DE APOYO CHOTA - JOSE SOTO CADENILLAS (MINSA),OPERATIVO,08:45 a 16:30,Ezequiel Montoya Nª 718,2023
PIURA,PIURA,PIURA,OR PIURA,OPERATIVO,08:45 a 16:45,Libertad Nº 568,2023
PIURA,AYABACA,AYABACA,PAP AYABACA,OPERATIVO,08:45 a 16:30,Bolognesi N° 181,2023
PIURA,HUANCABAMBA,HUANCABAMBA,PAP HUANCABAMBA,OPERATIVO,08:45 a 16:30,Complejo Terminal Terrestre S/N - Stand 14,2023
PIURA,MORROPON,CHULUCANAS,AG CHULUCANAS,OPERATIVO,08:45 a 16:45,Cuzco N° 202,2023
PIURA,PAITA,PAITA,PAP PAITA,OPERATIVO,08:45 a 16:30,San Martin S/N Plaza de Armas - Municipalidad de Paita,2023
PIURA,SULLANA,SULLANA,OR SULLANA,OPERATIVO,08:45 a 16:45,Leoncio Prado Nº 517 ,2023
PIURA,TALARA,PARIÑAS,AG TALARA,OPERATIVO,08:45 a 16:45,Mártires Petroleros B-3 Conjunto Habitacional - Talara,2023
PIURA,SECHURA,SECHURA,PAP SECHURA,OPERATIVO,08:45 a 16:30,Dos de Mayo Nº 618 - Plaza de Armas - Municipalidad de Sechura,2023
PIURA,PIURA,TAMBO GRANDE,PAP TAMBOGRANDE,OPERATIVO,08:45 a 16:30,Salitral Nº 241,2023
PIURA,PIURA,PIURA,MAC - PIURA,OPERATIVO,08:30 a 16:30,Sanchez Cerro con Wiesse Centro Comercial Real Plaza,2023
PIURA,PAITA,PAITA,ORA HOSPITAL LAS MERCEDES-PAITA (MINSA),OPERATIVO,08:45 a 16:30,Zona Industrial Sector II Mz. H Lt. 1 Jr. Los Pescadores S/N ,2023
TUMBES,TUMBES,TUMBES,OR TUMBES,OPERATIVO,08:45 a 16:45,Tumbes Norte  Nº 550,2023
TUMBES,ZARUMILLA,ZARUMILLA,PAP ZARUMILLA,OPERATIVO,08:45 a 16:30,El Ejérrcito Nº 105 - Interior Biblioteca Municipal,2023
LAMBAYEQUE,LAMBAYEQUE,OLMOS,PANP OLMOS,DESPLAZAMIENTO,08:45 a 16:45,A. B. Leguía/Calle Alfonso Ugarte,2023
PIURA,PIURA,TAMBO GRANDE,ORA TAMBO GRANDE (MINSA),OPERATIVO,08:45 a 16:30,"Froilan Alama,, AA.HH.Froilan Alama",2023
LAMBAYEQUE,LAMBAYEQUE,LAMBAYEQUE,ORA HOSPITAL PROVINCIAL DOCENTE BELEN-LAMBAYEQUE (MINSA),OPERATIVO,08:45 a 16:30,Ramón Castilla Nº 597,2023
TUMBES,TUMBES,TUMBES,ORA HOSPITAL REGIONAL JOSE ALFREDO MENDOZA OLAVARRIA JAMO II-2 (MINSA),OPERATIVO,08:45 a 16:30,24 de Julio Nº 565 ,2023
PIURA,PIURA,CATACAOS,ORA CENTRO DE SALUD MATERNO INFANTIL-CATACAOS (MINSA),OPERATIVO,08:45 a 16:30,Cayetano Heredia 1108 - Catacos,2023
PIURA,PIURA,Veintises de Octubre,ORA HOSPITAL DE LA AMISTAD PERU - COREA SANTA ROSA II-2 (MINSA),OPERATIVO,08:45 a 16:30,Prolongación Av. Grau/Av. Chulucanas ,2023
LAMBAYEQUE,CHICLAYO,CHICLAYO,ORA HOSPITAL REGIONAL LAMBAYEQUE (MINSA),OPERATIVO,08:45 a 16:30,Intersección de Carretera Panamerica Norte y Vía de Evitamiento S/N,2023
PIURA,MORROPON,CHULUCANAS,ORA HOSPITAL DE APOYO CHULUCANAS (MINSA),OPERATIVO,08:45 a 16:30,Daniel alcides carrion S/N Asent .H. vate manrique,2023
LA LIBERTAD,TRUJILLO,TRUJILLO,ORA REGIONAL DOCENTE DE TRUJILLO (MINSA),OPERATIVO,08:45 a 16:30,Mansiche Nº 795,2023
CAJAMARCA,CAJAMARCA,CAJAMARCA,ORA REGIONAL CAJAMARCA (MINSA),OPERATIVO,08:45 a 16:30,Larry Jhonson S/N Cdra. 8,2023
LA LIBERTAD,TRUJILLO,TRUJILLO,ORA HOSPITAL BELEN DE TRUJILLO (MINSA),OPERATIVO,08:45 a 16:30,Bolívar Nº 350,2023
CAJAMARCA,CAJAMARCA,CAJAMARCA,OR CAJAMARCA,OPERATIVO,08:45 a 16:45,Del Comercio Nº 633,2023
CAJAMARCA,CAJABAMBA,CAJABAMBA,PAP CAJABAMBA,OPERATIVO,08:45 a 16:45,Miguel Grau Nº 224-226-228 Mz. 31 Lt. 2 ,2023
CAJAMARCA,CELENDIN,CELENDÍN,PAP CELENDIN,OPERATIVO,08:45 a 16:45,Pardo N° 610,2023
CAJAMARCA,CONTUMAZA,CONTUMAZÁ,PAP CONTUMAZA,OPERATIVO,08:45 a 13.00          14:00 a 16:30,Miguel Grau Nº 212,2023
CAJAMARCA,HUALGAYOC,BAMBAMARCA,PAP HUALGAYOC,OPERATIVO,08:45 a 16:45,07 de Junio Nº 470,2023
CAJAMARCA,SAN MIGUEL,SAN MIGUEL,PAP SAN MIGUEL,OPERATIVO,08:45 a 13.00          14:00 a 16:30,Bolognesi N° 364,2023
CAJAMARCA,SAN MARCOS,PEDRO GÁLVEZ,PAP SAN MARCOS,OPERATIVO,08:45 a 16:45,Jr. Alfonso Ugarte N° 325 (Mz. 46 Lt. 17 Centro Poblado San Marcos).,2023
CAJAMARCA,SAN PABLO,SAN PABLO,PAP SAN PABLO,OPERATIVO,08:45 a 13.00          14:00 a 16:30,Plaza de Armas S/N,2023
LA LIBERTAD,TRUJILLO,VICTOR LARCO HERRERA,OR TRUJILLO II,OPERATIVO,08:45 a 16:45,Víctor Larco N° 1096. Urb. Vista Alegre,2023
LA LIBERTAD,PATAZ,PARCOY,OR PARCOY,OPERATIVO,08:45 a 13.00          14:00 a 16:30,San Martín N° 859,2023
LA LIBERTAD,TRUJILLO,TRUJILLO,OR TRUJILLO I,OPERATIVO,08:45 a 16:45,Pablo Casals Mz. A Lt. 6 Urb. Los Cedros,2023
LA LIBERTAD,BOLIVAR,BOLÍVAR,PAP BOLIVAR,OPERATIVO,08:45 a 13.00          14:00 a 16:30,Bolivar S/N - Mz. 20 Lt. 8,2023
LA LIBERTAD,SANCHEZ CARRION,HUAMACHUCO,AG SANCHEZ CARRION,OPERATIVO,08:45 a 16:45,Alfonso Ugarte N° 567,2023
LA LIBERTAD,OTUZCO,OTUZCO,AG OTUZCO,OPERATIVO,08:45 a 16:45,Pasaje Elías Armas Castillo Lt. 5-E1 Mz. 28,2023
LA LIBERTAD,PACASMAYO,SAN PEDRO DE LLOC,AG PACASMAYO,OPERATIVO,08:45 a 16:45,Alianza Nº 524,2023
LA LIBERTAD,SANTIAGO DE CHUCO,SANTIAGO DE CHUCO,PAP SANTIAGO DE CHUCO,OPERATIVO,08:45 a 13.00          14:00 a 16:30,Luis de La Puente Uceda  Nº 1120,2023
LA LIBERTAD,ASCOPE,ASCOPE,PAP ASCOPE,OPERATIVO,08:45 a 16:45,"Miguel Grau N° 879, Ascope - 1er Piso",2023
LA LIBERTAD,CHEPEN,CHEPÉN,PAP CHEPEN,OPERATIVO,08:45 a 16:45,Calle Manuel Seoane  N° 136. Chepen,2023
LA LIBERTAD,GRAN CHIMU,CASCAS,PAP GRAN CHIMU,OPERATIVO,08:45 a 13.00          14:00 a 16:30,Progreso S/N Cdra. 3,2023
LA LIBERTAD,VIRU,VIRU,PAP VIRU,OPERATIVO,08:45 a 16:45, Mz. A Lt. N° 08 Urb. Las Palmeras,2023
CAJAMARCA,HUALGAYOC,BAMBAMARCA,ORA BAMBAMARCA - TITO VILLAR CABEZAS (MINSA),OPERATIVO,08:45 a 16:30,Av. Ricardo Palma Nº 689,2023
CAJAMARCA,CELENDIN,CELENDÍN,ORA DE APOYO CELENDIN (MINSA),OPERATIVO,08:45 a 16:30,Túpac Amaru Cdra. 4,2023
CAJAMARCA,CAJABAMBA,CAJABAMBA,ORA HOSPITAL NUESTRA SEÑORA DEL ROSARIO (MINSA),OPERATIVO,08:45 a 16:30,La Torre N° 277,2023
CAJAMARCA,SAN MARCOS,PEDRO GÁLVEZ,ORA SAN MARCOS (MINSA),OPERATIVO,08:45 a 16:30,Av. 28 de Julio S/N Cdra.2,2023
LA LIBERTAD,TRUJILLO,EL PORVENIR,OR EL PORVENIR,OPERATIVO,08:45 a 16:45,Gabriel Aguilar Nº 1657. 2do piso.,2023
LA LIBERTAD,TRUJILLO,ALTO TRUJILLO,OR ALTO TRUJILLO,OPERATIVO,08:45 a 16:45,Barrio 3 Mz T Lt. 2,2023
CAJAMARCA,CAJAMARCA,CAJAMARCA,ORA SIMON BOLIVAR (MINSA),OPERATIVO,08:45 a 16:30,Mario Urteaga N° 500,2023
LA LIBERTAD,PACASMAYO,GUADALUPE,ORA DE APOYO TOMÁS LAFORA (MINSA),OPERATIVO,08:45 a 16:30,La Victoria S/N,2023
CAJAMARCA,CAJAMARCA,LOS BAÑOS DEL INCA,ORA BAÑOS DEL INCA (MINSA),OPERATIVO,08:45 a 16:30,Pachacútec N° 489,2023
LA LIBERTAD,TRUJILLO,LA ESPERANZA,ORA DISTRITAL JERUSALEN (MINSA),OPERATIVO,08:45 a 13.00          14:00 a 16:30,1 Barrio 3 Mz. 20 Lt. 02 Sector Jerusalén,2023
LA LIBERTAD,PATAZ,CHILLIA,AG CHILLIA,OPERATIVO,08:45 a 13.00          14:00 a 16:30,Miraflores S/N,2023
LA LIBERTAD,SANTIAGO DE CHUCO,SANTIAGO DE CHUCO,ORA DE APOYO CESAR ABRAHAM VALLEJO MENDOZA (MINSA),OPERATIVO,08:45 a 16:30,Gustavo Pinillo S/N - Barrio San Cristobal,2023
LA LIBERTAD,CHEPEN,CHEPEN,ORA DE APOYO CHEPEN (MINSA),OPERATIVO,"08:30 a 13:00
14:00 a 16:30",28 de Julio S/N,2023
LA LIBERTAD,SANCHEZ CARRION,HUAMACHUCO,ORA DE APOYO LEONCIO PRADO (MINSA),OPERATIVO,08:45 a 16:30,10 de Julio N° 209,2023
LA LIBERTAD,OTUZCO,OTUZCO,ORA DE APOYO OTUZCO ELPIDIO BEROVIDES PEREZ (MINSA),OPERATIVO,08:45 a 16:30,Progreso N° 385,2023
LA LIBERTAD,ASCOPE,PAIJAN,ORA PAIJAN (MINSA),OPERATIVO,"08:30 a 13:00
14:00 a 16:30",Vía Panamericana S/N Sector Manco Capac,2023
CAJAMARCA,CAJAMARCA,CAJAMARCA,MAC - CAJAMARCA,OPERATIVO,"08:30 a 13:00
14:00 a 16:30",Via De Evitamiento. Jr. El Mutuy y Av. La Cantuta - Cajamarca - Centro Comercial Real Plaza 2do. Piso,2023
LA LIBERTAD,TRUJILLO,TRUJILLO,MAC - LA LIBERTAD,OPERATIVO,"08:30 a 13:00
14:00 a 16:30","Centro Comercial Real Plaza de Trujillo -Fundo Las Casuarinas, Sub Lote predio A; Intersección , Av. Fátima 1345, Trujillo, La Libertad",2023
LA LIBERTAD,VIRU,VIRU,ORA PROVINCIAL DE VIRÚ (MINSA),OPERATIVO,"08:30 a 13:00
14:00 a 16:30",Sucre Nº 799,2023
LA LIBERTAD,TRUJILLO,TRUJILLO,ORA HOSPITAL VÍCTOR LAZARTE ECHEGARAY (ESSALUD),OPERATIVO,08:45 a 13.00          14:00 a 16:30,Prolong.Union 1375,2023
SAN MARTIN,SAN MARTIN,TARAPOTO,ORA HOSPITAL TARAPOTO (MINSA),OPERATIVO,08:45 a 16:30,Angel Delgado Morey Nº 503,2023
LORETO,DATEM DEL MARAÑON,BARRANCA,PAP DATEM DEL MARAÑON,OPERATIVO,08:45 a 16:45,Tigre Mz. 31 Lt. 08 - San Lorenzo,2023
SAN MARTIN,RIOJA,NUEVA CAJAMARCA,AG NUEVA CAJAMARCA,OPERATIVO,08:45 a 16:45, Fernando Belaunde Terry Altura del Km. 447.50 ,2023
LORETO,ALTO AMAZONAS,YURIMAGUAS,AG ALTO AMAZONAS,OPERATIVO,08:45 a 16:45,Mariscal Castilla N° 411,2023
SAN MARTIN,MOYOBAMBA ,MOYOBAMBA,ORA HOSPITAL MOYOBAMBA (MINSA),OPERATIVO,08:45 a 16:30,Grau cuadra 4,2023
SAN MARTIN,MOYOBAMBA ,MOYOBAMBA,AG MOYOBAMBA,OPERATIVO,08:45 a 16:45,Dos de Mayo Mz. 1530 Lt. 14 (837),2023
SAN MARTIN,HUALLAGA,SAPOSOA,AG HUALLAGA,OPERATIVO,08:45 a 16:45,Lima N° 591,2023
SAN MARTIN,LAMAS,LAMAS,AG LAMAS,OPERATIVO,08:45 a 16:45,San Martín N° 984,2023
SAN MARTIN,MARISCAL CACERES,JUANJUI,AG MARISCAL CACERES,OPERATIVO,08:45 a 16:45,Eduardo Peña Meza N° 772 ,2023
SAN MARTIN,RIOJA,RIOJA,OR RIOJA,OPERATIVO,08:45 a 16:45,Angaiza N° 530,2023
SAN MARTIN,SAN MARTIN ,TARAPOTO,OR TARAPOTO,OPERATIVO,08:45 a 16:45,Jiménez Pimentel N° 280 ,2023
SAN MARTIN,BELLAVISTA,BELLAVISTA,AG BELLAVISTA,OPERATIVO,08:45 a 16:45,Huallaga - Iquitos Mz. 7 Lt. 27 - A.  1er. Piso,2023
SAN MARTIN,PICOTA,PICOTA,AG PICOTA,OPERATIVO,08:45 a 16:45,"Simón Bolívar, cuadra 4",2023
LORETO,DATEM DEL MARAÑON,BARRANCA,ORA SAN LORENZO - NUCLEO BASE (MINSA),OPERATIVO,08:45 a 16:30,Daniel Alcides Carrión S/N - Barrio Huacachina,2023
SAN MARTIN,SAN MARTIN ,LA BANDA DE SHILCAYO,AG LA BANDA DE SHILCAYO,OPERATIVO,08:45 a 16:45,Yurimaguas N° 340,2023
SAN MARTIN,MARISCAL CACERES,JUANJUI,ORA HOSPITAL JUANJUI (MINSA),OPERATIVO,08:45 a 16:30,Arica N° 205,2023
SAN MARTIN,RIOJA,RIOJA,ORA HOSPITAL DE RIOJA (MINSA),OPERATIVO,08:45 a 16:30,Túpac Amaru S/N,2023
SAN MARTIN,SAN MARTIN,MORALES,PANP MORALES,OPERATIVO,08:45 a 16:45,Tarapoto N° 116 Plaza de Armas,2023
LORETO,MAYNAS,PUNCHANA,"ORA HOSPITAL REGIONAL DE LORETO ""FELIPE ARRIOLA IGLESIAS""",OPERATIVO,08:45 a 16:45,28 de Julio S/N,2023
LORETO,MAYNAS,IQUITOS,"ORA HOSPITAL IQUITOS ""CESAR GARAYAR GARCIA""",OPERATIVO,08:45 a 16:45,Cornejo Portugal 1710,2023
LORETO,MAYNAS,BELÉN,OR BELEN,OPERATIVO,08:45 a 16:45,Miraflores S/N P. J. 09 de Octubre,2023
LORETO,MAYNAS,IQUITOS,OR IQUITOS,OPERATIVO,08:45 a 16:45,Próspero Nº 201,2023
LORETO,LORETO,NAUTA,PAP NAUTA,OPERATIVO,08:45 a 16:45,Grau Nº 305 Centro,2023
LORETO,REQUENA,REQUENA,PAP REQUENA,OPERATIVO,08:45 a 16:45,San Antonio S/N Anexo Hotel Municipal,2023
LORETO,MARISCAL RAMON CASTILLA,RAMON CASTILLA,PAP MARISCAL RAMON CASTILLA - CABALLOCOCHA,OPERATIVO,08:45 a 16:45,Ayacucho Mz. 22 Lt. 4 C con Amazonas S/N - Local Municipal,2023
LORETO,MAYNAS,SAN JUAN BAUTISTA,OR SAN JUAN BAUTISTA,OPERATIVO,08:45 a 16:45,Abelardo Quiñones Nº 2371 Km. 2.5 ,2023
LORETO,PUTUMAYO,PUTUMAYO,PAP PUTUMAYO,OPERATIVO,08:45 a 16:45,LOCAL MUNICIPAL,2023
LORETO,MAYNAS,PUNCHANA,PAP PUNCHANA,OPERATIVO,08:45 a 16:45,"Calle Cusco S/N, cuadra 5, equina con Trujillo.",2023
LORETO,REQUENA,REQUENA,ORA REQUENA,OPERATIVO,08:45 a 16:45,Mártires del Petroléo S/N - Malecon Grau,2023
LORETO,MARISCAL RAMON CASTILLA,RAMON CASTILLA,ORA CABALLOCOCHA,OPERATIVO,08:45 a 16:45,Progreso N° 425,2023
LORETO,MAYNAS,PUNCHANA,MAC - LORETO,OPERATIVO,08:45 a 16:45,La Marina Nº  1338,2023
ANCASH,SANTA,CHIMBOTE,OR SANTA,OPERATIVO,08:45 a 16:45,Jr. Enrique Palacios Nº 504-506 esquina con Jr. Ladislao Espinar Nº 401,2023
ANCASH,SANTA,NUEVO CHIMBOTE,AG NUEVO CHIMBOTE,OPERATIVO,08:45 a 16:45,Mz. 74-75 Lt. 1 del Centro Cívico de la Municipalidad Distrital de Nuevo Chimbote,2023
ANCASH,HUARAZ,HUARAZ,AG HUARAZ,OPERATIVO,08:45 a 16:45,"Jr. Agustin Loly N° 756, Mz. 29A Lt. 27, Barrio La Soledad Alta, intersección con Jr. Agustin Mejía",2023
ANCASH,HUAYLAS,CARAZ,AG HUAYLAS,OPERATIVO,08:45 a 16:45,Jr. Raimondi N° 215,2023
ANCASH,HUARI,HUARI,AG HUARI,OPERATIVO,08:45 a 16:45,Jr. Libertad Mz. P2 Lt. 003,2023
ANCASH,POMABAMBA,POMABAMBA,AG POMABAMBA,OPERATIVO,08:45 a 16:45,Jr. Huaraz Nº 369,2023
ANCASH,SIHUAS,SIHUAS,AG SIHUAS,OPERATIVO,08:45 a 16:45,"Jr. Gomes Arias 106, Barrio Pingullo Alto",2023
ANCASH,PALLASCA,PAMPAS,AG PAMPAS,OPERATIVO,08:45 a 16:45,Calle Plaza de Armas S/N - Municipalidad Distrital de Pampas - 1er piso,2023
ANCASH,CASMA,CASMA,PAP CASMA,OPERATIVO,08:45 a 16:45,Sector Hijuela Mz. C Lt. 13 del Centro Cívico de la Municipalidad Provincial de Casma,2023
ANCASH,HUARMEY,HUARMEY,PAP HUARMEY,OPERATIVO,08:45 a 16:45,1er. Pabellón S/N del Centro Cívico de la Municipalidad Provincial de Huarmey,2023
ANCASH,RECUAY,RECUAY,PAP RECUAY,OPERATIVO,08:45 a 16:45,Jr. Plaza de Armas Nº 180 Municipalidad Distrital de Recuay,2023
ANCASH,CARHUAZ,CARHUAZ,PAP CARHUAZ,OPERATIVO,08:45 a 16:45,Av. La Merced Nº 1006,2023
ANCASH,YUNGAY,YUNGAY,PAP YUNGAY,OPERATIVO,08:45 a 16:45,Av.  Arias Grazziani Lt. 1-2 Centro Cívico de la Municipalidad Provincial de Yungay,2023
ANCASH,CARLOS FERMIN FITZCARRALD,SAN LUÍS,PAP CARLOS FERMÍN FITZCARRALD,OPERATIVO,08:45 a 16:45,Av. Ramón Castilla N° 320 - 1er. piso Centro Cívico de la Municipalidad Provincial de C. F. Fitzcarrald,2023
ANCASH,MARISCAL LUZURIAGA,PISCOBAMBA,PAP MARISCAL LUZURIAGA,OPERATIVO,08:45 a 16:45,"Jr. San Pablo S/N, Centro Cívico de la Municipalidad Provincial de Mariscal Luzuriaga",2023
ANCASH,SANTA,CHIMBOTE,ORA HOSPITAL LA CALETA (Chimbote),OPERATIVO,08:45 a 16:30,Av. Malecon Grau S/N,2023
ANCASH,SANTA,CHIMBOTE,ORA HOSPITAL ESSALUD III CHIMBOTE,OPERATIVO,08:45 a 16:30,Av. Circunvalación Nº 119 Urb. Laderas del Norte,2023
ANCASH,SANTA,CHIMBOTE,ORA MATERNIDAD DE MARÍA (Chimbote),OPERATIVO,08:45 a 16:30,"Av. Enrique Meiggs S/N, PPJJ Miraflores Alto",2023
ANCASH,SANTA,NUEVO CHIMBOTE,ORA HOSPITAL ELEAZAR GUZMÁN BARRÓN (Nuevo Chimbote),OPERATIVO,08:45 a 16:30,"Av. Brasil S/N, Urb. Santa Cristina (Hospital Regional Eleazar Guzmán Barrón puerta de Emergencia)",2023
ANCASH,HUARAZ,HUARAZ,ORA HOSPITAL VÍCTOR RAMOS GUARDIA (Huaraz),OPERATIVO,08:45 a 16:30,"Av. Mariscal Luzuriaga cdra. 01, cruce con Jr. Pedro Villón cdra. 10",2023
ANCASH,HUAYLAS,CARAZ,ORA HOSPITAL DE APOYO CARAZ,OPERATIVO,08:45 a 16:30,Av. 9 de Octubre S/N,2023
ANCASH,HUARI,HUARI,ORA HOSPITAL DE APOYO HUARI,OPERATIVO,08:45 a 16:30,Av. Circunvalación Baja S/N,2023
ANCASH,CORONGO,CORONGO,PANP CORONGO,DESPLAZAMIENTO,08:45 a 16:45,"Jr. Grau N° 206, primer piso de la Municipalidad Provincial de Corongo",2023
ANCASH,PALLASCA,CABANA,PANP PALLASCA,DESPLAZAMIENTO,08:45 a 16:45,"Av. Plaza de Armas N° 103, primer piso de la Municipalidad Provincial de Pallasca",2023
ANCASH,AIJA,AIJA,PANP AIJA,DESPLAZAMIENTO,08:45 a 16:45,"Jr. Gavino Uribe S/N Plaza de Armas, 1er piso de la Municipalidad Provincial de Aija",2023
ANCASH,BOLOGNESI,CHIQUIAN,PANP BOLOGNESI,DESPLAZAMIENTO,08:45 a 16:45,"Jr. Tacna 320, primer piso del Centro Cívico de la Municipalidad Distrital de Chiquian",2023
ANCASH,YUNGAY,YANAMA,AG YANAMA,DESPLAZAMIENTO,08:45 a 16:45,Jr. Gran Chavín 2da cuadra S/N,2023
ANCASH,MARISCAL LUZURIAGA,LLUMPA,PANP LLUMPA,DESPLAZAMIENTO,08:45 a 16:45,Plaza de Armas S/N,2023
ANCASH,ASUNCION,CHACAS,PANP ASUNCIÓN,DESPLAZAMIENTO,08:45 a 16:45,"Jr. Atusparia S/N, esquina con Jr. Lima",2023
ANCASH,HUARI,CHAVIN DE HUANTAR,PANP CHAVÍN DE HUANTAR,DESPLAZAMIENTO,08:45 a 16:45,"Jr. San Martin S/N, 1er piso del Centro Cívico de la Municipalidad Distrital de Chavin de Huantar",2023
ANCASH,HUARI,SAN MARCOS,PANP SAN MARCOS ,DESPLAZAMIENTO,08:45 a 16:45,"Jr. Progreso 332, Plaza de Armas de San Marcos",2023
ANCASH,HUACAYBAMBA,HUACAYBAMBA,PANP HUACAYBAMBA,DESPLAZAMIENTO,08:45 a 16:45,"Av. El Ejercito S/N Barrio San Pedro, 1er piso Municipalidad Provincial de Huacaybamba",2023
ANCASH,ANTONIO RAIMONDI,LLAMELLIN,PANP ANTONIO RAIMONDI,DESPLAZAMIENTO,08:45 a 16:45,Jr. Simón Bolívar N° 229,2023
ANCASH,HUARI,UCO,PANP UCO,DESPLAZAMIENTO,08:45 a 16:45,"Jr. Nicolas de Piérola S/N Plaza de Armas, Municipalidad Distrital de Uco",2023
JUNIN,TARMA,TARMA,AG TARMA,OPERATIVO,08:45 a 16:45,AREQUIPA Nº 939,2023
JUNIN,CHANCHAMAYO,LA MERCED,AG CHANCHAMAYO,OPERATIVO,08:45 a 16:45,TARMA Nº 236,2023
JUNIN,HUANCAYO,EL TAMBO,OR HUANCAYO,OPERATIVO,08:45 a 16:45,MARISCAL CASTILLA Nº 1801,2023
JUNIN,HUANCAYO,HUANCAYO,"ORA REGIONAL DOCENTE MATERNO INFANTIL ""EL CARMEN""",OPERATIVO,08:45 a 16:30,PUNO Nº 911,2023
JUNIN,TARMA,TARMA,ORA DE APOYO FELIX MAYORCA SOTO,OPERATIVO,08:45 a 16:30,PACHECO Nº 362,2023
JUNIN,JAUJA ,JAUJA ,ORA HOSPITAL DOMINGO OLAVEGOYA,OPERATIVO,08:45 a 16:30,SAN MARTÍN Nº 1153 URB. OLAVEGOYA ,2023
JUNIN,SATIPO,SATIPO,ORA DE APOYO MANUEL HIGA ARAKAKI,DESPLAZAMIENTO,08:45 a 16:30,DANIEL ALCIDES CARRIÓN Nº 398,2023
JUNIN,CHANCHAMAYO ,PICHANAQUI,ORA HOSPITAL DE APOYO PICHANAQUI,OPERATIVO,08:45 a 16:30,SAN MARTÍN S/N PICHANAKI,2023
JUNIN,HUANCAYO,HUANCAYO,ORA LA LIBERTAD,DESPLAZAMIENTO,08:45 a 16:30,LA VITORIA 1001,2023
JUNIN,CHANCHAMAYO,LA MERCED,ORA HOSPITAL REGIONAL DOCENTE DE MEDICINA TROPICAL DR. JULIO DEMARINI CARO,OPERATIVO,08:45 a 16:30,DANIEL A. CARRION S/N AV. PAMPA DEL CARMEN S/N,2023
JUNIN,HUANCAYO,EL TAMBO,ORA HOSPITAL NACIONAL RAMIRO PRIALE,DESPLAZAMIENTO,08:45 a 16:30,INDEPENDENCIA Nº 266,2023
JUNIN,HUANCAYO,CHILCA,ORA CHILCA,DESPLAZAMIENTO,08:45 a 16:30,HUMBOLT Nº 900,2023
JUNIN,SATIPO,PANGOA,PAP PANGOA,OPERATIVO,08:45 a 16:30,07 DE JUNIO Nº 641 PLAZA PRINCIPAL CENTRO CIVICO,2023
JUNIN,SATIPO,MAZAMARI,PAP MAZAMARI,OPERATIVO,08:45 a 16:30,SAN JUAN N° 377,2023
JUNIN,CONCEPCION,CONCEPCIÓN,PAP CONCEPCIÓN,OPERATIVO,08:45 a 16:30,RICARDO PALMA S/N MERCADO MODELO INTERIOR 1 ,2023
JUNIN,JAUJA,JAUJA,PAP JAUJA,OPERATIVO,08:45 a 16:30,SUCRE N° 889,2023
JUNIN,JUNIN,JUNIN,PAP JUNIN,OPERATIVO,08:45 a 16:30,SIMÓN BOLIVAR N° 820,2023
JUNIN,YAULI,SANTA ROSA DE SACCO,PAP YAULI,OPERATIVO,08:45 a 16:30,MIGUEL GRAU N° 309,2023
JUNIN,SATIPO,SATIPO,PAP SATIPO,OPERATIVO,08:45 a 16:45,MICAELA BASTIDAS Y JR. AUGUSTO B. LEGUIA CENTRO CIVICO ,2023
JUNIN,CHUPACA,CHUPACA,PAP CHUPACA,OPERATIVO,08:45 a 16:30,GRAU N° 195 - CENTRO CÍVICO,2023
JUNIN,CHANCHAMAYO,PICHANAQUI,PAP PICHANAQUI,OPERATIVO,08:45 a 16:45,INDEPENDENCIA S/N COLISEO MUNICIPAL,2023
JUNIN,HUANCAYO,HUANCAYO,MAC JUNIN,OPERATIVO,08:45 a 16:30,FERROCARRIL N° 146 - 150 - CENTRO COMERCIAL OPEN PLAZA,2023
AYACUCHO,HUAMANGA,AYACUCHO,"ORA HOSPITAL REGIONAL DE AYACUCHO ""MIGUEL ANGEL MARISCAL LLERENA"" (MINSA)",OPERATIVO,08:45 a 16:30,Av.Daniel Alcides Carrión S/N - 2da cuadra.,2023
AYACUCHO,LA MAR,AYNA,PAP AYNA -SAN FRANCISCO,OPERATIVO,08:45 a 16:45,28 de Julio S/N San Francisco,2023
AYACUCHO,HUAMANGA,AYACUCHO,OR HUAMANGA,OPERATIVO,08:45 a 16:45,"San Martin Nº 473, 475, 477 y 477A",2023
AYACUCHO,CANGALLO,CANGALLO,PAP CANGALLO,OPERATIVO,08:45 a 16:45,Maria Parado de Bellido Nº 205,2023
AYACUCHO,HUANTA,HUANTA,AG HUANTA,OPERATIVO,08:45 a 16:45,Ayacucho N° 305,2023
AYACUCHO,LA MAR,SAN MIGUEL,PAP LA MAR,OPERATIVO,08:45 a 16:45,Maria Parado de Bellido S/N ,2023
AYACUCHO,VICTOR FAJARDO,HUANCAPI,PAP VICTOR FAJARDO,OPERATIVO,08:45 a 16:45,Plaza Principal Nº 127,2023
AYACUCHO,HUANCA SANCOS,SANCOS,PAP HUANCASANCOS,OPERATIVO,08:45 a 16:45,Progreso S/N Consejo Provincial de Huanca Sancos,2023
AYACUCHO,VILCAS HUAMAN,VILCAS HUAMAN,PAP VILCASHUAMAN,OPERATIVO,08:45 a 16:45,Los Incas Nº 222,2023
AYACUCHO,SUCRE,QUEROBAMBA,PAP SUCRE,OPERATIVO,08:45 a 16:45,San Martin S/N  Plaza de Armas Consejo Provincial de Sucre,2023
AYACUCHO,HUANTA,HUANTA,"ORA HOSPITAL DE APOYO HUANTA ""DANIEL ALCIDES CARRION"" (MINSA)",OPERATIVO,08:45 a 16:30,Mariscal Castilla Nº 628,2023
AYACUCHO,LA MAR,SAN MIGUEL,ORA SAN MIGUEL (MINSA),DESPLAZAMIENTO,08:45 a 16:30,Ramon Castilla s/n,2023
AYACUCHO,CANGALLO,CANGALLO,ORA HOSPITAL DE APOYO CANGALLO (MINSA),OPERATIVO,08:45 a 16:30,Santa Rosa N° 110,2023
CUSCO,LA CONVENCION,PICHARI,PAP PICHARI,OPERATIVO,08:45 a 16:45,BRASIL S/N,2023
APURIMAC,CHINCHEROS,CHINCHEROS,PAP CHINCHEROS,OPERATIVO,08:45 a 16:45,COTABAMBAS N° 121,2023
AYACUCHO,LA MAR,SAMUGARI,PAP SAMUGARI -PALMAPAMPA,OPERATIVO,08:45 a 16:45,Los Laureles S/N – Palmapampa Distrital de Samugari,2023
AYACUCHO,LA MAR,TAMBO,ORA TAMBO (MINSA),OPERATIVO,08:45 a 16:30,Lima s/n,2023
AYACUCHO,HUAMANGA,JESUS NAZARENO,ORA HOSPITAL DE APOYO JESUS NAZARENO (MINSA),OPERATIVO,08:45 a 16:30,Ciro Alegría Nº 547,2023
APURIMAC,ANDAHUAYLAS,TALAVERA,OR ANDAHUAYLAS,OPERATIVO,08:45 a 16:45,Amauta N° 311,2023
APURIMAC,CHINCHEROS,ANCCO HUALLO,ORA  CENTRO DE SALUD URIPA  (MINSA),OPERATIVO,08:45 a 16:30, Túpac Amaru S/N – URIPA,2023
APURIMAC,ANDAHUAYLAS,ANDAHUAYLAS,ORA HOSPITAL REGIONAL DOCENTE  HUGO PESCE PESCETTO ANDAHUAYLAS (MINSA),OPERATIVO,08:45 a 16:30,Hugo Pesce Pesceto S/N,2023
AYACUCHO,HUANTA,SIVIA,ORA HOSPITAL DE APOYO DE SIVIA (MINSA),DESPLAZAMIENTO,08:45 a 16:30,Gervacio Santillana S/N,2023
CUSCO,LA CONVENCION,KIMBIRI,ORA CENTRO DE SALUD SAN JUAN DE KIMBIRI (MINSA),OPERATIVO,08:45 a 16:30,Aeropuerto S/N,2023
CUSCO,LA CONVENCION,PICHARI,ORA HOSPITAL DE APOYO PICHARI (MINSA),OPERATIVO,08:45 a 16:30,Amazonas s/n,2023
APURIMAC,CHINCHEROS,CHINCHEROS,ORA HOSPITAL DE APOYO CHINCHEROS (MINSA),OPERATIVO,08:45 a 16:30,Fernando Belaunde Terry S/N,2023
AYACUCHO,CANGALLO,LOS MOROCHUCOS,ORA PAMPA CANGALLO (MINSA),OPERATIVO,08:45 a 16:30,María Arguedas S/N,2023
AREQUIPA,AREQUIPA,AREQUIPA,ORA HOSPITAL REGIONAL HONORIO DELGADO ESPINOZA (MINSA),OPERATIVO,08:45 a 16:45,Daniel Alcides Carrión N° 505,2023
TACNA,TACNA,TACNA,ORA TACNA (MINSA),OPERATIVO,08:45 a 16:45,Blondel S/N,2023
AREQUIPA,AREQUIPA,AREQUIPA,OR AREQUIPA,OPERATIVO,08:45 a 16:45,San Juan de Dios N° 122 y Santo Domingo N° 101,2023
AREQUIPA,CAYLLOMA,CHIVAY,PAP CAYLLOMA,OPERATIVO,08:45 a 16:45,Siglo XX S/N,2023
AREQUIPA,CAMANA,CAMANA,AG CAMANA,OPERATIVO,08:45 a 16:45,Mariscal Castilla N° 221,2023
AREQUIPA,CARAVELI,CARAVELÍ,PAP CARAVELI,OPERATIVO,08:45 a 16:45,Bolivar S/N,2023
AREQUIPA,CASTILLA,APLAO,PAP CASTILLA,OPERATIVO,08:45 a 16:45,Progreso S/N,2023
AREQUIPA,CONDESUYOS,CHUQUIBAMBA,PAP CONDESUYOS,OPERATIVO,08:45 a 16:45,Alameda S/N - Los Tres Errantes,2023
AREQUIPA,ISLAY,MOLLENDO,AG ISLAY,OPERATIVO,08:45 a 16:45,Arequipa Nº 261 ,2023
AREQUIPA,LA UNION,COTAHUASI,PAP LA UNION,OPERATIVO,08:45 a 16:45,Centenario N° 202 - Cotahuasi,2023
MOQUEGUA,MARISCAL NIETO,MOQUEGUA,ORA HOSPITAL REGIONAL MOQUEGUA (MINSA),OPERATIVO,08:45 a 16:45,Simón Bolívar N° 505,2023
MOQUEGUA,MARISCAL NIETO,SAN ANTONIO,AG MARISCAL NIETO,OPERATIVO,08:45 a 16:45,Central Mz D ,2023
MOQUEGUA,ILO,ILO,AG ILO,OPERATIVO,08:45 a 16:45,Ayacucho N° 529,2023
AREQUIPA,CAYLLOMA,MAJES,AG MAJES,OPERATIVO,08:45 a 16:45,Arequipa S/N - Tienda 06 del Estadio Almirante Miguel Grau - Pedregal,2023
AREQUIPA,AREQUIPA,CAYMA,AG CAYMA,OPERATIVO,08:45 a 16:45,Ramón Castilla S/N - Estadio La Tomilla,2023
TACNA,TACNA,TACNA,AG TACNA,OPERATIVO,08:45 a 16:45,Deustua Nº 173,2023
AREQUIPA,AREQUIPA,AREQUIPA,ORA HOSPITAL III GOYENECHE (MINSA),OPERATIVO,08:45 a 16:45,Goyeche N° 100,2023
AREQUIPA,CAMANA,CAMANA,ORA HOSPITAL DE CAMANA (MINSA),OPERATIVO,08:45 a 16:45,Lima 550,2023
AREQUIPA,AREQUIPA,PAUCARPATA,MAC - AREQUIPA,OPERATIVO,08:30 a 16:30,Porongoche N° 500 Paucarpata - Centro Comercial Mall Aventura ,2023
AREQUIPA,CAYLLOMA,MAJES,ORA HOSPITAL CENTRAL DE MAJES- ANGEL GABRIEL CHURA GALLEGOS (MINSA),OPERATIVO,08:45 a 16:45,Asentamiento B1 lote 1 Irrig. Majes,2023
MOQUEGUA,MARISCAL NIETO,MOQUEGUA,MAC - MOQUEGUA,OPERATIVO,08:30 a 16:30,"Circunvalación 1B Sub lote 1-A, Moquegua",2023
AREQUIPA,AREQUIPA,AREQUIPA,PAP PASEO CENTRAL,OPERATIVO,08:45 a 16:45,Arturo Ibañez S/N,2023
AREQUIPA,AREQUIPA,CERRO COLORADO,C.S. MARITZA CAMPOS DIAZ (MINSA),OPERATIVO,08:45 a 16:45,Yavari S/N,2023
AREQUIPA,AREQUIPA,PAUCARPATA,HOSPITAL EDMUNDO ESCOMEL (ESSALUD),OPERATIVO,08:45 a 16:45,EL Cayro S/N,2023
AREQUIPA,AREQUIPA,AREQUIPA,HOSPITAL CARLOS ALBERTO SEGUIN ESCOBEDO (ESSALUD),OPERATIVO,08:45 a 16:45,Peral S/N,2023
AREQUIPA,AREQUIPA,YANAHUARA,ORA HOSPITAL III YANAHUARA (ESSALUD),OPERATIVO,08:45 a 16:45,Zamácola S/N,2023
CUSCO,CUSCO,SANTIAGO,ORA ANTONIO LORENA DEL CUSCO (MINSA),OPERATIVO,08:45 a 16:30,Carlos Ugarte S/N Urb. Primavera Cuartel Agustín Gamarra,2023
CUSCO,CUSCO,WANCHAQ,ORA HOSPITAL NACIONAL ADOLFO GUEVARA VELASCO (ESSALUD),OPERATIVO,08:45 a 16:30,Ancelmo Alvarez S/N,2023
APURIMAC,ABANCAY,ABANCAY,OR ABANCAY,OPERATIVO,08:45 a 16:45,La Victoria Nº 214,2023
APURIMAC,AYMARAES,CHALHUANCA,PANP AYMARAES,DESPLAZAMIENTO,08:45 a 16:30,Plaza de Armas S/N (Gobernatura De Chalhuanca),2023
APURIMAC,ANTABAMBA,ANTABAMBA,PANP ANTABAMBA,DESPLAZAMIENTO,08:45 a 16:30,Plaza de Armas S / N,2023
APURIMAC,COTABAMBAS,TAMBOBAMBA,PAP TAMBOBAMBA,OPERATIVO,08:45 a 16:30,Perú - Plaza de Armas S/N - 3er Piso,2023
APURIMAC,GRAU,CHUQUIBAMBILLA,PANP GRAU,DESPLAZAMIENTO,08:45 a 16:30,Plaza de Armas S / N,2023
CUSCO,CUSCO,CUSCO,OR CUSCO,OPERATIVO,08:45 a 16:45,El Sol N° 272,2023
CUSCO,ACOMAYO,ACOMAYO,PANP ACOMAYO,DESPLAZAMIENTO,08:45 a 16:30,Plaza de Armas S/N,2023
CUSCO,ANTA,ANTA ,PAP ANTA,OPERATIVO,08:45 a 16:30,"Jaquijahuana  S / N, Izcuchaca",2023
CUSCO,CALCA,CALCA,AG CALCA,OPERATIVO,08:45 a 16:45,Plaza de Armas S/N,2023
CUSCO,CANAS,YANAOCA,PAP CANAS,OPERATIVO,08:45 a 16:30,Plaza de Armas S/N,2023
CUSCO,CANCHIS,SICUANI,AG CANCHIS,OPERATIVO,08:45 a 16:45,Túpac Amaru N° 163,2023
CUSCO,CHUMBIVILCAS,SANTO TOMAS,PAP CHUMBIVILCAS,OPERATIVO,08:45 a 16:45,Perú S / N (Ruedo de Toros),2023
CUSCO,ESPINAR,ESPINAR,PAP ESPINAR,OPERATIVO,08:45 a 16:45,Teatro S/N  ,2023
CUSCO,LA CONVENCION,SANTA ANA,AG LA CONVENCION,OPERATIVO,08:45 a 16:45,Grau Nº 238,2023
CUSCO,PARURO,PARURO,PANP PARURO,DESPLAZAMIENTO,08:45 a 16:30,Plaza de Armas S/N,2023
CUSCO,PAUCARTAMBO,PAUCARTAMBO,PAP PAUCARTAMBO - JR9,OPERATIVO,08:45 a 16:30,Enrique Yabar S/N,2023
CUSCO,QUISPICANCHI,URCOS,PAP QUISPICANCHI,OPERATIVO,08:45 a 16:45,Huáscar N° 181,2023
CUSCO,URUBAMBA,URUBAMBA,PAP URUBAMBA,OPERATIVO,08:45 a 16:30,Conchatupa S/N,2023
MADRE DE DIOS,TAHUAMANU,IBERIA,AG IBERIA,OPERATIVO,08:45 a 16:45,Máximo Rodríguez N° 124 Plaza de Armas,2023
APURIMAC,ABANCAY,ABANCAY,ORA HOSPITAL REGIONAL GUILLERMO DIAZ DE LA VEGA (MINSA),OPERATIVO,08:45 a 16:30,Daniel Alcides Carrión S/N,2023
MADRE DE DIOS,TAMBOPATA,TAMBOPATA,OR TAMBOPATA,OPERATIVO,08:45 a 16:45,Lambayeque N° 159,2023
MADRE DE DIOS,MANU,MANU,PANP MANU,DESPLAZAMIENTO,08:45 a 16:30,Esperanza S/N - Local Municipal,2023
CUSCO,ACOMAYO,POMACANCHI,AG POMACANCHI,DESPLAZAMIENTO,08:45 a 16:45,Plaza de Armas S/N,2023
CUSCO,CUSCO,CUSCO,ORA HOSPITAL DE APOYO DEPARTAMENTAL CUSCO (MINSA),OPERATIVO,08:45 a 16:30,La Cultura S/N,2023
CUSCO,CUSCO,SANTIAGO,ORA BELEMPAMPA (MINSA),OPERATIVO,08:45 a 16:30,21 de Mayo S/N,2023
CUSCO,CANCHIS,SICUANI,ORA SICUANI (MINSA),OPERATIVO,08:45 a 16:30,Manuel Callo Zevallos N° 519 - Hospital MINSA Sicuani,2023
MADRE DE DIOS,TAMBOPATA,TAMBOPATA,ORA SANTA ROSA (MINSA),OPERATIVO,08:45 a 16:30,Cajamarca N° 171,2023
CUSCO,LA CONVENCION,SANTA ANA,ORA QUILLABAMBA (MINSA),OPERATIVO,08:45 a 16:30,General Gamarra S/N - Hospital Quillabamba,2023
APURIMAC,AYMARAES,CHALHUANCA,ORA CHALHUANCA (MINSA),OPERATIVO,08:45 a 16:30,Bolivar S/N,2023
CUSCO,ESPINAR,ESPINAR,ORA ESPINAR (MINSA),OPERATIVO,08:45 a 16:30,Domingo Huarca Cruz S/N Barrio Túpac Amaru  - Hospital Espinar,2023
MADRE DE DIOS,TAHUAMANU,IBERIA,ORA SAN MARTIN DE PORRES DE IBERIA (MINSA),OPERATIVO,08:45 a 16:30,Mocopata S/N,2023
APURIMAC,COTABAMBAS,TAMBOBAMBA,ORA TAMBOBAMBA (MINSA),OPERATIVO,08:45 a 16:30,Hospital Tambobamba,2023
APURIMAC,COTABAMBAS,HAQUIRA,PAP HAQUIRA,OPERATIVO,08:45 a 16:30,Plaza de armas S/N-Haquira,2023
CUSCO,CHUMBIVILCAS,SANTO TOMAS,ORA SANTO TOMAS (MINSA),OPERATIVO,08:45 a 16:30, Andres Avelino Caceres - Hospital Santo Tomas  ,2023
CUSCO,CHUMBIVILCAS,VELILLE,PANP VELILLE,DESPLAZAMIENTO,08:45 a 16:30,Plaza de Armas - Municipalidad Distrital Velille,2023
CUSCO,CALCA,YANATILE,PANP YANATILE,DESPLAZAMIENTO,08:45 a 16:30,Plaza de Armas - Municipalidad Distrital Yanatile,2023
APURIMAC,ABANCAY,CURAHUASI,PANP CURAHUASI,DESPLAZAMIENTO,08:45 a 16:30,Coliseo Cerrado - Municipalidad de Curahuasi,2023
CUSCO,CUSCO,SANTIAGO,AGENCIA SANTIAGO,OPERATIVO,08:45 a 16:30,Giraldo Ruiz Caro S/N,2023
CUSCO,CUSCO,WANCHAQ,MAC CUSCO,OPERATIVO,08:45 a 16:30,Collasuyo 2964 - Real Plaza Cusco,2023
LIMA,LIMA ,JESÚS MARÍA,ORA HOSPITAL NACIONAL EDGARDO REBAGLIATI MARTINS (ESSALUD),OPERATIVO,08:45 a 16:30,AV. SALAVERRY CDRA. 13 - PUERTA 6,2023
CALLAO,CALLAO,CALLAO,ORA NAC. DANIEL A. CARRIÓN (MINSA),OPERATIVO,08:45 a 16:45,Guardia Chalaca Nº 2176 - Bellavista,2023
LIMA,LIMA,SAN JUAN DE LURIGANCHO,ORA HOSPITAL SAN JUAN DE LURIGANCHO (MINSA),OPERATIVO,08:45 a 16:30,Canto Grande S/N - Altura del paradero 10,2023
LIMA,LIMA,EL AGUSTINO,ORA HOSPITAL NACIONAL HIPOLITO UNANUE (MINSA),OPERATIVO,08:45 a 16:30,Cesar Vallejo Nº 1390 ,2023
LIMA,LIMA,LIMA,ORA INSTITUTO NACIONAL MATERNO PERINATAL (MINSA),OPERATIVO,08:45 a 16:30,Miroquesada Nº 941 - Lima,2023
CALLAO,CALLAO,VENTANILLA,OR VENTANILLA,OPERATIVO,08:45 a 16:45,Pachacutec N° 225 - Sector B - Grupo Residencial B1 - Mz. F1 ,2023
LIMA,LIMA,SANTIAGO DE SURCO,OR SURCO - HIGUERETA,OPERATIVO,08:45 a 16:45,Santiago de Surco Nº 2807 Urb. Residencial Higuereta,2023
LIMA,LIMA,SAN BORJA,OR SAN BORJA,OPERATIVO,08:45 a 16:45,San Luis N° 1673 Urb. Jacaranda II,2023
LIMA,LIMA,COMAS,OR COMAS III,OPERATIVO,08:45 a 16:45,San Felipe Nº 830 Urb. San Felipe,2023
LIMA,LIMA,LIMA,OR QUILCA,OPERATIVO,08:45 a 16:45,Quilca Nº 501 y 525 ,2023
LIMA,LIMA,LIMA,AG ANCASH,OPERATIVO,08:45 a 16:45,Ancash Nº 336-340 y 344 (Frente a la Plazuela San Francisco) - Lima,2023
LIMA,LIMA,VILLA MARÍA DEL TRIUNFO,ORA DANIEL ALCIDES CARRION (MINSA),OPERATIVO,08:45 a 16:30,Pachacutec N° 3470 - Pasando el Terminal Pesquero.,2023
CALLAO,CALLAO,BELLAVISTA,MAC - CALLAO,OPERATIVO,08:30 a 16:30,Oscar R. Benavides N° 3866 - Centro Comercial Mall Aventura Plaza,2023
LIMA,LIMA,LIMA,OR LIMA,OPERATIVO,08:45 a 16:45,Av. Nicolás de Piérola N 545,2023
LIMA,LIMA,ATE,OR ATE,OPERATIVO,08:45 a 16:45,Industrial Nº 438,2023
LIMA,LIMA,COMAS,OR COMAS I,OPERATIVO,08:45 a 16:45,"Tupac Amaru N° 5527 - 5531 - 5535, Urb Huaquillay 2da Etapa",2023
LIMA,LIMA,LURIN,OR LURIN,OPERATIVO,08:45 a 16:45,Simon Bolivar N° 267,2023
LIMA,LIMA,MIRAFLORES,OR MIRAFLORES,OPERATIVO,08:45 a 16:45,Ernesto Diez Canseco N° 230,2023
LIMA,LIMA,PUENTE PIEDRA,OR PUENTE PIEDRA,OPERATIVO,08:45 a 16:45,Ricardo Palma Nº 241,2023
LIMA,LIMA,SAN JUAN DE LURIGANCHO,OR SAN JUAN DE LURIGANCHO,OPERATIVO,08:45 a 16:45,Las Flores Lote 1 Mz. G Urb. Canto Grande Unidad 7,2023
LIMA,LIMA,SAN JUAN DE MIRAFLORES,OR SAN JUAN DE MIRAFLORES,OPERATIVO,08:45 a 16:45,Guillermo Billinghurst  N° 767 – 769 Mz. F Lote 18 Urb. SJM Parcela D,2023
LIMA,LIMA,SAN MARTÍN DE PORRES,OR SAN MARTIN DE PORRES,OPERATIVO,08:45 a 16:45,Eduardo de Habich Nº 590 - 592 con Pedro Paulet N° 589,2023
LIMA,CAJATAMBO,CAJATAMBO,AG CAJATAMBO,OPERATIVO,08:45 a 16:45,Bolognesi S/N - Comisiones de Regantes -Frente plaza de Armas,2023
LIMA,CANTA,CANTA,AG CANTA,OPERATIVO,08:45 a 16:45,Independencia Nº 308 Municipio (Plaza de Armas),2023
LIMA,CAÑETE,SAN VICENTE DE CAÑETE,AG CAÑETE,OPERATIVO,08:45 a 16:45,Los Libertadores Mz. D-3 Lote 4 Urbanización Tercer Mundo,2023
LIMA,HUAURA,HUACHO,AG HUACHO,OPERATIVO,08:45 a 16:45,Grau Nº 295,2023
LIMA,YAUYOS,YAUYOS,AG YAUYOS,OPERATIVO,08:45 a 16:45,Plaza Constitución Nº 110,2023
LIMA,HUARAL,HUARAL,AG HUARAL,OPERATIVO,08:45 a 16:45,Los Pinos Nº 149 Mz E Lote 4 Pasaje Urb. El Rosario,2023
LIMA,BARRANCA,BARRANCA,OR BARRANCA,OPERATIVO,08:45 a 16:45,Independencia N° 674 - 676 - 678,2023
LIMA,OYON,OYON,AG OYON,OPERATIVO,08:45 a 16:45,Unión 216,2023
LIMA,LIMA,LURIGANCHO,OR CHOSICA,OPERATIVO,08:45 a 16:45,Chucuito Nº 248 ,2023
LIMA,LIMA,PACHACAMAC,OR PACHACAMAC,OPERATIVO,08:45 a 16:45,Paul Poblet N° 3111 - Dentro del Mercado Jumbo,2023
LIMA,LIMA,JESÚS MARÍA,OR JESUS MARIA,OPERATIVO,08:45 a 16:45,Talara N° 130-132-134 y 136 Jesús Maria,2023
LIMA,LIMA,CIENEGUILLA,OR CIENEGUILLA,OPERATIVO,08:45 a 16:45,"San Martin Lote 15, Zona ""D"" Manzana ""D"" Centro Poblado Tambo Viejo",2023
LIMA,LIMA,SANTA ANITA,OR SANTA ANITA,OPERATIVO,08:45 a 16:45,"Los Eucaliptos Nº 947, Urbanización Universal",2023
LIMA,LIMA,INDEPENDENCIA,OR INDEPENDENCIA,OPERATIVO,08:45 a 16:45,Los Andes Nº 486 Urb. Industrial Panamericana Norte,2023
CALLAO,CALLAO,VENTANILLA,MAC - VENTANILLA,OPERATIVO,08:30 a 16:30,La Playa S/N altura la Urb. Zona Comercial frente a la Plaza Cívica ,2023
LIMA,LIMA,JESÚS MARÍA,AG 06 DE AGOSTO,OPERATIVO,08:45 a 16:45,06 de Agosto N° 856,2023
CALLAO,CALLAO,MI PERÚ,PAP MI PERU,OPERATIVO,08:45 a 16:45,Mz. G7 Lt. 06 Mi Perú  interior de la Sede Municipal.,2023
LIMA,LIMA,SAN MARTÍN DE PORRES,ORA NACIONAL CAYETANO HEREDIA (MINSA),OPERATIVO,08:45 a 16:30,Honorio Delgado N° 262 - Urb. Ingeniería / Obstetricia,2023
LIMA,HUAURA,HUACHO,ORA HOSPITAL GENERAL DE HUACHO (MINSA),OPERATIVO,08:45 a 16:30,Jose Arnaldo Arambulo La Rosa N° 251,2023
CALLAO,CALLAO,CALLAO,OR CALLAO,OPERATIVO,08:45 a 16:45,Dos de Mayo N° 440 - 446,2023
LIMA,LIMA,SAN BORJA,AG ATENCIONES ESPECIALES DE SAN BORJA,OPERATIVO,08:45 a 16:45,Javier Prado N° 2388 -2386 - 2392,2023
LIMA,LIMA,VILLA EL SALVADOR,OR VILLA EL SALVADOR,OPERATIVO,08:45 a 16:45,"Arriba Perú Nº 640 Sector 2, Grupo 7, Mz J, Lt 05 ",2023
LIMA,LIMA,EL AGUSTINO,MAC - LIMA ESTE,OPERATIVO,08:30 a 16:30,Carretera Central 111 Mall Aventura Santa Anita Nivel 2,2023
CALLAO,CALLAO,CARMEN DE LA LEGUA REYNOSO,ORA HOSPITAL SAN JOSE (MINSA),OPERATIVO,08:45 a 16:45,Las Magnolias 475 Carmen de la Legua-Reynoso,2023
CALLAO,CALLAO,VENTANILLA,ORA HOSPITAL DE VENTANILLA (MINSA),OPERATIVO,08:45 a 16:45,Pedro Beltran S/N Ventanilla - Hospital de Ventanilla,2023
LIMA,CAÑETE,SAN LUIS,ORA HOSPITAL REZOLA (MINSA),OPERATIVO,08:45 a 16:30,Distrito de San Luis S/N,2023
LIMA,BARRANCA,BARRANCA,ORA HOSPITAL DE BARRANCA (MINSA),OPERATIVO,08:45 a 16:30,Nicolás de Piérola Nº 210 -224,2023
LIMA,HUARAL,HUARAL,ORA HOSPITAL SAN JUAN BAUTISTA HUARAL (MINSA),OPERATIVO,08:45 a 16:30,Tacna Nº 120 Urb. San Juan I,2023
LIMA,LIMA ,COMAS,ORA HOSPITAL NACIONAL SERGIO E. BERNALES (MINSA),OPERATIVO,08:45 a 16:30,"Túpac Amaru N° 8000, Collique, Comas.",2023
LIMA,LIMA,LIMA,ORA NACIONAL DOS DE MAYO (MINSA),OPERATIVO,08:45 a 16:30,Parque Historia De La Medicina Peruana S/N Altura Cuadra 13 Av Grau,2023
LIMA,LIMA,ATE ,ORA HOSPITAL DE HUAYCAN (MINSA),OPERATIVO,08:45 a 16:30,José C.Mariátegui S/N Zona B - A.H.Huaycán S/N Ate Lima Lima,2023
LIMA,LIMA,SAN JUAN DE MIRAFLORES,MAC - LIMA SUR,OPERATIVO,08:30 a 16:30,Circunvalación 1583- San Juan de Miraflores,2023
LIMA,LIMA,COMAS,MAC - LIMA NORTE,OPERATIVO,08:30 a 16:30,Los Angeles N° 602 2do piso - Cc Mall Plaza ,2023
LIMA,LIMA,JESUS MARIA,PVM - JESUS MARIA ,OPERATIVO,08:45 a 16:45,Talara N° 130,2023
LIMA,LIMA,SURQUILLO,PVM - OPEN PLAZA ANGAMOS,OPERATIVO,08:45 a 16:45,Cruce Angamos N° 1805 con Tomas Marsano,2023
LIMA,LIMA,CHORRILLOS,PVM - PLAZA LIMA SUR,OPERATIVO,08:45 a 16:45,Prolongación Paseo  de la Republica S/N Urb. Matellini (2do nivel del Centro Comercial) ,2023
CALLAO,CALLAO,VENTANILLA,PVM - VENTANILLA,OPERATIVO,08:45 a 16:45,La Playa S/N altura la Urb. Zona Comercial frente a la Plaza Cívica ,2023
CALLAO,CALLAO,BELLAVISTA,PVM MALL AVENTURA PLAZA - CALLAO,OPERATIVO,08:45 a 16:45,Oscar R. Benavides N° 3866 - Centro Comercial Mall Aventura Plaza,2023
LIMA,LIMA,CERCADO,PVM - REAL PLAZA CENTRO CÍVICO,OPERATIVO,08:45 a 16:45,Garcilaso de la Vega N° 1337,2023
LIMA,LIMA,MIRAFLORES,PVM- MIRAFLORES,OPERATIVO,08:45 a 16:45,Diez Canseco N° 230,2023
LIMA,LIMA,INDEPENDENCIA,PVM - INDEPENDENCIA,OPERATIVO,08:45 a 16:45,Los Andes Nº 486 Urb. Industrial Panamericana Norte,2023
LIMA,LIMA,VILLA EL SALVADOR,PVM - VILLA EL SALVADOR ,OPERATIVO,08:45 a 16:45,"Arriba Perú Nº 640 Sector 2, Grupo 7, Mz J, Lt 05 ",2023
LIMA,LIMA,SANTA ANITA,ORA HOSP. JORGE VOTO BERNALES (ESSALUD),OPERATIVO,08:45 a 16:30,"CARRETERA CENTRAL KM. 3,5 - SANTA ANITA",2023
LIMA,LIMA,CHORRILLOS,CMI VIRGEN DEL CARMEN  (MINSA),OPERATIVO,08:45 a 16:30,AV. LEOPOLDO ARIAS 200 FRENTE AL COLISEO MARISCAL CACERES,2023
LIMA,LIMA,PUENTE PIEDRA,CARLOS LANFRANCO LA HOZ (MINSA),OPERATIVO,08:45 a 16:30,AV. SAENZ PEÑA S/N KM 30,2023
LIMA,LIMA,SAN JUAN DE LURIGANCHO,PVM - SAN JUAN DE LURIGANCHO,OPERATIVO,08:45 a 16:45,Las Flores Lote Nz. 6 Urb . Canto Grande ,2023
ANCASH,OCROS,OCROS,AG OCROS,OPERATIVO,08:45 a 16:45,Plaza de Armas S/N (MUNICIPIO),2023
PUNO,PUNO,PUNO,ORA MANUEL NUÑEZ BUTRON,OPERATIVO,08:45 a 16:45,El Sol N° 1022,2023
PUNO,PUNO,PUNO,ORA HOSPITAL BASE III (PUNO) - RED ASISTENCIAL PUNO,OPERATIVO,08:45 a 16:45,Francisco Cáceres Jara Nº 600,2023
PUNO,SAN ROMAN,JULIACA,ORA CARLOS MONGE MEDRANO,OPERATIVO,08:45 a 16:45,Carretera a Huancane Km 2,2023
PUNO,EL COLLAO ,ILAVE ,ORA ILAVE,OPERATIVO,08:45 a 16:45,Atahualpa Nº 825,2023
PUNO,SAN ROMAN,JULIACA,ORA HOSPITAL BASE III JULIACA - ESSALUD - RED ASISTENCIAL JULIACA,OPERATIVO,08:45 a 16:45,José Santos Chocano S/N - La Capilla,2023
PUNO,PUNO,PUNO,OR PUNO,OPERATIVO,08:45 a 16:45,Arequipa N° 1143 - 1145 Barrio Victoria,2023
PUNO,AZANGARO,AZANGARO,PAP AZANGARO,OPERATIVO,08:45 a 16:45,Azangaro N° 160  (Palacio Municipal),2023
PUNO,CARABAYA,MACUSANI,PAP CARABAYA,OPERATIVO,08:45 a 16:45,Raimondi N° 116,2023
PUNO,CHUCUITO,JULI,PAP CHUCUITO,OPERATIVO,08:45 a 16:45,Ilave 235 - Mercado Central Municipio,2023
PUNO,HUANCANE,HUANCANE,PAP HUANCANE,OPERATIVO,08:45 a 16:45,Moquegua N° 104 - Barrio Progreso,2023
PUNO,LAMPA,LAMPA,PAP LAMPA,OPERATIVO,08:45 a 16:45,Alfonso Ugarte N° 343,2023
PUNO,MELGAR,AYAVIRI,PAP MELGAR,OPERATIVO,08:45 a 16:45,Jorge Chavez N°  550,2023
PUNO,SANDIA,SANDIA,PAP SANDIA,OPERATIVO,08:45 a 16:45,Juliaca S/N - Mercado Central Sandia,2023
PUNO,SAN ROMAN,JULIACA,AG SAN ROMAN,OPERATIVO,08:45 a 16:45,Brascesco N° 181 ,2023
PUNO,YUNGUYO,YUNGUYO,PAP YUNGUYO,OPERATIVO,08:45 a 16:45,Grau Nº 240,2023
PUNO,SAN ANTONIO DE PUTINA,PUTINA,PAP PUTINA,OPERATIVO,08:45 a 16:45,Plaza de Armas S/N (Palacio Municipal),2023
PUNO,EL COLLAO,ILAVE,PAP EL COLLAO,OPERATIVO,08:45 a 16:45,Bolognesi S/N - Coliseo Cubierto Ilave Oficina N° 02,2023
PUNO,MOHO,MOHO,PAP MOHO,DESPLAZAMIENTO,"08:15 a 13.00
(Domingos)",Circunvalación S/N Terminal Terrestre,2023
PUNO,AZANGARO,AZANGARO,ORA CARLOS CORNEJO ROSELLO,OPERATIVO,08:45 a 16:45,Francisco Bolognesi N° 557,2023
PUNO,CHUCUITO,JULI,ORA JULI,OPERATIVO,08:45 a 16:45,Panamericana S/N,2023
PUNO,HUANCANE,HUANCANE,ORA HOSPITAL LUCIO ALDAZABAL PAUCA,OPERATIVO,08:45 a 16:45,Santa Cruz S/N,2023
PUNO,MELGAR,AYAVIRI,ORA SAN JUAN DE DIOS (AYAVIRI),OPERATIVO,08:45 a 16:45,Progreso S/N,2023
PUNO,SAN ROMÁN,JULIACA,ORA CENTRO DE SALUD CLAS SANTA ADRIANA,OPERATIVO,08:45 a 16:45,Pachacutec S/N,2023
PUNO,SAN ROMÁN,SAN MIGUEL,PAP SAN MIGUEL - JR11,OPERATIVO,08:45 a 16:45,Palacio Municipal S/N,2023
ICA,ICA,ICA,ORA REGIONAL DE ICA (MINSA),OPERATIVO,08:45 a 16:30,Huacachina S/N,2023
AYACUCHO,LUCANAS,PUQUIO,AG LUCANAS,OPERATIVO,08:45 a 16:45,San Pedro  Nº 216,2023
AYACUCHO,PARINACOCHAS,CORACORA,AG PARINACOCHAS,OPERATIVO,08:45 a 16:45,Bolognesi N° 419 Plaza de Armas,2023
ICA,ICA,PARCONA,PAP PARCONA,OPERATIVO,08:45 a 16:45,Jhon F. Kennedy N° 500 con Calle Lima S/N (Costado del Palacio Municipal),2023
ICA,ICA,ICA,OR ICA,OPERATIVO,08:45 a 16:45,San Martin N° 1366 Mz. M-02 Lt. 035. Urb. San Isidro ,2023
ICA,CHINCHA,CHINCHA ALTA,AG CHINCHA,OPERATIVO,08:45 a 16:45,Los Angeles N° 300,2023
ICA,NASCA,NASCA,AG NASCA,OPERATIVO,08:45 a 16:45,Fermin del Castillo N° 270,2023
ICA,PISCO,PISCO,AG PISCO,OPERATIVO,08:45 a 16:45,San Juan de Dios N° 288,2023
ICA,PALPA,PALPA,AG PALPA,OPERATIVO,08:45 a 16:45,Portal de Escribanos Nº 145,2023
AYACUCHO,LUCANAS,PUQUIO,ORA FELIPE HUAMAN POMA DE AYALA (MINSA),OPERATIVO,08:45 a 16:30,Arnaldo Alvarado S/N ,2023
AYACUCHO,PARINACOCHAS,CORACORA,ORA HOSPITAL DE APOYO DE CORACORA (MINSA),OPERATIVO,08:45 a 16:30,La Cultura S/N,2023
ICA,ICA,ICA,ORA SANTA MARIA DEL SOCORRO (MINSA),OPERATIVO,08:45 a 16:30,Castrovirreyna N° 759,2023
ICA,PISCO,PISCO,ORA SAN JUAN DE DIOS (MINSA),OPERATIVO,08:45 a 16:30,Fermín Tanguis S/N (Altura del Fundo Alto de la Luna),2023
ICA,CHINCHA,CHINCHA ALTA,ORA SAN JOSE DE CHINCHA (MINSA),OPERATIVO,08:45 a 16:30,Abelardo Alva Maurtua Nº 600,2023
ICA,NASCA,NASCA,ORA HOSPITAL DE APOYO DE NASCA (MINSA),OPERATIVO,08:45 a 16:30,Callao S/N - 5ta Cuadra,2023
ICA,ICA,ICA,ORA AUGUSTO HERNANDEZ MENDOZA (ESSALUD),OPERATIVO,08:45 a 16:30,Av. José Matias Manzanilla S/N,2023
UCAYALI,CORONEL PORTILLO,CALLERIA,ORA HOSPITAL REGIONAL DE PUCALLPA (MINSA),OPERATIVO,08:45 a 16:30,Agustin Cauper N° 285,2023
HUANUCO,PUERTO INCA,PUERTO INCA,PAP PUERTO INCA,OPERATIVO,08:45 a 16:45,Vulcano S/N,2023
UCAYALI,CORONEL PORTILLO,YARINACOCHA,ORA HOSPITAL AMAZÓNICO - YARINACOCHA (MINSA),OPERATIVO,08:45 a 16:30,Aguaytia N° 605,2023
LORETO,UCAYALI,CONTAMANA,PAP CONTAMANA,OPERATIVO,08:45 a 16:45,Nuevo Loreto Mz.38C  Lt.5B,2023
UCAYALI,PADRE ABAD,IRAZOLA ,AG IRAZOLA ,OPERATIVO,08:45 a 16:45,Jr. Progreso S/N ,2023
UCAYALI,CORONEL PORTILLO,CALLERIA,OR PUCALLPA,OPERATIVO,08:45 a 16:45,"09 de Diciembre N° 378 y Tacna Nº 891 Mz. 07 Lt. Acumulado 1-B, independiente.",2023
UCAYALI,PADRE ABAD,PADRE ABAD,PAP PADRE ABAD,OPERATIVO,08:45 a 16:45,Jr. Grau Nº 214,2023
UCAYALI,ATALAYA,RAIMONDI,PAP ATALAYA,OPERATIVO,08:45 a 16:45,Rioja Nº 659,2023
UCAYALI,ATALAYA,TAHUANIA,PAP TAHUANIA,OPERATIVO,08:45 a 16:45,7 de Junio  S/N,2023
UCAYALI,CORONEL PORTILLO,CALLERIA,MAC - UCAYALI,OPERATIVO,08:30 a 16:30,Centenario 1642 (2do piso) Centro Comercial Real Plaza,2023
HUANCAVELICA,HUANCAVELICA,IZCUCHACA,PAP IZCUCHACA,OPERATIVO,08:45 a 16:45,Ferrocarril  S/N ,2023
HUANCAVELICA,ACOBAMBA,PAUCARA,PAP PAUCARA,OPERATIVO,08:45 a 16:45,Plaza Mayor S/N,2023
HUANCAVELICA,HUANCAVELICA,HUANCAVELICA,ORA HOSPITAL REGIONAL ZACARIAS CORREA VALDIVIA (MINSA),OPERATIVO,08:45 a 16:45,Andrés Avelino Cáceres S/N - Barrio Yananaco,2023
HUANCAVELICA,HUANCAVELICA,HUANCAVELICA,ORA HUANDO (MINSA),OPERATIVO,08:45 a 16:45,Cementerio s/n,2023
HUANCAVELICA,HUANCAVELICA,ASCENSIÓN,ORA HOSPITAL II HUANCAVELICA (ESSALUD),OPERATIVO,08:45 a 16:45,Teresa de Jurnet S/N,2023
HUANCAVELICA,HUANCAVELICA,HUANCAVELICA,OR HUANCAVELICA,OPERATIVO,08:45 a 16:45,"Av. San Cristóbal Nº 384, 386 y 388",2023
HUANCAVELICA,ACOBAMBA,ACOBAMBA,OR ACOBAMBA,OPERATIVO,08:45 a 16:45,Dos De Mayo N° 459,2023
HUANCAVELICA,ANGARAES,LIRCAY,OR ANGARAES,OPERATIVO,08:45 a 16:45,Centenario S/N - Barrio de Pueblo Nuevo - Dentro del Centro Civico,2023
HUANCAVELICA,CASTROVIRREYNA,CASTROVIRREYNA,OR CASTROVIRREYNA,OPERATIVO,08:45 a 16:45,Los Libertadores S/N,2023
HUANCAVELICA,TAYACAJA,PAMPAS,OR TAYACAJA,OPERATIVO,08:45 a 16:45,Manco Capac S/N con Jirón Alfonso Ugarte Cordova y Necochea - Coliseo Multiuso,2023
HUANCAVELICA,HUAYTARA,HUAYTARA,OR HUAYTARA,OPERATIVO,08:45 a 16:45,24 de Junio S/N - 2do piso Centro Cívico ,2023
HUANCAVELICA,CHURCAMPA,CHURCAMPA,OR CHURCAMPA,OPERATIVO,08:45 a 16:45,Real N° 255,2023
HUANCAVELICA,TAYACAJA,PAMPAS,ORA HOSPITAL DE PAMPAS (MINSA),OPERATIVO,08:45 a 16:45,Bolívar S/N ,2023
HUANCAVELICA,ANGARAES,LIRCAY,ORA LIRCAY (MINSA),DESPLAZAMIENTO,08:45 a 16:45,Esmeralda S/N,2023
HUANCAVELICA,TAYACAJA,SURCUBAMBA,AG SURCUBAMBA,OPERATIVO,08:45 a 16:45,Alfonso Ugarte S/N,2023
HUANCAVELICA,TAYACAJA,COLCABAMBA,AG COLCABAMBA,OPERATIVO,08:45 a 16:45,Av. Centenario S/N,2023
HUANCAVELICA,HUANCAVELICA,YAULI,ORA YAULI (MINSA),OPERATIVO,08:45 a 16:45,Jorge Chávez S/N,2023
HUANCAVELICA,ACOBAMBA,PAUCARA,ORA PAUCARA (MINSA),OPERATIVO,08:45 a 16:45,Lircay s/n,2023
HUANCAVELICA,CHURCAMPA,CHURCAMPA,ORA CHURCAMPA (MINSA),DESPLAZAMIENTO,08:45 a 16:45,Ricardo Palma N° 535 (Instalaciones del Centro de Salud),2023
PASCO,PASCO,YANACANCHA,ORA DR. DANIEL ALCIDES CARRION GARCIA (MINSA),OPERATIVO,08:45 a 16:45,Los Incas S/N Urb. San Juan,2023
PASCO,OXAPAMPA,PUERTO BERMUDEZ,PAP PUERTO BERMÚDEZ,OPERATIVO,08:45 a 16:45,Remigio Morales Bermúdez S/N,2023
PASCO,PASCO,HUARIACA,PAP HUARIACA,OPERATIVO,08:45 a 16:45,28 de Julio Nº 129,2023
HUANUCO,HUANUCO,HUÁNUCO,ORA HOSPITAL REGIONAL HERMILIO VALDIZAN (MINSA),OPERATIVO,08:45 a 16:45,Hermilio Valdizan Nº 950,2023
PASCO,PASCO,PAUCARTAMBO,PAP PAUCARTAMBO,OPERATIVO,08:45 a 16:45,Plaza 28 de Julio S/N,2023
HUANUCO,HUANUCO,HUÁNUCO,OR HUANUCO,OPERATIVO,08:45 a 16:45,28 de Julio N° 825,2023
HUANUCO,AMBO,AMBO,PAP AMBO,OPERATIVO,08:45 a 16:45,"28 de Julio 697, Centro Cívico",2023
HUANUCO,DOS DE MAYO,LA UNION,PAP DOS DE MAYO,OPERATIVO,08:45 a 16:45,Lourdes N° 221,2023
HUANUCO,HUAMALIES,LLATA,PAP HUAMALIES,OPERATIVO,08:45 a 16:45,Huánuco N° 242,2023
HUANUCO,MARAÑON,HUACRACHUCO,PAP MARAÑON,OPERATIVO,08:45 a 16:45,28 De Julio N° 602 ,2023
HUANUCO,LEONCIO PRADO,RUPA-RUPA,PAP LEONCIO PRADO,OPERATIVO,08:45 a 16:45,Chiclayo N° 585,2023
HUANUCO,PACHITEA,PANAO,PAP PACHITEA,OPERATIVO,08:45 a 16:45,Espinar N° 121,2023
HUANUCO,LAURICOCHA,JESÚS,PAP LAURICOCHA,OPERATIVO,08:45 a 16:45,Cristobal Colon S/N,2023
HUANUCO,YAROWILCA,CHAVINILLO,PAP YAROWILCA,OPERATIVO,08:45 a 16:45,Virgen de Fátima S/N,2023
PASCO,PASCO,CHAUPIMARCA,ORA HOSPITAL II PASCO (ESSALUD),OPERATIVO,08:45 a 16:45,Barrio Buenos Aires S/N,2023
HUANUCO,PACHITEA,PANAO,ORA PANAO (MINSA),OPERATIVO,08:45 a 16:45,Grau Nº 193,2023
HUANUCO,LEONCIO PRADO,RUPA-RUPA,ORA HOSPITAL TINGO MARIA (MINSA),OPERATIVO,08:45 a 16:45,Mapresa S/N Luyando,2023
HUANUCO,LEONCIO PRADO,JOSÉ CRESPO Y CASTILLO,ORA AUCAYACU (MINSA),OPERATIVO,08:45 a 16:45,Grau S/N cuadra 4,2023
HUANUCO,HUAMALIES,LLATA,ORA LLATA (MINSA),OPERATIVO,08:45 a 16:45,28 de Julio N° 216,2023
HUANUCO,DOS DE MAYO,LA UNION,ORA LA UNION (MINSA),OPERATIVO,08:45 a 16:45,Dos de Mayo N° 185,2023
HUANUCO,LEONCIO PRADO,JOSÉ CRESPO Y CASTILLO,PAP JOSE CRESPO Y CASTILLO,OPERATIVO,08:45 a 16:45,Maria Parado de Bellido S/N Cuadra 4,2023
PASCO,PASCO,YANACANCHA,AG PASCO,OPERATIVO,08:45 a 16:45,"Centro Comercial ""Sector Dos de San Juan Pampa Edif. 4 Tienda 3 San Juan-Yanacancha",2023
PASCO,DANIEL ALCIDES CARRION,YANAHUANCA,PAP DANIEL ALCIDES CARRIÓN,OPERATIVO,08:45 a 16:45,Jorge Chavez S/N Plaza Principal,2023
PASCO,OXAPAMPA,OXAPAMPA,PAP OXAPAMPA,OPERATIVO,08:45 a 16:45,Huancabamba S/N Mz. 162 Estadio Municipal Oxapampa,2023
PASCO,OXAPAMPA,PALCAZÚ,AG PALCAZU,OPERATIVO,08:45 a 16:45,Juan Santos Atahualpa Mz. U Lt. 01,2023
SAN MARTIN,TOCACHE,TOCACHE,PAP TOCACHE,OPERATIVO,08:45 a 16:45,San Juan Cdra 7 S/N Centro Cívico,2023
HUANUCO,HUANUCO,CHINCHAO,ORA ACOMAYO (MINSA),OPERATIVO,08:45 a 16:45,Iguarizo S/N Mz. 6 Lt. 02,2023
SAN MARTIN,TOCACHE,TOCACHE,ORA HOSPITAL DE TOCACHE (MINSA),OPERATIVO,08:45 a 16:45,Ricardo Palma N° 550,2023
HUANUCO,HUANUCO,SANTA MARIA DEL VALLE,ORA SANTA MARIA DEL VALLE (MINSA),DESPLAZAMIENTO,08:45 a 16:45,Libertad  S/N Intersección Carretera Central ,2023
HUANUCO,HUANUCO ,AMARILIS ,ORA CARLOS SHOWING FERRARI (MINSA),OPERATIVO,08:45 a 16:45,Micaela Bastidas S/N Paucarbamba ,2023
PASCO,OXAPAMPA,OXAPAMPA,ORA HOSPITAL ERNESTO GERMAN GUZMAN GONZALES (MINSA),OPERATIVO,08:45 a 16:45,Eduardo Loechle S/N - Chontabamba,2023
HUANUCO,HUANUCO,HUANUCO,MAC - HUANUCO,OPERATIVO,08:30 a 16:30,"Independencia N° 1601, Centro Comercial Real Plaza, Primer Piso",2023
HUANUCO,PACHITEA,UMARI,ORA TAMBILLO UMARI (MINSA),DESPLAZAMIENTO,08:45 a 16:45,Huanuco - Panao Km 37,2023
HUANUCO,YAROWILCA,CHAVINILLO,ORA CHAVINILLO (MINSA),OPERATIVO,08:45 a 16:45,San Juan N° 102,2023
AMAZONAS,CHACHAPOYAS,CHACHAPOYAS,OR CHACHAPOYAS,OPERATIVO,08:45 a 16:45,Triunfo Nº 903 1° Piso,2023
AMAZONAS,BAGUA,BAGUA,PAP BAGUA,OPERATIVO,08:45 a 16:45,Los Cedros Nº 263,2023
AMAZONAS,BONGARA,JAZAN,AG BONGARA,OPERATIVO,08:45 a 16:45,Marginal  Nº 100 -Pedro Ruíz,2023
AMAZONAS,CONDORCANQUI,NIEVA,PAP CONDORCANQUI,OPERATIVO,08:45 a 16:45,Gonzalo puerta S/N,2023
AMAZONAS,UTCUBAMBA,BAGUA GRANDE,PAP UTCUBAMBA,OPERATIVO,08:45 a 16:45,Simón Bolivar N° 545,2023
CAJAMARCA,JAEN,JAEN,OR JAEN,OPERATIVO,08:45 a 16:45,Mariscal Ureta Nº 915,2023
CAJAMARCA,SAN IGNACIO,SAN IGNACIO,PAP SAN IGNACIO,OPERATIVO,08:45 a 16:45,Santo Domingo Nº 169,2023
AMAZONAS,BAGUA,IMAZA,OR IMAZA,OPERATIVO,08:45 a 16:45,Awajun 751 Centro Poblado Chiriaco,2023
AMAZONAS,CHACHAPOYAS,CHACHAPOYAS,ORA HOSPITAL REGIONAL VIRGEN DE FATIMA (MINSA),OPERATIVO,08:45 a 16:45,Daniel Alcides Carrión N° 035,2023
AMAZONAS,BAGUA,BAGUA,ORA HOSPITAL DE APOYO GUSTAVO LANATTA LUJAN (MINSA),OPERATIVO,08:45 a 16:45,Héroes de Cenepa N°980,2023
CAJAMARCA,JAEN,JAEN,ORA HOSPITAL GENERAL DE JAEN (MINSA),OPERATIVO,08:45 a 16:45,Huamantanga s/n,2023
AMAZONAS,BAGUA,IMAZA,ORA CHIRIACO (MINSA),OPERATIVO PARCIAL,08:45 a 16:45,Junin S/N,2023
AMAZONAS,UTCUBAMBA,BAGUA GRANDE,ORA HOSPITAL DE APOYO SANTIAGO APOSTOL DE UTCUBAMBA (MINSA),OPERATIVO,08:45 a 16:45,San Felipe Santiago N°111,2023
CAJAMARCA,SAN IGNACIO,SAN IGNACIO,ORA SAN IGNACIO (MINSA),OPERATIVO,08:45 a 16:45,"Abelardo Quiñones S/N, Sector Santiago",2023
AMAZONAS,BONGARA,FLORIDA,ORA POMACOCHAS (MINSA),OPERATIVO,08:45 a 16:45,Pomacochas S/N ,2023
AMAZONAS,CONDORCANQUI,NIEVA,ORA SANTA MARIA DE NIEVA (MINSA),OPERATIVO,08:45 a 16:45,"Javier Pérez de Cuellar S/N 
Mz. N Lt. 03 Asent.Humano Héctor Peas Tsegkuan",2023
AMAZONAS,UTCUBAMBA,LONYA GRANDE,ORA LONYA GRANDE (MINSA),OPERATIVO,08:45 a 16:45,Alto Amazonas 340,2023
AMAZONAS,CONDORCANQUI,RIO SANTIAGO,ORA GALILEA (MINSA),OPERATIVO,08:45 a 16:45,La Amistad S/N,2023
LAMBAYEQUE,CHICLAYO,CHICLAYO,ORA HOSPITAL REGIONAL DOCENTE LAS MERCEDES (MINSA),OPERATIVO,08:45 a 16:30,Luis Gonzáles  Nº 635,2024
LAMBAYEQUE,CHICLAYO,CHICLAYO,ORA HOSPITAL ALMANZOR AGUINAGA ASENJO (ESSALUD),OPERATIVO,08:45 a 16:30,Plaza de la Seguridad Social S/N,2024
PIURA,SULLANA,SULLANA,ORA HOSPITAL DE APOYO II-SULLANA (MINSA),OPERATIVO,08:45 a 16:30,Santa Rosa S/N,2024
CAJAMARCA,CUTERVO,CUTERVO,PAP CUTERVO,OPERATIVO,08:45 a 16:45,Jr. Comercio N° 1103 Mz. 203 Lt. 14-Urb. Los Jardines ,2024
CAJAMARCA,CHOTA,CHOTA,AG CHOTA,OPERATIVO,08:45 a 16:45,Jr. 30 de Agosto N° 848,2024
CAJAMARCA,SANTA CRUZ,SANTA CRUZ,PAP SANTA CRUZ,OPERATIVO,08:45 a 16:30,Domingo Negrón Nº 399,2024
LAMBAYEQUE,CHICLAYO,JOSE LEONARDO ORTIZ,OR JOSÉ LEONARDO ORTIZ,OPERATIVO,08:45 a 16:45,Cacique Cinto Nº 317 Urb. Latina,2024
PIURA,AYABACA,FRÍAS,OR FRIAS,OPERATIVO,08:45 a 16:45,Lima Nº 235 - 2do piso,2024
LAMBAYEQUE,CHICLAYO,CHICLAYO,OR CHICLAYO,OPERATIVO,08:45 a 16:45,Balta N° 680 y esquina con Av. Elias Aguirre,2024
LAMBAYEQUE,FERREÑAFE,FERREÑAFE,PAP FERREÑAFE,OPERATIVO,08:45 a 16:45,Tres Marías Nº 717 – B,2024
LAMBAYEQUE,LAMBAYEQUE,LAMBAYEQUE,PAP LAMBAYEQUE,OPERATIVO,08:45 a 16:45,Huamachuco N° 342,2024
CAJAMARCA,CUTERVO,CUTERVO,ORA SANTA MARIA DE CUTERVO (MINSA),OPERATIVO,08:45 a 16:30,Ica S/N,2024
CAJAMARCA,CHOTA,CHOTA,ORA HOSPITAL DE APOYO CHOTA - JOSE SOTO CADENILLAS (MINSA),OPERATIVO,08:45 a 16:30,Ezequiel Montoya Nª 718,2024
PIURA,PIURA,PIURA,OR PIURA,OPERATIVO,08:45 a 16:45,Libertad Nº 568,2024
PIURA,AYABACA,AYABACA,PAP AYABACA,OPERATIVO,08:45 a 16:30,Bolognesi N° 181,2024
PIURA,HUANCABAMBA,HUANCABAMBA,PAP HUANCABAMBA,OPERATIVO,08:45 a 16:30,Complejo Terminal Terrestre S/N - Stand 14,2024
PIURA,MORROPON,CHULUCANAS,AG CHULUCANAS,OPERATIVO,08:45 a 16:45,Cuzco N° 202,2024
PIURA,PAITA,PAITA,PAP PAITA,OPERATIVO,08:45 a 16:30,San Martin S/N Plaza de Armas - Municipalidad de Paita,2024
PIURA,SULLANA,SULLANA,OR SULLANA,OPERATIVO,08:45 a 16:45,Leoncio Prado Nº 517 ,2024
PIURA,TALARA,PARIÑAS,AG TALARA,OPERATIVO,08:45 a 16:45,Mártires Petroleros B-3 Conjunto Habitacional - Talara,2024
PIURA,SECHURA,SECHURA,PAP SECHURA,OPERATIVO,08:45 a 16:30,Dos de Mayo Nº 618 - Plaza de Armas - Municipalidad de Sechura,2024
PIURA,PIURA,TAMBO GRANDE,PAP TAMBOGRANDE,OPERATIVO,08:45 a 16:30,Salitral Nº 241,2024
PIURA,PIURA,PIURA,MAC - PIURA,OPERATIVO,08:30 a 16:30,Sanchez Cerro con Wiesse Centro Comercial Real Plaza,2024
PIURA,PAITA,PAITA,ORA HOSPITAL LAS MERCEDES-PAITA (MINSA),OPERATIVO,08:45 a 16:30,Zona Industrial Sector II Mz. H Lt. 1 Jr. Los Pescadores S/N ,2024
TUMBES,TUMBES,TUMBES,OR TUMBES,OPERATIVO,08:45 a 16:45,Tumbes Norte  Nº 550,2024
TUMBES,CONTRALMIRANTE VILLAR,ZORRITOS,PANP CONTRALMIRANTE VILLAR - ZORRITOS,DESPLAZAMIENTO,08:45 a 16:45,Grau Nº 305,2024
TUMBES,ZARUMILLA,ZARUMILLA,PAP ZARUMILLA,OPERATIVO,08:45 a 16:30,El Ejérrcito Nº 105 - Interior Biblioteca Municipal,2024
LAMBAYEQUE,LAMBAYEQUE,OLMOS,PANP OLMOS,DESPLAZAMIENTO,08:45 a 16:45,A. B. Leguía/Calle Alfonso Ugarte,2024
PIURA,PIURA,TAMBO GRANDE,ORA TAMBO GRANDE (MINSA),OPERATIVO,08:45 a 16:30,"Froilan Alama,, AA.HH.Froilan Alama",2024
LAMBAYEQUE,LAMBAYEQUE,LAMBAYEQUE,ORA HOSPITAL PROVINCIAL DOCENTE BELEN-LAMBAYEQUE (MINSA),OPERATIVO,08:45 a 16:30,Ramón Castilla Nº 597,2024
TUMBES,TUMBES,TUMBES,ORA HOSPITAL REGIONAL JOSE ALFREDO MENDOZA OLAVARRIA JAMO II-2 (MINSA),OPERATIVO,08:45 a 16:30,24 de Julio Nº 565 ,2024
PIURA,PIURA,CATACAOS,ORA CENTRO DE SALUD MATERNO INFANTIL-CATACAOS (MINSA),OPERATIVO,08:45 a 16:30,Cayetano Heredia 1108 - Catacos,2024
PIURA,PIURA,Veintises de Octubre,ORA HOSPITAL DE LA AMISTAD PERU - COREA SANTA ROSA II-2 (MINSA),OPERATIVO,08:45 a 16:30,Prolongación Av. Grau/Av. Chulucanas ,2024
LAMBAYEQUE,CHICLAYO,CHICLAYO,ORA HOSPITAL REGIONAL LAMBAYEQUE (MINSA),OPERATIVO,08:45 a 16:30,Intersección de Carretera Panamerica Norte y Vía de Evitamiento S/N,2024
PIURA,MORROPON,CHULUCANAS,ORA HOSPITAL DE APOYO CHULUCANAS (MINSA),OPERATIVO,08:45 a 16:30,Daniel alcides carrion S/N Asent .H. vate manrique,2024
LA LIBERTAD,TRUJILLO,TRUJILLO,ORA REGIONAL DOCENTE DE TRUJILLO (MINSA),OPERATIVO,08:45 a 13.00          14:00 a 16:30,Mansiche Nº 795,2024
CAJAMARCA,CAJAMARCA,CAJAMARCA,ORA REGIONAL CAJAMARCA (MINSA),OPERATIVO,08:45 a 16:30,Larry Jhonson S/N Cdra. 8,2024
LA LIBERTAD,TRUJILLO,TRUJILLO,ORA HOSPITAL BELEN DE TRUJILLO (MINSA),OPERATIVO,08:45 a 16:30,Bolívar Nº 350,2024
CAJAMARCA,CAJAMARCA,CAJAMARCA,OR CAJAMARCA,OPERATIVO,08:45 a 16:45,Del Comercio Nº 633,2024
CAJAMARCA,CAJABAMBA,CAJABAMBA,PAP CAJABAMBA,OPERATIVO,08:45 a 16:45,Miguel Grau Nº 224-226-228 Mz. 31 Lt. 2 ,2024
CAJAMARCA,CELENDIN,CELENDÍN,PAP CELENDIN,OPERATIVO,08:45 a 16:45,Pardo N° 610,2024
CAJAMARCA,CONTUMAZA,CONTUMAZÁ,PAP CONTUMAZA,OPERATIVO,08:45 a 13.00          14:00 a 16:30,Miguel Grau Nº 212,2024
CAJAMARCA,HUALGAYOC,BAMBAMARCA,PAP HUALGAYOC,OPERATIVO,08:45 a 16:45,07 de Junio Nº 470,2024
CAJAMARCA,SAN MIGUEL,SAN MIGUEL,PAP SAN MIGUEL,OPERATIVO,08:45 a 13.00          14:00 a 16:45,Bolognesi N° 364,2024
CAJAMARCA,SAN MARCOS,PEDRO GÁLVEZ,PAP SAN MARCOS,OPERATIVO,08:45 a 16:45,Jr. Alfonso Ugarte N° 325 (Mz. 46 Lt. 17 Centro Poblado San Marcos).,2024
CAJAMARCA,SAN PABLO,SAN PABLO,PAP SAN PABLO,OPERATIVO,08:45 a 13.00          14:00 a 16:30,Plaza de Armas S/N,2024
LA LIBERTAD,TRUJILLO,VICTOR LARCO HERRERA,OR TRUJILLO II,OPERATIVO,08:45 a 16:45,Víctor Larco N° 1096. Urb. Vista Alegre,2024
LA LIBERTAD,PATAZ,PARCOY,OR PARCOY,OPERATIVO,08:45 a 13.00          14:00 a 16:30,San Martín N° 859,2024
LA LIBERTAD,TRUJILLO,TRUJILLO,OR TRUJILLO ,OPERATIVO,08:45 a 16:45,Pablo Casals Mz. A Lt. 6 Urb. Los Cedros,2024
LA LIBERTAD,BOLIVAR,BOLÍVAR,PAP BOLIVAR,OPERATIVO,08:45 a 13.00          14:00 a 16:30,Bolivar S/N - Mz. 20 Lt. 8,2024
LA LIBERTAD,SANCHEZ CARRION,HUAMACHUCO,AG SANCHEZ CARRION,OPERATIVO,08:45 a 16:45,Alfonso Ugarte N° 567,2024
LA LIBERTAD,OTUZCO,OTUZCO,AG OTUZCO,OPERATIVO,08:45 a 16:45,Pasaje Elías Armas Castillo Lt. 5-E1 Mz. 28,2024
LA LIBERTAD,PACASMAYO,SAN PEDRO DE LLOC,AG PACASMAYO,OPERATIVO,08:45 a 16:45,Alianza Nº 524,2024
LA LIBERTAD,PATAZ,TAYABAMBA,PAP PATAZ,OPERATIVO,08:45 a 13.00          14:00 a 16:30,Sucre 337 1er Piso Centro Civico,2024
LA LIBERTAD,SANTIAGO DE CHUCO,SANTIAGO DE CHUCO,PAP SANTIAGO DE CHUCO,OPERATIVO,08:45 a 13.00          14:00 a 16:30,Luis de La Puente Uceda  Nº 1120,2024
LA LIBERTAD,ASCOPE,ASCOPE,PAP ASCOPE,OPERATIVO,08:45 a 16:45,"Miguel Grau N° 879, Ascope - 1er Piso",2024
LA LIBERTAD,CHEPEN,CHEPÉN,PAP CHEPEN,OPERATIVO,08:45 a 16:45,Calle Manuel Seoane  N° 136. Chepen,2024
LA LIBERTAD,JULCAN,JULCÁN,PAP JULCAN,OPERATIVO,08:45 a 13.00          14:00 a 16:30,28 de Julio Nº 201 Centro Civico - Julcán,2024
LA LIBERTAD,GRAN CHIMU,CASCAS,PAP GRAN CHIMU,OPERATIVO,08:45 a 13.00          14:00 a 16:30,Progreso S/N Cdra. 3,2024
LA LIBERTAD,VIRU,VIRU,PAP VIRU,OPERATIVO,08:45 a 16:45, Mz. A Lt. N° 08 Urb. Las Palmeras,2024
CAJAMARCA,HUALGAYOC,BAMBAMARCA,ORA BAMBAMARCA - TITO VILLAR CABEZAS (MINSA),OPERATIVO,08:45 a 16:30,El Frutillo. Bambamarca,2024
CAJAMARCA,CELENDIN,CELENDÍN,ORA DE APOYO CELENDIN (MINSA),OPERATIVO,08:45 a 16:30,Túpac Amaru Cdra. 4,2024
CAJAMARCA,CAJABAMBA,CAJABAMBA,ORA HOSPITAL NUESTRA SEÑORA DEL ROSARIO (MINSA),OPERATIVO,08:45 a 16:30,La Torre N° 277,2024
CAJAMARCA,SAN MARCOS,PEDRO GÁLVEZ,ORA SAN MARCOS (MINSA),OPERATIVO,08:45 a 16:30,Av. 28 de Julio S/N Cdra.2,2024
LA LIBERTAD,TRUJILLO,EL PORVENIR,OR EL PORVENIR,OPERATIVO,08:45 a 16:45,Gabriel Aguilar Nº 1657. 2do piso.,2024
LA LIBERTAD,TRUJILLO,ALTO TRUJILLO,OR ALTO TRUJILLO,OPERATIVO,08:45 a 16:45,Barrio 3 Mz T Lt. 2,2024
CAJAMARCA,CAJAMARCA,CAJAMARCA,ORA SIMON BOLIVAR (MINSA),OPERATIVO,08:45 a 16:30,Mario Urteaga N° 500,2024
LA LIBERTAD,PACASMAYO,GUADALUPE,ORA DE APOYO TOMÁS LAFORA (MINSA),OPERATIVO,08:45 a 13.00          14:00 a 16:30,La Victoria S/N,2024
CAJAMARCA,CAJAMARCA,LOS BAÑOS DEL INCA,ORA BAÑOS DEL INCA (MINSA),OPERATIVO,08:45 a 16:30,Pachacútec N° 489,2024
LA LIBERTAD,TRUJILLO,LA ESPERANZA,ORA DISTRITAL JERUSALEN (MINSA),OPERATIVO,08:45 a 13.00          14:00 a 16:30,1 Barrio 3 Mz. 20 Lt. 02 Sector Jerusalén,2024
LA LIBERTAD,PATAZ,CHILLIA,AG CHILLIA,OPERATIVO,08:45 a 13.00          14:00 a 16:30,Miraflores S/N,2024
LA LIBERTAD,SANTIAGO DE CHUCO,SANTIAGO DE CHUCO,ORA DE APOYO CESAR ABRAHAM VALLEJO MENDOZA (MINSA),OPERATIVO,08:45 a 13.00          14:00 a 16:30,Gustavo Pinillo S/N - Barrio San Cristobal,2024
LA LIBERTAD,CHEPEN,CHEPEN,ORA DE APOYO CHEPEN (MINSA),DESPLAZAMIENTO,"08:45 a 13:00
14:00 a 16:30",28 de Julio S/N,2024
LA LIBERTAD,SANCHEZ CARRION,HUAMACHUCO,ORA DE APOYO LEONCIO PRADO (MINSA),OPERATIVO,08:45 a 16:30,10 de Julio N° 209,2024
LA LIBERTAD,OTUZCO,OTUZCO,ORA DE APOYO OTUZCO ELPIDIO BEROVIDES PEREZ (MINSA),OPERATIVO,08:45 a 13.00          14:00 a 16:30,Progreso N° 385,2024
LA LIBERTAD,ASCOPE,PAIJAN,ORA PAIJAN (MINSA),DESPLAZAMIENTO,"08:45 a 13:00
14:00 a 16:30",Vía Panamericana S/N Sector Manco Capac,2024
CAJAMARCA,CAJAMARCA,CAJAMARCA,MAC - CAJAMARCA,OPERATIVO,"08:30 a 13:00
14:00 a 16:30",Via De Evitamiento. Jr. El Mutuy y Av. La Cantuta - Cajamarca - Centro Comercial Real Plaza 2do. Piso,2024
LA LIBERTAD,TRUJILLO,TRUJILLO,MAC - LA LIBERTAD,OPERATIVO,"08:30 a 13:00
14:00 a 16:30","Centro Comercial Real Plaza de Trujillo -Fundo Las Casuarinas, Sub Lote predio A; Intersección , Av. Fátima 1345, Trujillo, La Libertad",2024
LA LIBERTAD,VIRU,VIRU,ORA PROVINCIAL DE VIRÚ (MINSA),OPERATIVO,08:45 a 13.00          14:00 a 16:30,Sucre Nº 799,2024
LA LIBERTAD,TRUJILLO,TRUJILLO,ORA HOSPITAL VÍCTOR LAZARTE ECHEGARAY (ESSALUD),OPERATIVO,08:45 a 13.00          14:00 a 16:30,Prolong. Unión 1375,2024
SAN MARTIN,SAN MARTIN,TARAPOTO,ORA HOSPITAL TARAPOTO (MINSA),OPERATIVO,08:45 a 16:30,Angel Delgado Morey Nº 503,2024
LORETO,DATEM DEL MARAÑON,BARRANCA,PAP DATEM DEL MARAÑON,OPERATIVO,08:45 a 16:45,Tigre Mz. 31 Lt. 08 - San Lorenzo,2024
SAN MARTIN,RIOJA,NUEVA CAJAMARCA,AG NUEVA CAJAMARCA,OPERATIVO,08:45 a 16:45, Fernando Belaunde Terry Altura del Km. 447.50 ,2024
LORETO,ALTO AMAZONAS,YURIMAGUAS,AG ALTO AMAZONAS,OPERATIVO,08:45 a 16:45,Mariscal Castilla N° 411,2024
SAN MARTIN,MOYOBAMBA ,MOYOBAMBA,ORA HOSPITAL MOYOBAMBA (MINSA),OPERATIVO,08:45 a 16:30,Grau cuadra 4,2024
SAN MARTIN,MOYOBAMBA ,MOYOBAMBA,AG MOYOBAMBA,OPERATIVO,08:45 a 16:45,Dos de Mayo Mz. 1530 Lt. 14 (837),2024
SAN MARTIN,HUALLAGA,SAPOSOA,AG HUALLAGA,OPERATIVO,08:45 a 16:45,Lima N° 591,2024
SAN MARTIN,LAMAS,LAMAS,AG LAMAS,OPERATIVO,08:45 a 16:45,San Martín N° 984,2024
SAN MARTIN,MARISCAL CACERES,JUANJUI,AG MARISCAL CACERES,OPERATIVO,08:45 a 16:45,Eduardo Peña Meza N° 772 ,2024
SAN MARTIN,RIOJA,RIOJA,OR RIOJA,OPERATIVO,08:45 a 16:45,Angaiza N° 530,2024
SAN MARTIN,SAN MARTIN ,TARAPOTO,OR TARAPOTO,OPERATIVO,08:45 a 16:45,Jiménez Pimentel N° 280 ,2024
SAN MARTIN,BELLAVISTA,BELLAVISTA,AG BELLAVISTA,OPERATIVO,08:45 a 16:45,Huallaga - Iquitos Mz. 7 Lt. 27 - A.  1er. Piso,2024
SAN MARTIN,PICOTA,PICOTA,AG PICOTA,OPERATIVO,08:45 a 16:45,"Simón Bolívar, cuadra 4",2024
SAN MARTIN,EL DORADO ,SAN JOSE DE SISA,AG EL DORADO,OPERATIVO,08:45 a 16:45,Comercio N° 610,2024
LORETO,DATEM DEL MARAÑON,BARRANCA,ORA SAN LORENZO - NUCLEO BASE (MINSA),OPERATIVO,08:45 a 16:30,Daniel Alcides Carrión S/N - Barrio Huacachina,2024
SAN MARTIN,SAN MARTIN ,LA BANDA DE SHILCAYO,AG LA BANDA DE SHILCAYO,OPERATIVO,08:45 a 16:45,Yurimaguas N° 340,2024
SAN MARTIN,MARISCAL CACERES,JUANJUI,ORA HOSPITAL JUANJUI (MINSA),OPERATIVO,08:45 a 16:30,Arica N° 205,2024
SAN MARTIN,RIOJA,RIOJA,ORA HOSPITAL DE RIOJA (MINSA),OPERATIVO,08:45 a 16:30,Túpac Amaru S/N,2024
LORETO,ALTO AMAZONAS,LAGUNAS,AG LAGUNAS,OPERATIVO,08:45 a 16:45,CALLE FITZCARRALD C-9,2024
LORETO,ALTO AMAZONAS,YURIMAGUAS,ORA HOSPITAL SANTA GEMA YURIMAGUAS (MINSA),OPERATIVO,08:45 a 16:30,CALLE HUALLAGA  C-4,2024
SAN MARTIN,SAN MARTIN,MORALES,PANP MORALES,OPERATIVO,08:45 a 16:45,Tarapoto N° 116 Plaza de Armas,2024
LORETO,MAYNAS,PUNCHANA,"ORA HOSPITAL REGIONAL DE LORETO ""FELIPE ARRIOLA IGLESIAS""",OPERATIVO,08:45 a 16:45,28 de Julio S/N,2024
LORETO,MAYNAS,IQUITOS,"ORA HOSPITAL IQUITOS ""CESAR GARAYAR GARCIA""",OPERATIVO,08:45 a 16:45,Cornejo Portugal 1710,2024
LORETO,MAYNAS,BELÉN,OR BELEN,OPERATIVO,08:45 a 16:45,Miraflores S/N P. J. 09 de Octubre,2024
LORETO,MAYNAS,TENIENTE MANUEL CLAVERO,PAP SOPLIN VARGAS,OPERATIVO,08:45 a 16:45,Plaza de Armas S/N  ,2024
LORETO,MAYNAS,IQUITOS,OR IQUITOS,OPERATIVO,08:45 a 16:45,Próspero Nº 201,2024
LORETO,LORETO,NAUTA,PAP NAUTA,OPERATIVO,08:45 a 16:45,Grau Nº 305 Centro,2024
LORETO,REQUENA,REQUENA,PAP REQUENA,OPERATIVO,08:45 a 16:45,San Antonio S/N Anexo Hotel Municipal,2024
LORETO,MARISCAL RAMON CASTILLA,RAMON CASTILLA,PAP MARISCAL RAMON CASTILLA - CABALLOCOCHA,OPERATIVO,08:45 a 16:45,Ayacucho Mz. 22 Lt. 4 C con Amazonas S/N - Local Municipal,2024
LORETO,MAYNAS,SAN JUAN BAUTISTA,OR SAN JUAN BAUTISTA,OPERATIVO,08:45 a 16:45,Abelardo Quiñones Nº 2371 Km. 2.5 ,2024
LORETO,MARISCAL RAMON CASTILLA,YAVARI,PAP YAVARI,OPERATIVO,08:45 a 16:45,Dos de Julio S/N Local Municipal,2024
LORETO,PUTUMAYO,PUTUMAYO,PAP PUTUMAYO,OPERATIVO,08:45 a 16:45,LOCAL MUNICIPAL,2024
LORETO,MAYNAS,PUNCHANA,PAP PUNCHANA,OPERATIVO,08:45 a 16:45,"Calle Cusco S/N, cuadra 5, equina con Trujillo.",2024
LORETO,REQUENA,REQUENA,ORA REQUENA,OPERATIVO,08:45 a 16:45,Mártires del Petroléo S/N - Malecon Grau,2024
LORETO,MARISCAL RAMON CASTILLA,RAMON CASTILLA,ORA CABALLOCOCHA,OPERATIVO,08:45 a 16:45,Progreso N° 425,2024
LORETO,MAYNAS,PUNCHANA,MAC - LORETO,OPERATIVO,08:45 a 16:45,La Marina Nº  1338,2024
ANCASH,SANTA,CHIMBOTE,OR SANTA,OPERATIVO,08:45 a 16:45,Jr. Enrique Palacios Nº 504-506 esquina con Jr. Ladislao Espinar Nº 401,2024
ANCASH,SANTA,NUEVO CHIMBOTE,AG NUEVO CHIMBOTE,OPERATIVO,08:45 a 16:45,Mz. 74-75 Lt. 1 del Centro Cívico de la Municipalidad Distrital de Nuevo Chimbote,2024
ANCASH,HUARAZ,HUARAZ,AG HUARAZ,OPERATIVO,08:45 a 16:45,"Jr. Agustin Loly N° 756, Mz. 29A Lt. 27, Barrio La Soledad Alta, intersección con Jr. Agustin Mejía",2024
ANCASH,HUAYLAS,CARAZ,AG HUAYLAS,OPERATIVO,08:45 a 16:45,Jr. Raimondi N° 215,2024
ANCASH,HUARI,HUARI,AG HUARI,OPERATIVO,08:45 a 16:45,Jr. Libertad Mz. P2 Lt. 003,2024
ANCASH,POMABAMBA,POMABAMBA,AG POMABAMBA,OPERATIVO,08:45 a 16:45,Jr. Huaraz Nº 369,2024
ANCASH,SIHUAS,SIHUAS,AG SIHUAS,OPERATIVO,08:45 a 16:45,"Jr. Gomes Arias 106, Barrio Pingullo Alto",2024
ANCASH,PALLASCA,PAMPAS,AG PAMPAS,OPERATIVO,08:45 a 16:45,Calle Plaza de Armas S/N - Municipalidad Distrital de Pampas - 1er piso,2024
ANCASH,CASMA,CASMA,PAP CASMA,OPERATIVO,08:45 a 16:45,Sector Hijuela Mz. C Lt. 13 del Centro Cívico de la Municipalidad Provincial de Casma,2024
ANCASH,HUARMEY,HUARMEY,PAP HUARMEY,OPERATIVO,08:45 a 16:45,1er. Pabellón S/N del Centro Cívico de la Municipalidad Provincial de Huarmey,2024
ANCASH,RECUAY,RECUAY,PAP RECUAY,OPERATIVO,08:45 a 16:45,Jr. Plaza de Armas Nº 180 Municipalidad Distrital de Recuay,2024
ANCASH,CARHUAZ,CARHUAZ,PAP CARHUAZ,OPERATIVO,08:45 a 16:45,Av. La Merced Nº 1006,2024
ANCASH,YUNGAY,YUNGAY,PAP YUNGAY,OPERATIVO,08:45 a 16:45,Av.  Arias Grazziani Lt. 1-2 Centro Cívico de la Municipalidad Provincial de Yungay,2024
ANCASH,CARLOS FERMIN FITZCARRALD,SAN LUÍS,PAP CARLOS FERMÍN FITZCARRALD,OPERATIVO,08:45 a 16:45,Av. Ramón Castilla N° 320 - 1er. piso Centro Cívico de la Municipalidad Provincial de C. F. Fitzcarrald,2024
ANCASH,MARISCAL LUZURIAGA,PISCOBAMBA,PAP MARISCAL LUZURIAGA,OPERATIVO,08:45 a 16:45,"Jr. San Pablo S/N, Centro Cívico de la Municipalidad Provincial de Mariscal Luzuriaga",2024
ANCASH,SANTA,CHIMBOTE,ORA HOSPITAL LA CALETA (Chimbote),OPERATIVO,08:45 a 16:30,Av. Malecon Grau S/N,2024
ANCASH,SANTA,CHIMBOTE,ORA HOSPITAL ESSALUD III CHIMBOTE,OPERATIVO,08:45 a 16:30,Av. Circunvalación Nº 119 Urb. Laderas del Norte,2024
ANCASH,SANTA,CHIMBOTE,ORA MATERNIDAD DE MARÍA (Chimbote),OPERATIVO,08:45 a 16:30,"Av. Enrique Meiggs S/N, PPJJ Miraflores Alto",2024
ANCASH,SANTA,NUEVO CHIMBOTE,ORA HOSPITAL ELEAZAR GUZMÁN BARRÓN (Nuevo Chimbote),OPERATIVO,08:45 a 16:30,"Av. Brasil S/N, Urb. Santa Cristina (Hospital Regional Eleazar Guzmán Barrón puerta de Emergencia)",2024
ANCASH,HUARAZ,HUARAZ,ORA HOSPITAL VÍCTOR RAMOS GUARDIA (Huaraz),OPERATIVO,08:45 a 16:30,"Av. Mariscal Luzuriaga cdra. 01, cruce con Jr. Pedro Villón cdra. 10",2024
ANCASH,HUAYLAS,CARAZ,ORA HOSPITAL DE APOYO CARAZ,OPERATIVO,08:45 a 16:30,Av. 9 de Octubre S/N,2024
ANCASH,HUARI,HUARI,ORA HOSPITAL DE APOYO HUARI,OPERATIVO,08:45 a 16:30,Av. Circunvalación Baja S/N,2024
ANCASH,CORONGO,CORONGO,PANP CORONGO,DESPLAZAMIENTO,08:45 a 16:45,"Jr. Grau N° 206, primer piso de la Municipalidad Provincial de Corongo",2024
ANCASH,PALLASCA,CABANA,PANP PALLASCA,DESPLAZAMIENTO,08:45 a 16:45,"Av. Plaza de Armas N° 103, primer piso de la Municipalidad Provincial de Pallasca",2024
ANCASH,AIJA,AIJA,PANP AIJA,DESPLAZAMIENTO,08:45 a 16:45,"Jr. Gavino Uribe S/N Plaza de Armas, 1er piso de la Municipalidad Provincial de Aija",2024
ANCASH,BOLOGNESI,CHIQUIAN,PANP BOLOGNESI,DESPLAZAMIENTO,08:45 a 16:45,"Jr. Tacna 320, primer piso del Centro Cívico de la Municipalidad Distrital de Chiquian",2024
ANCASH,YUNGAY,YANAMA,AG YANAMA,DESPLAZAMIENTO,08:45 a 16:45,Jr. Gran Chavín 2da cuadra S/N,2024
ANCASH,MARISCAL LUZURIAGA,LLUMPA,PANP LLUMPA,DESPLAZAMIENTO,08:45 a 16:45,Plaza de Armas S/N,2024
ANCASH,ASUNCION,CHACAS,PANP ASUNCIÓN,DESPLAZAMIENTO,08:45 a 16:45,Coliseo de Chacas S/N,2024
ANCASH,HUARI,CHAVIN DE HUANTAR,PANP CHAVÍN DE HUANTAR,DESPLAZAMIENTO,08:45 a 16:45,"Jr. San Martin S/N, 1er piso del Centro Cívico de la Municipalidad Distrital de Chavin de Huantar",2024
ANCASH,HUARI,SAN MARCOS,PANP SAN MARCOS ,DESPLAZAMIENTO,08:45 a 16:45,"Jr. Progreso 332, Plaza de Armas de San Marcos",2024
ANCASH,HUACAYBAMBA,HUACAYBAMBA,PANP HUACAYBAMBA,DESPLAZAMIENTO,08:45 a 16:45,"Av. El Ejercito S/N Barrio San Pedro, 1er piso Municipalidad Provincial de Huacaybamba",2024
ANCASH,ANTONIO RAIMONDI,LLAMELLIN,PANP ANTONIO RAIMONDI,DESPLAZAMIENTO,08:45 a 16:45,Jr. Simón Bolívar N° 229,2024
ANCASH,HUARI,UCO,PANP UCO,DESPLAZAMIENTO,08:45 a 16:45,"Jr. Nicolas de Piérola S/N Plaza de Armas, 1er piso de la Municipalidad Distrital de Uco",2024
JUNIN,TARMA,TARMA,AG TARMA,OPERATIVO,08:45 a 16:45,AREQUIPA Nº 939,2024
JUNIN,CHANCHAMAYO,LA MERCED,AG CHANCHAMAYO,OPERATIVO,08:45 a 16:45,TARMA Nº 236,2024
JUNIN,HUANCAYO,EL TAMBO,OR HUANCAYO,OPERATIVO,08:45 a 16:45,MARISCAL CASTILLA Nº 1801,2024
JUNIN,HUANCAYO,HUANCAYO,"ORA REGIONAL DOCENTE MATERNO INFANTIL ""EL CARMEN""",OPERATIVO,08:45 a 16:30,PUNO Nº 911,2024
JUNIN,TARMA,TARMA,ORA DE APOYO FELIX MAYORCA SOTO,OPERATIVO,08:45 a 16:30,PACHECO Nº 362,2024
JUNIN,JAUJA ,JAUJA ,ORA HOSPITAL DOMINGO OLAVEGOYA,OPERATIVO,08:45 a 16:30,SAN MARTÍN Nº 1153 URB. OLAVEGOYA ,2024
JUNIN,SATIPO,SATIPO,ORA DE APOYO MANUEL HIGA ARAKAKI,OPERATIVO,08:45 a 16:30,DANIEL ALCIDES CARRIÓN Nº 398,2024
JUNIN,CHANCHAMAYO ,PICHANAQUI,ORA HOSPITAL DE APOYO PICHANAQUI,OPERATIVO,08:45 a 16:30,SAN MARTÍN S/N PICHANAKI,2024
JUNIN,HUANCAYO,HUANCAYO,ORA LA LIBERTAD,DESPLAZAMIENTO,08:45 a 16:30,LA VITORIA 1001,2024
JUNIN,CHANCHAMAYO,LA MERCED,ORA HOSPITAL REGIONAL DOCENTE DE MEDICINA TROPICAL DR. JULIO DEMARINI CARO,OPERATIVO,08:45 a 16:30,DANIEL A. CARRION S/N AV. PAMPA DEL CARMEN S/N,2024
JUNIN,HUANCAYO,EL TAMBO,ORA HOSPITAL NACIONAL RAMIRO PRIALE,DESPLAZAMIENTO,08:45 a 16:30,INDEPENDENCIA Nº 266,2024
JUNIN,SATIPO,PANGOA,ORA HOSPITAL DE PANGOA,DESPLAZAMIENTO,08:45 a 16:30,LA CULTURA S/N,2024
JUNIN,HUANCAYO,CHILCA,ORA CHILCA,DESPLAZAMIENTO,08:45 a 16:30,HUMBOLT Nº 900,2024
JUNIN,SATIPO,PANGOA,PAP PANGOA,OPERATIVO,08:45 a 16:30,07 DE JUNIO Nº 641 PLAZA PRINCIPAL CENTRO CIVICO,2024
JUNIN,SATIPO,MAZAMARI,PAP MAZAMARI,OPERATIVO,08:45 a 16:30,SAN JUAN N° 377,2024
JUNIN,CONCEPCION,CONCEPCIÓN,PAP CONCEPCIÓN,OPERATIVO,08:45 a 16:30,RICARDO PALMA S/N MERCADO MODELO INTERIOR 1 ,2024
JUNIN,JAUJA,JAUJA,PAP JAUJA,OPERATIVO,08:45 a 16:30,SUCRE N° 889,2024
JUNIN,JUNIN,JUNIN,PAP JUNIN,OPERATIVO,08:45 a 16:30,SIMÓN BOLIVAR N° 820,2024
JUNIN,YAULI,SANTA ROSA DE SACCO,PAP YAULI,OPERATIVO,08:45 a 16:30,MIGUEL GRAU N° 309,2024
JUNIN,SATIPO,SATIPO,PAP SATIPO,OPERATIVO,08:45 a 16:45,MICAELA BASTIDAS Y JR. AUGUSTO B. LEGUIA CENTRO CIVICO ,2024
JUNIN,CHUPACA,CHUPACA,PAP CHUPACA,OPERATIVO,08:45 a 16:30,GRAU N° 195 - CENTRO CÍVICO,2024
JUNIN,CHANCHAMAYO,PICHANAQUI,PAP PICHANAQUI,OPERATIVO,08:45 a 16:45,INDEPENDENCIA S/N COLISEO MUNICIPAL,2024
JUNIN,HUANCAYO,HUANCAYO,MAC JUNIN,OPERATIVO,08:45 a 16:30,FERROCARRIL N° 146 - 150 - CENTRO COMERCIAL OPEN PLAZA,2024
AYACUCHO,HUAMANGA,AYACUCHO,"ORA HOSPITAL REGIONAL DE AYACUCHO ""MIGUEL ANGEL MARISCAL LLERENA"" (MINSA)",OPERATIVO,08:45 a 16:30,Av.Daniel Alcides Carrión S/N - 2da cuadra.,2024
AYACUCHO,LA MAR,AYNA,PAP AYNA -SAN FRANCISCO,OPERATIVO,08:45 a 16:45,28 de Julio S/N San Francisco,2024
AYACUCHO,HUAMANGA,AYACUCHO,OR HUAMANGA,OPERATIVO,08:45 a 16:45,"San Martin Nº 473, 475, 477 y 477A",2024
AYACUCHO,CANGALLO,CANGALLO,PAP CANGALLO,OPERATIVO,08:45 a 16:45,Maria Parado de Bellido Nº 205,2024
AYACUCHO,HUANTA,HUANTA,AG HUANTA,OPERATIVO,08:45 a 16:45,Ayacucho N° 305,2024
AYACUCHO,LA MAR,SAN MIGUEL,PAP LA MAR,OPERATIVO,08:45 a 16:45,Maria Parado de Bellido S/N ,2024
AYACUCHO,VICTOR FAJARDO,HUANCAPI,PAP VICTOR FAJARDO,OPERATIVO,08:45 a 16:45,Plaza Principal Nº 127,2024
AYACUCHO,HUANCA SANCOS,SANCOS,PAP HUANCASANCOS,OPERATIVO,08:45 a 16:45,Progreso S/N Consejo Provincial de Huanca Sancos,2024
AYACUCHO,VILCAS HUAMAN,VILCAS HUAMAN,PAP VILCASHUAMAN,OPERATIVO,08:45 a 16:45,Los Incas Nº 222,2024
AYACUCHO,SUCRE,QUEROBAMBA,PAP SUCRE,OPERATIVO,08:45 a 16:45,San Martin S/N  Plaza de Armas Consejo Provincial de Sucre,2024
AYACUCHO,HUANTA,HUANTA,"ORA HOSPITAL DE APOYO HUANTA ""DANIEL ALCIDES CARRION"" (MINSA)",OPERATIVO,08:45 a 16:30,Mariscal Castilla Nº 628,2024
AYACUCHO,LA MAR,SAN MIGUEL,ORA SAN MIGUEL (MINSA),DESPLAZAMIENTO,08:45 a 16:30,Ramon Castilla s/n,2024
AYACUCHO,CANGALLO,CANGALLO,ORA HOSPITAL DE APOYO CANGALLO (MINSA),OPERATIVO,08:45 a 16:30,Santa Rosa N° 110,2024
CUSCO,LA CONVENCION,PICHARI,PAP PICHARI,OPERATIVO,08:45 a 16:45,BRASIL S/N,2024
APURIMAC,CHINCHEROS,CHINCHEROS,PAP CHINCHEROS,OPERATIVO,08:45 a 16:45,COTABAMBAS N° 121,2024
AYACUCHO,LA MAR,SAMUGARI,PAP SAMUGARI -PALMAPAMPA,OPERATIVO,08:45 a 16:45,Los Laureles S/N – Palmapampa Distrital de Samugari,2024
AYACUCHO,LA MAR,TAMBO,ORA TAMBO (MINSA),OPERATIVO,08:45 a 16:30,Lima s/n,2024
AYACUCHO,HUAMANGA,JESUS NAZARENO,ORA HOSPITAL DE APOYO JESUS NAZARENO (MINSA),OPERATIVO,08:45 a 16:30,Ciro Alegría Nº 547,2024
APURIMAC,ANDAHUAYLAS,TALAVERA,OR ANDAHUAYLAS,OPERATIVO,08:45 a 16:45,Amauta N° 311,2024
APURIMAC,CHINCHEROS,ANCCO HUALLO,ORA  CENTRO DE SALUD URIPA  (MINSA),OPERATIVO,08:45 a 16:30, Túpac Amaru S/N – URIPA,2024
APURIMAC,ANDAHUAYLAS,ANDAHUAYLAS,ORA HOSPITAL REGIONAL DOCENTE  HUGO PESCE PESCETTO ANDAHUAYLAS (MINSA),OPERATIVO,08:45 a 16:30,Hugo Pesce Pesceto S/N,2024
AYACUCHO,HUANTA,SIVIA,ORA HOSPITAL DE APOYO DE SIVIA (MINSA),DESPLAZAMIENTO,08:45 a 16:30,Gervacio Santillana S/N,2024
CUSCO,LA CONVENCION,PICHARI,ORA HOSPITAL DE APOYO PICHARI (MINSA),OPERATIVO,08:45 a 16:30,Amazonas s/n,2024
APURIMAC,CHINCHEROS,CHINCHEROS,ORA HOSPITAL DE APOYO CHINCHEROS (MINSA),OPERATIVO,08:45 a 16:30,Fernando Belaunde Terry S/N,2024
AYACUCHO,CANGALLO,LOS MOROCHUCOS,ORA PAMPA CANGALLO (MINSA),OPERATIVO,08:45 a 16:30,María Arguedas S/N,2024
AREQUIPA,AREQUIPA,AREQUIPA,ORA HOSPITAL REGIONAL HONORIO DELGADO ESPINOZA (MINSA),OPERATIVO,08:45 a 16:45,Daniel Alcides Carrión N° 505,2024
TACNA,TACNA,TACNA,ORA TACNA (MINSA),OPERATIVO,08:45 a 16:45,Blondel S/N,2024
AREQUIPA,AREQUIPA,AREQUIPA,OR AREQUIPA,OPERATIVO,08:45 a 16:45,San Juan de Dios N° 122 y Santo Domingo N° 101,2024
AREQUIPA,CAYLLOMA,CHIVAY,PAP CAYLLOMA,OPERATIVO,08:45 a 16:45,Siglo XX S/N,2024
AREQUIPA,CAMANA,CAMANA,AG CAMANA,OPERATIVO,08:45 a 16:45,Mariscal Castilla N° 221,2024
AREQUIPA,CARAVELI,CARAVELÍ,PAP CARAVELI,OPERATIVO,08:45 a 16:45,Bolivar S/N,2024
AREQUIPA,CASTILLA,APLAO,PAP CASTILLA,OPERATIVO,08:45 a 16:45,Progreso S/N,2024
AREQUIPA,CONDESUYOS,CHUQUIBAMBA,PAP CONDESUYOS,OPERATIVO,08:45 a 16:45,Alameda S/N - Los Tres Errantes,2024
AREQUIPA,ISLAY,MOLLENDO,AG ISLAY,OPERATIVO,08:45 a 16:45,Arequipa Nº 261 ,2024
AREQUIPA,LA UNION,COTAHUASI,PAP LA UNION,OPERATIVO,08:45 a 16:45,Centenario N° 202 - Cotahuasi,2024
MOQUEGUA,MARISCAL NIETO,MOQUEGUA,ORA HOSPITAL REGIONAL MOQUEGUA (MINSA),OPERATIVO,08:45 a 16:45,Simón Bolívar N° 505,2024
MOQUEGUA,MARISCAL NIETO,SAN ANTONIO,AG MARISCAL NIETO,OPERATIVO,08:45 a 16:45,Central Mz D-4 Lt. 1,2024
MOQUEGUA,ILO,ILO,AG ILO,OPERATIVO,08:45 a 16:45,Ayacucho N° 529,2024
AREQUIPA,CAYLLOMA,MAJES,AG MAJES,OPERATIVO,08:45 a 16:45,Arequipa S/N - Tienda 06 del Estadio Almirante Miguel Grau - Pedregal,2024
AREQUIPA,AREQUIPA,CAYMA,AG CAYMA,OPERATIVO,08:45 a 16:45,Ramón Castilla S/N - Estadio La Tomilla,2024
TACNA,TACNA,TACNA,AG TACNA,OPERATIVO,08:45 a 16:45,Deustua Nº 173,2024
AREQUIPA,AREQUIPA,AREQUIPA,ORA HOSPITAL III GOYENECHE (MINSA),OPERATIVO,08:45 a 16:45,Goyeche N° 100,2024
AREQUIPA,CAMANA,CAMANA,ORA HOSPITAL DE CAMANA (MINSA),OPERATIVO,08:45 a 16:45,Lima 550,2024
AREQUIPA,AREQUIPA,PAUCARPATA,MAC - AREQUIPA,OPERATIVO,08:30 a 16:30,Porongoche N° 500 Paucarpata - Centro Comercial Mall Aventura ,2024
AREQUIPA,CAYLLOMA,MAJES,ORA HOSPITAL CENTRAL DE MAJES- ANGEL GABRIEL CHURA GALLEGOS (MINSA),OPERATIVO,08:45 a 16:45,Asentamiento B1 lote 1 Irrig. Majes,2024
MOQUEGUA,MARISCAL NIETO,MOQUEGUA,MAC - MOQUEGUA,OPERATIVO,08:30 a 16:30,"Circunvalación 1B Sub lote 1-A, Moquegua",2024
AREQUIPA,AREQUIPA,AREQUIPA,PAP PASEO CENTRAL,OPERATIVO,08:45 a 16:45,Arturo Ibañez S/N,2024
AREQUIPA,AREQUIPA,CERRO COLORADO,C.S. MARITZA CAMPOS DIAZ (MINSA),OPERATIVO,08:45 a 16:45,Yavari S/N,2024
AREQUIPA,AREQUIPA,PAUCARPATA,HOSPITAL EDMUNDO ESCOMEL (ESSALUD),OPERATIVO,08:45 a 16:45,EL Cayro S/N,2024
AREQUIPA,AREQUIPA,AREQUIPA,HOSPITAL CARLOS ALBERTO SEGUIN ESCOBEDO (ESSALUD),OPERATIVO,08:45 a 16:45,Peral S/N,2024
AREQUIPA,AREQUIPA,YANAHUARA,ORA HOSPITAL III YANAHUARA (ESSALUD),OPERATIVO,08:45 a 16:45,Zamácola S/N,2024
CUSCO,CUSCO,SANTIAGO,ORA ANTONIO LORENA DEL CUSCO (MINSA),OPERATIVO,08:45 a 16:30,Carlos Ugarte S/N Urb. Primavera Cuartel Agustín Gamarra,2024
CUSCO,CUSCO,WANCHAQ,ORA HOSPITAL NACIONAL ADOLFO GUEVARA VELASCO (ESSALUD),OPERATIVO,08:45 a 16:30,Ancelmo Alvarez S/N,2024
APURIMAC,ABANCAY,ABANCAY,OR ABANCAY,OPERATIVO,08:45 a 16:45,La Victoria Nº 214,2024
APURIMAC,AYMARAES,CHALHUANCA,PANP AYMARAES,DESPLAZAMIENTO,08:45 a 16:30,Plaza de Armas S/N (Gobernatura De Chalhuanca),2024
APURIMAC,ANTABAMBA,ANTABAMBA,PANP ANTABAMBA,DESPLAZAMIENTO,08:45 a 16:30,Plaza de Armas S / N,2024
APURIMAC,COTABAMBAS,TAMBOBAMBA,PAP TAMBOBAMBA,OPERATIVO,08:45 a 16:30,Perú - Plaza de Armas S/N - 3er Piso,2024
APURIMAC,GRAU,CHUQUIBAMBILLA,PANP GRAU,DESPLAZAMIENTO,08:45 a 16:30,Plaza de Armas S / N,2024
CUSCO,CUSCO,CUSCO,OR CUSCO,OPERATIVO,08:45 a 16:45,El Sol N° 272,2024
CUSCO,ACOMAYO,ACOMAYO,PANP ACOMAYO,DESPLAZAMIENTO,08:45 a 16:30,Plaza de Armas S/N,2024
CUSCO,ANTA,ANTA ,PAP ANTA,OPERATIVO,08:45 a 16:30,"Jaquijahuana  S / N, Izcuchaca",2024
CUSCO,CALCA,CALCA,AG CALCA,OPERATIVO,08:45 a 16:45,Plaza de Armas S/N,2024
CUSCO,CANAS,YANAOCA,PAP CANAS,OPERATIVO,08:45 a 16:30,Plaza de Armas S/N,2024
CUSCO,CANCHIS,SICUANI,AG CANCHIS,OPERATIVO,08:45 a 16:45,Túpac Amaru N° 163,2024
CUSCO,CHUMBIVILCAS,SANTO TOMAS,PAP CHUMBIVILCAS,OPERATIVO,08:45 a 16:45,Perú S / N (Ruedo de Toros),2024
CUSCO,ESPINAR,ESPINAR,PAP ESPINAR,OPERATIVO,08:45 a 16:45,Teatro S/N  ,2024
CUSCO,LA CONVENCION,SANTA ANA,AG LA CONVENCION,OPERATIVO,08:45 a 16:45,Grau Nº 238,2024
CUSCO,PARURO,PARURO,PANP PARURO,DESPLAZAMIENTO,08:45 a 16:30,Plaza de Armas S/N,2024
CUSCO,PAUCARTAMBO,PAUCARTAMBO,PAP PAUCARTAMBO - JR9,OPERATIVO,08:45 a 16:30,Enrique Yabar S/N,2024
CUSCO,QUISPICANCHI,URCOS,PAP QUISPICANCHI,OPERATIVO,08:45 a 16:45,Huáscar N° 181,2024
CUSCO,URUBAMBA,URUBAMBA,PAP URUBAMBA,OPERATIVO,08:45 a 16:30,Conchatupa S/N,2024
MADRE DE DIOS,TAHUAMANU,IBERIA,AG IBERIA,OPERATIVO,08:45 a 16:45,Máximo Rodríguez N° 124 Plaza de Armas,2024
APURIMAC,ABANCAY,ABANCAY,ORA HOSPITAL REGIONAL GUILLERMO DIAZ DE LA VEGA (MINSA),OPERATIVO,08:45 a 16:30,Daniel Alcides Carrión S/N,2024
MADRE DE DIOS,TAMBOPATA,TAMBOPATA,OR TAMBOPATA,OPERATIVO,08:45 a 16:45,Lambayeque N° 159,2024
MADRE DE DIOS,MANU,MANU,PANP MANU,DESPLAZAMIENTO,08:45 a 16:30,Esperanza S/N - Local Municipal,2024
CUSCO,ACOMAYO,POMACANCHI,AG POMACANCHI,DESPLAZAMIENTO,08:45 a 16:45,Plaza de Armas S/N,2024
CUSCO,CUSCO,CUSCO,ORA HOSPITAL DE APOYO DEPARTAMENTAL CUSCO (MINSA),OPERATIVO,08:45 a 16:30,La Cultura S/N,2024
CUSCO,CUSCO,SANTIAGO,ORA BELEMPAMPA (MINSA),OPERATIVO,08:45 a 16:30,21 de Mayo S/N,2024
CUSCO,CANCHIS,SICUANI,ORA SICUANI (MINSA),OPERATIVO,08:45 a 16:30,Manuel Callo Zevallos N° 519 - Hospital MINSA Sicuani,2024
MADRE DE DIOS,TAMBOPATA,TAMBOPATA,ORA SANTA ROSA (MINSA),OPERATIVO,08:45 a 16:30,Cajamarca N° 171,2024
CUSCO,LA CONVENCION,SANTA ANA,ORA QUILLABAMBA (MINSA),OPERATIVO,08:45 a 16:30,General Gamarra S/N - Hospital Quillabamba,2024
APURIMAC,AYMARAES,CHALHUANCA,ORA CHALHUANCA (MINSA),OPERATIVO,08:45 a 16:30,Bolivar S/N,2024
CUSCO,ESPINAR,ESPINAR,ORA ESPINAR (MINSA),OPERATIVO,08:45 a 16:30,Domingo Huarca Cruz S/N Barrio Túpac Amaru  - Hospital Espinar,2024
MADRE DE DIOS,TAHUAMANU,IBERIA,ORA SAN MARTIN DE PORRES DE IBERIA (MINSA),OPERATIVO,08:45 a 16:30,Mocopata S/N,2024
APURIMAC,COTABAMBAS,TAMBOBAMBA,ORA TAMBOBAMBA (MINSA),OPERATIVO,08:45 a 16:30,Hospital Tambobamba,2024
APURIMAC,COTABAMBAS,HAQUIRA,PAP HAQUIRA,OPERATIVO,08:45 a 16:30,Plaza de armas S/N-Haquira,2024
CUSCO,CHUMBIVILCAS,SANTO TOMAS,ORA SANTO TOMAS (MINSA),OPERATIVO,08:45 a 16:30, Andres Avelino Caceres - Hospital Santo Tomas  ,2024
CUSCO,CHUMBIVILCAS,VELILLE,PANP VELILLE,DESPLAZAMIENTO,08:45 a 16:30,Plaza de Armas - Municipalidad Distrital Velille,2024
CUSCO,CALCA,YANATILE,PANP YANATILE,DESPLAZAMIENTO,08:45 a 16:30,Plaza de Armas - Municipalidad Distrital Yanatile,2024
APURIMAC,ABANCAY,CURAHUASI,PANP CURAHUASI,DESPLAZAMIENTO,08:45 a 16:30,Coliseo Cerrado - Municipalidad de Curahuasi,2024
CUSCO,CUSCO,SANTIAGO,AGENCIA SANTIAGO,OPERATIVO,08:45 a 16:30,Giraldo Ruiz Caro S/N,2024
CUSCO,CUSCO,WANCHAQ,MAC CUSCO,OPERATIVO,08:45 a 16:30,Collasuyo 2964 - Real Plaza Cusco,2024
MADRE DE DIOS,TAMBOPATA,INAMBARI,AG INAMBARI,DESPLAZAMIENTO,08:45 a 16:30,Plaza de Armas - Municipalidad Provincial de Inambari,2024
CALLAO,CALLAO,CALLAO,ORA NAC. DANIEL A. CARRIÓN (MINSA),OPERATIVO,08:45 a 16:45,Guardia Chalaca Nº 2176 - Bellavista,2024
LIMA,LIMA,SAN JUAN DE LURIGANCHO,ORA HOSPITAL SAN JUAN DE LURIGANCHO (MINSA),OPERATIVO,08:45 a 16:30,Canto Grande S/N - Altura del paradero 10,2024
LIMA,LIMA,EL AGUSTINO,ORA HOSPITAL NACIONAL HIPOLITO UNANUE (MINSA),OPERATIVO,08:45 a 16:30,Cesar Vallejo Nº 1390 ,2024
LIMA,LIMA,LIMA,ORA INSTITUTO NACIONAL MATERNO PERINATAL (MINSA),OPERATIVO,08:45 a 16:30,Miroquesada Nº 941 - Lima,2024
CALLAO,CALLAO,VENTANILLA,OR VENTANILLA,OPERATIVO,08:45 a 16:45,Pachacutec N° 225 - Sector B - Grupo Residencial B1 - Mz. F1 ,2024
LIMA,LIMA,SANTIAGO DE SURCO,OR SURCO - HIGUERETA,OPERATIVO,08:45 a 16:45,Santiago de Surco Nº 2807 Urb. Residencial Higuereta,2024
LIMA,LIMA,SAN BORJA,OR SAN BORJA,OPERATIVO,08:45 a 16:45,San Luis N° 1673 Urb. Jacaranda II,2024
LIMA,LIMA,COMAS,OR COMAS III,OPERATIVO,08:45 a 16:45,San Felipe Nº 830 Urb. San Felipe,2024
LIMA,LIMA,LIMA,OR QUILCA,OPERATIVO,08:45 a 16:45,Quilca Nº 501 y 525 ,2024
LIMA,LIMA,LIMA,AG ANCASH,OPERATIVO,08:45 a 16:45,Ancash Nº 336-340 y 344 (Frente a la Plazuela San Francisco) - Lima,2024
LIMA,LIMA,VILLA MARÍA DEL TRIUNFO,ORA DANIEL ALCIDES CARRION (MINSA),OPERATIVO,08:45 a 16:30,Pachacutec N° 3470 - Pasando el Terminal Pesquero.,2024
CALLAO,CALLAO,BELLAVISTA,MAC - CALLAO,OPERATIVO,08:30 a 16:30,Oscar R. Benavides N° 3866 - Centro Comercial Mall Aventura Plaza,2024
LIMA,LIMA,LIMA,OR LIMA,OPERATIVO,08:45 a 16:45,Av. Nicolás de Piérola N 545,2024
LIMA,LIMA,ATE,OR ATE,OPERATIVO,08:45 a 16:45,Industrial Nº 438,2024
LIMA,LIMA,COMAS,OR COMAS I,OPERATIVO,08:45 a 16:45,"Tupac Amaru N° 5527 - 5531 - 5535, Urb Huaquillay 2da Etapa",2024
LIMA,LIMA,LURIN,OR LURIN,OPERATIVO,08:45 a 16:45,Simon Bolivar N° 267,2024
LIMA,LIMA,MIRAFLORES,OR MIRAFLORES,OPERATIVO,08:45 a 16:45,Ernesto Diez Canseco N° 230,2024
LIMA,LIMA,PUENTE PIEDRA,OR PUENTE PIEDRA,OPERATIVO,08:45 a 16:45,Ricardo Palma Nº 241,2024
LIMA,LIMA,SAN JUAN DE LURIGANCHO,OR SAN JUAN DE LURIGANCHO,OPERATIVO,08:45 a 16:45,Las Flores Lote 1 Mz. G Urb. Canto Grande Unidad 7,2024
LIMA,LIMA,SAN JUAN DE MIRAFLORES,OR SAN JUAN DE MIRAFLORES,OPERATIVO,08:45 a 16:45,Guillermo Billinghurst  N° 767 – 769 Mz. F Lote 18 Urb. SJM Parcela D,2024
LIMA,LIMA,SAN MARTÍN DE PORRES,OR SAN MARTIN DE PORRES,OPERATIVO,08:45 a 16:45,Eduardo de Habich Nº 590 - 592 con Pedro Paulet N° 589,2024
LIMA,CAJATAMBO,CAJATAMBO,AG CAJATAMBO,OPERATIVO,08:45 a 16:45,Bolognesi S/N - Comisiones de Regantes -Frente plaza de Armas,2024
LIMA,CANTA,CANTA,AG CANTA,OPERATIVO,08:45 a 16:45,Independencia Nº 308 Municipio (Plaza de Armas),2024
LIMA,CAÑETE,SAN VICENTE DE CAÑETE,AG CAÑETE,OPERATIVO,08:45 a 16:45,Los Libertadores Mz. D-3 Lote 4 Urbanización Tercer Mundo,2024
LIMA,HUAURA,HUACHO,AG HUACHO,OPERATIVO,08:45 a 16:45,Grau Nº 295,2024
LIMA,HUAROCHIRI,MATUCANA,AG MATUCANA,OPERATIVO,08:45 a 16:45,Tacna S/N  - Centro Civico,2024
LIMA,YAUYOS,YAUYOS,AG YAUYOS,OPERATIVO,08:45 a 16:45,Plaza Constitución Nº 110,2024
LIMA,HUARAL,HUARAL,AG HUARAL,OPERATIVO,08:45 a 16:45,Los Pinos Nº 149 Mz E Lote 4 Pasaje Urb. El Rosario,2024
LIMA,BARRANCA,BARRANCA,OR BARRANCA,OPERATIVO,08:45 a 16:45,Independencia N° 674 - 676 - 678,2024
LIMA,OYON,OYON,AG OYON,OPERATIVO,08:45 a 16:45,Unión 216,2024
LIMA,LIMA,LURIGANCHO,OR CHOSICA,OPERATIVO,08:45 a 16:45,Chucuito Nº 248 ,2024
LIMA,LIMA,PACHACAMAC,OR PACHACAMAC,OPERATIVO,08:45 a 16:45,Paul Poblet N° 3111 - Dentro del Mercado Jumbo,2024
LIMA,LIMA,JESÚS MARÍA,OR JESUS MARIA,OPERATIVO,08:45 a 16:45,Talara N° 130-132-134 y 136 Jesús Maria,2024
LIMA,LIMA,CIENEGUILLA,OR CIENEGUILLA,OPERATIVO,08:45 a 16:45,"San Martin Lote 15, Zona ""D"" Manzana ""D"" Centro Poblado Tambo Viejo",2024
LIMA,LIMA,SANTA ANITA,OR SANTA ANITA,OPERATIVO,08:45 a 16:45,"Los Eucaliptos Nº 947, Urbanización Universal",2024
LIMA,LIMA,INDEPENDENCIA,OR INDEPENDENCIA,OPERATIVO,08:45 a 16:45,Los Andes Nº 486 Urb. Industrial Panamericana Norte,2024
CALLAO,CALLAO,VENTANILLA,MAC - VENTANILLA,OPERATIVO,08:30 a 16:30,La Playa S/N altura la Urb. Zona Comercial frente a la Plaza Cívica ,2024
LIMA,LIMA,JESÚS MARÍA,AG 06 DE AGOSTO,OPERATIVO,08:45 a 16:45,06 de Agosto N° 856,2024
CALLAO,CALLAO,MI PERÚ,PAP MI PERU,OPERATIVO,08:45 a 16:45,Mz. G7 Lt. 06 Mi Perú  interior de la Sede Municipal.,2024
LIMA,LIMA,SAN MARTÍN DE PORRES,ORA NACIONAL CAYETANO HEREDIA (MINSA),OPERATIVO,08:45 a 16:30,Honorio Delgado N° 262 - Urb. Ingeniería / Obstetricia,2024
LIMA,HUAURA,HUACHO,ORA HOSPITAL GENERAL DE HUACHO (MINSA),OPERATIVO,08:45 a 16:30,Jose Arnaldo Arambulo La Rosa N° 251,2024
CALLAO,CALLAO,CALLAO,OR CALLAO,OPERATIVO,08:45 a 16:45,Dos de Mayo N° 440 - 446,2024
LIMA,LIMA,SAN BORJA,AG ATENCIONES ESPECIALES DE SAN BORJA,OPERATIVO,08:45 a 16:45,Javier Prado N° 2388 -2386 - 2392,2024
LIMA,LIMA,VILLA EL SALVADOR,OR VILLA EL SALVADOR,OPERATIVO,08:45 a 16:45,"Arriba Perú Nº 640 Sector 2, Grupo 7, Mz J, Lt 05 ",2024
LIMA,LIMA,EL AGUSTINO,MAC - LIMA ESTE,OPERATIVO,08:30 a 16:30,Carretera Central 111 Mall Aventura Santa Anita Nivel 2,2024
CALLAO,CALLAO,CARMEN DE LA LEGUA REYNOSO,ORA HOSPITAL SAN JOSE (MINSA),OPERATIVO,08:45 a 16:45,Las Magnolias 475 Carmen de la Legua-Reynoso,2024
CALLAO,CALLAO,VENTANILLA,ORA HOSPITAL DE VENTANILLA (MINSA),OPERATIVO,08:45 a 16:45,Pedro Beltran S/N Ventanilla - Hospital de Ventanilla,2024
LIMA,CAÑETE,SAN LUIS,ORA HOSPITAL REZOLA (MINSA),OPERATIVO,08:45 a 16:30,Distrito de San Luis S/N,2024
LIMA,BARRANCA,BARRANCA,ORA HOSPITAL DE BARRANCA (MINSA),OPERATIVO,08:45 a 16:30,Nicolás de Piérola Nº 210 -224,2024
LIMA,HUARAL,HUARAL,ORA HOSPITAL SAN JUAN BAUTISTA HUARAL (MINSA),OPERATIVO,08:45 a 16:30,Tacna Nº 120 Urb. San Juan I,2024
LIMA,LIMA ,COMAS,ORA HOSPITAL NACIONAL SERGIO E. BERNALES (MINSA),OPERATIVO,08:45 a 16:30,"Túpac Amaru N° 8000, Collique, Comas.",2024
LIMA,LIMA,LIMA,ORA NACIONAL DOS DE MAYO (MINSA),OPERATIVO,08:45 a 16:30,Parque Historia De La Medicina Peruana S/N Altura Cuadra 13 Av Grau,2024
LIMA,LIMA,ATE ,ORA HOSPITAL DE HUAYCAN (MINSA),OPERATIVO,08:45 a 16:30,José C.Mariátegui S/N Zona B - A.H.Huaycán S/N Ate Lima Lima,2024
LIMA,LIMA,SAN JUAN DE MIRAFLORES,MAC - LIMA SUR,OPERATIVO,08:30 a 16:30,Circunvalación 1583- San Juan de Miraflores,2024
LIMA,LIMA,COMAS,MAC - LIMA NORTE,OPERATIVO,08:30 a 16:30,Los Angeles N° 602 2do piso - Cc Mall Plaza ,2024
LIMA,LIMA,JESUS MARIA,PVM - JESUS MARIA ,OPERATIVO,08:45 a 16:45,Talara N° 130,2024
LIMA,LIMA,SANTIAGO DE SURCO,PVM - JOCKEY PLAZA,OPERATIVO,08:45 a 16:45,Javier Prado Este N° 4200 ( Centro Financiero del Centro Comercial),2024
LIMA,LIMA,SURQUILLO,PVM - OPEN PLAZA ANGAMOS,OPERATIVO,08:45 a 16:45,Cruce Angamos N° 1805 con Tomas Marsano,2024
LIMA,LIMA,CHORRILLOS,PVM - PLAZA LIMA SUR,OPERATIVO,08:45 a 16:45,Prolongación Paseo  de la Republica S/N Urb. Matellini (2do nivel del Centro Comercial) ,2024
CALLAO,CALLAO,VENTANILLA,PVM - VENTANILLA,OPERATIVO,08:45 a 16:45,La Playa S/N altura la Urb. Zona Comercial frente a la Plaza Cívica ,2024
CALLAO,CALLAO,BELLAVISTA,PVM MALL AVENTURA PLAZA - CALLAO,OPERATIVO,08:45 a 16:45,Oscar R. Benavides N° 3866 - Centro Comercial Mall Aventura Plaza,2024
LIMA,LIMA,MIRAFLORES,PVM- MIRAFLORES,OPERATIVO,08:45 a 16:45,Diez Canseco N° 230,2024
LIMA,LIMA,INDEPENDENCIA,PVM - INDEPENDENCIA,OPERATIVO,08:45 a 16:45,Los Andes Nº 486 Urb. Industrial Panamericana Norte,2024
LIMA,LIMA,VILLA EL SALVADOR,PVM - VILLA EL SALVADOR ,OPERATIVO,08:45 a 16:45,"Arriba Perú Nº 640 Sector 2, Grupo 7, Mz J, Lt 05 ",2024
LIMA,LIMA,SANTA ANITA,ORA HOSP. JORGE VOTO BERNALES (ESSALUD),OPERATIVO,08:45 a 16:30,"CARRETERA CENTRAL KM. 3,5 - SANTA ANITA",2024
LIMA,LIMA,CERCADO DE LIMA,HOSP. NAC DOC MADRE Y NIÑO  SAN BARTOLOME (MINSA),OPERATIVO,08:45 a 16:30,ALFONSO UGARTE 825 - LIMA,2024
LIMA,LIMA,CHORRILLOS,CMI VIRGEN DEL CARMEN  (MINSA),OPERATIVO,08:45 a 16:30,AV. LEOPOLDO ARIAS 200 FRENTE AL COLISEO MARISCAL CACERES,2024
LIMA,LIMA,PUENTE PIEDRA,CARLOS LANFRANCO LA HOZ (MINSA),OPERATIVO,08:45 a 16:30,AV. SAENZ PEÑA S/N KM 30,2024
LIMA,LIMA,SAN JUAN DE LURIGANCHO,PVM - SAN JUAN DE LURIGANCHO,OPERATIVO,08:45 a 16:45,Las Flores Lote Nz. 6 Urb . Canto Grande ,2024
ANCASH,OCROS,OCROS,AG OCROS,OPERATIVO,08:45 a 16:45,Plaza de Armas S/N (MUNICIPIO),2024
PUNO,PUNO,PUNO,ORA MANUEL NUÑEZ BUTRON,OPERATIVO,08:45 a 16:45,El Sol N° 1022,2024
PUNO,PUNO,PUNO,ORA HOSPITAL BASE III (PUNO) - RED ASISTENCIAL PUNO,OPERATIVO,08:45 a 16:45,Francisco Cáceres Jara Nº 600,2024
PUNO,SAN ROMAN,JULIACA,ORA CARLOS MONGE MEDRANO,OPERATIVO,08:45 a 16:45,Carretera a Huancane Km 2,2024
PUNO,EL COLLAO ,ILAVE ,ORA ILAVE,OPERATIVO,08:45 a 16:45,Atahualpa Nº 825,2024
PUNO,SAN ROMAN,JULIACA,ORA HOSPITAL BASE III JULIACA - ESSALUD - RED ASISTENCIAL JULIACA,OPERATIVO,08:45 a 16:45,José Santos Chocano S/N - La Capilla,2024
PUNO,PUNO,PUNO,OR PUNO,OPERATIVO,08:45 a 16:45,Arequipa N° 1143 - 1145 Barrio Victoria,2024
PUNO,AZANGARO,AZANGARO,PAP AZANGARO,OPERATIVO,08:45 a 16:45,Azangaro N° 160  (Palacio Municipal),2024
PUNO,CARABAYA,MACUSANI,PAP CARABAYA,OPERATIVO,08:45 a 16:45,Raimondi N° 116,2024
PUNO,CHUCUITO,JULI,PAP CHUCUITO,OPERATIVO,08:45 a 16:45,Ilave 235 - Mercado Central Municipio,2024
PUNO,HUANCANE,HUANCANE,PAP HUANCANE,OPERATIVO,08:45 a 16:45,Moquegua N° 104 - Barrio Progreso,2024
PUNO,LAMPA,LAMPA,PAP LAMPA,OPERATIVO,08:45 a 16:45,Alfonso Ugarte N° 343,2024
PUNO,MELGAR,AYAVIRI,PAP MELGAR,OPERATIVO,08:45 a 16:45,Jorge Chavez N°  550,2024
PUNO,SANDIA,SANDIA,PAP SANDIA,OPERATIVO,08:45 a 16:45,Juliaca S/N - Mercado Central Sandia,2024
PUNO,SAN ROMAN,JULIACA,AG SAN ROMAN,OPERATIVO,08:45 a 16:45,Brascesco N° 181 ,2024
PUNO,YUNGUYO,YUNGUYO,PAP YUNGUYO,OPERATIVO,08:45 a 16:45,Grau Nº 240,2024
PUNO,SAN ANTONIO DE PUTINA,PUTINA,PAP PUTINA,OPERATIVO,08:45 a 16:45,Plaza de Armas S/N (Palacio Municipal),2024
PUNO,EL COLLAO,ILAVE,PAP EL COLLAO,OPERATIVO,08:45 a 16:45,Bolognesi S/N - Coliseo Cubierto Ilave Oficina N° 02,2024
PUNO,MOHO,MOHO,PAP MOHO,OPERATIVO,08:45 a 16:45,Circunvalación S/N Terminal Terrestre,2024
PUNO,AZANGARO,AZANGARO,ORA CARLOS CORNEJO ROSELLO,OPERATIVO,08:45 a 16:45,Francisco Bolognesi N° 557,2024
PUNO,CHUCUITO,JULI,ORA JULI,OPERATIVO,08:45 a 16:45,Panamericana S/N,2024
PUNO,HUANCANE,HUANCANE,ORA HOSPITAL LUCIO ALDAZABAL PAUCA,OPERATIVO,08:45 a 16:45,Santa Cruz S/N,2024
PUNO,MELGAR,AYAVIRI,ORA SAN JUAN DE DIOS (AYAVIRI),OPERATIVO,08:45 a 16:45,Progreso S/N,2024
PUNO,SAN ROMÁN,JULIACA,ORA CENTRO DE SALUD CLAS SANTA ADRIANA,OPERATIVO,08:45 a 16:45,Pachacutec S/N,2024
PUNO,SAN ROMÁN,SAN MIGUEL,PAP SAN MIGUEL ,OPERATIVO,08:45 a 16:45,Palacio Municipal S/N,2024
PUNO,CHUCUITO,DESAGUADERO,PAP DESAGUADERO,OPERATIVO,08:45 a 16:45,28 de Julio N° 305 - Desaguadero,2024
ICA,ICA,ICA,ORA REGIONAL DE ICA (MINSA),OPERATIVO,08:45 a 16:30,Huacachina S/N,2024
AYACUCHO,LUCANAS,PUQUIO,AG LUCANAS,OPERATIVO,08:45 a 16:45,San Pedro  Nº 216,2024
AYACUCHO,PARINACOCHAS,CORACORA,AG PARINACOCHAS,OPERATIVO,08:45 a 16:45,Bolognesi N° 419 Plaza de Armas,2024
AYACUCHO,PAUCAR DEL SARA SARA,PAUSA,PANP PAUCAR DEL SARA SARA,OPERATIVO,08:45 a 16:45,Miguel de Cervantes N° 455 (Palacio Municipal),2024
ICA,ICA,PARCONA,PAP PARCONA,OPERATIVO,08:45 a 16:45,Jhon F. Kennedy N° 500 con Calle Lima S/N (Costado del Palacio Municipal),2024
ICA,ICA,ICA,OR ICA,OPERATIVO,08:45 a 16:45,San Martin N° 1366 Mz. M-02 Lt. 035. Urb. San Isidro ,2024
ICA,CHINCHA,CHINCHA ALTA,AG CHINCHA,OPERATIVO,08:45 a 16:45,Los Angeles N° 300,2024
ICA,NASCA,NASCA,AG NASCA,OPERATIVO,08:45 a 16:45,Fermin del Castillo N° 270,2024
ICA,PISCO,PISCO,AG PISCO,OPERATIVO,08:45 a 16:45,San Juan de Dios N° 288,2024
ICA,PALPA,PALPA,AG PALPA,OPERATIVO,08:45 a 16:45,Portal de Escribanos Nº 145,2024
AYACUCHO,LUCANAS,CABANA,PAP CABANA ,DESPLAZAMIENTO,08:45 a 16:45,Jorge Chavez N° 272 ,2024
AYACUCHO,LUCANAS,PUQUIO,ORA FELIPE HUAMAN POMA DE AYALA (MINSA),OPERATIVO,08:45 a 16:30,Arnaldo Alvarado S/N ,2024
AYACUCHO,PARINACOCHAS,CORACORA,ORA HOSPITAL DE APOYO DE CORACORA (MINSA),OPERATIVO,08:45 a 16:30,La Cultura S/N,2024
ICA,ICA,ICA,ORA SANTA MARIA DEL SOCORRO (MINSA),OPERATIVO,08:45 a 16:30,Castrovirreyna N° 759,2024
ICA,PISCO,PISCO,ORA SAN JUAN DE DIOS (MINSA),OPERATIVO,08:45 a 16:30,Fermín Tanguis S/N (Altura del Fundo Alto de la Luna),2024
ICA,CHINCHA,CHINCHA ALTA,ORA SAN JOSE DE CHINCHA (MINSA),OPERATIVO,08:45 a 16:30,Abelardo Alva Maurtua Nº 600,2024
AYACUCHO,LUCANAS,LARAMATE,PANP LARAMATE,DESPLAZAMIENTO,08:45 a 16:45,Ica S/N,2024
ICA,NASCA,NASCA,ORA HOSPITAL DE APOYO DE NASCA (MINSA),OPERATIVO,08:45 a 16:30,Callao S/N - 5ta Cuadra,2024
ICA,ICA,ICA,ORA AUGUSTO HERNANDEZ MENDOZA (ESSALUD),OPERATIVO,08:45 a 16:30,Av. José Matias Manzanilla S/N,2024
ICA,NASCA,MARCONA,PAP MARCONA,OPERATIVO,08:45 a 16:45,Av. Andres Avelino Caceres S/N,2024
UCAYALI,CORONEL PORTILLO,CALLERIA,ORA HOSPITAL REGIONAL DE PUCALLPA (MINSA),OPERATIVO,08:45 a 16:30,Agustin Cauper N° 285,2024
UCAYALI,CORONEL PORTILLO,YARINACOCHA,ORA HOSPITAL AMAZÓNICO - YARINACOCHA (MINSA),OPERATIVO,08:45 a 16:30,Aguaytia N° 605,2024
LORETO,UCAYALI,CONTAMANA,PAP CONTAMANA,OPERATIVO,08:45 a 16:45,Nuevo Loreto Mz.38C  Lt.5B,2024
UCAYALI,PADRE ABAD,IRAZOLA ,AG IRAZOLA ,OPERATIVO,08:45 a 16:45,Jr. Progreso S/N ,2024
UCAYALI,CORONEL PORTILLO,CALLERIA,OR PUCALLPA,OPERATIVO,08:45 a 16:45,"09 de Diciembre N° 378 y Tacna Nº 891 Mz. 07 Lt. Acumulado 1-B, independiente.",2024
UCAYALI,PADRE ABAD,PADRE ABAD,PAP PADRE ABAD,OPERATIVO,08:45 a 16:45,Jr. Grau Nº 214,2024
UCAYALI,ATALAYA,RAIMONDI,PAP ATALAYA,OPERATIVO,08:45 a 16:45,Rioja Nº 659,2024
UCAYALI,PURUS,PURUS,PAP PURUS,OPERATIVO,08:45 a 16:45,Purus S/N,2024
UCAYALI,ATALAYA,TAHUANIA,PAP TAHUANIA,OPERATIVO,08:45 a 16:45,7 de Junio  S/N,2024
UCAYALI,CORONEL PORTILLO,CALLERIA,MAC - UCAYALI,OPERATIVO,08:30 a 16:30,Centenario 1642 (2do piso) Centro Comercial Real Plaza,2024
HUANCAVELICA,HUANCAVELICA,IZCUCHACA,PAP IZCUCHACA,OPERATIVO,08:45 a 16:45,Ferrocarril  S/N ,2024
HUANCAVELICA,ACOBAMBA,PAUCARA,PAP PAUCARA,OPERATIVO,08:45 a 16:45,Plaza Mayor S/N,2024
HUANCAVELICA,HUANCAVELICA,HUANCAVELICA,ORA HOSPITAL REGIONAL ZACARIAS CORREA VALDIVIA (MINSA),OPERATIVO,08:45 a 16:45,Andrés Avelino Cáceres S/N - Barrio Yananaco,2024
HUANCAVELICA,HUANCAVELICA,HUANCAVELICA,ORA HUANDO (MINSA),OPERATIVO,08:45 a 16:45,Cementerio s/n,2024
HUANCAVELICA,HUANCAVELICA,ASCENSIÓN,ORA HOSPITAL II HUANCAVELICA (ESSALUD),OPERATIVO,08:45 a 16:45,Teresa de Jurnet S/N,2024
HUANCAVELICA,HUANCAVELICA,HUANCAVELICA,OR HUANCAVELICA,OPERATIVO,08:45 a 16:45,"Av. San Cristóbal Nº 384, 386 y 388",2024
HUANCAVELICA,ACOBAMBA,ACOBAMBA,OR ACOBAMBA,OPERATIVO,08:45 a 16:45,Dos De Mayo N° 459,2024
HUANCAVELICA,ANGARAES,LIRCAY,OR ANGARAES,OPERATIVO,08:45 a 16:45,Centenario S/N - Barrio de Pueblo Nuevo - Dentro del Centro Civico,2024
HUANCAVELICA,CASTROVIRREYNA,CASTROVIRREYNA,OR CASTROVIRREYNA,OPERATIVO,08:45 a 16:45,Los Libertadores S/N,2024
HUANCAVELICA,TAYACAJA,PAMPAS,OR TAYACAJA,OPERATIVO,08:45 a 16:45,Manco Capac S/N con Jirón Alfonso Ugarte Cordova y Necochea - Coliseo Multiuso,2024
HUANCAVELICA,HUAYTARA,HUAYTARA,OR HUAYTARA,OPERATIVO,08:45 a 16:45,24 de Junio S/N - 2do piso Centro Cívico ,2024
HUANCAVELICA,CHURCAMPA,CHURCAMPA,OR CHURCAMPA,OPERATIVO,08:45 a 16:45,Real N° 255,2024
HUANCAVELICA,TAYACAJA,PAMPAS,ORA HOSPITAL DE PAMPAS (MINSA),OPERATIVO,08:45 a 16:45,Bolívar S/N ,2024
HUANCAVELICA,ANGARAES,LIRCAY,ORA LIRCAY (MINSA),DESPLAZAMIENTO,08:45 a 16:45,Esmeralda S/N,2024
HUANCAVELICA,TAYACAJA,SURCUBAMBA,AG SURCUBAMBA,OPERATIVO,08:45 a 16:45,Alfonso Ugarte S/N,2024
HUANCAVELICA,TAYACAJA,COLCABAMBA,AG COLCABAMBA,OPERATIVO,08:45 a 16:45,Av. Centenario S/N,2024
HUANCAVELICA,HUANCAVELICA,YAULI,ORA YAULI (MINSA),OPERATIVO,08:45 a 16:45,Jorge Chávez S/N,2024
HUANCAVELICA,ACOBAMBA,PAUCARA,ORA PAUCARA (MINSA),OPERATIVO,08:45 a 16:45,Lircay s/n,2024
HUANCAVELICA,CHURCAMPA,CHURCAMPA,ORA CHURCAMPA (MINSA),DESPLAZAMIENTO,08:45 a 16:45,Ricardo Palma N° 535 (Instalaciones del Centro de Salud),2024
PASCO,PASCO,YANACANCHA,ORA DR. DANIEL ALCIDES CARRION GARCIA (MINSA),OPERATIVO,08:45 a 16:45,Los Incas S/N Urb. San Juan,2024
PASCO,OXAPAMPA,PUERTO BERMUDEZ,PAP PUERTO BERMÚDEZ,OPERATIVO,08:45 a 16:45,Remigio Morales Bermúdez S/N,2024
PASCO,PASCO,HUARIACA,PAP HUARIACA,OPERATIVO,08:45 a 16:45,28 de Julio Nº 129,2024
HUANUCO,HUANUCO,HUÁNUCO,ORA HOSPITAL REGIONAL HERMILIO VALDIZAN (MINSA),OPERATIVO,08:45 a 16:45,Hermilio Valdizan Nº 950,2024
PASCO,PASCO,PAUCARTAMBO,PAP PAUCARTAMBO,OPERATIVO,08:45 a 16:45,Plaza 28 de Julio S/N,2024
HUANUCO,HUANUCO,HUÁNUCO,OR HUANUCO,OPERATIVO,08:45 a 16:45,28 de Julio N° 825,2024
HUANUCO,AMBO,AMBO,PAP AMBO,OPERATIVO,08:45 a 16:45,"28 de Julio 697, Centro Cívico",2024
HUANUCO,DOS DE MAYO,LA UNION,PAP DOS DE MAYO,OPERATIVO,08:45 a 16:45,Lourdes N° 221,2024
HUANUCO,HUAMALIES,LLATA,PAP HUAMALIES,OPERATIVO,08:45 a 16:45,Huánuco N° 242,2024
HUANUCO,MARAÑON,HUACRACHUCO,PAP MARAÑON,OPERATIVO,08:45 a 16:45,28 De Julio N° 602 ,2024
HUANUCO,LEONCIO PRADO,RUPA-RUPA,PAP LEONCIO PRADO,OPERATIVO,08:45 a 16:45,Chiclayo N° 585,2024
HUANUCO,PACHITEA,PANAO,PAP PACHITEA,OPERATIVO,08:45 a 16:45,Espinar N° 121,2024
HUANUCO,LAURICOCHA,JESÚS,PAP LAURICOCHA,OPERATIVO,08:45 a 16:45,Cristobal Colon S/N,2024
HUANUCO,YAROWILCA,CHAVINILLO,PAP YAROWILCA,OPERATIVO,08:45 a 16:45,Virgen de Fátima S/N,2024
PASCO,PASCO,CHAUPIMARCA,ORA HOSPITAL II PASCO (ESSALUD),OPERATIVO,08:45 a 16:45,Barrio La Esperanza - Casa de Piedra,2024
HUANUCO,PACHITEA,PANAO,ORA PANAO (MINSA),OPERATIVO,08:45 a 16:45,Grau Nº 193,2024
HUANUCO,LEONCIO PRADO,RUPA-RUPA,ORA HOSPITAL TINGO MARIA (MINSA),OPERATIVO,08:45 a 16:45,Mapresa S/N Luyando,2024
HUANUCO,LEONCIO PRADO,JOSÉ CRESPO Y CASTILLO,ORA AUCAYACU (MINSA),OPERATIVO,08:45 a 16:45,Grau S/N cuadra 4,2024
HUANUCO,HUAMALIES,LLATA,ORA LLATA (MINSA),OPERATIVO,08:45 a 16:45,28 de Julio N° 216,2024
HUANUCO,DOS DE MAYO,LA UNION,ORA LA UNION (MINSA),OPERATIVO,08:45 a 16:45,Dos de Mayo N° 185,2024
HUANUCO,LEONCIO PRADO,JOSÉ CRESPO Y CASTILLO,PAP JOSE CRESPO Y CASTILLO,OPERATIVO,08:45 a 16:45,Maria Parado de Bellido S/N Cuadra 4,2024
HUANUCO,LAURICOCHA,BAÑOS,AG BAÑOS,DESPLAZAMIENTO,08:45 a 16:45,Plaza de Armas S/N,2024
PASCO,PASCO,YANACANCHA,AG PASCO,OPERATIVO,08:45 a 16:45,"Centro Comercial ""Sector Dos de San Juan Pampa Edif. 4 Tienda 3 San Juan-Yanacancha",2024
PASCO,DANIEL ALCIDES CARRION,YANAHUANCA,PAP DANIEL ALCIDES CARRIÓN,OPERATIVO,08:45 a 16:45,Jorge Chavez S/N Plaza Principal,2024
PASCO,OXAPAMPA,OXAPAMPA,PAP OXAPAMPA,OPERATIVO,08:45 a 16:45,Huancabamba S/N Mz. 162 Estadio Municipal Oxapampa,2024
SAN MARTIN,TOCACHE,UCHIZA,AG UCHIZA,OPERATIVO,08:45 a 16:45,Atahualpa N° 920,2024
PASCO,OXAPAMPA,PALCAZÚ,AG PALCAZU,OPERATIVO,08:45 a 16:45,Juan Santos Atahualpa Mz. U Lt. 01,2024
SAN MARTIN,TOCACHE,TOCACHE,PAP TOCACHE,OPERATIVO,08:45 a 16:45,San Juan Cdra 7 S/N Centro Cívico,2024
HUANUCO,HUANUCO,CHINCHAO,ORA ACOMAYO (MINSA),OPERATIVO,08:45 a 16:45,Iguarizo S/N Mz. 6 Lt. 02,2024
SAN MARTIN,TOCACHE,TOCACHE,ORA HOSPITAL DE TOCACHE (MINSA),OPERATIVO,08:45 a 16:45,Ricardo Palma N° 550,2024
HUANUCO,HUANUCO,SANTA MARIA DEL VALLE,ORA SANTA MARIA DEL VALLE (MINSA),DESPLAZAMIENTO,08:45 a 16:45,Libertad  S/N Intersección Carretera Central ,2024
HUANUCO,HUANUCO ,AMARILIS ,ORA CARLOS SHOWING FERRARI (MINSA),OPERATIVO,08:45 a 16:45,Micaela Bastidas S/N Paucarbamba ,2024
PASCO,OXAPAMPA,OXAPAMPA,ORA HOSPITAL ERNESTO GERMAN GUZMAN GONZALES (MINSA),DESPLAZAMIENTO,08:45 a 16:45,Eduardo Loechle S/N - Chontabamba,2024
HUANUCO,HUANUCO,HUANUCO,MAC - HUANUCO,OPERATIVO,08:30 a 16:30,"Independencia N° 1601, Centro Comercial Real Plaza, Primer Piso",2024
HUANUCO,PACHITEA,UMARI,ORA TAMBILLO UMARI (MINSA),DESPLAZAMIENTO,08:45 a 16:45,Huanuco - Panao Km 37,2024
HUANUCO,YAROWILCA,CHAVINILLO,ORA CHAVINILLO (MINSA),OPERATIVO,08:45 a 16:45,San Juan N° 102,2024
PASCO,OXAPAMPA,CONSTITUCIÓN,AG CONSTITUCION,OPERATIVO,08:45 a 16:45,Fernando Belaunde S/N 4ta Etapa del Distrito de Constitución,2024
AMAZONAS,CHACHAPOYAS,CHACHAPOYAS,OR CHACHAPOYAS,OPERATIVO,08:45 a 16:45,Triunfo Nº 903 1° Piso,2024
AMAZONAS,BAGUA,BAGUA,PAP BAGUA,OPERATIVO,08:45 a 16:45,Los Cedros Nº 263,2024
AMAZONAS,BONGARA,JAZAN,AG BONGARA,OPERATIVO,08:45 a 16:45,Marginal  Nº 100 -Pedro Ruíz,2024
AMAZONAS,LUYA ,LUYA ,AG LUYA,OPERATIVO,08:45 a 16:45,Diego Mori Zuta N° 447,2024
AMAZONAS,RODRIGUEZ DE MENDOZA,SAN NICOLÁS,AG RODRIGUEZ DE MENDOZA,OPERATIVO,08:45 a 16:45,Victor Mori N° 204,2024
AMAZONAS,CONDORCANQUI,NIEVA,PAP CONDORCANQUI,OPERATIVO,08:45 a 16:45,Gonzalo puerta S/N,2024
AMAZONAS,UTCUBAMBA,BAGUA GRANDE,PAP UTCUBAMBA,OPERATIVO,08:45 a 16:45,Simón Bolivar N° 545,2024
CAJAMARCA,JAEN,JAEN,OR JAEN,OPERATIVO,08:45 a 16:45,Mariscal Ureta Nº 915,2024
CAJAMARCA,SAN IGNACIO,SAN IGNACIO,PAP SAN IGNACIO,OPERATIVO,08:45 a 16:45,Santo Domingo Nº 169,2024
AMAZONAS,BAGUA,IMAZA,OR IMAZA,OPERATIVO,08:45 a 16:45,Awajun 751 Centro Poblado Chiriaco,2024
AMAZONAS,CHACHAPOYAS,CHACHAPOYAS,ORA HOSPITAL REGIONAL VIRGEN DE FATIMA (MINSA),OPERATIVO,08:45 a 16:45,Daniel Alcides Carrión N° 035,2024
AMAZONAS,BAGUA,BAGUA,ORA HOSPITAL DE APOYO GUSTAVO LANATTA LUJAN (MINSA),OPERATIVO,08:45 a 16:45,Héroes de Cenepa N°980,2024
CAJAMARCA,JAEN,JAEN,ORA HOSPITAL GENERAL DE JAEN (MINSA),OPERATIVO,08:45 a 16:45,Huamantanga s/n,2024
AMAZONAS,BAGUA,IMAZA,ORA CHIRIACO (MINSA),OPERATIVO,08:45 a 16:45,Junin S/N,2024
AMAZONAS,UTCUBAMBA,BAGUA GRANDE,ORA HOSPITAL DE APOYO SANTIAGO APOSTOL DE UTCUBAMBA (MINSA),OPERATIVO,08:45 a 16:45,San Felipe Santiago N°111,2024
CAJAMARCA,SAN IGNACIO,SAN IGNACIO,ORA SAN IGNACIO (MINSA),OPERATIVO,08:45 a 16:45,"Abelardo Quiñones S/N, Sector Santiago",2024
AMAZONAS,BONGARA,FLORIDA,ORA POMACOCHAS (MINSA),OPERATIVO,08:45 a 16:45,Pomacochas S/N ,2024
CAJAMARCA,JAEN,PUCARA,PAP PUCARA,OPERATIVO,08:45 a 16:45,Lindo 548,2024
AMAZONAS,CONDORCANQUI,NIEVA,ORA SANTA MARIA DE NIEVA (MINSA),OPERATIVO,08:45 a 16:45,"Javier Pérez de Cuellar S/N 
Mz. N Lt. 03 Asent.Humano Héctor Peas Tsegkuan",2024
AMAZONAS,UTCUBAMBA,LONYA GRANDE,ORA LONYA GRANDE (MINSA),OPERATIVO,08:45 a 16:45,Alto Amazonas 340,2024
AMAZONAS,CONDORCANQUI,RIO SANTIAGO,ORA GALILEA (MINSA),OPERATIVO,08:45 a 16:45,La Amistad S/N,2024
LAMBAYEQUE,CHICLAYO,CHICLAYO,ORA HOSPITAL REGIONAL DOCENTE LAS MERCEDES (MINSA),OPERATIVO,08:45 a 16:30,Luis Gonzáles  Nº 635,2024
LAMBAYEQUE,CHICLAYO,CHICLAYO,ORA HOSPITAL ALMANZOR AGUINAGA ASENJO (ESSALUD),OPERATIVO,08:45 a 16:30,Plaza de la Seguridad Social S/N,2024
PIURA,SULLANA,SULLANA,ORA HOSPITAL DE APOYO II-SULLANA (MINSA),OPERATIVO,08:45 a 16:30,Santa Rosa S/N,2024
CAJAMARCA,CUTERVO,CUTERVO,PAP CUTERVO,OPERATIVO,08:45 a 16:45,Jr. Comercio N° 1103 Mz. 203 Lt. 14-Urb. Los Jardines ,2024
CAJAMARCA,CHOTA,CHOTA,AG CHOTA,OPERATIVO,08:45 a 16:45,Jr. 30 de Agosto N° 848,2024
CAJAMARCA,SANTA CRUZ,SANTA CRUZ,PAP SANTA CRUZ,OPERATIVO,08:45 a 16:30,Domingo Negrón Nº 399,2024
LAMBAYEQUE,CHICLAYO,JOSE LEONARDO ORTIZ,OR JOSÉ LEONARDO ORTIZ,OPERATIVO,08:45 a 16:45,Cacique Cinto Nº 317 Urb. Latina,2024
PIURA,AYABACA,FRÍAS,OR FRIAS,OPERATIVO,08:45 a 16:45,Lima Nº 235 - 2do piso,2024
LAMBAYEQUE,CHICLAYO,CHICLAYO,OR CHICLAYO,OPERATIVO,08:45 a 16:45,Balta N° 680 y esquina con Av. Elias Aguirre,2024
LAMBAYEQUE,FERREÑAFE,FERREÑAFE,PAP FERREÑAFE,OPERATIVO,08:45 a 16:45,Tres Marías Nº 717 – B,2024
LAMBAYEQUE,LAMBAYEQUE,LAMBAYEQUE,PAP LAMBAYEQUE,OPERATIVO,08:45 a 16:45,Huamachuco N° 342,2024
CAJAMARCA,CUTERVO,CUTERVO,ORA SANTA MARIA DE CUTERVO (MINSA),OPERATIVO,08:45 a 16:30,Ica S/N,2024
CAJAMARCA,CHOTA,CHOTA,ORA HOSPITAL DE APOYO CHOTA - JOSE SOTO CADENILLAS (MINSA),OPERATIVO,08:45 a 16:30,Ezequiel Montoya Nª 718,2024
PIURA,PIURA,PIURA,OR PIURA,OPERATIVO,08:45 a 16:45,Libertad Nº 568,2024
PIURA,AYABACA,AYABACA,PAP AYABACA,OPERATIVO,08:45 a 16:45,Bolognesi N° 181,2024
PIURA,HUANCABAMBA,HUANCABAMBA,PAP HUANCABAMBA,OPERATIVO,08:45 a 16:30,Complejo Terminal Terrestre S/N - Stand 14,2024
PIURA,MORROPON,CHULUCANAS,AG CHULUCANAS,OPERATIVO,08:45 a 16:45,Cuzco N° 202,2024
PIURA,PAITA,PAITA,PAP PAITA,OPERATIVO,08:45 a 16:30,San Martin S/N Plaza de Armas - Municipalidad de Paita,2024
PIURA,SULLANA,SULLANA,OR SULLANA,OPERATIVO,08:45 a 16:45,Leoncio Prado Nº 517 ,2024
PIURA,TALARA,PARIÑAS,AG TALARA,OPERATIVO,08:45 a 16:45,Mártires Petroleros B-3 Conjunto Habitacional - Talara,2024
PIURA,SECHURA,SECHURA,PAP SECHURA,OPERATIVO,08:45 a 16:30,Dos de Mayo Nº 618 - Plaza de Armas - Municipalidad de Sechura,2024
PIURA,PIURA,TAMBO GRANDE,PAP TAMBOGRANDE,OPERATIVO,08:45 a 16:30,Piura 375,2024
PIURA,PIURA,PIURA,MAC - PIURA,OPERATIVO,08:30 a 16:30,Sanchez Cerro con Wiesse Centro Comercial Real Plaza,2024
PIURA,PAITA,PAITA,ORA HOSPITAL LAS MERCEDES-PAITA (MINSA),OPERATIVO,08:45 a 16:30,Zona Industrial Sector II Mz. H Lt. 1 Jr. Los Pescadores S/N ,2024
TUMBES,TUMBES,TUMBES,OR TUMBES,OPERATIVO,08:45 a 16:45,Tumbes Norte  Nº 550,2024
TUMBES,CONTRALMIRANTE VILLAR,ZORRITOS,PANP CONTRALMIRANTE VILLAR - ZORRITOS,DESPLAZAMIENTO,08:45 a 16:45,Grau Nº 305,2024
TUMBES,ZARUMILLA,ZARUMILLA,PAP ZARUMILLA,OPERATIVO,08:45 a 16:30,El Ejérrcito Nº 105 - Interior Biblioteca Municipal,2024
LAMBAYEQUE,LAMBAYEQUE,OLMOS,PANP OLMOS,DESPLAZAMIENTO,08:45 a 16:45,A. B. Leguía/Calle Alfonso Ugarte,2024
PIURA,PIURA,TAMBO GRANDE,ORA TAMBO GRANDE (MINSA),OPERATIVO,08:45 a 16:30,"Froilan Alama,, AA.HH.Froilan Alama",2024
LAMBAYEQUE,LAMBAYEQUE,LAMBAYEQUE,ORA HOSPITAL PROVINCIAL DOCENTE BELEN-LAMBAYEQUE (MINSA),OPERATIVO,08:45 a 16:30,Ramón Castilla Nº 597,2024
TUMBES,TUMBES,TUMBES,ORA HOSPITAL REGIONAL JOSE ALFREDO MENDOZA OLAVARRIA JAMO II-2 (MINSA),OPERATIVO,08:45 a 16:00,24 de Julio Nº 565 ,2024
PIURA,PIURA,CATACAOS,ORA CENTRO DE SALUD MATERNO INFANTIL-CATACAOS (MINSA),OPERATIVO,08:45 a 16:30,Cayetano Heredia 1108 - Catacos,2024
PIURA,PIURA,Veintises de Octubre,ORA HOSPITAL DE LA AMISTAD PERU - COREA SANTA ROSA II-2 (MINSA),OPERATIVO,08:45 a 16:30,Prolongación Av. Grau/Av. Chulucanas ,2024
LAMBAYEQUE,CHICLAYO,CHICLAYO,ORA HOSPITAL REGIONAL LAMBAYEQUE (MINSA),OPERATIVO,08:45 a 16:30,Intersección de Carretera Panamerica Norte y Vía de Evitamiento S/N,2024
PIURA,MORROPON,CHULUCANAS,ORA HOSPITAL DE APOYO CHULUCANAS (MINSA),OPERATIVO,08:45 a 16:30,Daniel alcides carrion S/N Asent .H. vate manrique,2024
LA LIBERTAD,TRUJILLO,TRUJILLO,ORA REGIONAL DOCENTE DE TRUJILLO (MINSA),OPERATIVO,08:45 a 13.00          14:00 a 16:30,Mansiche Nº 795,2024
CAJAMARCA,CAJAMARCA,CAJAMARCA,ORA REGIONAL CAJAMARCA (MINSA),OPERATIVO,08:45 a 16:30,Larry Jhonson S/N Cdra. 8,2024
LA LIBERTAD,TRUJILLO,TRUJILLO,ORA HOSPITAL BELEN DE TRUJILLO (MINSA),OPERATIVO,08:45 a 16:30,Bolívar Nº 350,2024
CAJAMARCA,CAJAMARCA,CAJAMARCA,OR CAJAMARCA,OPERATIVO,08:45 a 16:45,Del Comercio Nº 633,2024
CAJAMARCA,CAJABAMBA,CAJABAMBA,PAP CAJABAMBA,OPERATIVO,08:45 a 16:45,Miguel Grau Nº 224-226-228 Mz. 31 Lt. 2 ,2024
CAJAMARCA,CELENDIN,CELENDÍN,PAP CELENDIN,OPERATIVO,08:45 a 16:45,Pardo N° 610,2024
CAJAMARCA,CONTUMAZA,CONTUMAZÁ,PAP CONTUMAZA,OPERATIVO,08:45 a 13.00          14:00 a 16:30,Miguel Grau Nº 212,2024
CAJAMARCA,HUALGAYOC,BAMBAMARCA,PAP HUALGAYOC,OPERATIVO,08:45 a 16:45,07 de Junio Nº 470,2024
CAJAMARCA,SAN MIGUEL,SAN MIGUEL,PAP SAN MIGUEL,OPERATIVO,08:45 a 13.00          14:00 a 16:45,Bolognesi N° 364,2024
CAJAMARCA,SAN MARCOS,PEDRO GÁLVEZ,PAP SAN MARCOS,OPERATIVO,08:45 a 16:45,Jr. Alfonso Ugarte N° 325 (Mz. 46 Lt. 17 Centro Poblado San Marcos).,2024
CAJAMARCA,SAN PABLO,SAN PABLO,PAP SAN PABLO,OPERATIVO,08:45 a 13.00          14:00 a 16:30,Plaza de Armas S/N,2024
LA LIBERTAD,TRUJILLO,VICTOR LARCO HERRERA,OR TRUJILLO II,OPERATIVO,08:45 a 16:45,Víctor Larco N° 1096. Urb. Vista Alegre,2024
LA LIBERTAD,PATAZ,PARCOY,OR PARCOY,OPERATIVO,08:45 a 13.00          14:00 a 16:30,San Martín N° 859,2024
LA LIBERTAD,TRUJILLO,TRUJILLO,OR TRUJILLO ,OPERATIVO,08:45 a 16:45,Pablo Casals Mz. A Lt. 6 Urb. Los Cedros,2024
LA LIBERTAD,BOLIVAR,BOLÍVAR,PAP BOLIVAR,OPERATIVO,08:45 a 13.00          14:00 a 16:30,Bolivar S/N - Mz. 20 Lt. 8,2024
LA LIBERTAD,SANCHEZ CARRION,HUAMACHUCO,AG SANCHEZ CARRION,OPERATIVO,08:45 a 16:45,Alfonso Ugarte N° 567,2024
LA LIBERTAD,OTUZCO,OTUZCO,AG OTUZCO,OPERATIVO,08:45 a 16:45,Pasaje Elías Armas Castillo Lt. 5-E1 Mz. 28,2024
LA LIBERTAD,PACASMAYO,SAN PEDRO DE LLOC,AG PACASMAYO,OPERATIVO,08:45 a 16:45,Alianza Nº 524,2024
LA LIBERTAD,PATAZ,TAYABAMBA,PAP PATAZ,OPERATIVO,08:45 a 13.00          14:00 a 16:30,Sucre 337 1er Piso Centro Civico,2024
LA LIBERTAD,SANTIAGO DE CHUCO,SANTIAGO DE CHUCO,PAP SANTIAGO DE CHUCO,OPERATIVO,08:45 a 13.00          14:00 a 16:30,Luis de La Puente Uceda  Nº 1120,2024
LA LIBERTAD,ASCOPE,ASCOPE,PAP ASCOPE,OPERATIVO,08:45 a 16:45,"Miguel Grau N° 879, Ascope - 1er Piso",2024
LA LIBERTAD,CHEPEN,CHEPÉN,PAP CHEPEN,OPERATIVO,08:45 a 16:45,Calle Manuel Seoane  N° 136. Chepen,2024
LA LIBERTAD,JULCAN,JULCÁN,PAP JULCAN,OPERATIVO,08:45 a 13.00          14:00 a 16:30,28 de Julio Nº 201 Centro Civico - Julcán,2024
LA LIBERTAD,GRAN CHIMU,CASCAS,PAP GRAN CHIMU,OPERATIVO,08:45 a 13.00          14:00 a 16:30,Progreso S/N Cdra. 3,2024
LA LIBERTAD,VIRU,VIRU,PAP VIRU,OPERATIVO,08:45 a 16:45, Mz. A Lt. N° 08 Urb. Las Palmeras,2024
CAJAMARCA,HUALGAYOC,BAMBAMARCA,ORA BAMBAMARCA - TITO VILLAR CABEZAS (MINSA),OPERATIVO,08:45 a 16:30,El Frutillo. Bambamarca,2024
CAJAMARCA,CELENDIN,CELENDÍN,ORA DE APOYO CELENDIN (MINSA),OPERATIVO,08:45 a 16:30,Túpac Amaru Cdra. 4,2024
CAJAMARCA,CAJABAMBA,CAJABAMBA,ORA HOSPITAL NUESTRA SEÑORA DEL ROSARIO (MINSA),OPERATIVO,08:45 a 16:30,La Torre N° 277,2024
CAJAMARCA,SAN MARCOS,PEDRO GÁLVEZ,ORA SAN MARCOS (MINSA),OPERATIVO,08:45 a 16:30,Av. 28 de Julio S/N Cdra.2,2024
LA LIBERTAD,TRUJILLO,EL PORVENIR,OR EL PORVENIR,OPERATIVO,08:45 a 16:45,Gabriel Aguilar Nº 1657. 2do piso.,2024
LA LIBERTAD,TRUJILLO,ALTO TRUJILLO,OR ALTO TRUJILLO,OPERATIVO,08:45 a 16:45,Barrio 3 Mz T Lt. 2,2024
CAJAMARCA,CAJAMARCA,CAJAMARCA,ORA SIMON BOLIVAR (MINSA),OPERATIVO,08:45 a 16:30,Mario Urteaga N° 500,2024
LA LIBERTAD,PACASMAYO,GUADALUPE,ORA DE APOYO TOMÁS LAFORA (MINSA),OPERATIVO,08:45 a 13.00          14:00 a 16:30,La Victoria S/N,2024
CAJAMARCA,CAJAMARCA,LOS BAÑOS DEL INCA,ORA BAÑOS DEL INCA (MINSA),OPERATIVO,08:45 a 16:30,Pachacútec N° 489,2024
LA LIBERTAD,TRUJILLO,LA ESPERANZA,ORA DISTRITAL JERUSALEN (MINSA),OPERATIVO,08:45 a 13.00          14:00 a 16:30,1 Barrio 3 Mz. 20 Lt. 02 Sector Jerusalén,2024
LA LIBERTAD,PATAZ,CHILLIA,AG CHILLIA,OPERATIVO,08:45 a 13.00          14:00 a 16:30,Miraflores S/N,2024
LA LIBERTAD,SANTIAGO DE CHUCO,SANTIAGO DE CHUCO,ORA DE APOYO CESAR ABRAHAM VALLEJO MENDOZA (MINSA),OPERATIVO,08:45 a 13.00          14:00 a 16:30,Gustavo Pinillo S/N - Barrio San Cristobal,2024
LA LIBERTAD,CHEPEN,CHEPEN,ORA DE APOYO CHEPEN (MINSA),DESPLAZAMIENTO,"08:45 a 13:00
14:00 a 16:30",28 de Julio S/N,2024
LA LIBERTAD,SANCHEZ CARRION,HUAMACHUCO,ORA DE APOYO LEONCIO PRADO (MINSA),OPERATIVO,08:45 a 16:30,10 de Julio N° 209,2024
LA LIBERTAD,OTUZCO,OTUZCO,ORA DE APOYO OTUZCO ELPIDIO BEROVIDES PEREZ (MINSA),OPERATIVO,08:45 a 13.00          14:00 a 16:30,Progreso N° 385,2024
LA LIBERTAD,ASCOPE,PAIJAN,ORA PAIJAN (MINSA),DESPLAZAMIENTO,"08:45 a 13:00
14:00 a 16:30",Vía Panamericana S/N Sector Manco Capac,2024
CAJAMARCA,CAJAMARCA,CAJAMARCA,MAC - CAJAMARCA,OPERATIVO,"08:30 a 13:00
14:00 a 16:30",Via De Evitamiento. Jr. El Mutuy y Av. La Cantuta - Cajamarca - Centro Comercial Real Plaza 2do. Piso,2024
LA LIBERTAD,TRUJILLO,TRUJILLO,MAC - LA LIBERTAD,OPERATIVO,"08:30 a 13:00
14:00 a 16:30","Centro Comercial Real Plaza de Trujillo -Fundo Las Casuarinas, Sub Lote predio A; Intersección , Av. Fátima 1345, Trujillo, La Libertad",2024
LA LIBERTAD,VIRU,VIRU,ORA PROVINCIAL DE VIRÚ (MINSA),OPERATIVO,08:45 a 13.00          14:00 a 16:30,Sucre Nº 799,2024
LA LIBERTAD,TRUJILLO,TRUJILLO,ORA HOSPITAL VÍCTOR LAZARTE ECHEGARAY (ESSALUD),OPERATIVO,08:45 a 13.00          14:00 a 16:30,Prolong. Unión 1375,2024
SAN MARTIN,SAN MARTIN,TARAPOTO,ORA HOSPITAL TARAPOTO (MINSA),OPERATIVO,08:45 a 16:30,Angel Delgado Morey Nº 503,2024
LORETO,DATEM DEL MARAÑON,BARRANCA,PAP DATEM DEL MARAÑON,OPERATIVO,08:45 a 16:45,Tigre Mz. 31 Lt. 08 - San Lorenzo,2024
SAN MARTIN,RIOJA,NUEVA CAJAMARCA,AG NUEVA CAJAMARCA,OPERATIVO,08:45 a 16:45, Fernando Belaunde Terry Altura del Km. 447.50 ,2024
LORETO,ALTO AMAZONAS,YURIMAGUAS,AG ALTO AMAZONAS,OPERATIVO,08:45 a 16:45,Mariscal Castilla N° 411,2024
SAN MARTIN,MOYOBAMBA ,MOYOBAMBA,ORA HOSPITAL MOYOBAMBA (MINSA),OPERATIVO,08:45 a 16:30,Grau cuadra 4,2024
SAN MARTIN,MOYOBAMBA ,MOYOBAMBA,AG MOYOBAMBA,OPERATIVO,08:45 a 16:45,Dos de Mayo Mz. 1530 Lt. 14 (837),2024
SAN MARTIN,HUALLAGA,SAPOSOA,AG HUALLAGA,OPERATIVO,08:45 a 16:45,Lima N° 591,2024
SAN MARTIN,LAMAS,LAMAS,AG LAMAS,OPERATIVO,08:45 a 16:45,San Martín N° 984,2024
SAN MARTIN,MARISCAL CACERES,JUANJUI,AG MARISCAL CACERES,OPERATIVO,08:45 a 16:45,Eduardo Peña Meza N° 772 ,2024
SAN MARTIN,RIOJA,RIOJA,OR RIOJA,OPERATIVO,08:45 a 16:45,Angaiza N° 530,2024
SAN MARTIN,SAN MARTIN ,TARAPOTO,OR TARAPOTO,OPERATIVO,08:45 a 16:45,Jiménez Pimentel N° 280 ,2024
SAN MARTIN,BELLAVISTA,BELLAVISTA,AG BELLAVISTA,OPERATIVO,08:45 a 16:45,Huallaga - Iquitos Mz. 7 Lt. 27 - A.  1er. Piso,2024
SAN MARTIN,PICOTA,PICOTA,AG PICOTA,OPERATIVO,08:45 a 16:45,"Simón Bolívar, cuadra 4",2024
SAN MARTIN,EL DORADO ,SAN JOSE DE SISA,AG EL DORADO,OPERATIVO,08:45 a 16:45,Comercio N° 610,2024
LORETO,DATEM DEL MARAÑON,BARRANCA,ORA SAN LORENZO - NUCLEO BASE (MINSA),OPERATIVO,08:45 a 16:30,Daniel Alcides Carrión S/N - Barrio Huacachina,2024
SAN MARTIN,SAN MARTIN ,LA BANDA DE SHILCAYO,AG LA BANDA DE SHILCAYO,OPERATIVO,08:45 a 16:45,Yurimaguas N° 340,2024
SAN MARTIN,MARISCAL CACERES,JUANJUI,ORA HOSPITAL JUANJUI (MINSA),OPERATIVO,08:45 a 16:30,Arica N° 205,2024
SAN MARTIN,RIOJA,RIOJA,ORA HOSPITAL DE RIOJA (MINSA),OPERATIVO,08:45 a 16:30,Túpac Amaru S/N,2024
LORETO,ALTO AMAZONAS,LAGUNAS,AG LAGUNAS,OPERATIVO,08:45 a 16:45,CALLE FITZCARRALD C-9,2024
SAN MARTIN,SAN MARTIN,MORALES,PANP MORALES,OPERATIVO,08:45 a 16:45,Tarapoto N° 116 Plaza de Armas,2024
LORETO,MAYNAS,PUNCHANA,"ORA HOSPITAL REGIONAL DE LORETO ""FELIPE ARRIOLA IGLESIAS""",OPERATIVO,08:45 a 16:45,28 de Julio S/N,2024
LORETO,MAYNAS,IQUITOS,"ORA HOSPITAL IQUITOS ""CESAR GARAYAR GARCIA""",OPERATIVO,08:45 a 16:45,Cornejo Portugal 1710,2024
LORETO,MAYNAS,BELÉN,OR BELEN,OPERATIVO,08:45 a 16:45,Miraflores S/N P. J. 09 de Octubre,2024
LORETO,MAYNAS,TENIENTE MANUEL CLAVERO,PAP SOPLIN VARGAS,OPERATIVO,08:45 a 16:45,Plaza de Armas S/N  ,2024
LORETO,MAYNAS,IQUITOS,OR IQUITOS,OPERATIVO,08:45 a 16:45,Próspero Nº 201,2024
LORETO,LORETO,NAUTA,PAP NAUTA,OPERATIVO,08:45 a 16:45,Grau Nº 305 Centro,2024
LORETO,REQUENA,REQUENA,PAP REQUENA,OPERATIVO,08:45 a 16:45,San Antonio S/N Anexo Hotel Municipal,2024
LORETO,MARISCAL RAMON CASTILLA,RAMON CASTILLA,PAP MARISCAL RAMON CASTILLA - CABALLOCOCHA,OPERATIVO,08:45 a 16:45,Ayacucho Mz. 22 Lt. 4 C con Amazonas S/N - Local Municipal,2024
LORETO,MAYNAS,SAN JUAN BAUTISTA,OR SAN JUAN BAUTISTA,OPERATIVO,08:45 a 16:45,Abelardo Quiñones Nº 2371 Km. 2.5 ,2024
LORETO,MARISCAL RAMON CASTILLA,YAVARI,PAP YAVARI,OPERATIVO,08:45 a 16:45,Dos de Julio S/N Local Municipal,2024
LORETO,PUTUMAYO,PUTUMAYO,PAP PUTUMAYO,OPERATIVO,08:45 a 16:45,LOCAL MUNICIPAL,2024
LORETO,MAYNAS,PUNCHANA,PAP PUNCHANA,OPERATIVO,08:45 a 16:45,"Calle Cusco S/N, cuadra 5, equina con Trujillo.",2024
LORETO,REQUENA,REQUENA,ORA REQUENA,OPERATIVO,08:45 a 16:45,Mártires del Petroléo S/N - Malecon Grau,2024
LORETO,MARISCAL RAMON CASTILLA,RAMON CASTILLA,ORA CABALLOCOCHA,OPERATIVO,08:45 a 16:45,Progreso N° 425,2024
LORETO,MAYNAS,PUNCHANA,MAC - LORETO,OPERATIVO,08:45 a 16:45,La Marina Nº  1338,2024
ANCASH,SANTA,CHIMBOTE,OR SANTA,OPERATIVO,08:45 a 16:45,Jr. Enrique Palacios Nº 504-506 esquina con Jr. Ladislao Espinar Nº 401,2024
ANCASH,SANTA,CHIMBOTE,CENTRO MAC ANCASH (MegaPlaza Chimbote),OPERATIVO,08:30 a 16:30,"Mz. B Lt. 1-A-1-A2 Sector Parque Gran Chavín, Centro Comercial Megaplaza Chimbote",2024
ANCASH,SANTA,NUEVO CHIMBOTE,AG NUEVO CHIMBOTE,OPERATIVO,08:45 a 16:45,Mz. 74-75 Lt. 1 del Centro Cívico de la Municipalidad Distrital de Nuevo Chimbote,2024
ANCASH,HUARAZ,HUARAZ,AG HUARAZ,OPERATIVO,08:45 a 16:45,"Jr. Agustin Loly N° 756, Mz. 29A Lt. 27, Barrio La Soledad Alta, intersección con Jr. Agustin Mejía",2024
ANCASH,HUAYLAS,CARAZ,AG HUAYLAS,OPERATIVO,08:45 a 16:45,Jr. Raimondi N° 215,2024
ANCASH,HUARI,HUARI,AG HUARI,OPERATIVO,08:45 a 16:45,Jr. Libertad Mz. P2 Lt. 003,2024
ANCASH,POMABAMBA,POMABAMBA,AG POMABAMBA,OPERATIVO,08:45 a 16:45,Jr. Huaraz Nº 369,2024
ANCASH,SIHUAS,SIHUAS,AG SIHUAS,OPERATIVO,08:45 a 16:45,"Jr. Gomes Arias 106, Barrio Pingullo Alto",2024
ANCASH,PALLASCA,PAMPAS,AG PAMPAS,OPERATIVO,08:45 a 16:45,Calle Plaza de Armas S/N - Municipalidad Distrital de Pampas - 1er piso,2024
ANCASH,CASMA,CASMA,PAP CASMA,OPERATIVO,08:45 a 16:45,Sector Hijuela Mz. C Lt. 13 del Centro Cívico de la Municipalidad Provincial de Casma,2024
ANCASH,HUARMEY,HUARMEY,PAP HUARMEY,OPERATIVO,08:45 a 16:45,1er. Pabellón S/N del Centro Cívico de la Municipalidad Provincial de Huarmey,2024
ANCASH,RECUAY,RECUAY,PAP RECUAY,OPERATIVO,08:45 a 16:45,Jr. Plaza de Armas Nº 180 Municipalidad Distrital de Recuay,2024
ANCASH,CARHUAZ,CARHUAZ,PAP CARHUAZ,OPERATIVO,08:45 a 16:45,Av. La Merced Nº 1006,2024
ANCASH,YUNGAY,YUNGAY,PAP YUNGAY,OPERATIVO,08:45 a 16:45,Av.  Arias Grazziani Lt. 1-2 Centro Cívico de la Municipalidad Provincial de Yungay,2024
ANCASH,CARLOS FERMIN FITZCARRALD,SAN LUÍS,PAP CARLOS FERMÍN FITZCARRALD,OPERATIVO,08:45 a 16:45,Av. Ramón Castilla N° 320 - 1er. piso Centro Cívico de la Municipalidad Provincial de C. F. Fitzcarrald,2024
ANCASH,MARISCAL LUZURIAGA,PISCOBAMBA,PAP MARISCAL LUZURIAGA,OPERATIVO,08:45 a 16:45,"Jr. San Pablo S/N, Centro Cívico de la Municipalidad Provincial de Mariscal Luzuriaga",2024
ANCASH,SANTA,CHIMBOTE,ORA HOSPITAL LA CALETA (Chimbote),OPERATIVO,08:45 a 16:30,Av. Malecon Grau S/N,2024
ANCASH,SANTA,CHIMBOTE,ORA HOSPITAL ESSALUD III CHIMBOTE,OPERATIVO,08:45 a 16:30,Av. Circunvalación Nº 119 Urb. Laderas del Norte,2024
ANCASH,SANTA,NUEVO CHIMBOTE,ORA HOSPITAL ELEAZAR GUZMÁN BARRÓN (Nuevo Chimbote),OPERATIVO,08:45 a 16:30,"Av. Brasil S/N, Urb. Santa Cristina (Hospital Regional Eleazar Guzmán Barrón puerta de Emergencia)",2024
ANCASH,HUARAZ,HUARAZ,ORA HOSPITAL VÍCTOR RAMOS GUARDIA (Huaraz),OPERATIVO,08:45 a 16:30,"Av. Mariscal Luzuriaga cdra. 01, cruce con Jr. Pedro Villón cdra. 10",2024
ANCASH,HUAYLAS,CARAZ,ORA HOSPITAL DE APOYO CARAZ,OPERATIVO,08:45 a 16:30,Av. 9 de Octubre S/N,2024
ANCASH,HUARI,HUARI,ORA HOSPITAL DE APOYO HUARI,OPERATIVO,08:45 a 16:30,Av. Circunvalación Baja S/N,2024
ANCASH,CORONGO,CORONGO,PANP CORONGO,DESPLAZAMIENTO,08:45 a 16:45,"Jr. Grau N° 206, primer piso de la Municipalidad Provincial de Corongo",2024
ANCASH,PALLASCA,CABANA,PANP PALLASCA,DESPLAZAMIENTO,08:45 a 16:45,"Av. Plaza de Armas N° 103, primer piso de la Municipalidad Provincial de Pallasca",2024
ANCASH,AIJA,AIJA,PANP AIJA,DESPLAZAMIENTO,08:45 a 16:45,"Jr. Gavino Uribe S/N Plaza de Armas, 1er piso de la Municipalidad Provincial de Aija",2024
ANCASH,BOLOGNESI,CHIQUIAN,PANP BOLOGNESI,DESPLAZAMIENTO,08:45 a 16:45,"Jr. Tacna 320, primer piso del Centro Cívico de la Municipalidad Distrital de Chiquian",2024
ANCASH,YUNGAY,YANAMA,AG YANAMA,DESPLAZAMIENTO,08:45 a 16:45,Jr. Gran Chavín 2da cuadra S/N,2024
ANCASH,MARISCAL LUZURIAGA,LLUMPA,PANP LLUMPA,DESPLAZAMIENTO,08:45 a 16:45,Plaza de Armas S/N,2024
ANCASH,ASUNCION,CHACAS,PANP ASUNCIÓN,DESPLAZAMIENTO,08:45 a 16:45,Coliseo de Chacas S/N,2024
ANCASH,HUARI,CHAVIN DE HUANTAR,PANP CHAVÍN DE HUANTAR,DESPLAZAMIENTO,08:45 a 16:45,"Jr. San Martin S/N, 1er piso del Centro Cívico de la Municipalidad Distrital de Chavin de Huantar",2024
ANCASH,HUARI,SAN MARCOS,PANP SAN MARCOS ,DESPLAZAMIENTO,08:45 a 16:45,"Jr. Progreso 332, Plaza de Armas de San Marcos",2024
ANCASH,HUACAYBAMBA,HUACAYBAMBA,PANP HUACAYBAMBA,DESPLAZAMIENTO,08:45 a 16:45,"Av. El Ejercito S/N Barrio San Pedro, 1er piso Municipalidad Provincial de Huacaybamba",2024
ANCASH,ANTONIO RAIMONDI,LLAMELLIN,PANP ANTONIO RAIMONDI,DESPLAZAMIENTO,08:45 a 16:45,Jr. Simón Bolívar N° 229,2024
ANCASH,HUARI,UCO,PANP UCO,DESPLAZAMIENTO,08:45 a 16:45,"Jr. Nicolas de Piérola S/N Plaza de Armas, 1er piso de la Municipalidad Distrital de Uco",2024
JUNIN,HUANCAYO,EL TAMBO,OR HUANCAYO,OPERATIVO,08:45 a 16:45,MARISCAL CASTILLA Nº 1801,2024
JUNIN,TARMA,TARMA,AG TARMA,OPERATIVO,08:45 a 16:45,AREQUIPA Nº 939,2024
JUNIN,CHANCHAMAYO,LA MERCED,AG CHANCHAMAYO,OPERATIVO,08:45 a 16:45,TARMA Nº 236,2024
JUNIN,SATIPO,PANGOA,PAP PANGOA,OPERATIVO,08:45 a 16:45,07 DE JUNIO Nº 641 PLAZA PRINCIPAL CENTRO CIVICO,2024
JUNIN,SATIPO,MAZAMARI,PAP MAZAMARI,OPERATIVO,08:45 a 16:30,SAN JUAN N° 377,2024
JUNIN,CONCEPCION,CONCEPCIÓN,PAP CONCEPCIÓN,OPERATIVO,08:45 a 16:30,RICARDO PALMA S/N MERCADO MODELO INTERIOR 1 ,2024
JUNIN,JAUJA,JAUJA,PAP JAUJA,OPERATIVO,08:45 a 16:45,SUCRE N° 889,2024
JUNIN,JUNIN,JUNIN,PAP JUNIN,OPERATIVO,08:45 a 16:30,SIMÓN BOLIVAR N° 820,2024
JUNIN,YAULI,SANTA ROSA DE SACCO,PAP YAULI,OPERATIVO,08:45 a 16:30,MIGUEL GRAU N° 309,2024
JUNIN,SATIPO,SATIPO,PAP SATIPO,OPERATIVO,08:45 a 16:45,MICAELA BASTIDAS Y JR. AUGUSTO B. LEGUIA CENTRO CIVICO ,2024
JUNIN,CHUPACA,CHUPACA,PAP CHUPACA,OPERATIVO,08:45 a 16:30,GRAU N° 195 - CENTRO CÍVICO,2024
JUNIN,CHANCHAMAYO,PICHANAQUI,PAP PICHANAQUI,OPERATIVO,08:45 a 16:45,INDEPENDENCIA S/N COLISEO MUNICIPAL,2024
JUNIN,HUANCAYO,HUANCAYO,"ORA REGIONAL DOCENTE MATERNO INFANTIL ""EL CARMEN""",OPERATIVO,08:45 a 16:30,PUNO Nº 911,2024
JUNIN,TARMA,TARMA,ORA DE APOYO FELIX MAYORCA SOTO,OPERATIVO,08:45 a 16:30,PACHECO Nº 362,2024
JUNIN,JAUJA ,JAUJA ,ORA HOSPITAL DOMINGO OLAVEGOYA,OPERATIVO,08:45 a 16:30,SAN MARTÍN Nº 1153 URB. OLAVEGOYA ,2024
JUNIN,SATIPO,SATIPO,ORA DE APOYO MANUEL HIGA ARAKAKI,OPERATIVO,08:45 a 16:30,DANIEL ALCIDES CARRIÓN Nº 398,2024
JUNIN,CHANCHAMAYO ,PICHANAQUI,ORA HOSPITAL DE APOYO PICHANAQUI,OPERATIVO,08:45 a 16:30,SAN MARTÍN S/N PICHANAKI,2024
JUNIN,HUANCAYO,HUANCAYO,ORA LA LIBERTAD,DESPLAZAMIENTO,08:45 a 16:30,LA VITORIA 1001,2024
JUNIN,CHANCHAMAYO,LA MERCED,ORA HOSPITAL REGIONAL DOCENTE DE MEDICINA TROPICAL DR. JULIO DEMARINI CARO,OPERATIVO,08:45 a 16:30,DANIEL A. CARRION S/N AV. PAMPA DEL CARMEN S/N,2024
JUNIN,HUANCAYO,EL TAMBO,ORA HOSPITAL NACIONAL RAMIRO PRIALE,DESPLAZAMIENTO,08:45 a 16:30,INDEPENDENCIA Nº 266,2024
JUNIN,SATIPO,PANGOA,ORA HOSPITAL DE PANGOA,DESPLAZAMIENTO,08:45 a 16:30,LA CULTURA S/N,2024
JUNIN,HUANCAYO,CHILCA,ORA CHILCA,DESPLAZAMIENTO,08:45 a 16:30,HUMBOLT Nº 900,2024
JUNIN,HUANCAYO,HUANCAYO,MAC JUNIN,OPERATIVO,08:30 a 16:30,FERROCARRIL N° 146 - 150 - CENTRO COMERCIAL OPEN PLAZA,2024
AYACUCHO,HUAMANGA,AYACUCHO,"ORA HOSPITAL REGIONAL DE AYACUCHO ""MIGUEL ANGEL MARISCAL LLERENA"" (MINSA)",OPERATIVO,08:45 a 16:30,Av.Daniel Alcides Carrión S/N - 2da cuadra.,2024
AYACUCHO,LA MAR,AYNA,PAP AYNA -SAN FRANCISCO,OPERATIVO,08:45 a 16:45,28 de Julio S/N San Francisco,2024
AYACUCHO,HUAMANGA,AYACUCHO,OR HUAMANGA,OPERATIVO,08:45 a 16:45,"San Martin Nº 473, 475, 477 y 477A",2024
AYACUCHO,CANGALLO,CANGALLO,PAP CANGALLO,OPERATIVO,08:45 a 16:45,Maria Parado de Bellido Nº 205,2024
AYACUCHO,HUANTA,HUANTA,AG HUANTA,OPERATIVO,08:45 a 16:45,Ayacucho N° 305,2024
AYACUCHO,LA MAR,SAN MIGUEL,PAP LA MAR,OPERATIVO,08:45 a 16:45,Maria Parado de Bellido S/N ,2024
AYACUCHO,VICTOR FAJARDO,HUANCAPI,PAP VICTOR FAJARDO,OPERATIVO,08:45 a 16:45,Plaza Principal Nº 127,2024
AYACUCHO,HUANCA SANCOS,SANCOS,PAP HUANCASANCOS,OPERATIVO,08:45 a 16:45,Progreso S/N Consejo Provincial de Huanca Sancos,2024
AYACUCHO,VILCAS HUAMAN,VILCAS HUAMAN,PAP VILCASHUAMAN,OPERATIVO,08:45 a 16:45,Los Incas Nº 222,2024
AYACUCHO,SUCRE,QUEROBAMBA,PAP SUCRE,OPERATIVO,08:45 a 16:45,San Martin S/N  Plaza de Armas Consejo Provincial de Sucre,2024
AYACUCHO,HUANTA,HUANTA,"ORA HOSPITAL DE APOYO HUANTA ""DANIEL ALCIDES CARRION"" (MINSA)",OPERATIVO,08:45 a 16:30,Mariscal Castilla Nº 628,2024
AYACUCHO,LA MAR,SAN MIGUEL,ORA SAN MIGUEL (MINSA),DESPLAZAMIENTO,08:45 a 16:30,Ramon Castilla s/n,2024
AYACUCHO,CANGALLO,CANGALLO,ORA HOSPITAL DE APOYO CANGALLO (MINSA),OPERATIVO,08:45 a 16:30,Santa Rosa N° 110,2024
CUSCO,LA CONVENCION,PICHARI,PAP PICHARI,OPERATIVO,08:45 a 16:45,BRASIL S/N,2024
APURIMAC,CHINCHEROS,CHINCHEROS,PAP CHINCHEROS,OPERATIVO,08:45 a 16:45,COTABAMBAS N° 121,2024
AYACUCHO,LA MAR,SAMUGARI,PAP SAMUGARI -PALMAPAMPA,OPERATIVO,08:45 a 16:45,Los Laureles S/N – Palmapampa Distrital de Samugari,2024
AYACUCHO,LA MAR,TAMBO,ORA TAMBO (MINSA),OPERATIVO,08:45 a 16:30,Lima s/n,2024
AYACUCHO,HUAMANGA,JESUS NAZARENO,ORA HOSPITAL DE APOYO JESUS NAZARENO (MINSA),OPERATIVO,08:45 a 16:30,Ciro Alegría Nº 547,2024
APURIMAC,ANDAHUAYLAS,TALAVERA,OR ANDAHUAYLAS,OPERATIVO,08:45 a 16:45,Amauta N° 311,2024
APURIMAC,CHINCHEROS,ANCCO HUALLO,ORA  CENTRO DE SALUD URIPA  (MINSA),OPERATIVO,08:45 a 16:30, Túpac Amaru S/N – URIPA,2024
APURIMAC,ANDAHUAYLAS,ANDAHUAYLAS,ORA HOSPITAL REGIONAL DOCENTE  HUGO PESCE PESCETTO ANDAHUAYLAS (MINSA),OPERATIVO,08:45 a 16:30,Hugo Pesce Pesceto S/N,2024
AYACUCHO,HUANTA,SIVIA,ORA HOSPITAL DE APOYO DE SIVIA (MINSA),DESPLAZAMIENTO,08:45 a 16:30,Gervacio Santillana S/N,2024
CUSCO,LA CONVENCION,KIMBIRI,ORA CENTRO DE SALUD SAN JUAN DE KIMBIRI (MINSA),DESPLAZAMIENTO,08:45 a 16:30,Aeropuerto S/N,2024
CUSCO,LA CONVENCION,PICHARI,ORA HOSPITAL DE APOYO PICHARI (MINSA),OPERATIVO,08:45 a 16:30,Amazonas s/n,2024
APURIMAC,CHINCHEROS,CHINCHEROS,ORA HOSPITAL DE APOYO CHINCHEROS (MINSA),OPERATIVO,08:45 a 16:30,Fernando Belaunde Terry S/N,2024
AYACUCHO,CANGALLO,LOS MOROCHUCOS,ORA PAMPA CANGALLO (MINSA),OPERATIVO,08:45 a 16:30,María Arguedas S/N,2024
AREQUIPA,AREQUIPA,AREQUIPA,ORA HOSPITAL REGIONAL HONORIO DELGADO ESPINOZA (MINSA),OPERATIVO,08:45 a 16:45,Daniel Alcides Carrión N° 505,2024
TACNA,TACNA,TACNA,ORA TACNA (MINSA),OPERATIVO,08:45 a 16:45,Blondel S/N,2024
AREQUIPA,AREQUIPA,AREQUIPA,OR AREQUIPA,OPERATIVO,08:45 a 16:45,San Juan de Dios N° 122 y Santo Domingo N° 101,2024
AREQUIPA,CAYLLOMA,CHIVAY,PAP CAYLLOMA,OPERATIVO,08:45 a 16:45,Siglo XX S/N,2024
AREQUIPA,CAMANA,CAMANA,AG CAMANA,OPERATIVO,08:45 a 16:45,Mariscal Castilla N° 221,2024
AREQUIPA,CARAVELI,CARAVELÍ,PAP CARAVELI,OPERATIVO,08:45 a 16:45,Bolivar S/N,2024
AREQUIPA,CASTILLA,APLAO,PAP CASTILLA,OPERATIVO,08:45 a 16:45,Progreso S/N,2024
AREQUIPA,CONDESUYOS,CHUQUIBAMBA,PAP CONDESUYOS,OPERATIVO,08:45 a 16:45,Alameda S/N - Los Tres Errantes,2024
AREQUIPA,ISLAY,MOLLENDO,AG ISLAY,OPERATIVO,08:45 a 16:45,Arequipa Nº 261 ,2024
AREQUIPA,LA UNION,COTAHUASI,PAP LA UNION,OPERATIVO,08:45 a 16:45,Centenario N° 202 - Cotahuasi,2024
MOQUEGUA,MARISCAL NIETO,MOQUEGUA,ORA HOSPITAL REGIONAL MOQUEGUA (MINSA),OPERATIVO,08:45 a 16:45,Simón Bolívar N° 505,2024
MOQUEGUA,MARISCAL NIETO,SAN ANTONIO,AG MARISCAL NIETO,OPERATIVO,08:45 a 16:45,Central Mz D-4 Lt. 1,2024
MOQUEGUA,ILO,ILO,AG ILO,OPERATIVO,08:45 a 16:45,Ayacucho N° 529,2024
AREQUIPA,CAYLLOMA,MAJES,AG MAJES,OPERATIVO,08:45 a 16:45,Arequipa S/N - Tienda 06 del Estadio Almirante Miguel Grau - Pedregal,2024
AREQUIPA,AREQUIPA,CAYMA,AG CAYMA,OPERATIVO,08:45 a 16:45,Ramón Castilla S/N - Estadio La Tomilla,2024
TACNA,TACNA,TACNA,AG TACNA,OPERATIVO,08:45 a 16:45,Deustua Nº 173,2024
AREQUIPA,AREQUIPA,AREQUIPA,ORA HOSPITAL III GOYENECHE (MINSA),OPERATIVO,08:45 a 16:45,Goyeche N° 100,2024
AREQUIPA,CAMANA,CAMANA,ORA HOSPITAL DE CAMANA (MINSA),OPERATIVO,08:45 a 16:45,Lima 550,2024
AREQUIPA,AREQUIPA,PAUCARPATA,MAC - AREQUIPA,OPERATIVO,08:30 a 16:30,Porongoche N° 500 Paucarpata - Centro Comercial Mall Aventura ,2024
AREQUIPA,CAYLLOMA,MAJES,ORA HOSPITAL CENTRAL DE MAJES- ANGEL GABRIEL CHURA GALLEGOS (MINSA),OPERATIVO,08:45 a 16:45,Asentamiento B1 lote 1 Irrig. Majes,2024
MOQUEGUA,MARISCAL NIETO,MOQUEGUA,MAC - MOQUEGUA,OPERATIVO,08:30 a 16:30,"Circunvalación 1B Sub lote 1-A, Moquegua",2024
AREQUIPA,AREQUIPA,AREQUIPA,PAP PASEO CENTRAL,OPERATIVO,08:45 a 16:45,Arturo Ibañez S/N,2024
AREQUIPA,AREQUIPA,CERRO COLORADO,C.S. MARITZA CAMPOS DIAZ (MINSA),OPERATIVO,08:45 a 16:45,Yavari S/N,2024
AREQUIPA,AREQUIPA,PAUCARPATA,HOSPITAL EDMUNDO ESCOMEL (ESSALUD),OPERATIVO,08:45 a 16:45,EL Cayro S/N,2024
AREQUIPA,AREQUIPA,AREQUIPA,HOSPITAL CARLOS ALBERTO SEGUIN ESCOBEDO (ESSALUD),DESPLAZAMIENTO,08:45 a 16:45,Peral S/N,2024
AREQUIPA,AREQUIPA,YANAHUARA,ORA HOSPITAL III YANAHUARA (ESSALUD),OPERATIVO,08:45 a 16:45,Zamácola S/N,2024
CUSCO,CUSCO,SANTIAGO,ORA ANTONIO LORENA DEL CUSCO (MINSA),OPERATIVO,08:45 a 16:30,Carlos Ugarte S/N Urb. Primavera Cuartel Agustín Gamarra,2024
CUSCO,CUSCO,WANCHAQ,ORA HOSPITAL NACIONAL ADOLFO GUEVARA VELASCO (ESSALUD),OPERATIVO,08:45 a 16:30,Ancelmo Alvarez S/N,2024
APURIMAC,ABANCAY,ABANCAY,OR ABANCAY,OPERATIVO,08:45 a 16:45,La Victoria Nº 214,2024
APURIMAC,AYMARAES,CHALHUANCA,PANP AYMARAES,DESPLAZAMIENTO,08:45 a 16:30,Plaza de Armas S/N (Gobernatura De Chalhuanca),2024
APURIMAC,ANTABAMBA,ANTABAMBA,PANP ANTABAMBA,DESPLAZAMIENTO,08:45 a 16:30,Plaza de Armas S / N,2024
APURIMAC,COTABAMBAS,TAMBOBAMBA,PAP TAMBOBAMBA,OPERATIVO,08:45 a 16:30,Perú - Plaza de Armas S/N - 3er Piso,2024
APURIMAC,GRAU,CHUQUIBAMBILLA,PANP GRAU,DESPLAZAMIENTO,08:45 a 16:30,Plaza de Armas S / N,2024
CUSCO,CUSCO,CUSCO,OR CUSCO,OPERATIVO,08:45 a 16:45,El Sol N° 272,2024
CUSCO,ACOMAYO,ACOMAYO,PANP ACOMAYO,DESPLAZAMIENTO,08:45 a 16:30,Plaza de Armas S/N,2024
CUSCO,ANTA,ANTA ,PAP ANTA,OPERATIVO,08:45 a 16:30,"Jaquijahuana  S / N, Izcuchaca",2024
CUSCO,CALCA,CALCA,AG CALCA,OPERATIVO,08:45 a 16:45,Plaza de Armas S/N,2024
CUSCO,CANAS,YANAOCA,PAP CANAS,OPERATIVO,08:45 a 16:30,Plaza de Armas S/N,2024
CUSCO,CANCHIS,SICUANI,AG CANCHIS,OPERATIVO,08:45 a 16:45,Túpac Amaru N° 163,2024
CUSCO,CHUMBIVILCAS,SANTO TOMAS,PAP CHUMBIVILCAS,OPERATIVO,08:45 a 16:45,Perú S / N (Ruedo de Toros),2024
CUSCO,ESPINAR,ESPINAR,PAP ESPINAR,OPERATIVO,08:45 a 16:45,Teatro S/N  ,2024
CUSCO,LA CONVENCION,SANTA ANA,AG LA CONVENCION,OPERATIVO,08:45 a 16:45,Grau Nº 238,2024
CUSCO,PARURO,PARURO,PANP PARURO,DESPLAZAMIENTO,08:45 a 16:30,Plaza de Armas S/N,2024
CUSCO,PAUCARTAMBO,PAUCARTAMBO,PAP PAUCARTAMBO - JR9,OPERATIVO,08:45 a 16:30,Enrique Yabar S/N,2024
CUSCO,QUISPICANCHI,URCOS,PAP QUISPICANCHI,OPERATIVO,08:45 a 16:45,Huáscar N° 181,2024
CUSCO,URUBAMBA,URUBAMBA,PAP URUBAMBA,OPERATIVO,08:45 a 16:30,Conchatupa S/N,2024
MADRE DE DIOS,TAHUAMANU,IBERIA,AG IBERIA,OPERATIVO,08:45 a 16:45,Máximo Rodríguez N° 124 Plaza de Armas,2024
APURIMAC,ABANCAY,ABANCAY,ORA HOSPITAL REGIONAL GUILLERMO DIAZ DE LA VEGA (MINSA),OPERATIVO,08:45 a 16:30,Daniel Alcides Carrión S/N,2024
MADRE DE DIOS,TAMBOPATA,TAMBOPATA,OR TAMBOPATA,OPERATIVO,08:45 a 16:45,Lambayeque N° 159,2024
MADRE DE DIOS,MANU,MANU,PANP MANU,DESPLAZAMIENTO,08:45 a 16:30,Esperanza S/N - Local Municipal,2024
CUSCO,ACOMAYO,POMACANCHI,AG POMACANCHI,DESPLAZAMIENTO,08:45 a 16:45,Plaza de Armas S/N,2024
CUSCO,CUSCO,CUSCO,ORA HOSPITAL DE APOYO DEPARTAMENTAL CUSCO (MINSA),OPERATIVO,08:45 a 16:30,La Cultura S/N,2024
CUSCO,CUSCO,SANTIAGO,ORA BELEMPAMPA (MINSA),OPERATIVO,08:45 a 16:30,21 de Mayo S/N,2024
CUSCO,CANCHIS,SICUANI,ORA SICUANI (MINSA),OPERATIVO,08:45 a 16:30,Manuel Callo Zevallos N° 519 - Hospital MINSA Sicuani,2024
MADRE DE DIOS,TAMBOPATA,TAMBOPATA,ORA SANTA ROSA (MINSA),OPERATIVO,08:45 a 16:30,Cajamarca N° 171,2024
CUSCO,LA CONVENCION,SANTA ANA,ORA QUILLABAMBA (MINSA),OPERATIVO,08:45 a 16:30,General Gamarra S/N - Hospital Quillabamba,2024
CUSCO,ESPINAR,ESPINAR,ORA ESPINAR (MINSA),OPERATIVO,08:45 a 16:30,Domingo Huarca Cruz S/N Barrio Túpac Amaru  - Hospital Espinar,2024
MADRE DE DIOS,TAHUAMANU,IBERIA,ORA SAN MARTIN DE PORRES DE IBERIA (MINSA),OPERATIVO,08:45 a 16:30,Mocopata S/N,2024
APURIMAC,COTABAMBAS,TAMBOBAMBA,ORA TAMBOBAMBA (MINSA),OPERATIVO,08:45 a 16:30,Hospital Tambobamba,2024
APURIMAC,COTABAMBAS,HAQUIRA,PAP HAQUIRA,OPERATIVO,08:45 a 16:30,Plaza de armas S/N-Haquira,2024
CUSCO,CHUMBIVILCAS,SANTO TOMAS,ORA SANTO TOMAS (MINSA),OPERATIVO,08:45 a 16:30, Andres Avelino Caceres - Hospital Santo Tomas  ,2024
CUSCO,CHUMBIVILCAS,VELILLE,PANP VELILLE,DESPLAZAMIENTO,08:45 a 16:30,Plaza de Armas - Municipalidad Distrital Velille,2024
CUSCO,CALCA,YANATILE,PANP YANATILE,DESPLAZAMIENTO,08:45 a 16:30,Plaza de Armas - Municipalidad Distrital Yanatile,2024
APURIMAC,ABANCAY,CURAHUASI,PANP CURAHUASI,DESPLAZAMIENTO,08:45 a 16:30,Coliseo Cerrado - Municipalidad de Curahuasi,2024
CUSCO,CUSCO,SANTIAGO,AGENCIA SANTIAGO,OPERATIVO,08:45 a 16:30,Giraldo Ruiz Caro S/N,2024
CUSCO,CUSCO,WANCHAQ,MAC CUSCO,OPERATIVO,08:45 a 16:30,Collasuyo 2964 - Real Plaza Cusco,2024
MADRE DE DIOS,TAMBOPATA,INAMBARI,AG INAMBARI,DESPLAZAMIENTO,08:45 a 16:30,Plaza de Armas - Municipalidad Provincial de Inambari,2024
LIMA,LIMA ,JESÚS MARÍA,ORA HOSPITAL NACIONAL EDGARDO REBAGLIATI MARTINS (ESSALUD),OPERATIVO,08:45 a 16:30,AV. SALAVERRY CDRA. 13 - PUERTA 6,2024
CALLAO,CALLAO,CALLAO,ORA NAC. DANIEL A. CARRIÓN (MINSA),OPERATIVO,08:45 a 16:45,Guardia Chalaca Nº 2176 - Bellavista,2024
LIMA,LIMA,SAN JUAN DE LURIGANCHO,ORA HOSPITAL SAN JUAN DE LURIGANCHO (MINSA),OPERATIVO,08:45 a 16:30,Canto Grande S/N - Altura del paradero 10,2024
LIMA,LIMA,EL AGUSTINO,ORA HOSPITAL NACIONAL HIPOLITO UNANUE (MINSA),OPERATIVO,08:45 a 16:30,Cesar Vallejo Nº 1390 ,2024
LIMA,LIMA,LIMA,ORA INSTITUTO NACIONAL MATERNO PERINATAL (MINSA),OPERATIVO,08:45 a 16:30,Miroquesada Nº 941 - Lima,2024
CALLAO,CALLAO,VENTANILLA,OR VENTANILLA,OPERATIVO,08:45 a 16:45,Pachacutec N° 225 - Sector B - Grupo Residencial B1 - Mz. F1 ,2024
LIMA,LIMA,SANTIAGO DE SURCO,OR SURCO - HIGUERETA,OPERATIVO,08:45 a 16:45,Santiago de Surco Nº 2807 Urb. Residencial Higuereta,2024
LIMA,LIMA,SAN BORJA,OR SAN BORJA,OPERATIVO,08:45 a 16:45,San Luis N° 1673 Urb. Jacaranda II,2024
LIMA,LIMA,COMAS,OR COMAS III,OPERATIVO,08:45 a 16:45,San Felipe Nº 830 Urb. San Felipe,2024
LIMA,LIMA,LIMA,OR QUILCA,OPERATIVO,08:45 a 16:45,Quilca Nº 501 y 525 ,2024
LIMA,LIMA,LIMA,AG ANCASH,OPERATIVO,08:45 a 16:45,Ancash Nº 336-340 y 344 (Frente a la Plazuela San Francisco) - Lima,2024
LIMA,LIMA,VILLA MARÍA DEL TRIUNFO,ORA DANIEL ALCIDES CARRION (MINSA),OPERATIVO,08:45 a 16:30,Pachacutec N° 3470 - Pasando el Terminal Pesquero.,2024
CALLAO,CALLAO,BELLAVISTA,MAC - CALLAO,OPERATIVO,08:30 a 16:30,Oscar R. Benavides N° 3866 - Centro Comercial Mall Aventura Plaza,2024
LIMA,LIMA,LIMA,OR LIMA,OPERATIVO,08:45 a 16:45,Av. Nicolás de Piérola N 545,2024
LIMA,LIMA,ATE,OR ATE,OPERATIVO,08:45 a 16:45,Industrial Nº 438,2024
LIMA,LIMA,COMAS,OR COMAS I,OPERATIVO,08:45 a 16:45,"Tupac Amaru N° 5527 - 5531 - 5535, Urb Huaquillay 2da Etapa",2024
LIMA,LIMA,LURIN,OR LURIN,OPERATIVO,08:45 a 16:45,Simon Bolivar N° 267,2024
LIMA,LIMA,MIRAFLORES,OR MIRAFLORES,OPERATIVO,08:45 a 16:45,Ernesto Diez Canseco N° 230,2024
LIMA,LIMA,PUENTE PIEDRA,OR PUENTE PIEDRA,OPERATIVO,08:45 a 16:45,Ricardo Palma Nº 241,2024
LIMA,LIMA,SAN JUAN DE LURIGANCHO,OR SAN JUAN DE LURIGANCHO,OPERATIVO,08:45 a 16:45,Las Flores Lote 1 Mz. G Urb. Canto Grande Unidad 7,2024
LIMA,LIMA,SAN JUAN DE MIRAFLORES,OR SAN JUAN DE MIRAFLORES,OPERATIVO,08:45 a 16:45,Guillermo Billinghurst  N° 767 – 769 Mz. F Lote 18 Urb. SJM Parcela D,2024
LIMA,LIMA,SAN MARTÍN DE PORRES,OR SAN MARTIN DE PORRES,OPERATIVO,08:45 a 16:45,Eduardo de Habich Nº 590 - 592 con Pedro Paulet N° 589,2024
LIMA,CAJATAMBO,CAJATAMBO,AG CAJATAMBO,OPERATIVO,08:45 a 16:45,Bolognesi S/N - Comisiones de Regantes -Frente plaza de Armas,2024
LIMA,CANTA,CANTA,AG CANTA,OPERATIVO,08:45 a 16:45,Independencia Nº 308 Municipio (Plaza de Armas),2024
LIMA,CAÑETE,SAN VICENTE DE CAÑETE,AG CAÑETE,OPERATIVO,08:45 a 16:45,Los Libertadores Mz. D-3 Lote 4 Urbanización Tercer Mundo,2024
LIMA,HUAURA,HUACHO,AG HUACHO,OPERATIVO,08:45 a 16:45,Grau Nº 295,2024
LIMA,HUAROCHIRI,MATUCANA,AG MATUCANA,OPERATIVO,08:45 a 16:45,Tacna S/N  - Centro Civico,2024
LIMA,YAUYOS,YAUYOS,AG YAUYOS,OPERATIVO,08:45 a 16:45,Plaza Constitución Nº 110,2024
LIMA,HUARAL,HUARAL,AG HUARAL,OPERATIVO,08:45 a 16:45,Calle el Palmo esquina con Calle Huaquilla (DEMUNA HUARAL),2024
LIMA,BARRANCA,BARRANCA,OR BARRANCA,OPERATIVO,08:45 a 16:45,Independencia N° 674 - 676 - 678,2024
LIMA,OYON,OYON,AG OYON,OPERATIVO,08:45 a 16:45,Unión 216,2024
LIMA,LIMA,LURIGANCHO,OR CHOSICA,OPERATIVO,08:45 a 16:45,Chucuito Nº 248 ,2024
LIMA,LIMA,PACHACAMAC,OR PACHACAMAC,OPERATIVO,08:45 a 16:45,Paul Poblet N° 3111 - Dentro del Mercado Jumbo,2024
LIMA,LIMA,JESÚS MARÍA,OR JESUS MARIA,OPERATIVO,08:45 a 16:45,Talara N° 130-132-134 y 136 Jesús Maria,2024
LIMA,LIMA,CIENEGUILLA,OR CIENEGUILLA,OPERATIVO,08:45 a 16:45,"San Martin Lote 15, Zona ""D"" Manzana ""D"" Centro Poblado Tambo Viejo",2024
LIMA,LIMA,SANTA ANITA,OR SANTA ANITA,OPERATIVO,08:45 a 16:45,"Los Eucaliptos Nº 947, Urbanización Universal",2024
LIMA,LIMA,INDEPENDENCIA,OR INDEPENDENCIA,OPERATIVO,08:45 a 16:45,Los Andes Nº 486 Urb. Industrial Panamericana Norte,2024
CALLAO,CALLAO,VENTANILLA,MAC - VENTANILLA,OPERATIVO,08:30 a 16:30,La Playa S/N altura la Urb. Zona Comercial frente a la Plaza Cívica ,2024
LIMA,LIMA,JESÚS MARÍA,AG 06 DE AGOSTO,OPERATIVO,08:45 a 16:45,06 de Agosto N° 856,2024
CALLAO,CALLAO,MI PERÚ,PAP MI PERU,OPERATIVO,08:45 a 16:45,Mz. G7 Lt. 06 Mi Perú  interior de la Sede Municipal.,2024
LIMA,LIMA,SAN MARTÍN DE PORRES,ORA NACIONAL CAYETANO HEREDIA (MINSA),OPERATIVO,08:45 a 16:30,Honorio Delgado N° 262 - Urb. Ingeniería / Obstetricia,2024
LIMA,HUAURA,HUACHO,ORA HOSPITAL GENERAL DE HUACHO (MINSA),OPERATIVO,08:45 a 16:30,Jose Arnaldo Arambulo La Rosa N° 251,2024
CALLAO,CALLAO,CALLAO,OR CALLAO,OPERATIVO,08:45 a 16:45,Dos de Mayo N° 440 - 446,2024
LIMA,LIMA,SAN BORJA,AG ATENCIONES ESPECIALES DE SAN BORJA,OPERATIVO,08:45 a 16:45,Javier Prado N° 2388 -2386 - 2392,2024
LIMA,LIMA,EL AGUSTINO,MAC - LIMA ESTE,OPERATIVO,08:30 a 16:30,Carretera Central 111 Mall Aventura Santa Anita Nivel 2,2024
CALLAO,CALLAO,CARMEN DE LA LEGUA REYNOSO,ORA HOSPITAL SAN JOSE (MINSA),OPERATIVO,08:45 a 16:45,Las Magnolias 475 Carmen de la Legua-Reynoso,2024
CALLAO,CALLAO,VENTANILLA,ORA HOSPITAL DE VENTANILLA (MINSA),OPERATIVO,08:45 a 16:45,Pedro Beltran S/N Ventanilla - Hospital de Ventanilla,2024
LIMA,CAÑETE,SAN LUIS,ORA HOSPITAL REZOLA (MINSA),OPERATIVO,08:45 a 16:30,Distrito de San Luis S/N,2024
LIMA,BARRANCA,BARRANCA,ORA HOSPITAL DE BARRANCA (MINSA),OPERATIVO,08:45 a 16:30,Nicolás de Piérola Nº 210 -224,2024
LIMA,HUARAL,HUARAL,ORA HOSPITAL SAN JUAN BAUTISTA HUARAL (MINSA),OPERATIVO,08:45 a 16:30,Tacna Nº 120 Urb. San Juan I,2024
LIMA,LIMA ,COMAS,ORA HOSPITAL NACIONAL SERGIO E. BERNALES (MINSA),OPERATIVO,08:45 a 16:30,"Túpac Amaru N° 8000, Collique, Comas.",2024
LIMA,LIMA,LIMA,ORA NACIONAL DOS DE MAYO (MINSA),OPERATIVO,08:45 a 16:30,Parque Historia De La Medicina Peruana S/N Altura Cuadra 13 Av Grau,2024
LIMA,LIMA,ATE ,ORA HOSPITAL DE HUAYCAN (MINSA),OPERATIVO,08:45 a 16:30,José C.Mariátegui S/N Zona B - A.H.Huaycán S/N Ate Lima Lima,2024
LIMA,LIMA,SAN JUAN DE MIRAFLORES,MAC - LIMA SUR,OPERATIVO,08:30 a 16:30,Circunvalación 1583- San Juan de Miraflores,2024
LIMA,LIMA,COMAS,MAC - LIMA NORTE,OPERATIVO,08:30 a 16:30,Los Angeles N° 602 2do piso - Cc Mall Plaza ,2024
LIMA,LIMA,JESUS MARIA,PVM - JESUS MARIA ,OPERATIVO,08:45 a 16:45,Talara N° 130,2024
LIMA,LIMA,SANTIAGO DE SURCO,PVM - JOCKEY PLAZA,OPERATIVO,08:45 a 16:45,Javier Prado Este N° 4200 ( Centro Financiero del Centro Comercial),2024
LIMA,LIMA,SURQUILLO,PVM - OPEN PLAZA ANGAMOS,OPERATIVO,08:45 a 16:45,Cruce Angamos N° 1805 con Tomas Marsano,2024
LIMA,LIMA,CHORRILLOS,PVM - PLAZA LIMA SUR,OPERATIVO,08:45 a 16:45,Prolongación Paseo  de la Republica S/N Urb. Matellini (2do nivel del Centro Comercial) ,2024
CALLAO,CALLAO,VENTANILLA,PVM - VENTANILLA,OPERATIVO,08:45 a 16:45,La Playa S/N altura la Urb. Zona Comercial frente a la Plaza Cívica ,2024
CALLAO,CALLAO,BELLAVISTA,PVM MALL AVENTURA PLAZA - CALLAO,OPERATIVO,08:45 a 16:45,Oscar R. Benavides N° 3866 - Centro Comercial Mall Aventura Plaza,2024
LIMA,LIMA,MIRAFLORES,PVM- MIRAFLORES,OPERATIVO,08:45 a 16:45,Diez Canseco N° 230,2024
LIMA,LIMA,INDEPENDENCIA,PVM - INDEPENDENCIA,OPERATIVO,08:45 a 16:45,Los Andes Nº 486 Urb. Industrial Panamericana Norte,2024
LIMA,LIMA,CERCADO DE LIMA,PVM - AGENCIA ANCASH,OPERATIVO,08:45 a 16:45,Jr. Ancash 340 - Cercado de Lima,2024
LIMA,LIMA,SANTA ANITA,ORA HOSP. JORGE VOTO BERNALES (ESSALUD),OPERATIVO,08:45 a 16:30,"CARRETERA CENTRAL KM. 3,5 - SANTA ANITA",2024
LIMA,LIMA,CERCADO DE LIMA,HOSP. NAC DOC MADRE Y NIÑO  SAN BARTOLOME (MINSA),OPERATIVO,08:45 a 16:30,ALFONSO UGARTE 825 - LIMA,2024
LIMA,LIMA,CHORRILLOS,CMI VIRGEN DEL CARMEN  (MINSA),OPERATIVO,08:45 a 16:30,AV. LEOPOLDO ARIAS 200 FRENTE AL COLISEO MARISCAL CACERES,2024
LIMA,LIMA,PUENTE PIEDRA,CARLOS LANFRANCO LA HOZ (MINSA),OPERATIVO,08:45 a 16:30,AV. SAENZ PEÑA S/N KM 30,2024
LIMA,LIMA,SAN JUAN DE LURIGANCHO,PVM - SAN JUAN DE LURIGANCHO,OPERATIVO,08:45 a 16:45,Las Flores Lote Nz. 6 Urb . Canto Grande ,2024
ANCASH,OCROS,OCROS,AG OCROS,OPERATIVO,08:45 a 16:45,Plaza de Armas S/N (MUNICIPIO),2024
LIMA,HUARAL,CHANCAY,AG CHANCAY,OPERATIVO,08:45 a 16:45,Av. 1ro de mayo s/n cdra 03,2024
PUNO,PUNO,PUNO,ORA MANUEL NUÑEZ BUTRON,OPERATIVO,08:45 a 16:45,El Sol N° 1022,2024
PUNO,PUNO,PUNO,ORA HOSPITAL BASE III (PUNO) - RED ASISTENCIAL PUNO,OPERATIVO,08:45 a 16:45,Francisco Cáceres Jara Nº 600,2024
PUNO,SAN ROMAN,JULIACA,ORA CARLOS MONGE MEDRANO,OPERATIVO,08:45 a 16:45,Carretera a Huancane Km 2,2024
PUNO,EL COLLAO ,ILAVE ,ORA ILAVE,OPERATIVO,08:45 a 16:45,Atahualpa Nº 825,2024
PUNO,SAN ROMAN,JULIACA,ORA HOSPITAL BASE III JULIACA - ESSALUD - RED ASISTENCIAL JULIACA,OPERATIVO,08:45 a 16:45,José Santos Chocano S/N - La Capilla,2024
PUNO,PUNO,PUNO,OR PUNO,OPERATIVO,08:45 a 16:45,Arequipa N° 1143 - 1145 Barrio Victoria,2024
PUNO,AZANGARO,AZANGARO,PAP AZANGARO,OPERATIVO,08:45 a 16:45,Azangaro N° 160  (Palacio Municipal),2024
PUNO,CARABAYA,MACUSANI,PAP CARABAYA,OPERATIVO,08:45 a 16:45,Raimondi N° 116,2024
PUNO,CHUCUITO,JULI,PAP CHUCUITO,OPERATIVO,08:45 a 16:45,Ilave 235 - Mercado Central Municipio,2024
PUNO,HUANCANE,HUANCANE,PAP HUANCANE,OPERATIVO,08:45 a 16:45,Moquegua N° 104 - Barrio Progreso,2024
PUNO,LAMPA,LAMPA,PAP LAMPA,OPERATIVO,08:45 a 16:45,Alfonso Ugarte N° 343,2024
PUNO,MELGAR,AYAVIRI,PAP MELGAR,OPERATIVO,08:45 a 16:45,Jorge Chavez N°  550,2024
PUNO,SANDIA,SANDIA,PAP SANDIA,OPERATIVO,08:45 a 16:45,Juliaca S/N - Mercado Central Sandia,2024
PUNO,SAN ROMAN,JULIACA,AG SAN ROMAN,OPERATIVO,08:45 a 16:45,Brascesco N° 181 ,2024
PUNO,YUNGUYO,YUNGUYO,PAP YUNGUYO,OPERATIVO,08:45 a 16:45,Grau Nº 240,2024
PUNO,SAN ANTONIO DE PUTINA,PUTINA,PAP PUTINA,OPERATIVO,08:45 a 16:45,Plaza de Armas S/N (Palacio Municipal),2024
PUNO,EL COLLAO,ILAVE,PAP EL COLLAO,OPERATIVO,08:45 a 16:45,Bolognesi S/N - Coliseo Cubierto Ilave Oficina N° 02,2024
PUNO,MOHO,MOHO,PAP MOHO,OPERATIVO,08:45 a 16:45,Circunvalación S/N Terminal Terrestre,2024
PUNO,AZANGARO,AZANGARO,ORA CARLOS CORNEJO ROSELLO,OPERATIVO,08:45 a 16:45,Francisco Bolognesi N° 557,2024
PUNO,CHUCUITO,JULI,ORA JULI,OPERATIVO,08:45 a 16:45,Panamericana S/N,2024
PUNO,HUANCANE,HUANCANE,ORA HOSPITAL LUCIO ALDAZABAL PAUCA,OPERATIVO,08:45 a 16:45,Santa Cruz S/N,2024
PUNO,MELGAR,AYAVIRI,ORA SAN JUAN DE DIOS (AYAVIRI),OPERATIVO,08:45 a 16:45,Progreso S/N,2024
PUNO,SAN ROMÁN,JULIACA,ORA CENTRO DE SALUD CLAS SANTA ADRIANA,OPERATIVO,08:45 a 16:45,Pachacutec S/N,2024
PUNO,SAN ROMÁN,SAN MIGUEL,PAP SAN MIGUEL - JR11,OPERATIVO,08:45 a 16:45,Palacio Municipal S/N,2024
PUNO,CHUCUITO,DESAGUADERO,PAP DESAGUADERO,OPERATIVO,08:45 a 16:45,28 de Julio N° 305 - Desaguadero,2024
PUNO,SAN ROMAN,JULIACA,MAC PUNO,OPERATIVO,08:45 a 16:45,San Martin lote 07,2024
PUNO,CARABAYA,MACUSANI,PANP CRUCERO,DESPLAZAMIENTO,08:45 a 16:45,Plaza de Armas S/N,2024
ICA,ICA,ICA,ORA REGIONAL DE ICA (MINSA),OPERATIVO,08:45 a 16:30,Huacachina S/N,2024
AYACUCHO,LUCANAS,PUQUIO,AG LUCANAS,OPERATIVO,08:45 a 16:45,San Pedro  Nº 216,2024
AYACUCHO,PARINACOCHAS,CORACORA,AG PARINACOCHAS,OPERATIVO,08:45 a 16:45,Bolognesi N° 419 Plaza de Armas,2024
AYACUCHO,PAUCAR DEL SARA SARA,PAUSA,PANP PAUCAR DEL SARA SARA,OPERATIVO,08:45 a 16:45,Miguel de Cervantes N° 455 (Palacio Municipal),2024
ICA,ICA,PARCONA,PAP PARCONA,OPERATIVO,08:45 a 16:45,Jhon F. Kennedy N° 500 con Calle Lima S/N (Costado del Palacio Municipal),2024
ICA,ICA,ICA,OR ICA,OPERATIVO,08:45 a 16:45,San Martin N° 1366 Mz. M-02 Lt. 035. Urb. San Isidro ,2024
ICA,CHINCHA,CHINCHA ALTA,AG CHINCHA,OPERATIVO,08:45 a 16:45,Los Angeles N° 300,2024
ICA,NASCA,NASCA,AG NASCA,OPERATIVO,08:45 a 16:45,Fermin del Castillo N° 270,2024
ICA,PISCO,PISCO,AG PISCO,OPERATIVO,08:45 a 16:45,San Juan de Dios N° 288,2024
ICA,PALPA,PALPA,AG PALPA,OPERATIVO,08:45 a 16:45,Portal de Escribanos Nº 145,2024
AYACUCHO,LUCANAS,CABANA,PAP CABANA ,DESPLAZAMIENTO,08:45 a 16:45,Jorge Chavez N° 272 ,2024
AYACUCHO,LUCANAS,PUQUIO,ORA FELIPE HUAMAN POMA DE AYALA (MINSA),OPERATIVO,08:45 a 16:30,Arnaldo Alvarado S/N ,2024
AYACUCHO,PARINACOCHAS,CORACORA,ORA HOSPITAL DE APOYO DE CORACORA (MINSA),OPERATIVO,08:45 a 16:30,La Cultura S/N,2024
ICA,ICA,ICA,ORA SANTA MARIA DEL SOCORRO (MINSA),OPERATIVO,08:45 a 16:30,Castrovirreyna N° 759,2024
ICA,PISCO,PISCO,ORA SAN JUAN DE DIOS (MINSA),OPERATIVO,08:45 a 16:30,Fermín Tanguis S/N (Altura del Fundo Alto de la Luna),2024
ICA,CHINCHA,CHINCHA ALTA,ORA SAN JOSE DE CHINCHA (MINSA),OPERATIVO,08:45 a 16:30,Abelardo Alva Maurtua Nº 600,2024
AYACUCHO,LUCANAS,LARAMATE,PANP LARAMATE,DESPLAZAMIENTO,08:45 a 16:45,Ica S/N,2024
ICA,NASCA,NASCA,ORA HOSPITAL DE APOYO DE NASCA (MINSA),OPERATIVO,08:45 a 16:30,Callao S/N - 5ta Cuadra,2024
ICA,ICA,ICA,ORA AUGUSTO HERNANDEZ MENDOZA (ESSALUD),OPERATIVO,08:45 a 16:30,Av. José Matias Manzanilla S/N,2024
ICA,NASCA,MARCONA,PAP MARCONA,OPERATIVO,08:45 a 16:45,Av. Andres Avelino Caceres S/N,2024
UCAYALI,CORONEL PORTILLO,CALLERIA,ORA HOSPITAL REGIONAL DE PUCALLPA (MINSA),OPERATIVO,08:45 a 16:30,Agustin Cauper N° 285,2024
HUANUCO,PUERTO INCA,PUERTO INCA,PAP PUERTO INCA,OPERATIVO,08:45 a 16:45,Vulcano S/N,2024
UCAYALI,CORONEL PORTILLO,YARINACOCHA,ORA HOSPITAL AMAZÓNICO - YARINACOCHA (MINSA),OPERATIVO,08:45 a 16:30,Aguaytia N° 605,2024
LORETO,UCAYALI,CONTAMANA,PAP CONTAMANA,OPERATIVO,08:45 a 16:45,Nuevo Loreto Mz.38C  Lt.5B,2024
UCAYALI,PADRE ABAD,IRAZOLA ,AG IRAZOLA ,OPERATIVO,08:45 a 16:45,Jr. Progreso S/N ,2024
UCAYALI,CORONEL PORTILLO,CALLERIA,OR PUCALLPA,OPERATIVO,08:45 a 16:45,"09 de Diciembre N° 378 y Tacna Nº 891 Mz. 07 Lt. Acumulado 1-B, independiente.",2024
UCAYALI,PADRE ABAD,PADRE ABAD,PAP PADRE ABAD,OPERATIVO,08:45 a 16:45,Jr. Grau Nº 214,2024
UCAYALI,ATALAYA,RAIMONDI,PAP ATALAYA,OPERATIVO,08:45 a 16:45,Rioja Nº 659,2024
UCAYALI,PURUS,PURUS,PAP PURUS,OPERATIVO,08:45 a 16:45,Purus S/N,2024
UCAYALI,ATALAYA,TAHUANIA,PAP TAHUANIA,OPERATIVO,08:45 a 16:45,7 de Junio  S/N,2024
UCAYALI,CORONEL PORTILLO,CALLERIA,MAC - UCAYALI,OPERATIVO,08:30 a 16:30,Centenario 1642 (2do piso) Centro Comercial Real Plaza,2024
HUANCAVELICA,HUANCAVELICA,IZCUCHACA,PAP IZCUCHACA,OPERATIVO,08:45 a 16:45,Ferrocarril  S/N ,2024
HUANCAVELICA,ACOBAMBA,PAUCARA,PAP PAUCARA,OPERATIVO,08:45 a 16:45,Plaza Mayor S/N,2024
HUANCAVELICA,HUANCAVELICA,HUANCAVELICA,ORA HOSPITAL REGIONAL ZACARIAS CORREA VALDIVIA (MINSA),OPERATIVO,08:45 a 16:45,Andrés Avelino Cáceres S/N - Barrio Yananaco,2024
HUANCAVELICA,HUANCAVELICA,HUANCAVELICA,ORA HUANDO (MINSA),OPERATIVO,08:45 a 16:45,Cementerio s/n,2024
HUANCAVELICA,HUANCAVELICA,ASCENSIÓN,ORA HOSPITAL II HUANCAVELICA (ESSALUD),OPERATIVO,08:45 a 16:45,Teresa de Jurnet S/N,2024
HUANCAVELICA,HUANCAVELICA,HUANCAVELICA,OR HUANCAVELICA,OPERATIVO,08:45 a 16:45,"Av. San Cristóbal Nº 384, 386 y 388",2024
HUANCAVELICA,ACOBAMBA,ACOBAMBA,OR ACOBAMBA,OPERATIVO,08:45 a 16:45,Dos De Mayo N° 459,2024
HUANCAVELICA,ANGARAES,LIRCAY,OR ANGARAES,OPERATIVO,08:45 a 16:45,Centenario S/N - Barrio de Pueblo Nuevo - Dentro del Centro Civico,2024
HUANCAVELICA,CASTROVIRREYNA,CASTROVIRREYNA,OR CASTROVIRREYNA,OPERATIVO,08:45 a 16:45,Los Libertadores S/N,2024
HUANCAVELICA,TAYACAJA,PAMPAS,OR TAYACAJA,OPERATIVO,08:45 a 16:45,Manco Capac S/N con Jirón Alfonso Ugarte Cordova y Necochea - Coliseo Multiuso,2024
HUANCAVELICA,HUAYTARA,HUAYTARA,OR HUAYTARA,OPERATIVO,08:45 a 16:45,24 de Junio S/N - 2do piso Centro Cívico ,2024
HUANCAVELICA,CHURCAMPA,CHURCAMPA,OR CHURCAMPA,OPERATIVO,08:45 a 16:45,Real N° 255,2024
HUANCAVELICA,TAYACAJA,PAMPAS,ORA HOSPITAL DE PAMPAS (MINSA),OPERATIVO,08:45 a 16:45,Bolívar S/N ,2024
HUANCAVELICA,ANGARAES,LIRCAY,ORA LIRCAY (MINSA),DESPLAZAMIENTO,08:45 a 16:45,Esmeralda S/N,2024
HUANCAVELICA,TAYACAJA,SURCUBAMBA,AG SURCUBAMBA,OPERATIVO,08:45 a 16:45,Alfonso Ugarte S/N,2024
HUANCAVELICA,TAYACAJA,COLCABAMBA,AG COLCABAMBA,OPERATIVO,08:45 a 16:45,Av. Centenario S/N,2024
HUANCAVELICA,HUANCAVELICA,YAULI,ORA YAULI (MINSA),OPERATIVO,08:45 a 16:45,Jorge Chávez S/N,2024
HUANCAVELICA,ACOBAMBA,PAUCARA,ORA PAUCARA (MINSA),OPERATIVO,08:45 a 16:45,Lircay s/n,2024
HUANCAVELICA,CHURCAMPA,CHURCAMPA,ORA CHURCAMPA (MINSA),DESPLAZAMIENTO,08:45 a 16:45,Ricardo Palma N° 535 (Instalaciones del Centro de Salud),2024
PASCO,PASCO,YANACANCHA,ORA DR. DANIEL ALCIDES CARRION GARCIA (MINSA),OPERATIVO,08:45 a 16:45,Los Incas S/N Urb. San Juan,2024
PASCO,OXAPAMPA,PUERTO BERMUDEZ,PAP PUERTO BERMÚDEZ,OPERATIVO,08:45 a 16:45,Remigio Morales Bermúdez S/N,2024
PASCO,PASCO,HUARIACA,PAP HUARIACA,OPERATIVO,08:45 a 16:45,28 de Julio Nº 129,2024
HUANUCO,HUANUCO,HUÁNUCO,ORA HOSPITAL REGIONAL HERMILIO VALDIZAN (MINSA),OPERATIVO,08:45 a 16:45,Hermilio Valdizan Nº 950,2024
PASCO,PASCO,PAUCARTAMBO,PAP PAUCARTAMBO,OPERATIVO,08:45 a 16:45,Plaza 28 de Julio S/N,2024
HUANUCO,HUANUCO,HUÁNUCO,OR HUANUCO,OPERATIVO,08:45 a 16:45,28 de Julio N° 825,2024
HUANUCO,AMBO,AMBO,PAP AMBO,OPERATIVO,08:45 a 16:45,"28 de Julio 697, Centro Cívico",2024
HUANUCO,DOS DE MAYO,LA UNION,PAP DOS DE MAYO,OPERATIVO,08:45 a 16:45,Lourdes N° 221,2024
HUANUCO,HUAMALIES,LLATA,PAP HUAMALIES,OPERATIVO,08:45 a 16:45,Huánuco N° 242,2024
HUANUCO,MARAÑON,HUACRACHUCO,PAP MARAÑON,OPERATIVO,08:45 a 16:45,28 De Julio N° 602 ,2024
HUANUCO,LEONCIO PRADO,RUPA-RUPA,PAP LEONCIO PRADO,OPERATIVO,08:45 a 16:45,Chiclayo N° 585,2024
HUANUCO,PACHITEA,PANAO,PAP PACHITEA,OPERATIVO,08:45 a 16:45,Espinar N° 121,2024
HUANUCO,LAURICOCHA,JESÚS,PAP LAURICOCHA,OPERATIVO,08:45 a 16:45,Cristobal Colon S/N,2024
HUANUCO,YAROWILCA,CHAVINILLO,PAP YAROWILCA,OPERATIVO,08:45 a 16:45,Virgen de Fátima S/N,2024
PASCO,PASCO,CHAUPIMARCA,ORA HOSPITAL II PASCO (ESSALUD),OPERATIVO,08:45 a 16:45,Barrio La Esperanza - Casa de Piedra,2024
HUANUCO,PACHITEA,PANAO,ORA PANAO (MINSA),OPERATIVO,08:45 a 16:45,Grau Nº 193,2024
HUANUCO,LEONCIO PRADO,RUPA-RUPA,ORA HOSPITAL TINGO MARIA (MINSA),OPERATIVO,08:45 a 16:45,Mapresa S/N Luyando,2024
HUANUCO,LEONCIO PRADO,JOSÉ CRESPO Y CASTILLO,ORA AUCAYACU (MINSA),OPERATIVO,08:45 a 16:45,Grau S/N cuadra 4,2024
HUANUCO,HUAMALIES,LLATA,ORA LLATA (MINSA),OPERATIVO,08:45 a 16:45,28 de Julio N° 216,2024
HUANUCO,DOS DE MAYO,LA UNION,ORA LA UNION (MINSA),OPERATIVO,08:45 a 16:45,Dos de Mayo N° 185,2024
HUANUCO,LEONCIO PRADO,JOSÉ CRESPO Y CASTILLO,PAP JOSE CRESPO Y CASTILLO,OPERATIVO,08:45 a 16:45,Maria Parado de Bellido S/N Cuadra 4,2024
HUANUCO,LAURICOCHA,BAÑOS,AG BAÑOS,DESPLAZAMIENTO,08:45 a 16:45,Plaza de Armas S/N,2024
PASCO,PASCO,YANACANCHA,AG PASCO,OPERATIVO,08:45 a 16:45,"Centro Comercial ""Sector Dos de San Juan Pampa Edif. 4 Tienda 3 San Juan-Yanacancha",2024
PASCO,DANIEL ALCIDES CARRION,YANAHUANCA,PAP DANIEL ALCIDES CARRIÓN,OPERATIVO,08:45 a 16:45,Jorge Chavez S/N Plaza Principal,2024
PASCO,OXAPAMPA,OXAPAMPA,PAP OXAPAMPA,OPERATIVO,08:45 a 16:45,Huancabamba S/N Mz. 162 Estadio Municipal Oxapampa,2024
SAN MARTIN,TOCACHE,UCHIZA,AG UCHIZA,OPERATIVO,08:45 a 16:45,Atahualpa N° 920,2024
PASCO,OXAPAMPA,PALCAZÚ,AG PALCAZU,OPERATIVO,08:45 a 16:45,Juan Santos Atahualpa Mz. U Lt. 01,2024
SAN MARTIN,TOCACHE,TOCACHE,PAP TOCACHE,OPERATIVO,08:45 a 16:45,San Juan Cdra 7 S/N Centro Cívico,2024
HUANUCO,HUANUCO,CHINCHAO,ORA ACOMAYO (MINSA),OPERATIVO,08:45 a 16:45,Iguarizo S/N Mz. 6 Lt. 02,2024
SAN MARTIN,TOCACHE,TOCACHE,ORA HOSPITAL DE TOCACHE (MINSA),OPERATIVO,08:45 a 16:45,Ricardo Palma N° 550,2024
HUANUCO,HUANUCO,SANTA MARIA DEL VALLE,ORA SANTA MARIA DEL VALLE (MINSA),DESPLAZAMIENTO,08:45 a 16:45,Libertad  S/N Intersección Carretera Central ,2024
HUANUCO,HUANUCO ,AMARILIS ,ORA CARLOS SHOWING FERRARI (MINSA),OPERATIVO,08:45 a 16:45,Micaela Bastidas S/N Paucarbamba ,2024
PASCO,OXAPAMPA,OXAPAMPA,ORA HOSPITAL ERNESTO GERMAN GUZMAN GONZALES (MINSA),DESPLAZAMIENTO,08:45 a 16:45,Eduardo Loechle S/N - Chontabamba,2024
HUANUCO,HUANUCO,HUANUCO,MAC - HUANUCO,OPERATIVO,08:30 a 16:30,"Independencia N° 1601, Centro Comercial Real Plaza, Primer Piso",2024
HUANUCO,PACHITEA,UMARI,ORA TAMBILLO UMARI (MINSA),DESPLAZAMIENTO,08:45 a 16:45,Huanuco - Panao Km 37,2024
HUANUCO,YAROWILCA,CHAVINILLO,ORA CHAVINILLO (MINSA),OPERATIVO,08:45 a 16:45,San Juan N° 102,2024
PASCO,OXAPAMPA,CONSTITUCIÓN,AG CONSTITUCION,OPERATIVO,08:45 a 16:45,Fernando Belaunde S/N 4ta Etapa del Distrito de Constitución,2024
AMAZONAS,CHACHAPOYAS,CHACHAPOYAS,OR CHACHAPOYAS,OPERATIVO,08:45 a 16:45,Triunfo Nº 903 1° Piso,2024
AMAZONAS,BAGUA,BAGUA,PAP BAGUA,OPERATIVO,08:45 a 16:45,Los Cedros Nº 263,2024
AMAZONAS,BONGARA,JAZAN,AG BONGARA,OPERATIVO,08:45 a 16:45,Marginal  Nº 100 -Pedro Ruíz,2024
AMAZONAS,LUYA ,LUYA ,AG LUYA,DESPLAZAMIENTO,08:45 a 16:45,Diego Mori Zuta N° 447,2024
AMAZONAS,RODRIGUEZ DE MENDOZA,SAN NICOLÁS,AG RODRIGUEZ DE MENDOZA,DESPLAZAMIENTO,08:45 a 16:45,Victor Mori N° 204,2024
AMAZONAS,CONDORCANQUI,NIEVA,PAP CONDORCANQUI,DESPLAZAMIENTO,08:45 a 16:45,Gonzalo puerta S/N,2024
AMAZONAS,UTCUBAMBA,BAGUA GRANDE,PAP UTCUBAMBA,OPERATIVO,08:45 a 16:45,Simón Bolivar N° 545,2024
CAJAMARCA,JAEN,JAEN,OR JAEN,OPERATIVO,08:45 a 16:45,Mariscal Ureta Nº 915,2024
CAJAMARCA,SAN IGNACIO,SAN IGNACIO,PAP SAN IGNACIO,OPERATIVO,08:45 a 16:45,Santo Domingo Nº 169,2024
AMAZONAS,BAGUA,IMAZA,OR IMAZA,OPERATIVO,08:45 a 16:45,Awajun 751 Centro Poblado Chiriaco,2024
AMAZONAS,CHACHAPOYAS,CHACHAPOYAS,ORA HOSPITAL REGIONAL VIRGEN DE FATIMA (MINSA),OPERATIVO,08:45 a 16:45,Daniel Alcides Carrión N° 035,2024
AMAZONAS,BAGUA,BAGUA,ORA HOSPITAL DE APOYO GUSTAVO LANATTA LUJAN (MINSA),OPERATIVO,08:45 a 16:45,Héroes de Cenepa N°980,2024
CAJAMARCA,JAEN,JAEN,ORA HOSPITAL GENERAL DE JAEN (MINSA),OPERATIVO,08:45 a 16:45,Huamantanga s/n,2024
AMAZONAS,BAGUA,IMAZA,ORA CHIRIACO (MINSA),OPERATIVO,08:45 a 16:45,Junin S/N,2024
AMAZONAS,UTCUBAMBA,BAGUA GRANDE,ORA HOSPITAL DE APOYO SANTIAGO APOSTOL DE UTCUBAMBA (MINSA),OPERATIVO,08:45 a 16:45,San Felipe Santiago N°111,2024
CAJAMARCA,SAN IGNACIO,SAN IGNACIO,ORA SAN IGNACIO (MINSA),OPERATIVO,08:45 a 16:45,"Abelardo Quiñones S/N, Sector Santiago",2024
AMAZONAS,BONGARA,FLORIDA,ORA POMACOCHAS (MINSA),OPERATIVO,08:45 a 16:45,Pomacochas S/N ,2024
CAJAMARCA,JAEN,PUCARA,PAP PUCARA,DESPLAZAMIENTO,08:45 a 16:45,Lindo 548,2024
AMAZONAS,CONDORCANQUI,NIEVA,ORA SANTA MARIA DE NIEVA (MINSA),OPERATIVO,08:45 a 16:45,"Javier Pérez de Cuellar S/N 
Mz. N Lt. 03 Asent.Humano Héctor Peas Tsegkuan",2024
AMAZONAS,UTCUBAMBA,LONYA GRANDE,ORA LONYA GRANDE (MINSA),OPERATIVO,08:45 a 16:45,Alto Amazonas 340,2024
AMAZONAS,CONDORCANQUI,RIO SANTIAGO,ORA GALILEA (MINSA),OPERATIVO,08:45 a 16:45,La Amistad S/N,2024
AMAZONAS,CONDORCANQUI,EL CENEPA,ORA HUAMPAMI (MINSA),DESPLAZAMIENTO,08:45 a 16:45,Bikut S/N,2024
LAMBAYEQUE,CHICLAYO,CHICLAYO,ORA HOSPITAL REGIONAL DOCENTE LAS MERCEDES (MINSA),OPERATIVO,08:45 a 16:30,Avenida Luis Gonzáles  Nº 635,2024
LAMBAYEQUE,CHICLAYO,CHICLAYO,ORA HOSPITAL ALMANZOR AGUINAGA ASENJO (ESSALUD),OPERATIVO,08:45 a 16:30,Plaza Plaza de la Seguridad Social S/N,2024
PIURA,SULLANA,SULLANA,ORA HOSPITAL DE APOYO II-SULLANA (MINSA),OPERATIVO,08:45 a 16:30,Avenida Santa Rosa S/N,2024
CAJAMARCA,CUTERVO,CUTERVO,PAP CUTERVO,OPERATIVO,08:45 a 16:45,Jirón Comercio N° 1103 Mz. 203 Lt. 14-Urb. Los Jardines ,2024
CAJAMARCA,CHOTA,CHOTA,AG CHOTA,OPERATIVO,08:45 a 16:45,Jirón 30 de Agosto N° 848,2024
CAJAMARCA,SANTA CRUZ,SANTA CRUZ,PAP SANTA CRUZ,OPERATIVO,08:45 a 16:45,Jirón Domingo Negrón Nº 399,2024
LAMBAYEQUE,CHICLAYO,JOSE LEONARDO ORTIZ,OR JOSÉ LEONARDO ORTIZ,OPERATIVO,08:45 a 16:45,Calle Cacique Cinto Nº 317 Urb. Latina,2024
PIURA,AYABACA,FRÍAS,OR FRIAS,OPERATIVO,08:45 a 16:45,Calle Lima Nº 235 - 2do piso,2024
LAMBAYEQUE,CHICLAYO,CHICLAYO,OR CHICLAYO,OPERATIVO,08:45 a 16:45,Avenida Balta N° 680 y esquina con Av. Elias Aguirre,2024
LAMBAYEQUE,FERREÑAFE,FERREÑAFE,PAP FERREÑAFE,OPERATIVO,08:45 a 16:45,Calle Tres Marías Nº 717 – B,2024
LAMBAYEQUE,LAMBAYEQUE,LAMBAYEQUE,PAP LAMBAYEQUE,OPERATIVO,08:45 a 16:45,Avenida Huamachuco N° 342,2024
CAJAMARCA,CUTERVO,CUTERVO,ORA SANTA MARIA DE CUTERVO (MINSA),OPERATIVO,08:45 a 16:30,Jirón Ica S/N,2024
CAJAMARCA,CHOTA,CHOTA,ORA HOSPITAL DE APOYO CHOTA - JOSE SOTO CADENILLAS (MINSA),OPERATIVO,08:45 a 16:30,Jirón Ezequiel Montoya Nª 718,2024
PIURA,PIURA,PIURA,OR PIURA,OPERATIVO,08:45 a 16:45,Calle Libertad Nº 568,2024
PIURA,AYABACA,AYABACA,PAP AYABACA,OPERATIVO,08:45 a 16:45,Calle Bolognesi N° 181,2024
PIURA,HUANCABAMBA,HUANCABAMBA,PAP HUANCABAMBA,OPERATIVO,08:45 a 16:45, Complejo Terminal Terrestre S/N - Stand 14,2024
PIURA,MORROPON,CHULUCANAS,AG CHULUCANAS,OPERATIVO,08:45 a 16:45,Jirón Cuzco N° 202,2024
PIURA,PAITA,PAITA,PAP PAITA,OPERATIVO,08:45 a 16:45,Jirón San Martin S/N Plaza de Armas - Municipalidad de Paita,2024
PIURA,SULLANA,SULLANA,OR SULLANA,OPERATIVO,08:45 a 16:45,Calle Leoncio Prado Nº 517 ,2024
PIURA,TALARA,PARIÑAS,AG TALARA,OPERATIVO,08:45 a 16:45,Avenida Mártires Petroleros B-3 Conjunto Habitacional - Talara,2024
PIURA,SECHURA,SECHURA,PAP SECHURA,OPERATIVO,08:45 a 16:45,Calle Dos de Mayo Nº 618 - Plaza de Armas - Municipalidad de Sechura,2024
PIURA,PIURA,TAMBO GRANDE,PAP TAMBOGRANDE,OPERATIVO,08:45 a 16:45,Jirón Piura 375,2024
PIURA,PIURA,PIURA,MAC - PIURA,OPERATIVO,08:30 a 16:30,Avenida Sanchez Cerro con Wiesse Centro Comercial Real Plaza,2024
PIURA,PAITA,PAITA,ORA HOSPITAL LAS MERCEDES-PAITA (MINSA),OPERATIVO,08:45 a 16:30, Zona Industrial Sector II Mz. H Lt. 1 Jr. Los Pescadores S/N ,2024
TUMBES,TUMBES,TUMBES,OR TUMBES,OPERATIVO,08:45 a 16:45,Avenida Tumbes Norte  Nº 550,2024
TUMBES,CONTRALMIRANTE VILLAR,ZORRITOS,PANP CONTRALMIRANTE VILLAR - ZORRITOS,DESPLAZAMIENTO,08:45 a 16:45,Avenida Grau Nº 305,2024
TUMBES,ZARUMILLA,ZARUMILLA,PAP ZARUMILLA,OPERATIVO,08:45 a 16:45,Avenida El Ejérrcito Nº 105 - Interior Biblioteca Municipal,2024
LAMBAYEQUE,LAMBAYEQUE,OLMOS,PANP OLMOS,DESPLAZAMIENTO,08:45 a 16:45,Avenida A. B. Leguía/Calle Alfonso Ugarte,2024
PIURA,PIURA,TAMBO GRANDE,ORA TAMBO GRANDE (MINSA),OPERATIVO,08:45 a 16:30,"Avenida Froilan Alama,, AA.HH.Froilan Alama",2024
LAMBAYEQUE,LAMBAYEQUE,LAMBAYEQUE,ORA HOSPITAL PROVINCIAL DOCENTE BELEN-LAMBAYEQUE (MINSA),OPERATIVO,08:45 a 16:30,Avenida Ramón Castilla Nº 597,2024
TUMBES,TUMBES,TUMBES,ORA HOSPITAL REGIONAL JOSE ALFREDO MENDOZA OLAVARRIA JAMO II-2 (MINSA),OPERATIVO,08:45 a 16:30,Avenida 24 de Julio Nº 565 ,2024
PIURA,PIURA,CATACAOS,ORA CENTRO DE SALUD MATERNO INFANTIL-CATACAOS (MINSA),OPERATIVO,08:45 a 16:30,Avenida Cayetano Heredia 1108 - Catacos,2024
PIURA,PIURA,Veintises de Octubre,ORA HOSPITAL DE LA AMISTAD PERU - COREA SANTA ROSA II-2 (MINSA),OPERATIVO,08:45 a 16:30,Avenida Prolongación Av. Grau/Av. Chulucanas ,2024
LAMBAYEQUE,CHICLAYO,CHICLAYO,ORA HOSPITAL REGIONAL LAMBAYEQUE (MINSA),OPERATIVO,08:45 a 16:30,Avenida Intersección de Carretera Panamerica Norte y Vía de Evitamiento S/N,2024
PIURA,MORROPON,CHULUCANAS,ORA HOSPITAL DE APOYO CHULUCANAS (MINSA),OPERATIVO,08:45 a 16:30,Calle Daniel alcides carrion S/N Asent .H. vate manrique,2024
LAMBAYEQUE,CHICLAYO,CHICLAYO,PVM - OR CHICLAYO,OPERATIVO,08:45 a 16:45,Avenida Balta N° 680 y esquina con Av. Elias Aguirre,2024
PIURA,PIURA,PIURA,PVM - OR PIURA,OPERATIVO,08:45 a 16:45,Calle Libertad Nº 568,2024
LA LIBERTAD,TRUJILLO,TRUJILLO,ORA REGIONAL DOCENTE DE TRUJILLO (MINSA),OPERATIVO,08:45 a 16:30,Avenida Mansiche Nº 795,2024
CAJAMARCA,CAJAMARCA,CAJAMARCA,ORA REGIONAL CAJAMARCA (MINSA),OPERATIVO,08:45 a 16:30,Jirón Larry Jhonson S/N Cdra. 8,2024
LA LIBERTAD,TRUJILLO,TRUJILLO,ORA HOSPITAL BELEN DE TRUJILLO (MINSA),OPERATIVO,08:45 a 16:30,Calle Bolívar Nº 350,2024
CAJAMARCA,CAJAMARCA,CAJAMARCA,OR CAJAMARCA,OPERATIVO,08:45 a 16:45,Jirón Del Comercio Nº 633,2024
CAJAMARCA,CAJABAMBA,CAJABAMBA,PAP CAJABAMBA,OPERATIVO,08:45 a 16:45,Jirón Miguel Grau Nº 224-226-228 Mz. 31 Lt. 2 ,2024
CAJAMARCA,CELENDIN,CELENDÍN,PAP CELENDIN,OPERATIVO,08:45 a 16:45,Jirón Pardo N° 610,2024
CAJAMARCA,CONTUMAZA,CONTUMAZÁ,PAP CONTUMAZA,OPERATIVO,08:45 a 16:45,Jirón Miguel Grau Nº 212,2024
CAJAMARCA,HUALGAYOC,BAMBAMARCA,PAP HUALGAYOC,OPERATIVO,08:45 a 16:45,Jirón 07 de Junio Nº 470,2024
CAJAMARCA,SAN MIGUEL,SAN MIGUEL,PAP SAN MIGUEL,OPERATIVO,08:45 a 16:45,Jirón Bolognesi N° 364,2024
CAJAMARCA,SAN MARCOS,PEDRO GÁLVEZ,PAP SAN MARCOS,OPERATIVO,08:45 a 16:45,Jirón Alfonso Ugarte N° 325 (Mz. 46 Lt. 17 Centro Poblado San Marcos).,2024
CAJAMARCA,SAN PABLO,SAN PABLO,PAP SAN PABLO,OPERATIVO,08:45 a 16:45,Jirón Plaza de Armas S/N,2024
LA LIBERTAD,TRUJILLO,VICTOR LARCO HERRERA,OR TRUJILLO II,OPERATIVO,08:45 a 16:45,Avenida Víctor Larco N° 1096. Urb. Vista Alegre,2024
LA LIBERTAD,PATAZ,PARCOY,OR PARCOY,OPERATIVO,08:45 a 16:45,Jirón San Martín N° 859,2024
LA LIBERTAD,TRUJILLO,TRUJILLO,OR TRUJILLO ,OPERATIVO,08:45 a 16:45,Avenida Pablo Casals Mz. A Lt. 6 Urb. Los Cedros,2024
LA LIBERTAD,BOLIVAR,BOLÍVAR,PAP BOLIVAR,OPERATIVO,08:45 a 16:45,Jirón Bolivar S/N - Mz. 20 Lt. 8,2024
LA LIBERTAD,SANCHEZ CARRION,HUAMACHUCO,AG SANCHEZ CARRION,OPERATIVO,08:45 a 16:45,Jirón Alfonso Ugarte N° 567,2024
LA LIBERTAD,OTUZCO,OTUZCO,AG OTUZCO,OPERATIVO,08:45 a 16:45,Pasaje Elías Armas Castillo Lt. 5-E1 Mz. 28,2024
LA LIBERTAD,PACASMAYO,SAN PEDRO DE LLOC,AG PACASMAYO,OPERATIVO,08:45 a 16:45,Jirón Alianza Nº 524,2024
LA LIBERTAD,PATAZ,TAYABAMBA,PAP PATAZ,OPERATIVO,08:45 a 16:45,Jirón Sucre 337 1er Piso Centro Civico,2024
LA LIBERTAD,SANTIAGO DE CHUCO,SANTIAGO DE CHUCO,PAP SANTIAGO DE CHUCO,OPERATIVO,08:45 a 16:45,Calle Luis de La Puente Uceda  Nº 1120,2024
LA LIBERTAD,ASCOPE,ASCOPE,PAP ASCOPE,OPERATIVO,08:45 a 16:45,"Calle Miguel Grau N° 879, Ascope - 1er Piso",2024
LA LIBERTAD,CHEPEN,CHEPÉN,PAP CHEPEN,OPERATIVO,08:45 a 16:45,Calle Manuel Seoane  N° 136. Chepen,2024
LA LIBERTAD,JULCAN,JULCÁN,PAP JULCAN,OPERATIVO,08:45 a 16:45,Avenida 28 de Julio Nº 201 Centro Civico - Julcán,2024
LA LIBERTAD,GRAN CHIMU,CASCAS,PAP GRAN CHIMU,OPERATIVO,08:45 a 16:45,Calle Progreso S/N Cdra. 3,2024
LA LIBERTAD,VIRU,VIRU,PAP VIRU,OPERATIVO,08:45 a 16:45,  Mz. A Lt. N° 08 Urb. Las Palmeras,2024
CAJAMARCA,HUALGAYOC,BAMBAMARCA,ORA BAMBAMARCA - TITO VILLAR CABEZAS (MINSA),OPERATIVO,08:45 a 16:30,Caserío El Frutillo. Bambamarca,2024
CAJAMARCA,CELENDIN,CELENDÍN,ORA DE APOYO CELENDIN (MINSA),OPERATIVO,08:45 a 16:30,Avenida Túpac Amaru Cdra. 4,2024
CAJAMARCA,CAJABAMBA,CAJABAMBA,ORA HOSPITAL NUESTRA SEÑORA DEL ROSARIO (MINSA),OPERATIVO,08:45 a 16:30,Jirón La Torre N° 277,2024
CAJAMARCA,SAN MARCOS,PEDRO GÁLVEZ,ORA SAN MARCOS (MINSA),OPERATIVO,08:45 a 16:30,Avenida 28 de Julio S/N Cdra.2,2024
LA LIBERTAD,TRUJILLO,EL PORVENIR,OR EL PORVENIR,OPERATIVO,08:45 a 16:45,Jirón Gabriel Aguilar Nº 1657. 2do piso.,2024
LA LIBERTAD,TRUJILLO,ALTO TRUJILLO,OR ALTO TRUJILLO,OPERATIVO,08:45 a 16:45, Barrio 3 Mz T Lt. 2,2024
CAJAMARCA,CAJAMARCA,CAJAMARCA,ORA SIMON BOLIVAR (MINSA),OPERATIVO,08:45 a 16:30,Avenida Mario Urteaga N° 500,2024
LA LIBERTAD,PACASMAYO,GUADALUPE,ORA DE APOYO TOMÁS LAFORA (MINSA),OPERATIVO,08:45 a 16:30,Calle La Victoria S/N,2024
CAJAMARCA,CAJAMARCA,LOS BAÑOS DEL INCA,ORA BAÑOS DEL INCA (MINSA),OPERATIVO,08:45 a 16:30,Jirón Pachacútec N° 489,2024
LA LIBERTAD,TRUJILLO,LA ESPERANZA,ORA DISTRITAL JERUSALEN (MINSA),OPERATIVO,08:45 a 16:30,Pasaje 1 Barrio 3 Mz. 20 Lt. 02 Sector Jerusalén,2024
LA LIBERTAD,PATAZ,CHILLIA,AG CHILLIA,OPERATIVO,08:45 a 16:45,Jirón Miraflores S/N,2024
LA LIBERTAD,SANTIAGO DE CHUCO,SANTIAGO DE CHUCO,ORA DE APOYO CESAR ABRAHAM VALLEJO MENDOZA (MINSA),OPERATIVO,08:45 a 16:30,Calle Gustavo Pinillo S/N - Barrio San Cristobal,2024
LA LIBERTAD,CHEPEN,CHEPEN,ORA DE APOYO CHEPEN (MINSA),DESPLAZAMIENTO,08:45 a 16:30,Avenida 28 de Julio S/N,2024
LA LIBERTAD,SANCHEZ CARRION,HUAMACHUCO,ORA DE APOYO LEONCIO PRADO (MINSA),OPERATIVO,08:45 a 16:30,Avenida 10 de Julio N° 209,2024
LA LIBERTAD,OTUZCO,OTUZCO,ORA DE APOYO OTUZCO ELPIDIO BEROVIDES PEREZ (MINSA),OPERATIVO,08:45 a 16:30,Calle Progreso N° 385,2024
LA LIBERTAD,ASCOPE,PAIJAN,ORA PAIJAN (MINSA),DESPLAZAMIENTO,08:45 a 16:30,Carretera Vía Panamericana S/N Sector Manco Capac,2024
CAJAMARCA,CAJAMARCA,CAJAMARCA,MAC - CAJAMARCA,OPERATIVO,08:30 a 16:30,Avenida Via De Evitamiento. Jr. El Mutuy y Av. La Cantuta - Cajamarca - Centro Comercial Real Plaza 2do. Piso,2024
LA LIBERTAD,TRUJILLO,TRUJILLO,MAC - LA LIBERTAD,OPERATIVO,08:30 a 16:30,"Avenida Centro Comercial Real Plaza de Trujillo -Fundo Las Casuarinas, Sub Lote predio A; Intersección , Av. Fátima 1345, Trujillo, La Libertad",2024
LA LIBERTAD,VIRU,VIRU,ORA PROVINCIAL DE VIRÚ (MINSA),OPERATIVO,08:45 a 16:30,Calle Sucre Nº 799,2024
LA LIBERTAD,TRUJILLO,TRUJILLO,ORA HOSPITAL VÍCTOR LAZARTE ECHEGARAY (ESSALUD),OPERATIVO,08:45 a 16:30,Avenida Prolongación Unión 1375,2024
SAN MARTIN,SAN MARTIN,TARAPOTO,ORA HOSPITAL TARAPOTO (MINSA),OPERATIVO,08:45 a 16:30,Jirón Angel Delgado Morey Nº 503,2024
LORETO,DATEM DEL MARAÑON,BARRANCA,PAP DATEM DEL MARAÑON,OPERATIVO,08:45 a 16:45,Calle Tigre Mz. 31 Lt. 08 - San Lorenzo,2024
SAN MARTIN,RIOJA,NUEVA CAJAMARCA,AG NUEVA CAJAMARCA,OPERATIVO,08:45 a 16:45,Carretera Fernando Belaunde Terry Altura del Km. 447.50 ,2024
LORETO,ALTO AMAZONAS,YURIMAGUAS,AG ALTO AMAZONAS,OPERATIVO,08:45 a 16:45,Calle Mariscal Castilla N° 411,2024
SAN MARTIN,MOYOBAMBA ,MOYOBAMBA,ORA HOSPITAL MOYOBAMBA (MINSA),OPERATIVO,08:45 a 16:30,Jirón Grau cuadra 4,2024
SAN MARTIN,MOYOBAMBA ,MOYOBAMBA,AG MOYOBAMBA,OPERATIVO,08:45 a 16:45,Jirón Dos de Mayo Mz. 1530 Lt. 14 (837),2024
SAN MARTIN,HUALLAGA,SAPOSOA,AG HUALLAGA,OPERATIVO,08:45 a 16:45,Jirón Lima N° 591,2024
SAN MARTIN,LAMAS,LAMAS,AG LAMAS,OPERATIVO,08:45 a 16:45,Jirón San Martín N° 984,2024
SAN MARTIN,MARISCAL CACERES,JUANJUI,AG MARISCAL CACERES,OPERATIVO,08:45 a 16:45,Jirón Eduardo Peña Meza N° 772 ,2024
SAN MARTIN,RIOJA,RIOJA,OR RIOJA,OPERATIVO,08:45 a 16:45,Jirón Angaiza N° 530,2024
SAN MARTIN,SAN MARTIN ,TARAPOTO,OR TARAPOTO,OPERATIVO,08:45 a 16:45,Jirón Jiménez Pimentel N° 280 ,2024
SAN MARTIN,BELLAVISTA,BELLAVISTA,AG BELLAVISTA,OPERATIVO,08:45 a 16:45,Jirón Huallaga - Iquitos Mz. 7 Lt. 27 - A.  1er. Piso,2024
SAN MARTIN,PICOTA,PICOTA,AG PICOTA,OPERATIVO,08:45 a 16:45,"Jirón Simón Bolívar, cuadra 4",2024
SAN MARTIN,EL DORADO ,SAN JOSE DE SISA,AG EL DORADO,OPERATIVO,08:45 a 16:45,Jirón Comercio N° 610,2024
LORETO,DATEM DEL MARAÑON,BARRANCA,ORA SAN LORENZO - NUCLEO BASE (MINSA),OPERATIVO,08:45 a 16:30,Barrio Daniel Alcides Carrión S/N - Barrio Huacachina,2024
SAN MARTIN,SAN MARTIN ,LA BANDA DE SHILCAYO,AG LA BANDA DE SHILCAYO,OPERATIVO,08:45 a 16:45,Jirón Yurimaguas N° 340,2024
SAN MARTIN,MARISCAL CACERES,JUANJUI,ORA HOSPITAL JUANJUI (MINSA),OPERATIVO,08:45 a 16:30,Jirón Arica N° 205,2024
SAN MARTIN,RIOJA,RIOJA,ORA HOSPITAL DE RIOJA (MINSA),OPERATIVO,08:45 a 16:30,Jirón Túpac Amaru S/N,2024
LORETO,ALTO AMAZONAS,LAGUNAS,AG LAGUNAS,OPERATIVO,08:45 a 16:45,Jirón FITZCARRALD C-9,2024
SAN MARTIN,SAN MARTIN,MORALES,PANP MORALES,OPERATIVO,08:45 a 16:45,Jirón Tarapoto N° 116 Plaza de Armas,2024
LORETO,MAYNAS,PUNCHANA,"ORA HOSPITAL REGIONAL DE LORETO ""FELIPE ARRIOLA IGLESIAS""",OPERATIVO,08:45 a 16:30,Avenida 28 de Julio S/N,2024
LORETO,MAYNAS,IQUITOS,"ORA HOSPITAL IQUITOS ""CESAR GARAYAR GARCIA""",OPERATIVO,08:45 a 16:30,Calle Cornejo Portugal 1710,2024
LORETO,MAYNAS,BELÉN,OR BELEN,OPERATIVO,08:45 a 16:45,Calle Miraflores S/N P. J. 09 de Octubre,2024
LORETO,MAYNAS,TENIENTE MANUEL CLAVERO,PAP SOPLIN VARGAS,OPERATIVO,08:45 a 16:45,Avenida Plaza de Armas S/N  ,2024
LORETO,MAYNAS,IQUITOS,OR IQUITOS,OPERATIVO,08:45 a 16:45,Jirón Próspero Nº 201,2024
LORETO,LORETO,NAUTA,PAP NAUTA,OPERATIVO,08:45 a 16:45,Avenida Grau Nº 305 Centro,2024
LORETO,REQUENA,REQUENA,PAP REQUENA,OPERATIVO,08:45 a 16:45,Calle San Antonio S/N Anexo Hotel Municipal,2024
LORETO,MARISCAL RAMON CASTILLA,RAMON CASTILLA,PAP MARISCAL RAMON CASTILLA - CABALLOCOCHA,OPERATIVO,08:45 a 16:45,Calle Ayacucho Mz. 22 Lt. 4 C con Amazonas S/N - Local Municipal,2024
LORETO,MAYNAS,SAN JUAN BAUTISTA,OR SAN JUAN BAUTISTA,OPERATIVO,08:45 a 16:45,Avenida Abelardo Quiñones Nº 2371 Km. 2.5 ,2024
LORETO,MARISCAL RAMON CASTILLA,YAVARI,PAP YAVARI,OPERATIVO,08:45 a 16:45,Pasaje Dos de Julio S/N Local Municipal,2024
LORETO,PUTUMAYO,PUTUMAYO,PAP PUTUMAYO,OPERATIVO,08:45 a 16:45,Calle LOCAL MUNICIPAL,2024
LORETO,MAYNAS,PUNCHANA,PAP PUNCHANA,OPERATIVO,08:45 a 16:45,"Calle Cusco S/N, cuadra 5, equina con Trujillo.",2024
LORETO,REQUENA,REQUENA,ORA REQUENA,OPERATIVO,08:45 a 16:30,Calle Mártires del Petroléo S/N - Malecon Grau,2024
LORETO,MARISCAL RAMON CASTILLA,RAMON CASTILLA,ORA CABALLOCOCHA,OPERATIVO,08:45 a 16:30,Calle Progreso N° 425,2024
LORETO,MAYNAS,PUNCHANA,MAC - LORETO,OPERATIVO,08:30 a 16:30,Avenida La Marina Nº  1338,2024
ANCASH,SANTA,CHIMBOTE,OR SANTA,OPERATIVO,08:45 a 16:45,Jirón Enrique Palacios Nº 504-506 esquina con Jr. Ladislao Espinar Nº 401,2024
ANCASH,SANTA,CHIMBOTE,CENTRO MAC ANCASH (MegaPlaza Chimbote),OPERATIVO,08:30 a 16:30," Mz. B Lt. 1-A-1-A2 Sector Parque Gran Chavín, Centro Comercial Megaplaza Chimbote",2024
ANCASH,SANTA,NUEVO CHIMBOTE,AG NUEVO CHIMBOTE,OPERATIVO,08:45 a 16:45, Mz. 74-75 Lt. 1 del Centro Cívico de la Municipalidad Distrital de Nuevo Chimbote,2024
ANCASH,HUARAZ,HUARAZ,AG HUARAZ,OPERATIVO,08:45 a 16:45,"Jirón Agustin Loly N° 756, Mz. 29A Lt. 27, Barrio La Soledad Alta, intersección con Jr. Agustin Mejía",2024
ANCASH,HUAYLAS,CARAZ,AG HUAYLAS,OPERATIVO,08:45 a 16:45,Jirón Raimondi N° 215,2024
ANCASH,HUARI,HUARI,AG HUARI,OPERATIVO,08:45 a 16:45,Jirón Libertad Mz. P2 Lt. 003,2024
ANCASH,POMABAMBA,POMABAMBA,AG POMABAMBA,OPERATIVO,08:45 a 16:45,Jirón Huaraz Nº 369,2024
ANCASH,SIHUAS,SIHUAS,AG SIHUAS,OPERATIVO,08:45 a 16:45,"Jirón Gomes Arias 106, Barrio Pingullo Alto",2024
ANCASH,PALLASCA,PAMPAS,AG PAMPAS,OPERATIVO,08:45 a 16:45,Calle Plaza de Armas S/N - Municipalidad Distrital de Pampas - 1er piso,2024
ANCASH,CASMA,CASMA,PAP CASMA,OPERATIVO,08:45 a 16:45, Sector Hijuela Mz. C Lt. 13 del Centro Cívico de la Municipalidad Provincial de Casma,2024
ANCASH,HUARMEY,HUARMEY,PAP HUARMEY,OPERATIVO,08:45 a 16:45, 1er. Pabellón S/N del Centro Cívico de la Municipalidad Provincial de Huarmey,2024
ANCASH,RECUAY,RECUAY,PAP RECUAY,OPERATIVO,08:45 a 16:45,Calle Plaza de Armas Nº 180 Municipalidad Distrital de Recuay,2024
ANCASH,CARHUAZ,CARHUAZ,PAP CARHUAZ,OPERATIVO,08:45 a 16:45,Avenida La Merced Nº 1006,2024
ANCASH,YUNGAY,YUNGAY,PAP YUNGAY,OPERATIVO,08:45 a 16:45,Avenida Arias Grazziani Lt. 1-2 Centro Cívico de la Municipalidad Provincial de Yungay,2024
ANCASH,CARLOS FERMIN FITZCARRALD,SAN LUÍS,PAP CARLOS FERMÍN FITZCARRALD,OPERATIVO,08:45 a 16:45,Avenida Ramón Castilla N° 320 - 1er. piso Centro Cívico de la Municipalidad Provincial de C. F. Fitzcarrald,2024
ANCASH,MARISCAL LUZURIAGA,PISCOBAMBA,PAP MARISCAL LUZURIAGA,OPERATIVO,08:45 a 16:45,"Jirón San Pablo S/N, Centro Cívico de la Municipalidad Provincial de Mariscal Luzuriaga",2024
ANCASH,SANTA,CHIMBOTE,ORA HOSPITAL LA CALETA (Chimbote),OPERATIVO,08:45 a 16:30,Avenida Malecon Grau S/N,2024
ANCASH,SANTA,CHIMBOTE,ORA HOSPITAL ESSALUD III CHIMBOTE,OPERATIVO,08:45 a 16:30,Avenida Circunvalación Nº 119 Urb. Laderas del Norte,2024
ANCASH,SANTA,NUEVO CHIMBOTE,ORA HOSPITAL ELEAZAR GUZMÁN BARRÓN (Nuevo Chimbote),OPERATIVO,08:45 a 16:30,"Avenida Brasil S/N, Urb. Santa Cristina (Hospital Regional Eleazar Guzmán Barrón puerta de Emergencia)",2024
ANCASH,HUARAZ,HUARAZ,ORA HOSPITAL VÍCTOR RAMOS GUARDIA (Huaraz),OPERATIVO,08:45 a 16:30,"Avenida Mariscal Luzuriaga cdra. 01, cruce con Jr. Pedro Villón cdra. 10",2024
ANCASH,HUAYLAS,CARAZ,ORA HOSPITAL DE APOYO CARAZ,OPERATIVO,08:45 a 16:30,Avenida 9 de Octubre S/N,2024
ANCASH,HUARI,HUARI,ORA HOSPITAL DE APOYO HUARI,OPERATIVO,08:45 a 16:30,Avenida Circunvalación Baja S/N,2024
ANCASH,CORONGO,CORONGO,PANP CORONGO,DESPLAZAMIENTO,08:45 a 16:45,"Jirón Grau N° 206, primer piso de la Municipalidad Provincial de Corongo",2024
ANCASH,PALLASCA,CABANA,PANP PALLASCA,DESPLAZAMIENTO,08:45 a 16:45,"Avenida Plaza de Armas N° 103, primer piso de la Municipalidad Provincial de Pallasca",2024
ANCASH,AIJA,AIJA,PANP AIJA,DESPLAZAMIENTO,08:45 a 16:45,"Jirón Gavino Uribe S/N Plaza de Armas, 1er piso de la Municipalidad Provincial de Aija",2024
ANCASH,BOLOGNESI,CHIQUIAN,PANP BOLOGNESI,DESPLAZAMIENTO,08:45 a 16:45,"Jirón Tacna 320, primer piso del Centro Cívico de la Municipalidad Distrital de Chiquian",2024
ANCASH,YUNGAY,YANAMA,AG YANAMA,DESPLAZAMIENTO,08:45 a 16:45,Jirón Yungay S/N cdra. 03,2024
ANCASH,MARISCAL LUZURIAGA,LLUMPA,PANP LLUMPA,DESPLAZAMIENTO,08:45 a 16:45, Plaza de Armas S/N,2024
ANCASH,ASUNCION,CHACAS,PANP ASUNCIÓN,DESPLAZAMIENTO,08:45 a 16:45,Jirón Coliseo de Chacas S/N,2024
ANCASH,HUARI,CHAVIN DE HUANTAR,PANP CHAVÍN DE HUANTAR,DESPLAZAMIENTO,08:45 a 16:45,"Jirón San Martin S/N, 1er piso del Centro Cívico de la Municipalidad Distrital de Chavin de Huantar",2024
ANCASH,HUARI,SAN MARCOS,PANP SAN MARCOS ,DESPLAZAMIENTO,08:45 a 16:45,"Jirón Progreso 332, Plaza de Armas de San Marcos",2024
ANCASH,HUACAYBAMBA,HUACAYBAMBA,PANP HUACAYBAMBA,DESPLAZAMIENTO,08:45 a 16:45,"Avenida El Ejercito S/N Barrio San Pedro, 1er piso Municipalidad Provincial de Huacaybamba",2024
ANCASH,ANTONIO RAIMONDI,LLAMELLIN,PANP ANTONIO RAIMONDI,DESPLAZAMIENTO,08:45 a 16:45,Jirón Simón Bolívar N° 229,2024
ANCASH,HUARI,UCO,PANP UCO,DESPLAZAMIENTO,08:45 a 16:45,"Jirón Nicolas de Piérola S/N Plaza de Armas, 1er piso de la Municipalidad Distrital de Uco",2024
JUNIN,HUANCAYO,EL TAMBO,OR HUANCAYO,OPERATIVO,08:45 a 16:45,Avenida MARISCAL CASTILLA Nº 1801,2024
JUNIN,TARMA,TARMA,AG TARMA,OPERATIVO,08:45 a 16:45,Jirón AREQUIPA Nº 939,2024
JUNIN,CHANCHAMAYO,LA MERCED,AG CHANCHAMAYO,OPERATIVO,08:45 a 16:45,Prolongación TARMA Nº 236,2024
JUNIN,SATIPO,PANGOA,PAP PANGOA,OPERATIVO,08:45 a 16:45,Calle 07 DE JUNIO Nº 641 PLAZA PRINCIPAL CENTRO CIVICO,2024
JUNIN,SATIPO,MAZAMARI,PAP MAZAMARI,OPERATIVO,08:45 a 16:45,Avenida SAN JUAN N° 377,2024
JUNIN,CONCEPCION,CONCEPCIÓN,PAP CONCEPCIÓN,OPERATIVO,08:45 a 16:45,Jirón RICARDO PALMA S/N MERCADO MODELO INTERIOR 1 ,2024
JUNIN,JAUJA,JAUJA,PAP JAUJA,OPERATIVO,08:45 a 16:45,Jirón SUCRE N° 889,2024
JUNIN,JUNIN,JUNIN,PAP JUNIN,OPERATIVO,08:45 a 16:45,Jirón SIMÓN BOLIVAR N° 820,2024
JUNIN,YAULI,SANTA ROSA DE SACCO,PAP YAULI,OPERATIVO,08:45 a 16:45,Avenida MIGUEL GRAU N° 309,2024
JUNIN,SATIPO,SATIPO,PAP SATIPO,OPERATIVO,08:45 a 16:45,Avenida MICAELA BASTIDAS Y JR. AUGUSTO B. LEGUIA CENTRO CIVICO ,2024
JUNIN,CHUPACA,CHUPACA,PAP CHUPACA,OPERATIVO,08:45 a 16:45,Jirón GRAU N° 195 - CENTRO CÍVICO,2024
JUNIN,CHANCHAMAYO,PICHANAQUI,PAP PICHANAQUI,OPERATIVO,08:45 a 16:45,Jirón INDEPENDENCIA S/N COLISEO MUNICIPAL,2024
JUNIN,HUANCAYO,HUANCAYO,"ORA REGIONAL DOCENTE MATERNO INFANTIL ""EL CARMEN""",OPERATIVO,08:45 a 16:30,Jirón PUNO Nº 911,2024
JUNIN,TARMA,TARMA,ORA DE APOYO FELIX MAYORCA SOTO,OPERATIVO,08:45 a 16:30,Avenida PACHECO Nº 362,2024
JUNIN,JAUJA ,JAUJA ,ORA HOSPITAL DOMINGO OLAVEGOYA,OPERATIVO,08:45 a 16:30,Jirón SAN MARTÍN Nº 1153 URB. OLAVEGOYA ,2024
JUNIN,SATIPO,SATIPO,ORA DE APOYO MANUEL HIGA ARAKAKI,OPERATIVO,08:45 a 16:30,Calle DANIEL ALCIDES CARRIÓN Nº 398,2024
JUNIN,CHANCHAMAYO ,PICHANAQUI,ORA HOSPITAL DE APOYO PICHANAQUI,OPERATIVO,08:45 a 16:30,Avenida SAN MARTÍN S/N PICHANAKI,2024
JUNIN,HUANCAYO,HUANCAYO,ORA LA LIBERTAD,DESPLAZAMIENTO,08:45 a 16:30,Jirón LA VITORIA 1001,2024
JUNIN,CHANCHAMAYO,LA MERCED,ORA HOSPITAL REGIONAL DOCENTE DE MEDICINA TROPICAL DR. JULIO DEMARINI CARO,OPERATIVO,08:45 a 16:30,Avenida DANIEL A. CARRION S/N AV. PAMPA DEL CARMEN S/N,2024
JUNIN,HUANCAYO,EL TAMBO,ORA HOSPITAL NACIONAL RAMIRO PRIALE,DESPLAZAMIENTO,08:45 a 16:30,Avenida INDEPENDENCIA Nº 266,2024
JUNIN,SATIPO,PANGOA,ORA HOSPITAL DE PANGOA,DESPLAZAMIENTO,08:45 a 16:30,Avenida LA CULTURA S/N,2024
JUNIN,HUANCAYO,CHILCA,ORA CHILCA,DESPLAZAMIENTO,08:45 a 16:30,Jirón HUMBOLT Nº 900,2024
JUNIN,HUANCAYO,HUANCAYO,MAC JUNIN,OPERATIVO,08:30 a 16:30,Avenida FERROCARRIL N° 146 - 150 - CENTRO COMERCIAL OPEN PLAZA,2024
JUNIN,HUANCAYO,EL TAMBO,PVM OR HUANCAYO,OPERATIVO,08:45 a 16:45,AVENIDA MARISCAL CASTILLA Nº 1801,2024
AYACUCHO,HUAMANGA,AYACUCHO,"ORA HOSPITAL REGIONAL DE AYACUCHO ""MIGUEL ANGEL MARISCAL LLERENA"" (MINSA)",OPERATIVO,08:45 a 16:30,Jirón Daniel Alcides Carrión S/N - 2da cuadra.,2024
AYACUCHO,LA MAR,AYNA,PAP AYNA -SAN FRANCISCO,OPERATIVO,08:45 a 16:45,Avenida 28 de Julio S/N San Francisco,2024
AYACUCHO,HUAMANGA,AYACUCHO,OR HUAMANGA,OPERATIVO,08:45 a 16:45,"Jirón San Martin Nº 473, 475, 477 y 477A",2024
AYACUCHO,CANGALLO,CANGALLO,PAP CANGALLO,OPERATIVO,08:45 a 16:45,Jirón Maria Parado de Bellido Nº 205,2024
AYACUCHO,HUANTA,HUANTA,AG HUANTA,OPERATIVO,08:45 a 16:45,Jirón Ayacucho N° 305,2024
AYACUCHO,LA MAR,SAN MIGUEL,PAP LA MAR,OPERATIVO,08:45 a 16:45,Jirón Maria Parado de Bellido S/N ,2024
AYACUCHO,VICTOR FAJARDO,HUANCAPI,PAP VICTOR FAJARDO,OPERATIVO,08:45 a 16:45, Plaza Principal Nº 127,2024
AYACUCHO,HUANCA SANCOS,SANCOS,PAP HUANCASANCOS,OPERATIVO,08:45 a 16:45,Avenida Progreso S/N Consejo Provincial de Huanca Sancos,2024
AYACUCHO,VILCAS HUAMAN,VILCAS HUAMAN,PAP VILCASHUAMAN,OPERATIVO,08:45 a 16:45,Avenida Los Incas Nº 222,2024
AYACUCHO,SUCRE,QUEROBAMBA,PAP SUCRE,OPERATIVO,08:45 a 16:45,Jirón San Martin S/N  Plaza de Armas Consejo Provincial de Sucre,2024
AYACUCHO,HUANTA,HUANTA,"ORA HOSPITAL DE APOYO HUANTA ""DANIEL ALCIDES CARRION"" (MINSA)",OPERATIVO,08:45 a 16:30,Avenida Mariscal Castilla Nº 628,2024
AYACUCHO,LA MAR,SAN MIGUEL,ORA SAN MIGUEL (MINSA),DESPLAZAMIENTO,08:45 a 16:30,Avenida Ramon Castilla s/n,2024
AYACUCHO,CANGALLO,CANGALLO,ORA HOSPITAL DE APOYO CANGALLO (MINSA),OPERATIVO,08:45 a 16:30,Jirón Santa Rosa N° 110,2024
CUSCO,LA CONVENCION,PICHARI,PAP PICHARI,OPERATIVO,08:45 a 16:45,Avenida BRASIL S/N,2024
APURIMAC,CHINCHEROS,CHINCHEROS,PAP CHINCHEROS,OPERATIVO,08:45 a 16:45,Jirón COTABAMBAS N° 121,2024
AYACUCHO,LA MAR,SAMUGARI,PAP SAMUGARI -PALMAPAMPA,OPERATIVO,08:45 a 16:45,Jirón Los Laureles S/N – Palmapampa Distrital de Samugari,2024
AYACUCHO,LA MAR,TAMBO,ORA TAMBO (MINSA),OPERATIVO,08:45 a 16:30,Jirón Lima s/n,2024
AYACUCHO,HUAMANGA,JESUS NAZARENO,ORA HOSPITAL DE APOYO JESUS NAZARENO (MINSA),OPERATIVO,08:45 a 16:30,Jirón Ciro Alegría Nº 547,2024
APURIMAC,ANDAHUAYLAS,TALAVERA,OR ANDAHUAYLAS,OPERATIVO,08:45 a 16:45,Jirón Amauta N° 311,2024
APURIMAC,CHINCHEROS,ANCCO HUALLO,ORA  CENTRO DE SALUD URIPA  (MINSA),OPERATIVO,08:45 a 16:30,Avenida  Túpac Amaru S/N – URIPA,2024
APURIMAC,ANDAHUAYLAS,ANDAHUAYLAS,ORA HOSPITAL REGIONAL DOCENTE  HUGO PESCE PESCETTO ANDAHUAYLAS (MINSA),OPERATIVO,08:45 a 16:30,Avenida Hugo Pesce Pesceto S/N,2024
AYACUCHO,HUANTA,SIVIA,ORA HOSPITAL DE APOYO DE SIVIA (MINSA),DESPLAZAMIENTO,08:45 a 16:30,Jirón Gervacio Santillana S/N,2024
CUSCO,LA CONVENCION,KIMBIRI,ORA CENTRO DE SALUD SAN JUAN DE KIMBIRI (MINSA),DESPLAZAMIENTO,08:45 a 16:30,Avenida Aeropuerto S/N,2024
CUSCO,LA CONVENCION,PICHARI,ORA HOSPITAL DE APOYO PICHARI (MINSA),OPERATIVO,08:45 a 16:30,Jirón Amazonas s/n,2024
APURIMAC,CHINCHEROS,CHINCHEROS,ORA HOSPITAL DE APOYO CHINCHEROS (MINSA),OPERATIVO,08:45 a 16:30,Avenida Fernando Belaunde Terry S/N,2024
AYACUCHO,CANGALLO,LOS MOROCHUCOS,ORA PAMPA CANGALLO (MINSA),OPERATIVO,08:45 a 16:30,Avenida María Arguedas S/N,2024
AYACUCHO,HUAMANGA,SAN JUAN BAUTISTA,ORA SAN JUAN BAUTISTA,DESPLAZAMIENTO,08:45 a 16:30,AV. MALVINAS S/N,2024
AREQUIPA,AREQUIPA,AREQUIPA,ORA HOSPITAL REGIONAL HONORIO DELGADO ESPINOZA (MINSA),OPERATIVO,08:45 a 16:30,Avenida Daniel Alcides Carrión N° 505,2024
TACNA,TACNA,TACNA,ORA TACNA (MINSA),OPERATIVO,08:45 a 16:30,Calle Blondel S/N,2024
AREQUIPA,AREQUIPA,AREQUIPA,OR AREQUIPA,OPERATIVO,08:45 a 16:45,Calle San Juan de Dios N° 122 y Santo Domingo N° 101,2024
AREQUIPA,CAYLLOMA,CHIVAY,PAP CAYLLOMA,OPERATIVO,08:45 a 16:45,Calle Siglo XX S/N,2024
AREQUIPA,CAMANA,CAMANA,AG CAMANA,OPERATIVO,08:45 a 16:45,Avenida Mariscal Castilla N° 221,2024
AREQUIPA,CARAVELI,CARAVELÍ,PAP CARAVELI,DESPLAZAMIENTO,08:45 a 16:45,Jirón Bolivar S/N,2024
AREQUIPA,CASTILLA,APLAO,PAP CASTILLA,OPERATIVO,08:45 a 16:45,Calle Progreso S/N,2024
AREQUIPA,CONDESUYOS,CHUQUIBAMBA,PAP CONDESUYOS,OPERATIVO,08:45 a 16:45,Avenida Alameda S/N - Los Tres Errantes,2024
AREQUIPA,ISLAY,MOLLENDO,AG ISLAY,OPERATIVO,08:45 a 16:45,Calle Arequipa Nº 261 ,2024
AREQUIPA,LA UNION,COTAHUASI,PAP LA UNION,OPERATIVO,08:45 a 16:45,Calle Centenario N° 202 - Cotahuasi,2024
MOQUEGUA,MARISCAL NIETO,MOQUEGUA,ORA HOSPITAL REGIONAL MOQUEGUA (MINSA),OPERATIVO,08:45 a 16:30,Avenida Simón Bolívar N° 505,2024
MOQUEGUA,MARISCAL NIETO,SAN ANTONIO,AG MARISCAL NIETO,OPERATIVO,08:45 a 16:45,Avenida Central Mz D-4 Lt. 1,2024
MOQUEGUA,ILO,ILO,AG ILO,OPERATIVO,08:45 a 16:45,Jirón Ayacucho N° 529,2024
AREQUIPA,CAYLLOMA,MAJES,AG MAJES,OPERATIVO,08:45 a 16:45,Avenida Arequipa S/N - Tienda 06 del Estadio Almirante Miguel Grau - Pedregal,2024
AREQUIPA,AREQUIPA,CAYMA,AG CAYMA,OPERATIVO,08:45 a 16:45,Avenida Ramón Castilla S/N - Estadio La Tomilla,2024
TACNA,TACNA,TACNA,AG TACNA,OPERATIVO,08:45 a 16:45,Calle Deustua Nº 173,2024
AREQUIPA,AREQUIPA,AREQUIPA,ORA HOSPITAL III GOYENECHE (MINSA),OPERATIVO,08:45 a 16:30,Avenida Goyeche N° 100,2024
AREQUIPA,CAMANA,CAMANA,ORA HOSPITAL DE CAMANA (MINSA),OPERATIVO,08:45 a 16:30,Avenida Lima 550,2024
AREQUIPA,AREQUIPA,PAUCARPATA,MAC - AREQUIPA,OPERATIVO,08:30 a 16:30,Avenida Porongoche N° 500 Paucarpata - Centro Comercial Mall Aventura ,2024
AREQUIPA,CAYLLOMA,MAJES,ORA HOSPITAL CENTRAL DE MAJES- ANGEL GABRIEL CHURA GALLEGOS (MINSA),OPERATIVO,08:45 a 16:30, Asentamiento B1 lote 1 Irrig. Majes,2024
MOQUEGUA,MARISCAL NIETO,MOQUEGUA,MAC - MOQUEGUA,OPERATIVO,08:30 a 16:30,"Avenida Circunvalación 1B Sub lote 1-A, Moquegua",2024
AREQUIPA,AREQUIPA,AREQUIPA,PAP PASEO CENTRAL,OPERATIVO,08:45 a 16:45,Calle Arturo Ibañez S/N,2024
AREQUIPA,AREQUIPA,CERRO COLORADO,C.S. MARITZA CAMPOS DIAZ (MINSA),OPERATIVO,08:45 a 16:30,Calle Yavari S/N,2024
AREQUIPA,AREQUIPA,PAUCARPATA,HOSPITAL EDMUNDO ESCOMEL (ESSALUD),OPERATIVO,08:45 a 16:30,Avenida EL Cayro S/N,2024
AREQUIPA,AREQUIPA,AREQUIPA,HOSPITAL CARLOS ALBERTO SEGUIN ESCOBEDO (ESSALUD),OPERATIVO,08:45 a 16:30,Calle Peral S/N,2024
AREQUIPA,AREQUIPA,YANAHUARA,ORA HOSPITAL III YANAHUARA (ESSALUD),OPERATIVO,08:45 a 16:30,Avenida Zamácola S/N,2024
AREQUIPA,AREQUIPA,AREQUIPA,PVM - OR AREQUIPA,OPERATIVO,08:45 a 16:45,Calle San Juan de Dios N° 122 y Santo Domingo N° 101,2024
CUSCO,CUSCO,SANTIAGO,ORA ANTONIO LORENA DEL CUSCO (MINSA),OPERATIVO,08:45 a 16:30,Calle Carlos Ugarte S/N Urb. Primavera Cuartel Agustín Gamarra,2024
CUSCO,CUSCO,WANCHAQ,ORA HOSPITAL NACIONAL ADOLFO GUEVARA VELASCO (ESSALUD),OPERATIVO,08:45 a 16:30,Avenida Ancelmo Alvarez S/N,2024
APURIMAC,ABANCAY,ABANCAY,OR ABANCAY,OPERATIVO,08:45 a 16:45,Avenida La Victoria Nº 214,2024
APURIMAC,AYMARAES,CHALHUANCA,PANP AYMARAES,DESPLAZAMIENTO,08:45 a 16:45, Plaza de Armas S/N (Gobernatura De Chalhuanca),2024
APURIMAC,ANTABAMBA,ANTABAMBA,PANP ANTABAMBA,DESPLAZAMIENTO,08:45 a 16:45, Plaza de Armas S / N,2024
APURIMAC,COTABAMBAS,TAMBOBAMBA,PAP TAMBOBAMBA,OPERATIVO,08:45 a 16:45,Avenida Perú - Plaza de Armas S/N - 3er Piso,2024
APURIMAC,GRAU,CHUQUIBAMBILLA,PANP GRAU,DESPLAZAMIENTO,08:45 a 16:45, Plaza de Armas S / N,2024
CUSCO,CUSCO,CUSCO,OR CUSCO,OPERATIVO,08:45 a 16:45,Avenida El Sol N° 272,2024
CUSCO,ACOMAYO,ACOMAYO,PANP ACOMAYO,DESPLAZAMIENTO,08:45 a 16:45, Plaza de Armas S/N,2024
CUSCO,ANTA,ANTA ,PAP ANTA,OPERATIVO,08:45 a 16:45,"Jirón Jaquijahuana  S / N, Izcuchaca",2024
CUSCO,CALCA,CALCA,AG CALCA,OPERATIVO,08:45 a 16:45, Plaza de Armas S/N,2024
CUSCO,CANAS,YANAOCA,PAP CANAS,OPERATIVO,08:45 a 16:45, Plaza de Armas S/N,2024
CUSCO,CANCHIS,SICUANI,AG CANCHIS,OPERATIVO,08:45 a 16:45,Avenida Túpac Amaru N° 163,2024
CUSCO,CHUMBIVILCAS,SANTO TOMAS,PAP CHUMBIVILCAS,OPERATIVO,08:45 a 16:45,Avenida Perú S / N (Ruedo de Toros),2024
CUSCO,ESPINAR,ESPINAR,PAP ESPINAR,OPERATIVO,08:45 a 16:45,Calle Teatro S/N  ,2024
CUSCO,LA CONVENCION,SANTA ANA,AG LA CONVENCION,OPERATIVO,08:45 a 16:45,Avenida Grau Nº 238,2024
CUSCO,PARURO,PARURO,PANP PARURO,DESPLAZAMIENTO,08:45 a 16:45, Plaza de Armas S/N,2024
CUSCO,PAUCARTAMBO,PAUCARTAMBO,PAP PAUCARTAMBO - JR9,OPERATIVO,08:45 a 16:45,Jirón Enrique Yabar S/N,2024
CUSCO,QUISPICANCHI,URCOS,PAP QUISPICANCHI,OPERATIVO,08:45 a 16:45,Jirón Huáscar N° 181,2024
CUSCO,URUBAMBA,URUBAMBA,PAP URUBAMBA,OPERATIVO,08:45 a 16:45,Avenida Conchatupa S/N,2024
MADRE DE DIOS,TAHUAMANU,IBERIA,AG IBERIA,OPERATIVO,08:45 a 16:45,Avenida Máximo Rodríguez N° 124 Plaza de Armas,2024
APURIMAC,ABANCAY,ABANCAY,ORA HOSPITAL REGIONAL GUILLERMO DIAZ DE LA VEGA (MINSA),OPERATIVO,08:45 a 16:30,Avenida Daniel Alcides Carrión S/N,2024
MADRE DE DIOS,TAMBOPATA,TAMBOPATA,OR TAMBOPATA,OPERATIVO,08:45 a 16:45,Jirón Lambayeque N° 159,2024
MADRE DE DIOS,MANU,MANU,PANP MANU,DESPLAZAMIENTO,08:45 a 16:45,Avenida Esperanza S/N - Local Municipal,2024
CUSCO,ACOMAYO,POMACANCHI,AG POMACANCHI,DESPLAZAMIENTO,08:45 a 16:45, Plaza de Armas S/N,2024
CUSCO,CUSCO,CUSCO,ORA HOSPITAL DE APOYO DEPARTAMENTAL CUSCO (MINSA),OPERATIVO,08:45 a 16:30,Avenida La Cultura S/N,2024
CUSCO,CANCHIS,SICUANI,ORA SICUANI (MINSA),OPERATIVO,08:45 a 16:30,Avenida Manuel Callo Zevallos N° 519 - Hospital MINSA Sicuani,2024
MADRE DE DIOS,TAMBOPATA,TAMBOPATA,ORA SANTA ROSA (MINSA),OPERATIVO,08:45 a 16:30,Jirón Cajamarca N° 171,2024
CUSCO,LA CONVENCION,SANTA ANA,ORA QUILLABAMBA (MINSA),OPERATIVO,08:45 a 16:30,Avenida General Gamarra S/N - Hospital Quillabamba,2024
CUSCO,ESPINAR,ESPINAR,ORA ESPINAR (MINSA),OPERATIVO,08:45 a 16:30,Calle Domingo Huarca Cruz S/N Barrio Túpac Amaru  - Hospital Espinar,2024
MADRE DE DIOS,TAHUAMANU,IBERIA,ORA SAN MARTIN DE PORRES DE IBERIA (MINSA),OPERATIVO,08:45 a 16:30,Calle Mocopata S/N,2024
APURIMAC,COTABAMBAS,TAMBOBAMBA,ORA TAMBOBAMBA (MINSA),OPERATIVO,08:45 a 16:30, Hospital Tambobamba,2024
APURIMAC,COTABAMBAS,HAQUIRA,PAP HAQUIRA,OPERATIVO,08:45 a 16:45, Plaza de armas S/N-Haquira,2024
CUSCO,CHUMBIVILCAS,SANTO TOMAS,ORA SANTO TOMAS (MINSA),OPERATIVO,08:45 a 16:30,Calle  Andres Avelino Caceres - Hospital Santo Tomas  ,2024
CUSCO,CHUMBIVILCAS,VELILLE,PANP VELILLE,DESPLAZAMIENTO,08:45 a 16:45, Plaza de Armas - Municipalidad Distrital Velille,2024
CUSCO,CALCA,YANATILE,PANP YANATILE,DESPLAZAMIENTO,08:45 a 16:45, Plaza de Armas - Municipalidad Distrital Yanatile,2024
APURIMAC,ABANCAY,CURAHUASI,PANP CURAHUASI,DESPLAZAMIENTO,08:45 a 16:45, Coliseo Cerrado - Municipalidad de Curahuasi,2024
CUSCO,CUSCO,SANTIAGO,AGENCIA SANTIAGO,OPERATIVO,08:45 a 16:45,Calle Giraldo Ruiz Caro S/N,2024
CUSCO,CUSCO,WANCHAQ,MAC CUSCO,OPERATIVO,08:30 a 16:30,Avenida Collasuyo 2964 - Real Plaza Cusco,2024
MADRE DE DIOS,TAMBOPATA,INAMBARI,AG INAMBARI,DESPLAZAMIENTO,08:45 a 16:45, Plaza de Armas - Municipalidad Provincial de Inambari,2024
CUSCO,CUSCO,CUSCO,PVM - OR CUSCO,OPERATIVO,08:45 a 16:45,Avenida El Sol N° 272,2024
LIMA,LIMA ,JESÚS MARÍA,ORA HOSPITAL NACIONAL EDGARDO REBAGLIATI MARTINS (ESSALUD),OPERATIVO,08:45 a 16:30,Avenida SALAVERRY CDRA. 13 - PUERTA 6,2024
CALLAO,CALLAO,CALLAO,ORA NAC. DANIEL A. CARRIÓN (MINSA),OPERATIVO,08:45 a 16:30,Avenida Guardia Chalaca Nº 2176 - Bellavista,2024
LIMA,LIMA,SAN JUAN DE LURIGANCHO,ORA HOSPITAL SAN JUAN DE LURIGANCHO (MINSA),OPERATIVO,08:45 a 16:30,Avenida Canto Grande S/N - Altura del paradero 10,2024
LIMA,LIMA,EL AGUSTINO,ORA HOSPITAL NACIONAL HIPOLITO UNANUE (MINSA),OPERATIVO,08:45 a 16:30,Avenida Cesar Vallejo Nº 1390 ,2024
LIMA,LIMA,LIMA,ORA INSTITUTO NACIONAL MATERNO PERINATAL (MINSA),OPERATIVO,08:45 a 16:30,Jirón Miroquesada Nº 941 - Lima,2024
CALLAO,CALLAO,VENTANILLA,OR VENTANILLA,OPERATIVO,08:45 a 16:45,Avenida Pachacutec N° 225 - Sector B - Grupo Residencial B1 - Mz. F1 ,2024
LIMA,LIMA,SANTIAGO DE SURCO,OR SURCO - HIGUERETA,OPERATIVO,08:45 a 16:45,Avenida Santiago de Surco Nº 2807 Urb. Residencial Higuereta,2024
LIMA,LIMA,SAN BORJA,OR SAN BORJA,OPERATIVO,08:45 a 16:45,Avenida San Luis N° 1673 Urb. Jacaranda II,2024
LIMA,LIMA,COMAS,OR COMAS III,OPERATIVO,08:45 a 16:45,Avenida San Felipe Nº 830 Urb. San Felipe,2024
LIMA,LIMA,LIMA,OR QUILCA,OPERATIVO,08:45 a 16:45,Jirón Quilca Nº 501 y 525 ,2024
LIMA,LIMA,LIMA,AG ANCASH,OPERATIVO,08:45 a 16:45,Jirón Ancash Nº 336-340 y 344 (Frente a la Plazuela San Francisco) - Lima,2024
LIMA,LIMA,VILLA MARÍA DEL TRIUNFO,ORA DANIEL ALCIDES CARRION (MINSA),OPERATIVO,08:45 a 16:30,Avenida Pachacutec N° 3470 - Pasando el Terminal Pesquero.,2024
CALLAO,CALLAO,BELLAVISTA,MAC - CALLAO,OPERATIVO,08:30 a 16:30,Avenida Oscar R. Benavides N° 3866 - Centro Comercial Mall Aventura Plaza,2024
LIMA,LIMA,LIMA,OR LIMA,OPERATIVO,08:45 a 16:45,Jirón Nicolás de Piérola N 545,2024
LIMA,LIMA,ATE,OR ATE,OPERATIVO,08:45 a 16:45,Jirón Industrial Nº 438,2024
LIMA,LIMA,COMAS,OR COMAS I,OPERATIVO,08:45 a 16:45,"Avenida Tupac Amaru N° 5527 - 5531 - 5535, Urb Huaquillay 2da Etapa",2024
LIMA,LIMA,LURIN,OR LURIN,OPERATIVO,08:45 a 16:45,"MZ B, Lote 5 Asociación de Vivienda Familiar Centinela - Lurin",2024
LIMA,LIMA,MIRAFLORES,OR MIRAFLORES,OPERATIVO,08:45 a 16:45,Avenida Ernesto Diez Canseco N° 230,2024
LIMA,LIMA,PUENTE PIEDRA,OR PUENTE PIEDRA,OPERATIVO,08:45 a 16:45,Jirón Ricardo Palma Nº 241,2024
LIMA,LIMA,SAN JUAN DE LURIGANCHO,OR SAN JUAN DE LURIGANCHO,OPERATIVO,08:45 a 16:45,Avenida Las Flores Lote 1 Mz. G Urb. Canto Grande Unidad 7,2024
LIMA,LIMA,SAN JUAN DE MIRAFLORES,OR SAN JUAN DE MIRAFLORES,OPERATIVO,08:45 a 16:45,Avenida Guillermo Billinghurst  N° 767 – 769 Mz. F Lote 18 Urb. SJM Parcela D,2024
LIMA,LIMA,SAN MARTÍN DE PORRES,OR SAN MARTIN DE PORRES,OPERATIVO,08:45 a 16:45,Avenida Eduardo de Habich Nº 590 - 592 con Pedro Paulet N° 589,2024
LIMA,CAJATAMBO,CAJATAMBO,AG CAJATAMBO,OPERATIVO,08:45 a 16:45,Jirón Bolognesi S/N - Comisiones de Regantes -Frente plaza de Armas,2024
LIMA,CANTA,CANTA,AG CANTA,OPERATIVO,08:45 a 16:45,Jirón Independencia Nº 308 Municipio (Plaza de Armas),2024
LIMA,CAÑETE,SAN VICENTE DE CAÑETE,AG CAÑETE,OPERATIVO,08:45 a 16:45,Avenida Los Libertadores Mz. D-3 Lote 4 Urbanización Tercer Mundo,2024
LIMA,HUAURA,HUACHO,AG HUACHO,OPERATIVO,08:45 a 16:45,Avenida Grau Nº 295,2024
LIMA,HUAROCHIRI,MATUCANA,AG MATUCANA,OPERATIVO,08:45 a 16:45,Jirón Tacna S/N  - Centro Civico,2024
LIMA,YAUYOS,YAUYOS,AG YAUYOS,OPERATIVO,08:45 a 16:45,Plaza Plaza Constitución Nº 110,2024
LIMA,HUARAL,HUARAL,AG HUARAL,OPERATIVO,08:45 a 16:45,Pasaje el Palmo esquina con Calle Huaquilla (DEMUNA HUARAL),2024
LIMA,BARRANCA,BARRANCA,OR BARRANCA,OPERATIVO,08:45 a 16:45,Avenida Independencia N° 674 - 676 - 678,2024
LIMA,OYON,OYON,AG OYON,OPERATIVO,08:45 a 16:45,Jirón Unión 216,2024
LIMA,LIMA,LURIGANCHO,OR CHOSICA,OPERATIVO,08:45 a 16:45,Jirón Chucuito Nº 248 ,2024
LIMA,LIMA,PACHACAMAC,OR PACHACAMAC,OPERATIVO,08:45 a 16:45,Avenida Paul Poblet N° 3111 - Dentro del Mercado Jumbo,2024
LIMA,LIMA,JESÚS MARÍA,OR JESUS MARIA,OPERATIVO,08:45 a 16:45,Jirón Talara N° 130-132-134 y 136 Jesús Maria,2024
LIMA,LIMA,CIENEGUILLA,OR CIENEGUILLA,OPERATIVO,08:45 a 16:45,"Avenida San Martin Lote 15, Zona ""D"" Manzana ""D"" Centro Poblado Tambo Viejo",2024
LIMA,LIMA,SANTA ANITA,OR SANTA ANITA,OPERATIVO,08:45 a 16:45,"Avenida Los Eucaliptos Nº 947, Urbanización Universal",2024
LIMA,LIMA,INDEPENDENCIA,OR INDEPENDENCIA,OPERATIVO,08:45 a 16:45,Calle Los Andes Nº 486 Urb. Industrial Panamericana Norte,2024
CALLAO,CALLAO,VENTANILLA,MAC - VENTANILLA,OPERATIVO,08:30 a 16:30,Avenida La Playa S/N altura la Urb. Zona Comercial frente a la Plaza Cívica ,2024
LIMA,LIMA,JESÚS MARÍA,AG 06 DE AGOSTO,OPERATIVO,08:45 a 16:45,Avenida 06 de Agosto N° 856,2024
CALLAO,CALLAO,MI PERÚ,PAP MI PERU,OPERATIVO,08:45 a 16:45, Mz. G7 Lt. 06 Mi Perú  interior de la Sede Municipal.,2024
LIMA,LIMA,SAN MARTÍN DE PORRES,ORA NACIONAL CAYETANO HEREDIA (MINSA),OPERATIVO,08:45 a 16:30,Jirón Honorio Delgado N° 262 - Urb. Ingeniería / Obstetricia,2024
LIMA,HUAURA,HUACHO,ORA HOSPITAL GENERAL DE HUACHO (MINSA),OPERATIVO,08:45 a 16:30,Avenida Jose Arnaldo Arambulo La Rosa N° 251,2024
CALLAO,CALLAO,CALLAO,OR CALLAO,OPERATIVO,08:45 a 16:45,Avenida Dos de Mayo N° 440 - 446,2024
LIMA,LIMA,SAN BORJA,AG ATENCIONES ESPECIALES DE SAN BORJA,OPERATIVO,08:45 a 16:45,Avenida Javier Prado N° 2388 -2386 - 2392,2024
LIMA,LIMA,EL AGUSTINO,MAC - LIMA ESTE,OPERATIVO,08:30 a 16:30,Avenida Carretera Central 111 Mall Aventura Santa Anita Nivel 2,2024
CALLAO,CALLAO,CARMEN DE LA LEGUA REYNOSO,ORA HOSPITAL SAN JOSE (MINSA),OPERATIVO,08:45 a 16:30,Jirón Las Magnolias 475 Carmen de la Legua-Reynoso,2024
CALLAO,CALLAO,VENTANILLA,ORA HOSPITAL DE VENTANILLA (MINSA),OPERATIVO,08:45 a 16:30,Avenida Pedro Beltran S/N Ventanilla - Hospital de Ventanilla,2024
LIMA,CAÑETE,SAN LUIS,ORA HOSPITAL REZOLA (MINSA),OPERATIVO,08:45 a 16:30,Calle Distrito de San Luis S/N,2024
LIMA,BARRANCA,BARRANCA,ORA HOSPITAL DE BARRANCA (MINSA),OPERATIVO,08:45 a 16:30,Avenida Nicolás de Piérola Nº 210 -224,2024
LIMA,HUARAL,HUARAL,ORA HOSPITAL SAN JUAN BAUTISTA HUARAL (MINSA),OPERATIVO,08:45 a 16:30,Calle Tacna Nº 120 Urb. San Juan I,2024
LIMA,LIMA ,COMAS,ORA HOSPITAL NACIONAL SERGIO E. BERNALES (MINSA),OPERATIVO,08:45 a 16:30,"Avenida Túpac Amaru N° 8000, Collique, Comas.",2024
LIMA,LIMA,LIMA,ORA NACIONAL DOS DE MAYO (MINSA),OPERATIVO,08:45 a 16:30,Avenida Parque Historia De La Medicina Peruana S/N Altura Cuadra 13 Av Grau,2024
LIMA,LIMA,ATE ,ORA HOSPITAL DE HUAYCAN (MINSA),OPERATIVO,08:45 a 16:30,Avenida José C.Mariátegui S/N Zona B - A.H.Huaycán S/N Ate Lima Lima,2024
LIMA,LIMA,SAN JUAN DE MIRAFLORES,MAC - LIMA SUR,OPERATIVO,08:30 a 16:30,Avenida Circunvalación 1583- San Juan de Miraflores,2024
LIMA,LIMA,COMAS,MAC - LIMA NORTE,OPERATIVO,08:30 a 16:30,Avenida Los Angeles N° 602 2do piso - Cc Mall Plaza ,2024
LIMA,LIMA,JESUS MARIA,PVM - JESUS MARIA ,OPERATIVO,08:45 a 16:45,Jirón Talara N° 130,2024
LIMA,LIMA,SANTIAGO DE SURCO,PVM - JOCKEY PLAZA,OPERATIVO,08:45 a 16:45,Avenida Javier Prado Este N° 4200 ( Centro Financiero del Centro Comercial),2024
LIMA,LIMA,SURQUILLO,PVM - OPEN PLAZA ANGAMOS,OPERATIVO,08:45 a 16:45,Avenida Cruce Angamos N° 1805 con Tomas Marsano,2024
LIMA,LIMA,CHORRILLOS,PVM - PLAZA LIMA SUR,OPERATIVO,08:45 a 16:45, Prolongación Paseo  de la Republica S/N Urb. Matellini (2do nivel del Centro Comercial) ,2024
CALLAO,CALLAO,VENTANILLA,PVM - VENTANILLA,OPERATIVO,08:45 a 16:45,Avenida La Playa S/N altura la Urb. Zona Comercial frente a la Plaza Cívica ,2024
CALLAO,CALLAO,BELLAVISTA,PVM MALL AVENTURA PLAZA - CALLAO,OPERATIVO,08:45 a 16:45,Avenida Oscar R. Benavides N° 3866 - Centro Comercial Mall Aventura Plaza,2024
LIMA,LIMA,MIRAFLORES,PVM- MIRAFLORES,OPERATIVO,08:45 a 16:45,Avenida Diez Canseco N° 230,2024
LIMA,LIMA,INDEPENDENCIA,PVM - INDEPENDENCIA,OPERATIVO,08:45 a 16:45,Calle Los Andes Nº 486 Urb. Industrial Panamericana Norte,2024
LIMA,LIMA,LURIN,PVM - OR LURIN,OPERATIVO,08:45 a 16:45,Mz. B Lote 5 Asociación de Vivienda Centinela (detrás del polideportivo),2024
LIMA,LIMA,SANTA ANITA,ORA HOSP. JORGE VOTO BERNALES (ESSALUD),OPERATIVO,08:45 a 16:30,"Carretera CARRETERA CENTRAL KM. 3,5 - SANTA ANITA",2024
LIMA,LIMA,CERCADO DE LIMA,HOSP. NAC DOC MADRE Y NIÑO  SAN BARTOLOME (MINSA),OPERATIVO,08:45 a 16:30,Avenida ALFONSO UGARTE 825 - LIMA,2024
LIMA,LIMA,CHORRILLOS,CMI VIRGEN DEL CARMEN  (MINSA),OPERATIVO,08:45 a 16:30,Avenida LEOPOLDO ARIAS 200 FRENTE AL COLISEO MARISCAL CACERES,2024
LIMA,LIMA,PUENTE PIEDRA,ORA HOSPITAL PUENTE PIEDRA (MINSA),OPERATIVO,08:45 a 16:30,Avenida SAENZ PEÑA S/N KM 30,2024
LIMA,LIMA,SAN JUAN DE LURIGANCHO,PVM - SAN JUAN DE LURIGANCHO,OPERATIVO,08:45 a 16:45,Avenida Las Flores 260-262  Urb. San Rafael,2024
ANCASH,OCROS,OCROS,AG OCROS,OPERATIVO,08:45 a 16:45, Plaza de Armas S/N (MUNICIPIO),2024
LIMA,HUARAL,CHANCAY,AG CHANCAY,OPERATIVO,08:45 a 16:45,Avenida 1ro de mayo s/n cdra 03,2024
LIMA,LIMA,PUEBLO LIBRE,ORA HOSPITAL SANTA ROSA,OPERATIVO,08:45 a 16:30,Avenida Bolivar Crda. 8 Pueblo Libre ,2024
LIMA,LIMA,INDEPENDENCIA,ORA  CMI TAHUANTINSUYO BAJO,OPERATIVO,08:45 a 16:30,Avenida Chinchaysullo cdra 4 Independencia,2024
LIMA,LIMA,SURQUILLO,AG. INSTITUTO NACIONAL DE ENFERMEDADES NEOPLASICAS,OPERATIVO,08:45 a 16:45,Av. Angamos Este 2520 - Surquillo (puerta emergencia del INEN),2024
LIMA,LIMA,SAN MARTIN DE PORRES,PVM - OR SAN MARTIR DE PORRES,OPERATIVO,08:45 a 16:45,Av. Eduardo de Habich 592,2024
PUNO,PUNO,PUNO,ORA MANUEL NUÑEZ BUTRON,OPERATIVO,08:45 a 16:30,Avenida El Sol N° 1022,2024
PUNO,PUNO,PUNO,ORA HOSPITAL BASE III (PUNO) - RED ASISTENCIAL PUNO,OPERATIVO,08:45 a 16:30,Jirón Francisco Cáceres Jara Nº 600,2024
PUNO,SAN ROMAN,JULIACA,ORA CARLOS MONGE MEDRANO,OPERATIVO,08:45 a 16:30, Carretera a Huancane Km 2,2024
PUNO,EL COLLAO ,ILAVE ,ORA ILAVE,OPERATIVO,08:45 a 16:30,Jirón Atahualpa Nº 825,2024
PUNO,SAN ROMAN,JULIACA,ORA HOSPITAL BASE III JULIACA - ESSALUD - RED ASISTENCIAL JULIACA,OPERATIVO,08:45 a 16:30,Avenida José Santos Chocano S/N - La Capilla,2024
PUNO,PUNO,PUNO,OR PUNO,OPERATIVO,08:45 a 16:45,Jirón Arequipa N° 1143 - 1145 Barrio Victoria,2024
PUNO,AZANGARO,AZANGARO,PAP AZANGARO,OPERATIVO,08:45 a 16:45,Jirón Azangaro N° 160  (Palacio Municipal),2024
PUNO,CARABAYA,MACUSANI,PAP CARABAYA,OPERATIVO,08:45 a 16:45,Jirón Raimondi N° 116,2024
PUNO,CHUCUITO,JULI,PAP CHUCUITO,OPERATIVO,08:45 a 16:45,Jirón Ilave 235 - Mercado Central Municipio,2024
PUNO,HUANCANE,HUANCANE,PAP HUANCANE,OPERATIVO,08:45 a 16:45,Jirón Moquegua N° 104 - Barrio Progreso,2024
PUNO,LAMPA,LAMPA,PAP LAMPA,OPERATIVO,08:45 a 16:45,Jirón Alfonso Ugarte N° 343,2024
PUNO,MELGAR,AYAVIRI,PAP MELGAR,OPERATIVO,08:45 a 16:45,Calle Jorge Chavez N°  550,2024
PUNO,SANDIA,SANDIA,PAP SANDIA,OPERATIVO,08:45 a 16:45,Avenida Juliaca S/N - Mercado Central Sandia,2024
PUNO,SAN ROMAN,JULIACA,AG SAN ROMAN,OPERATIVO,08:45 a 16:45,Jirón Brascesco N° 181 ,2024
PUNO,YUNGUYO,YUNGUYO,PAP YUNGUYO,OPERATIVO,08:45 a 16:45,Jirón Grau Nº 240,2024
PUNO,SAN ANTONIO DE PUTINA,PUTINA,PAP PUTINA,OPERATIVO,08:45 a 16:45, Plaza de Armas S/N (Palacio Municipal),2024
PUNO,EL COLLAO,ILAVE,PAP EL COLLAO,OPERATIVO,08:45 a 16:45,Jirón Bolognesi S/N - Coliseo Cubierto Ilave Oficina N° 02,2024
PUNO,MOHO,MOHO,PAP MOHO,OPERATIVO,08:45 a 16:45,Avenida Circunvalación S/N Terminal Terrestre,2024
PUNO,AZANGARO,AZANGARO,ORA CARLOS CORNEJO ROSELLO,OPERATIVO,08:45 a 16:30,Jirón Francisco Bolognesi N° 557,2024
PUNO,CHUCUITO,JULI,ORA JULI,OPERATIVO,08:45 a 16:30,Avenida Panamericana S/N,2024
PUNO,HUANCANE,HUANCANE,ORA HOSPITAL LUCIO ALDAZABAL PAUCA,OPERATIVO,08:45 a 16:30,Avenida Santa Cruz S/N,2024
PUNO,MELGAR,AYAVIRI,ORA SAN JUAN DE DIOS (AYAVIRI),OPERATIVO,08:45 a 16:30,Jirón Progreso S/N,2024
PUNO,SAN ROMÁN,JULIACA,ORA CENTRO DE SALUD CLAS SANTA ADRIANA,OPERATIVO,08:45 a 16:30,Jirón Pachacutec S/N,2024
PUNO,SAN ROMÁN,SAN MIGUEL,PAP SAN MIGUEL - JR11,OPERATIVO,08:45 a 16:45, Palacio Municipal S/N,2024
PUNO,CHUCUITO,DESAGUADERO,PAP DESAGUADERO,OPERATIVO,08:45 a 16:45,Jirón 28 de Julio N° 305 - Desaguadero,2024
PUNO,PUNO,ACORA,PAP ACORA,OPERATIVO,08:45 a 16:45,Plaza de Armas (Palacio Municipal),2024
PUNO,SAN ROMAN,JULIACA,MAC PUNO,OPERATIVO,08:30 a 16:30,Avenida San Martin lote 07,2024
PUNO,CARABAYA,MACUSANI,PANP CRUCERO,DESPLAZAMIENTO,08:45 a 16:45,Plaza Plaza de Armas S/N,2024
ICA,ICA,ICA,ORA REGIONAL DE ICA (MINSA),OPERATIVO,08:45 a 16:30,Avenida Huacachina S/N,2024
AYACUCHO,LUCANAS,PUQUIO,AG LUCANAS,OPERATIVO,08:45 a 16:45,Jirón San Pedro  Nº 216,2024
AYACUCHO,PARINACOCHAS,CORACORA,AG PARINACOCHAS,OPERATIVO,08:45 a 16:45,Jirón Bolognesi N° 419 Plaza de Armas,2024
AYACUCHO,PAUCAR DEL SARA SARA,PAUSA,PANP PAUCAR DEL SARA SARA,OPERATIVO,08:45 a 16:45,Jirón Miguel de Cervantes N° 455 (Palacio Municipal),2024
ICA,ICA,PARCONA,PAP PARCONA,OPERATIVO,08:45 a 16:45,Avenida Jhon F. Kennedy N° 500 con Calle Lima S/N (Costado del Palacio Municipal),2024
ICA,ICA,ICA,OR ICA,OPERATIVO,08:45 a 16:45,Avenida San Martin N° 1366 Mz. M-02 Lt. 035. Urb. San Isidro ,2024
ICA,CHINCHA,CHINCHA ALTA,AG CHINCHA,OPERATIVO,08:45 a 16:45,Calle Los Angeles N° 300,2024
ICA,NASCA,NASCA,AG NASCA,OPERATIVO,08:45 a 16:45,Calle Fermin del Castillo N° 270,2024
ICA,PISCO,PISCO,AG PISCO,OPERATIVO,08:45 a 16:45,Calle San Juan de Dios N° 288,2024
ICA,PALPA,PALPA,AG PALPA,OPERATIVO,08:45 a 16:45,Calle Portal de Escribanos Nº 145,2024
AYACUCHO,LUCANAS,CABANA,PAP CABANA ,DESPLAZAMIENTO,08:45 a 16:45,Jirón Jorge Chavez N° 272 ,2024
AYACUCHO,LUCANAS,PUQUIO,ORA FELIPE HUAMAN POMA DE AYALA (MINSA),OPERATIVO,08:45 a 16:30,Avenida Arnaldo Alvarado S/N ,2024
AYACUCHO,PARINACOCHAS,CORACORA,ORA HOSPITAL DE APOYO DE CORACORA (MINSA),OPERATIVO,08:45 a 16:30,Avenida La Cultura S/N,2024
ICA,ICA,ICA,ORA SANTA MARIA DEL SOCORRO (MINSA),OPERATIVO,08:45 a 16:30,Calle Castrovirreyna N° 759,2024
ICA,PISCO,PISCO,ORA SAN JUAN DE DIOS (MINSA),OPERATIVO,08:45 a 16:30,Avenida Fermín Tanguis S/N (Altura del Fundo Alto de la Luna),2024
ICA,CHINCHA,CHINCHA ALTA,ORA SAN JOSE DE CHINCHA (MINSA),OPERATIVO,08:45 a 16:30,Avenida Abelardo Alva Maurtua Nº 600,2024
AYACUCHO,LUCANAS,LARAMATE,PANP LARAMATE,DESPLAZAMIENTO,08:45 a 16:45,Jirón Ica S/N,2024
ICA,NASCA,NASCA,ORA HOSPITAL DE APOYO DE NASCA (MINSA),OPERATIVO,08:45 a 16:30,Calle Callao S/N - 5ta Cuadra,2024
ICA,ICA,ICA,ORA AUGUSTO HERNANDEZ MENDOZA (ESSALUD),OPERATIVO,08:45 a 16:30,Calle José Matias Manzanilla S/N,2024
ICA,NASCA,MARCONA,PAP MARCONA,OPERATIVO,08:45 a 16:45,Calle Andres Avelino Caceres S/N,2024
ICA,ICA,ICA,MAC ICA,OPERATIVO,08:30 a 16:30,Avenida Los Maestros S/N C.C. Mega Plaza Segundo Piso,2024
UCAYALI,CORONEL PORTILLO,CALLERIA,ORA HOSPITAL REGIONAL DE PUCALLPA (MINSA),OPERATIVO,08:45 a 16:30,Jirón Agustin Cauper N° 285,2024
HUANUCO,PUERTO INCA,PUERTO INCA,PAP PUERTO INCA,OPERATIVO,08:45 a 16:45,Jirón Vulcano S/N,2024
UCAYALI,CORONEL PORTILLO,YARINACOCHA,ORA HOSPITAL AMAZÓNICO - YARINACOCHA (MINSA),OPERATIVO,08:45 a 16:30,Jirón Aguaytia N° 605,2024
LORETO,UCAYALI,CONTAMANA,PAP CONTAMANA,OPERATIVO,08:45 a 16:45,Calle Nuevo Loreto Mz.38C  Lt.5B,2024
UCAYALI,PADRE ABAD,IRAZOLA ,AG IRAZOLA ,OPERATIVO,08:45 a 16:45,Calle Progreso S/N ,2024
UCAYALI,CORONEL PORTILLO,CALLERIA,OR PUCALLPA,OPERATIVO,08:45 a 16:45,"Jirón 09 de Diciembre N° 378 y Tacna Nº 891 Mz. 07 Lt. Acumulado 1-B, independiente.",2024
UCAYALI,PADRE ABAD,PADRE ABAD,PAP PADRE ABAD,OPERATIVO,08:45 a 16:45,Avenida Grau Nº 214,2024
UCAYALI,ATALAYA,RAIMONDI,PAP ATALAYA,OPERATIVO,08:45 a 16:45,Jirón Rioja Nº 659,2024
UCAYALI,PURUS,PURUS,PAP PURUS,OPERATIVO,08:45 a 16:45,Avenida Purus S/N,2024
UCAYALI,ATALAYA,TAHUANIA,PAP TAHUANIA,OPERATIVO,08:45 a 16:45,Jirón 7 de Junio  S/N,2024
UCAYALI,CORONEL PORTILLO,CALLERIA,MAC - UCAYALI,OPERATIVO,08:30 a 16:30,Avenida Centenario 1642 (2do piso) Centro Comercial Real Plaza,2024
HUANCAVELICA,HUANCAVELICA,IZCUCHACA,PAP IZCUCHACA,OPERATIVO,08:45 a 16:45,Avenida Ferrocarril  S/N ,2024
HUANCAVELICA,ACOBAMBA,PAUCARA,PAP PAUCARA,OPERATIVO,08:45 a 16:45, Plaza Mayor S/N,2024
HUANCAVELICA,HUANCAVELICA,HUANCAVELICA,ORA HOSPITAL REGIONAL ZACARIAS CORREA VALDIVIA (MINSA),OPERATIVO,08:45 a 16:30,Avenida Andrés Avelino Cáceres S/N - Barrio Yananaco,2024
HUANCAVELICA,HUANCAVELICA,HUANCAVELICA,ORA HUANDO (MINSA),OPERATIVO,08:45 a 16:30,Calle Cementerio s/n,2024
HUANCAVELICA,HUANCAVELICA,ASCENSIÓN,ORA HOSPITAL II HUANCAVELICA (ESSALUD),OPERATIVO,08:45 a 16:30,Avenida Teresa de Jurnet S/N,2024
HUANCAVELICA,HUANCAVELICA,HUANCAVELICA,OR HUANCAVELICA,OPERATIVO,08:45 a 16:45,"Avenida San Cristóbal Nº 384, 386 y 388",2024
HUANCAVELICA,ACOBAMBA,ACOBAMBA,OR ACOBAMBA,OPERATIVO,08:45 a 16:45,Jirón Dos De Mayo N° 459,2024
HUANCAVELICA,ANGARAES,LIRCAY,OR ANGARAES,OPERATIVO,08:45 a 16:45,Avenida Centenario S/N - Barrio de Pueblo Nuevo - Dentro del Centro Civico,2024
HUANCAVELICA,CASTROVIRREYNA,CASTROVIRREYNA,OR CASTROVIRREYNA,OPERATIVO,08:45 a 16:45,Avenida Los Libertadores S/N,2024
HUANCAVELICA,TAYACAJA,PAMPAS,OR TAYACAJA,OPERATIVO,08:45 a 16:45,Jirón Manco Capac S/N con Jirón Alfonso Ugarte Cordova y Necochea - Coliseo Multiuso,2024
HUANCAVELICA,HUAYTARA,HUAYTARA,OR HUAYTARA,OPERATIVO,08:45 a 16:45,Calle 24 de Junio S/N - 2do piso Centro Cívico ,2024
HUANCAVELICA,CHURCAMPA,CHURCAMPA,OR CHURCAMPA,OPERATIVO,08:45 a 16:45,Jirón Real N° 255,2024
HUANCAVELICA,TAYACAJA,PAMPAS,ORA HOSPITAL DE PAMPAS (MINSA),OPERATIVO,08:45 a 16:30,Jirón Bolívar S/N ,2024
HUANCAVELICA,ANGARAES,LIRCAY,ORA LIRCAY (MINSA),DESPLAZAMIENTO,08:45 a 16:30,Avenida Esmeralda S/N,2024
HUANCAVELICA,TAYACAJA,SURCUBAMBA,AG SURCUBAMBA,OPERATIVO,08:45 a 16:45,Calle Alfonso Ugarte S/N,2024
HUANCAVELICA,TAYACAJA,COLCABAMBA,AG COLCABAMBA,OPERATIVO,08:45 a 16:45,Avenida Centenario S/N,2024
HUANCAVELICA,HUANCAVELICA,YAULI,ORA YAULI (MINSA),OPERATIVO,08:45 a 16:30,Avenida Jorge Chávez S/N,2024
HUANCAVELICA,ACOBAMBA,PAUCARA,ORA PAUCARA (MINSA),OPERATIVO,08:45 a 16:30,Calle Lircay s/n,2024
HUANCAVELICA,CHURCAMPA,CHURCAMPA,ORA CHURCAMPA (MINSA),DESPLAZAMIENTO,08:45 a 16:30,Calle Ricardo Palma N° 535 (Instalaciones del Centro de Salud),2024
PASCO,PASCO,YANACANCHA,ORA DR. DANIEL ALCIDES CARRION GARCIA (MINSA),OPERATIVO,08:45 a 16:30,Avenida Los Incas S/N Urb. San Juan,2024
PASCO,OXAPAMPA,PUERTO BERMUDEZ,PAP PUERTO BERMÚDEZ,OPERATIVO,08:45 a 16:45,Avenida Remigio Morales Bermúdez S/N,2024
PASCO,PASCO,HUARIACA,PAP HUARIACA,OPERATIVO,08:45 a 16:45,Jirón 28 de Julio Nº 129,2024
HUANUCO,HUANUCO,HUÁNUCO,ORA HOSPITAL REGIONAL HERMILIO VALDIZAN (MINSA),OPERATIVO,08:45 a 16:30,Jirón Hermilio Valdizan Nº 950,2024
PASCO,PASCO,PAUCARTAMBO,PAP PAUCARTAMBO,OPERATIVO,08:45 a 16:45, Plaza 28 de Julio S/N,2024
HUANUCO,HUANUCO,HUÁNUCO,OR HUANUCO,OPERATIVO,08:45 a 16:45,Jirón 28 de Julio N° 825,2024
HUANUCO,AMBO,AMBO,PAP AMBO,OPERATIVO,08:45 a 16:45,"Jirón 28 de Julio 697, Centro Cívico",2024
HUANUCO,DOS DE MAYO,LA UNION,PAP DOS DE MAYO,OPERATIVO,08:45 a 16:45,Jirón Lourdes N° 221,2024
HUANUCO,HUAMALIES,LLATA,PAP HUAMALIES,OPERATIVO,08:45 a 16:45,Jirón Huánuco N° 242,2024
HUANUCO,MARAÑON,HUACRACHUCO,PAP MARAÑON,OPERATIVO,08:45 a 16:45,Avenida 28 De Julio N° 602 ,2024
HUANUCO,LEONCIO PRADO,RUPA-RUPA,PAP LEONCIO PRADO,OPERATIVO,08:45 a 16:45,Jirón Chiclayo N° 585,2024
HUANUCO,PACHITEA,PANAO,PAP PACHITEA,OPERATIVO,08:45 a 16:45,Jirón Espinar N° 121,2024
HUANUCO,LAURICOCHA,JESÚS,PAP LAURICOCHA,OPERATIVO,08:45 a 16:45,Jirón Cristobal Colon S/N,2024
HUANUCO,YAROWILCA,CHAVINILLO,PAP YAROWILCA,OPERATIVO,08:45 a 16:45,Jirón Virgen de Fátima S/N,2024
PASCO,PASCO,CHAUPIMARCA,ORA HOSPITAL II PASCO (ESSALUD),OPERATIVO,08:45 a 16:30, Barrio La Esperanza - Casa de Piedra,2024
HUANUCO,PACHITEA,PANAO,ORA PANAO (MINSA),OPERATIVO,08:45 a 16:30,Jirón Grau Nº 193,2024
HUANUCO,LEONCIO PRADO,RUPA-RUPA,ORA HOSPITAL TINGO MARIA (MINSA),OPERATIVO,08:45 a 16:30, Mapresa S/N Luyando,2024
HUANUCO,LEONCIO PRADO,JOSÉ CRESPO Y CASTILLO,ORA AUCAYACU (MINSA),OPERATIVO,08:45 a 16:30,Jirón Grau S/N cuadra 4,2024
HUANUCO,HUAMALIES,LLATA,ORA LLATA (MINSA),OPERATIVO,08:45 a 16:30,Jirón 28 de Julio N° 216,2024
HUANUCO,DOS DE MAYO,LA UNION,ORA LA UNION (MINSA),OPERATIVO,08:45 a 16:30,Jirón Dos de Mayo N° 185,2024
HUANUCO,LEONCIO PRADO,JOSÉ CRESPO Y CASTILLO,PAP JOSE CRESPO Y CASTILLO,OPERATIVO,08:45 a 16:45,Jirón Maria Parado de Bellido S/N Cuadra 4,2024
HUANUCO,LAURICOCHA,BAÑOS,AG BAÑOS,DESPLAZAMIENTO,08:45 a 16:45, Plaza de Armas S/N,2024
PASCO,PASCO,YANACANCHA,AG PASCO,OPERATIVO,08:45 a 16:45," Centro Comercial ""Sector Dos de San Juan Pampa Edif. 4 Tienda 3 San Juan-Yanacancha",2024
PASCO,DANIEL ALCIDES CARRION,YANAHUANCA,PAP DANIEL ALCIDES CARRIÓN,OPERATIVO,08:45 a 16:45,Jirón Jorge Chavez S/N Plaza Principal,2024
PASCO,OXAPAMPA,OXAPAMPA,PAP OXAPAMPA,OPERATIVO,08:45 a 16:45,Jirón Huancabamba S/N Mz. 162 Estadio Municipal Oxapampa,2024
SAN MARTIN,TOCACHE,UCHIZA,AG UCHIZA,OPERATIVO,08:45 a 16:45,Avenida Atahualpa N° 920,2024
PASCO,OXAPAMPA,PALCAZÚ,AG PALCAZU,OPERATIVO,08:45 a 16:45,Avenida Juan Santos Atahualpa Mz. U Lt. 01,2024
SAN MARTIN,TOCACHE,TOCACHE,PAP TOCACHE,OPERATIVO,08:45 a 16:45,Jirón San Juan Cdra 7 S/N Centro Cívico,2024
HUANUCO,HUANUCO,CHINCHAO,ORA ACOMAYO (MINSA),OPERATIVO,08:45 a 16:30,Pasaje Iguarizo S/N Mz. 6 Lt. 02,2024
SAN MARTIN,TOCACHE,TOCACHE,ORA HOSPITAL DE TOCACHE (MINSA),OPERATIVO,08:45 a 16:30,Jirón Ricardo Palma N° 550,2024
HUANUCO,HUANUCO,SANTA MARIA DEL VALLE,ORA SANTA MARIA DEL VALLE (MINSA),DESPLAZAMIENTO,08:45 a 16:30,Jirón Libertad  S/N Intersección Carretera Central ,2024
HUANUCO,HUANUCO ,AMARILIS ,ORA CARLOS SHOWING FERRARI (MINSA),OPERATIVO,08:45 a 16:30,Jirón Micaela Bastidas S/N Paucarbamba ,2024
PASCO,OXAPAMPA,OXAPAMPA,ORA HOSPITAL ERNESTO GERMAN GUZMAN GONZALES (MINSA),DESPLAZAMIENTO,08:45 a 16:30,Jirón Eduardo Loechle S/N - Chontabamba,2024
HUANUCO,HUANUCO,HUANUCO,MAC - HUANUCO,OPERATIVO,08:30 a 16:30,"Jirón Independencia N° 1601, Centro Comercial Real Plaza, Primer Piso",2024
HUANUCO,PACHITEA,UMARI,ORA TAMBILLO UMARI (MINSA),DESPLAZAMIENTO,08:45 a 16:30,Carretera Huanuco - Panao Km 37,2024
HUANUCO,YAROWILCA,CHAVINILLO,ORA CHAVINILLO (MINSA),OPERATIVO,08:45 a 16:30,Avenida San Juan N° 102,2024
PASCO,OXAPAMPA,CONSTITUCIÓN,AG CONSTITUCION,OPERATIVO,08:45 a 16:45,Avenida Fernando Belaunde S/N 4ta Etapa del Distrito de Constitución,2024
AMAZONAS,CHACHAPOYAS,CHACHAPOYAS,OR CHACHAPOYAS,OPERATIVO,08:45 a 16:45,Jirón Ortiz Arrieta 1135- 1137,2024
AMAZONAS,BAGUA,BAGUA,PAP BAGUA,OPERATIVO,08:45 a 16:45,Jirón Los Cedros Nº 263,2024
AMAZONAS,BONGARA,JAZAN,AG BONGARA,OPERATIVO,08:45 a 16:45,Avenida Marginal  Nº 100 -Pedro Ruíz,2024
AMAZONAS,LUYA ,LUYA ,AG LUYA,OPERATIVO,08:45 a 16:45,Jirón Diego Mori Zuta N° 447,2024
AMAZONAS,RODRIGUEZ DE MENDOZA,SAN NICOLÁS,AG RODRIGUEZ DE MENDOZA,OPERATIVO,08:45 a 16:45,Jirón Victor Mori N° 204,2024
AMAZONAS,CONDORCANQUI,NIEVA,PAP CONDORCANQUI,OPERATIVO,08:45 a 16:45,Calle Gonzalo puerta S/N,2024
AMAZONAS,UTCUBAMBA,BAGUA GRANDE,PAP UTCUBAMBA,OPERATIVO,08:45 a 16:45,Jirón Simón Bolivar N° 545,2024
CAJAMARCA,JAEN,JAEN,OR JAEN,OPERATIVO,08:45 a 16:45,Calle Mariscal Ureta Nº 915,2024
CAJAMARCA,SAN IGNACIO,SAN IGNACIO,PAP SAN IGNACIO,OPERATIVO,08:45 a 16:45,Pasaje Santa Rosa 107 - 109 - cuadra 1,2024
AMAZONAS,BAGUA,IMAZA,OR IMAZA,OPERATIVO,08:45 a 16:45,Avenida Awajun 751 Centro Poblado Chiriaco,2024
AMAZONAS,CHACHAPOYAS,CHACHAPOYAS,ORA HOSPITAL REGIONAL VIRGEN DE FATIMA (MINSA),OPERATIVO,08:45 a 16:30,Pasaje Daniel Alcides Carrión N° 035,2024
AMAZONAS,BAGUA,BAGUA,ORA HOSPITAL DE APOYO GUSTAVO LANATTA LUJAN (MINSA),OPERATIVO,08:45 a 16:30,Avenida Héroes de Cenepa N°980,2024
CAJAMARCA,JAEN,JAEN,ORA HOSPITAL GENERAL DE JAEN (MINSA),OPERATIVO,08:45 a 16:30,Prolongación Huamantanga s/n,2024
AMAZONAS,BAGUA,IMAZA,ORA CHIRIACO (MINSA),OPERATIVO,08:45 a 16:30,Calle Junin S/N,2024
AMAZONAS,UTCUBAMBA,BAGUA GRANDE,ORA HOSPITAL DE APOYO SANTIAGO APOSTOL DE UTCUBAMBA (MINSA),OPERATIVO,08:45 a 16:30,Jirón San Felipe Santiago N°111,2024
CAJAMARCA,SAN IGNACIO,SAN IGNACIO,ORA SAN IGNACIO (MINSA),OPERATIVO,08:45 a 16:30,"Avenida Abelardo Quiñones S/N, Sector Santiago",2024
AMAZONAS,BONGARA,FLORIDA,ORA POMACOCHAS (MINSA),OPERATIVO PARCIAL,08:45 a 16:30,Jirón Pomacochas S/N ,2024
AMAZONAS,CONDORCANQUI,NIEVA,ORA SANTA MARIA DE NIEVA (MINSA),OPERATIVO,08:45 a 16:30,"Jirón Javier Pérez de Cuellar S/N 
Mz. N Lt. 03 Asent.Humano Héctor Peas Tsegkuan",2024
AMAZONAS,UTCUBAMBA,LONYA GRANDE,ORA LONYA GRANDE (MINSA),OPERATIVO,08:45 a 16:30,Jirón Alto Amazonas 340,2024
AMAZONAS,CONDORCANQUI,RIO SANTIAGO,ORA GALILEA (MINSA),OPERATIVO,08:45 a 16:30,Jirón La Amistad S/N,2024
LAMBAYEQUE,CHICLAYO,CHICLAYO,ORA HOSPITAL REGIONAL DOCENTE LAS MERCEDES (MINSA),OPERATIVO,08:45 a 16:30,Avenida Luis Gonzáles  Nº 635,2024
LAMBAYEQUE,CHICLAYO,CHICLAYO,ORA HOSPITAL ALMANZOR AGUINAGA ASENJO (ESSALUD),OPERATIVO,08:45 a 16:30,Plaza Plaza de la Seguridad Social S/N,2024
PIURA,SULLANA,SULLANA,ORA HOSPITAL DE APOYO II-SULLANA (MINSA),OPERATIVO,08:45 a 16:30,Avenida Santa Rosa S/N,2024
CAJAMARCA,CUTERVO,CUTERVO,PAP CUTERVO,OPERATIVO,08:45 a 16:45,Jirón Comercio N° 1103 Mz. 203 Lt. 14-Urb. Los Jardines ,2024
CAJAMARCA,CHOTA,CHOTA,AG CHOTA,OPERATIVO,08:45 a 16:45,Jirón 30 de Agosto N° 848,2024
CAJAMARCA,SANTA CRUZ,SANTA CRUZ,PAP SANTA CRUZ,OPERATIVO,08:45 a 16:45,Jirón Domingo Negrón Nº 399,2024
LAMBAYEQUE,CHICLAYO,JOSE LEONARDO ORTIZ,OR JOSÉ LEONARDO ORTIZ,OPERATIVO,08:45 a 16:45,Calle Cacique Cinto Nº 317 Urb. Latina,2024
PIURA,AYABACA,FRÍAS,OR FRIAS,OPERATIVO,08:45 a 16:45,Calle Lima Nº 235 - 2do piso,2024
LAMBAYEQUE,CHICLAYO,CHICLAYO,OR CHICLAYO,OPERATIVO,08:45 a 16:45,Avenida Balta N° 680 y esquina con Av. Elias Aguirre,2024
LAMBAYEQUE,FERREÑAFE,FERREÑAFE,PAP FERREÑAFE,OPERATIVO,08:45 a 16:45,Calle Tres Marías Nº 717 – B,2024
LAMBAYEQUE,LAMBAYEQUE,LAMBAYEQUE,PAP LAMBAYEQUE,OPERATIVO,08:45 a 16:45,Avenida Huamachuco N° 342,2024
CAJAMARCA,CUTERVO,CUTERVO,ORA SANTA MARIA DE CUTERVO (MINSA),OPERATIVO,08:45 a 16:30,Jirón Ica S/N,2024
CAJAMARCA,CHOTA,CHOTA,ORA HOSPITAL DE APOYO CHOTA - JOSE SOTO CADENILLAS (MINSA),OPERATIVO,08:45 a 16:30,Jirón Ezequiel Montoya Nª 718,2024
PIURA,PIURA,PIURA,OR PIURA,OPERATIVO,08:45 a 16:45,Calle Libertad Nº 568,2024
PIURA,AYABACA,AYABACA,PAP AYABACA,OPERATIVO,08:45 a 16:45,Calle Bolognesi N° 181,2024
PIURA,HUANCABAMBA,HUANCABAMBA,PAP HUANCABAMBA,OPERATIVO,08:45 a 16:45, Complejo Terminal Terrestre S/N - Stand 14,2024
PIURA,MORROPON,CHULUCANAS,AG CHULUCANAS,OPERATIVO,08:45 a 16:45,Jirón Cuzco N° 202,2024
PIURA,PAITA,PAITA,PAP PAITA,OPERATIVO,08:45 a 16:45,Jirón San Martin S/N Plaza de Armas - Municipalidad de Paita,2024
PIURA,SULLANA,SULLANA,OR SULLANA,OPERATIVO,08:45 a 16:45,Calle Leoncio Prado Nº 517 ,2024
PIURA,TALARA,PARIÑAS,AG TALARA,OPERATIVO,08:45 a 16:45,Avenida Mártires Petroleros B-3 Conjunto Habitacional - Talara,2024
PIURA,SECHURA,SECHURA,PAP SECHURA,OPERATIVO,08:45 a 16:45,Calle Dos de Mayo Nº 618 - Plaza de Armas - Municipalidad de Sechura,2024
PIURA,PIURA,TAMBO GRANDE,PAP TAMBOGRANDE,OPERATIVO,08:45 a 16:45,Jirón Piura 375,2024
PIURA,PIURA,PIURA,MAC - PIURA,OPERATIVO,08:30 a 16:30,Avenida Sanchez Cerro con Wiesse Centro Comercial Real Plaza,2024
PIURA,PAITA,PAITA,ORA HOSPITAL LAS MERCEDES-PAITA (MINSA),OPERATIVO,08:45 a 16:30, Zona Industrial Sector II Mz. H Lt. 1 Jr. Los Pescadores S/N ,2024
TUMBES,TUMBES,TUMBES,OR TUMBES,OPERATIVO,08:45 a 16:45,Avenida Tumbes Norte  Nº 550,2024
TUMBES,CONTRALMIRANTE VILLAR,ZORRITOS,PANP CONTRALMIRANTE VILLAR - ZORRITOS,DESPLAZAMIENTO,08:45 a 16:45,Avenida Grau Nº 305,2024
TUMBES,ZARUMILLA,ZARUMILLA,PAP ZARUMILLA,OPERATIVO,08:45 a 16:45,Avenida El Ejérrcito Nº 105 - Interior Biblioteca Municipal,2024
LAMBAYEQUE,LAMBAYEQUE,OLMOS,PANP OLMOS,DESPLAZAMIENTO,08:45 a 16:45,Avenida A. B. Leguía/Calle Alfonso Ugarte,2024
PIURA,PIURA,TAMBO GRANDE,ORA TAMBO GRANDE (MINSA),OPERATIVO,08:45 a 16:30,"Avenida Froilan Alama,, AA.HH.Froilan Alama",2024
LAMBAYEQUE,LAMBAYEQUE,LAMBAYEQUE,ORA HOSPITAL PROVINCIAL DOCENTE BELEN-LAMBAYEQUE (MINSA),OPERATIVO,08:45 a 16:30,Avenida Ramón Castilla Nº 597,2024
TUMBES,TUMBES,TUMBES,ORA HOSPITAL REGIONAL JOSE ALFREDO MENDOZA OLAVARRIA JAMO II-2 (MINSA),OPERATIVO,08:45 a 16:30,Avenida 24 de Julio Nº 565 ,2024
PIURA,PIURA,CATACAOS,ORA CENTRO DE SALUD MATERNO INFANTIL-CATACAOS (MINSA),OPERATIVO,08:45 a 16:30,Avenida Cayetano Heredia 1108 - Catacos,2024
PIURA,PIURA,Veintises de Octubre,ORA HOSPITAL DE LA AMISTAD PERU - COREA SANTA ROSA II-2 (MINSA),OPERATIVO,08:45 a 16:30,Avenida Prolongación Av. Grau/Av. Chulucanas ,2024
LAMBAYEQUE,CHICLAYO,CHICLAYO,ORA HOSPITAL REGIONAL LAMBAYEQUE (MINSA),OPERATIVO,08:45 a 16:30,Avenida Intersección de Carretera Panamerica Norte y Vía de Evitamiento S/N,2024
PIURA,MORROPON,CHULUCANAS,ORA HOSPITAL DE APOYO CHULUCANAS (MINSA),OPERATIVO,08:45 a 16:30,Calle Daniel alcides carrion S/N Asent .H. vate manrique,2024
LA LIBERTAD,TRUJILLO,TRUJILLO,ORA REGIONAL DOCENTE DE TRUJILLO (MINSA),OPERATIVO,08:45 a 13:00 - 14:00 a 16:30,Avenida Mansiche Nº 795,2024
CAJAMARCA,CAJAMARCA,CAJAMARCA,ORA REGIONAL CAJAMARCA (MINSA),OPERATIVO,08:45 a 13:00 - 14:00 a 16:30 ,Jirón Larry Jhonson S/N Cdra. 8,2024
LA LIBERTAD,TRUJILLO,TRUJILLO,ORA HOSPITAL BELEN DE TRUJILLO (MINSA),OPERATIVO,08:45 a 16:30,Calle Bolívar Nº 350,2024
CAJAMARCA,CAJAMARCA,CAJAMARCA,OR CAJAMARCA,OPERATIVO,08:45 a 16:45,Jirón Del Comercio Nº 633,2024
CAJAMARCA,CAJABAMBA,CAJABAMBA,PAP CAJABAMBA,OPERATIVO,08:45 a 16:45,Jirón Miguel Grau Nº 224-226-228 Mz. 31 Lt. 2 ,2024
CAJAMARCA,CELENDIN,CELENDÍN,PAP CELENDIN,OPERATIVO,08:45 a 16:45,Jirón Pardo N° 610,2024
CAJAMARCA,CONTUMAZA,CONTUMAZÁ,PAP CONTUMAZA,OPERATIVO,08:45 a 13:00 - 14:00 a 16:45 ,Jirón Miguel Grau Nº 212,2024
CAJAMARCA,HUALGAYOC,BAMBAMARCA,PAP HUALGAYOC,OPERATIVO,08:45 a 16:45,Jirón 07 de Junio Nº 470,2024
CAJAMARCA,SAN MIGUEL,SAN MIGUEL,PAP SAN MIGUEL,OPERATIVO,08:45 a 13:00 - 14:00 a 16:45 ,Jirón Bolognesi N° 364,2024
CAJAMARCA,SAN MARCOS,PEDRO GÁLVEZ,PAP SAN MARCOS,OPERATIVO,08:45 a 16:45,Jirón Alfonso Ugarte N° 325 (Mz. 46 Lt. 17 Centro Poblado San Marcos).,2024
CAJAMARCA,SAN PABLO,SAN PABLO,PAP SAN PABLO,OPERATIVO,08:45 a 13:00 - 14:00 a 16:45 ,Jirón Plaza de Armas S/N,2024
LA LIBERTAD,TRUJILLO,VICTOR LARCO HERRERA,OR TRUJILLO II,OPERATIVO,08:45 a 16:45,Avenida Víctor Larco N° 1096. Urb. Vista Alegre,2024
LA LIBERTAD,PATAZ,PARCOY,OR PARCOY,OPERATIVO,08:45 a 13:00 - 14:00 a 16:45 ,Jirón San Martín N° 859,2024
LA LIBERTAD,TRUJILLO,TRUJILLO,OR TRUJILLO ,OPERATIVO,08:45 a 16:45,Avenida Pablo Casals Mz. A Lt. 6 Urb. Los Cedros,2024
LA LIBERTAD,BOLIVAR,BOLÍVAR,PAP BOLIVAR,OPERATIVO,08:45 a 13:00 - 14:00 a 16:45 ,Jirón Bolivar S/N - Mz. 20 Lt. 8,2024
LA LIBERTAD,SANCHEZ CARRION,HUAMACHUCO,AG SANCHEZ CARRION,OPERATIVO,08:45 a 16:45,Jirón Alfonso Ugarte N° 567,2024
LA LIBERTAD,OTUZCO,OTUZCO,AG OTUZCO,OPERATIVO,08:45 a 16:45,Pasaje Elías Armas Castillo Lt. 5-E1 Mz. 28,2024
LA LIBERTAD,PACASMAYO,SAN PEDRO DE LLOC,AG PACASMAYO,OPERATIVO,08:45 a 16:45,Jirón Alianza Nº 524,2024
LA LIBERTAD,PATAZ,TAYABAMBA,PAP PATAZ,OPERATIVO,08:45 a 13:00 - 14:00 a 16:45 ,Jirón Sucre 337 1er Piso Centro Civico,2024
LA LIBERTAD,SANTIAGO DE CHUCO,SANTIAGO DE CHUCO,PAP SANTIAGO DE CHUCO,OPERATIVO,08:45 a 13:00 - 14:00 a 16:45 ,Calle Luis de La Puente Uceda  Nº 1120,2024
LA LIBERTAD,ASCOPE,ASCOPE,PAP ASCOPE,OPERATIVO,08:45 a 16:45,"Calle Miguel Grau N° 879, Ascope - 1er Piso",2024
LA LIBERTAD,CHEPEN,CHEPÉN,PAP CHEPEN,OPERATIVO,08:45 a 16:45,Calle Manuel Seoane  N° 136. Chepen,2024
LA LIBERTAD,GRAN CHIMU,CASCAS,PAP GRAN CHIMU,OPERATIVO,08:45 a 13:00 - 14:00 a 16:45 ,Jr. San Martin S/N ,2024
LA LIBERTAD,VIRU,VIRU,PAP VIRU,OPERATIVO,08:45 a 16:45,  Mz. A Lt. N° 08 Urb. Las Palmeras,2024
CAJAMARCA,HUALGAYOC,BAMBAMARCA,ORA BAMBAMARCA - TITO VILLAR CABEZAS (MINSA),OPERATIVO,08:45 a 13:00 - 14:00 a 16:30,Caserío El Frutillo. Bambamarca,2024
CAJAMARCA,CELENDIN,CELENDÍN,ORA DE APOYO CELENDIN (MINSA),OPERATIVO,08:45 a 13:00 - 14:00 a 16:30 ,Avenida Túpac Amaru Cdra. 4,2024
CAJAMARCA,CAJABAMBA,CAJABAMBA,ORA HOSPITAL NUESTRA SEÑORA DEL ROSARIO (MINSA),OPERATIVO,08:45 a 13:00 - 14:00 a 16:30,Jirón La Torre N° 277,2024
CAJAMARCA,SAN MARCOS,PEDRO GÁLVEZ,ORA SAN MARCOS (MINSA),OPERATIVO,08:45 a 13:00 - 14:00 a 16:30,Avenida 28 de Julio S/N Cdra.2,2024
LA LIBERTAD,TRUJILLO,EL PORVENIR,OR EL PORVENIR,OPERATIVO,08:45 a 16:45,Jirón Gabriel Aguilar Nº 1657. 2do piso.,2024
LA LIBERTAD,TRUJILLO,ALTO TRUJILLO,OR ALTO TRUJILLO,OPERATIVO,08:45 a 16:45, Barrio 3 Mz T Lt. 2,2024
CAJAMARCA,CAJAMARCA,CAJAMARCA,ORA SIMON BOLIVAR (MINSA),OPERATIVO,08:45 a 13:00 - 14:00 a 16:30,Avenida Mario Urteaga N° 500,2024
LA LIBERTAD,PACASMAYO,GUADALUPE,ORA DE APOYO TOMÁS LAFORA (MINSA),OPERATIVO,08:45 a 13:00 - 14:00 a 16:30,Calle La Victoria S/N,2024
CAJAMARCA,CAJAMARCA,LOS BAÑOS DEL INCA,ORA BAÑOS DEL INCA (MINSA),OPERATIVO,08:45 a 13:00 - 14:00 a 16:30,Jirón Pachacútec N° 489,2024
LA LIBERTAD,TRUJILLO,LA ESPERANZA,ORA DISTRITAL JERUSALEN (MINSA),OPERATIVO,08:45 a 13:00 - 14:00 a 16:30 ,Pasaje 1 Barrio 3 Mz. 20 Lt. 02 Sector Jerusalén,2024
LA LIBERTAD,PATAZ,CHILLIA,AG CHILLIA,OPERATIVO,08:45 a 13:00 - 14:00 a 16:45 ,Jirón Miraflores S/N,2024
LA LIBERTAD,SANTIAGO DE CHUCO,SANTIAGO DE CHUCO,ORA DE APOYO CESAR ABRAHAM VALLEJO MENDOZA (MINSA),OPERATIVO,08:45 a 13:00 - 14:00 a 16:30 ,Calle Gustavo Pinillo S/N - Barrio San Cristobal,2024
LA LIBERTAD,CHEPEN,CHEPEN,ORA DE APOYO CHEPEN (MINSA),DESPLAZAMIENTO,08:45 a 13:00 - 14:00 a 16:30 ,Avenida 28 de Julio S/N,2024
LA LIBERTAD,SANCHEZ CARRION,HUAMACHUCO,ORA DE APOYO LEONCIO PRADO (MINSA),OPERATIVO,08:45 a 13:00 - 14:00 a 16:30 ,Avenida 10 de Julio N° 209,2024
LA LIBERTAD,OTUZCO,OTUZCO,ORA DE APOYO OTUZCO ELPIDIO BEROVIDES PEREZ (MINSA),OPERATIVO,08:45 a 13:00 - 14:00 a 16:30 ,Calle Progreso N° 385,2024
LA LIBERTAD,ASCOPE,PAIJAN,ORA PAIJAN (MINSA),DESPLAZAMIENTO,08:45 a 13:00 - 14:00 a 16:30 ,Carretera Vía Panamericana S/N Sector Manco Capac,2024
CAJAMARCA,CAJAMARCA,CAJAMARCA,MAC - CAJAMARCA,OPERATIVO,08:30 a 16:30,Avenida Via De Evitamiento. Jr. El Mutuy y Av. La Cantuta - Cajamarca - Centro Comercial Real Plaza 2do. Piso,2024
LA LIBERTAD,TRUJILLO,TRUJILLO,MAC - LA LIBERTAD,OPERATIVO,08:30 a 16:30,"Avenida Centro Comercial Real Plaza de Trujillo -Fundo Las Casuarinas, Sub Lote predio A; Intersección , Av. Fátima 1345, Trujillo, La Libertad",2024
LA LIBERTAD,VIRU,VIRU,ORA PROVINCIAL DE VIRÚ (MINSA),OPERATIVO,08:45 a 13:00 - 14:00 a 16:30,Calle Sucre Nº 799,2024
LA LIBERTAD,TRUJILLO,TRUJILLO,ORA HOSPITAL VÍCTOR LAZARTE ECHEGARAY (ESSALUD),OPERATIVO,08:45 a 13:00 - 14:00 a 16:30 ,Avenida Prolongación Unión 1375,2024
SAN MARTIN,SAN MARTIN,TARAPOTO,ORA HOSPITAL TARAPOTO (MINSA),OPERATIVO,08:45 a 16:30,Jirón Angel Delgado Morey Nº 503,2024
LORETO,DATEM DEL MARAÑON,BARRANCA,PAP DATEM DEL MARAÑON,OPERATIVO,08:45 a 16:45,Calle Tigre Mz. 31 Lt. 08 - San Lorenzo,2024
SAN MARTIN,RIOJA,NUEVA CAJAMARCA,AG NUEVA CAJAMARCA,OPERATIVO,08:45 a 16:45,Carretera Fernando Belaunde Terry Altura del Km. 447.50 ,2024
LORETO,ALTO AMAZONAS,YURIMAGUAS,AG ALTO AMAZONAS,OPERATIVO,08:45 a 16:45,Calle Mariscal Castilla N° 411,2024
SAN MARTIN,MOYOBAMBA ,MOYOBAMBA,ORA HOSPITAL MOYOBAMBA (MINSA),OPERATIVO,08:45 a 16:30,Jirón Grau cuadra 4,2024
SAN MARTIN,MOYOBAMBA ,MOYOBAMBA,AG MOYOBAMBA,OPERATIVO,08:45 a 16:45,Jirón Dos de Mayo Mz. 1530 Lt. 14 (837),2024
SAN MARTIN,HUALLAGA,SAPOSOA,AG HUALLAGA,OPERATIVO,08:45 a 16:45,Jirón Lima N° 591,2024
SAN MARTIN,LAMAS,LAMAS,AG LAMAS,OPERATIVO,08:45 a 16:45,Jirón San Martín N° 984,2024
SAN MARTIN,MARISCAL CACERES,JUANJUI,AG MARISCAL CACERES,OPERATIVO,08:45 a 16:45,Jirón Eduardo Peña Meza N° 772 ,2024
SAN MARTIN,RIOJA,RIOJA,OR RIOJA,OPERATIVO,08:45 a 16:45,Jirón Angaiza N° 530,2024
SAN MARTIN,SAN MARTIN ,TARAPOTO,OR TARAPOTO,OPERATIVO,08:45 a 16:45,Jirón Jiménez Pimentel N° 280 ,2024
SAN MARTIN,BELLAVISTA,BELLAVISTA,AG BELLAVISTA,OPERATIVO,08:45 a 16:45,Jirón Huallaga - Iquitos Mz. 7 Lt. 27 - A.  1er. Piso,2024
SAN MARTIN,PICOTA,PICOTA,AG PICOTA,OPERATIVO,08:45 a 16:45,"Jirón Simón Bolívar, cuadra 4",2024
LORETO,DATEM DEL MARAÑON,BARRANCA,ORA SAN LORENZO - NUCLEO BASE (MINSA),OPERATIVO,08:45 a 16:30,Barrio Daniel Alcides Carrión S/N - Barrio Huacachina,2024
SAN MARTIN,SAN MARTIN ,LA BANDA DE SHILCAYO,AG LA BANDA DE SHILCAYO,OPERATIVO,08:45 a 16:45,Jirón Yurimaguas N° 340,2024
SAN MARTIN,MARISCAL CACERES,JUANJUI,ORA HOSPITAL JUANJUI (MINSA),OPERATIVO,08:45 a 16:30,Jirón Arica N° 205,2024
SAN MARTIN,RIOJA,RIOJA,ORA HOSPITAL DE RIOJA (MINSA),OPERATIVO,08:45 a 16:30,Jirón Túpac Amaru S/N,2024
SAN MARTIN,SAN MARTIN,MORALES,PANP MORALES,OPERATIVO,08:45 a 16:45,Jirón Tarapoto N° 116 Plaza de Armas,2024
LORETO,MAYNAS,PUNCHANA,"ORA HOSPITAL REGIONAL DE LORETO ""FELIPE ARRIOLA IGLESIAS""",OPERATIVO,08:45 a 16:30,Avenida 28 de Julio S/N,2024
LORETO,MAYNAS,IQUITOS,"ORA HOSPITAL IQUITOS ""CESAR GARAYAR GARCIA""",OPERATIVO,08:45 a 16:30,Calle Cornejo Portugal 1710,2024
LORETO,MAYNAS,BELÉN,OR BELEN,OPERATIVO,08:45 a 16:45,Calle Miraflores S/N P. J. 09 de Octubre,2024
LORETO,MAYNAS,IQUITOS,OR IQUITOS,OPERATIVO,08:45 a 16:45,Jirón Próspero Nº 201,2024
LORETO,LORETO,NAUTA,PAP NAUTA,OPERATIVO,08:45 a 16:45,Cal. Manuel Pacaya N° 570 centro cívico,2024
LORETO,REQUENA,REQUENA,PAP REQUENA,OPERATIVO,08:45 a 16:45,Calle San Antonio S/N Anexo Hotel Municipal,2024
LORETO,MARISCAL RAMON CASTILLA,RAMON CASTILLA,PAP MARISCAL RAMON CASTILLA - CABALLOCOCHA,OPERATIVO,08:45 a 16:45,Calle Ayacucho Mz. 22 Lt. 4 C con Amazonas S/N - Local Municipal,2024
LORETO,MAYNAS,SAN JUAN BAUTISTA,OR SAN JUAN BAUTISTA,OPERATIVO,08:45 a 16:45,Avenida Abelardo Quiñones Nº 2371 Km. 2.5 ,2024
LORETO,MARISCAL RAMON CASTILLA,YAVARI,PAP YAVARI,OPERATIVO,08:45 a 16:45,Calle Nueva Jerusalen S/N Local Municipal,2024
LORETO,PUTUMAYO,PUTUMAYO,PAP PUTUMAYO,OPERATIVO,08:45 a 16:45,Calle Arequipa S/N,2024
LORETO,MAYNAS,PUNCHANA,PAP PUNCHANA,OPERATIVO,08:45 a 16:45,"Calle Cusco S/N, cuadra 5, esquina con Trujillo.",2024
LORETO,REQUENA,REQUENA,ORA REQUENA,OPERATIVO,08:45 a 16:30,Calle Mártires del Petroléo S/N - Malecon Grau,2024
LORETO,MARISCAL RAMON CASTILLA,RAMON CASTILLA,ORA CABALLOCOCHA,OPERATIVO,08:45 a 16:30,Calle Progreso N° 425,2024
LORETO,MAYNAS,PUNCHANA,MAC - LORETO,OPERATIVO,08:30 a 16:30,Avenida La Marina Nº  1338,2024
LORETO,MAYNAS,IQUITOS,PVM - OR IQUITOS,OPERATIVO,08:45 a 16:45,Jirón Próspero Nº 201,2024
ANCASH,SANTA,CHIMBOTE,OR SANTA,OPERATIVO,08:45 a 16:45,Jirón Enrique Palacios Nº 504-506 esquina con Jr. Ladislao Espinar Nº 401,2024
ANCASH,SANTA,CHIMBOTE,CENTRO MAC ANCASH (MegaPlaza Chimbote),OPERATIVO,08:30 a 16:30," Mz. B Lt. 1-A-1-A2 Sector Parque Gran Chavín, Centro Comercial Megaplaza Chimbote",2024
ANCASH,SANTA,NUEVO CHIMBOTE,AG NUEVO CHIMBOTE,OPERATIVO,08:45 a 16:45, Mz. 74-75 Lt. 1 del Centro Cívico de la Municipalidad Distrital de Nuevo Chimbote,2024
ANCASH,HUARAZ,HUARAZ,AG HUARAZ,OPERATIVO,08:45 a 16:45,"Jirón Agustin Loly N° 756, Mz. 29A Lt. 27, Barrio La Soledad Alta, intersección con Jr. Agustin Mejía",2024
ANCASH,HUAYLAS,CARAZ,AG HUAYLAS,OPERATIVO,08:45 a 16:45,Jirón Raimondi N° 215,2024
ANCASH,HUARI,HUARI,AG HUARI,OPERATIVO,08:45 a 16:45,Jirón Libertad Mz. P2 Lt. 003,2024
ANCASH,POMABAMBA,POMABAMBA,AG POMABAMBA,OPERATIVO,08:45 a 16:45,Jirón Huaraz Nº 369,2024
ANCASH,SIHUAS,SIHUAS,AG SIHUAS,OPERATIVO,08:45 a 16:45,"Jirón Gomes Arias 106, Barrio Pingullo Alto",2024
ANCASH,PALLASCA,PAMPAS,AG PAMPAS,OPERATIVO,08:45 a 16:45,Calle Plaza de Armas S/N - Municipalidad Distrital de Pampas - 1er piso,2024
ANCASH,CASMA,CASMA,PAP CASMA,OPERATIVO,08:45 a 16:45, Sector Hijuela Mz. C Lt. 13 del Centro Cívico de la Municipalidad Provincial de Casma,2024
ANCASH,HUARMEY,HUARMEY,PAP HUARMEY,OPERATIVO,08:45 a 16:45, 1er. Pabellón S/N del Centro Cívico de la Municipalidad Provincial de Huarmey,2024
ANCASH,RECUAY,RECUAY,PAP RECUAY,OPERATIVO,08:45 a 16:45,Calle Plaza de Armas Nº 180 Municipalidad Distrital de Recuay,2024
ANCASH,CARHUAZ,CARHUAZ,PAP CARHUAZ,OPERATIVO,08:45 a 16:45,Avenida La Merced Nº 1006,2024
ANCASH,YUNGAY,YUNGAY,PAP YUNGAY,OPERATIVO,08:45 a 16:45,Avenida Arias Grazziani Lt. 1-2 Centro Cívico de la Municipalidad Provincial de Yungay,2024
ANCASH,CARLOS FERMIN FITZCARRALD,SAN LUÍS,PAP CARLOS FERMÍN FITZCARRALD,OPERATIVO,08:45 a 16:45,Avenida Ramón Castilla N° 320 - 1er. piso Centro Cívico de la Municipalidad Provincial de C. F. Fitzcarrald,2024
ANCASH,MARISCAL LUZURIAGA,PISCOBAMBA,PAP MARISCAL LUZURIAGA,OPERATIVO,08:45 a 16:45,"Jirón San Pablo S/N, Centro Cívico de la Municipalidad Provincial de Mariscal Luzuriaga",2024
ANCASH,SANTA,CHIMBOTE,ORA HOSPITAL LA CALETA (Chimbote),OPERATIVO,08:45 a 16:30,Avenida Malecon Grau S/N,2024
ANCASH,SANTA,CHIMBOTE,ORA HOSPITAL ESSALUD III CHIMBOTE,OPERATIVO,08:45 a 16:30,Avenida Circunvalación Nº 119 Urb. Laderas del Norte,2024
ANCASH,SANTA,NUEVO CHIMBOTE,ORA HOSPITAL ELEAZAR GUZMÁN BARRÓN (Nuevo Chimbote),OPERATIVO,08:45 a 16:30,"Avenida Brasil S/N, Urb. Santa Cristina (Hospital Regional Eleazar Guzmán Barrón puerta de Emergencia)",2024
ANCASH,HUARAZ,HUARAZ,ORA HOSPITAL VÍCTOR RAMOS GUARDIA (Huaraz),OPERATIVO,08:45 a 16:30,"Avenida Mariscal Luzuriaga cdra. 01, cruce con Jr. Pedro Villón cdra. 10",2024
ANCASH,HUAYLAS,CARAZ,ORA HOSPITAL DE APOYO CARAZ,OPERATIVO,08:45 a 16:30,Avenida 9 de Octubre S/N,2024
ANCASH,HUARI,HUARI,ORA HOSPITAL DE APOYO HUARI,OPERATIVO,08:45 a 16:30,Avenida Circunvalación Baja S/N,2024
ANCASH,CORONGO,CORONGO,PANP CORONGO,DESPLAZAMIENTO,08:45 a 16:45,"Jirón Grau N° 206, primer piso de la Municipalidad Provincial de Corongo",2024
ANCASH,PALLASCA,CABANA,PANP PALLASCA,DESPLAZAMIENTO,08:45 a 16:45,"Avenida Plaza de Armas N° 103, primer piso de la Municipalidad Provincial de Pallasca",2024
ANCASH,AIJA,AIJA,PANP AIJA,DESPLAZAMIENTO,08:45 a 16:45,"Jirón Gavino Uribe S/N Plaza de Armas, 1er piso de la Municipalidad Provincial de Aija",2024
ANCASH,BOLOGNESI,CHIQUIAN,PANP BOLOGNESI,DESPLAZAMIENTO,08:45 a 16:45,"Jirón Tacna 320, primer piso del Centro Cívico de la Municipalidad Distrital de Chiquian",2024
ANCASH,YUNGAY,YANAMA,AG YANAMA,DESPLAZAMIENTO,08:45 a 16:45,Jirón Yungay S/N cdra. 03,2024
ANCASH,MARISCAL LUZURIAGA,LLUMPA,PANP LLUMPA,DESPLAZAMIENTO,08:45 a 16:45, Plaza de Armas S/N,2024
ANCASH,ASUNCION,CHACAS,PANP ASUNCIÓN,DESPLAZAMIENTO,08:45 a 16:45,Jirón Coliseo de Chacas S/N,2024
ANCASH,HUARI,CHAVIN DE HUANTAR,PANP CHAVÍN DE HUANTAR,DESPLAZAMIENTO,08:45 a 16:45,"Jirón San Martin S/N, 1er piso del Centro Cívico de la Municipalidad Distrital de Chavin de Huantar",2024
ANCASH,HUARI,SAN MARCOS,PANP SAN MARCOS ,DESPLAZAMIENTO,08:45 a 16:45,"Jirón Progreso 332, Plaza de Armas de San Marcos",2024
ANCASH,HUACAYBAMBA,HUACAYBAMBA,PANP HUACAYBAMBA,DESPLAZAMIENTO,08:45 a 16:45,"Avenida El Ejercito S/N Barrio San Pedro, 1er piso Municipalidad Provincial de Huacaybamba",2024
ANCASH,ANTONIO RAIMONDI,LLAMELLIN,PANP ANTONIO RAIMONDI,DESPLAZAMIENTO,08:45 a 16:45,Jirón Simón Bolívar N° 229,2024
ANCASH,HUARI,UCO,PANP UCO,DESPLAZAMIENTO,08:45 a 16:45,"Jirón Nicolas de Piérola S/N Plaza de Armas, 1er piso de la Municipalidad Distrital de Uco",2024
JUNIN,HUANCAYO,EL TAMBO,OR HUANCAYO,OPERATIVO,08:45 a 16:45,Avenida MARISCAL CASTILLA Nº 1801,2024
JUNIN,TARMA,TARMA,AG TARMA,OPERATIVO,08:45 a 16:45,Jirón AREQUIPA Nº 939,2024
JUNIN,CHANCHAMAYO,LA MERCED,AG CHANCHAMAYO,OPERATIVO,08:45 a 16:45,Prolongación TARMA Nº 236,2024
JUNIN,SATIPO,PANGOA,PAP PANGOA,OPERATIVO,08:45 a 16:45,Calle 07 DE JUNIO Nº 641 PLAZA PRINCIPAL CENTRO CIVICO,2024
JUNIN,SATIPO,MAZAMARI,PAP MAZAMARI,OPERATIVO,08:45 a 16:45,Avenida SAN JUAN N° 377,2024
JUNIN,CONCEPCION,CONCEPCIÓN,PAP CONCEPCIÓN,OPERATIVO,08:45 a 16:45,Jirón RICARDO PALMA S/N MERCADO MODELO INTERIOR 1 ,2024
JUNIN,JAUJA,JAUJA,PAP JAUJA,OPERATIVO,08:45 a 16:45,Jirón SUCRE N° 889,2024
JUNIN,JUNIN,JUNIN,PAP JUNIN,OPERATIVO,08:45 a 16:45,Jirón SIMÓN BOLIVAR N° 820,2024
JUNIN,YAULI,SANTA ROSA DE SACCO,PAP YAULI,OPERATIVO,08:45 a 16:45,Avenida MIGUEL GRAU N° 309,2024
JUNIN,SATIPO,SATIPO,PAP SATIPO,OPERATIVO,08:45 a 16:45,Avenida MICAELA BASTIDAS Y JR. AUGUSTO B. LEGUIA CENTRO CIVICO ,2024
JUNIN,CHUPACA,CHUPACA,PAP CHUPACA,OPERATIVO,08:45 a 16:45,Jirón GRAU N° 195 - CENTRO CÍVICO,2024
JUNIN,CHANCHAMAYO,PICHANAQUI,PAP PICHANAQUI,OPERATIVO,08:45 a 16:45,Jirón INDEPENDENCIA S/N COLISEO MUNICIPAL,2024
JUNIN,HUANCAYO,HUANCAYO,"ORA REGIONAL DOCENTE MATERNO INFANTIL ""EL CARMEN""",OPERATIVO,08:45 a 16:30,Jirón PUNO Nº 911,2024
JUNIN,TARMA,TARMA,ORA DE APOYO FELIX MAYORCA SOTO,OPERATIVO,08:45 a 16:30,Avenida PACHECO Nº 362,2024
JUNIN,JAUJA ,JAUJA ,ORA HOSPITAL DOMINGO OLAVEGOYA,OPERATIVO,08:45 a 16:30,Jirón SAN MARTÍN Nº 1153 URB. OLAVEGOYA ,2024
JUNIN,SATIPO,SATIPO,ORA DE APOYO MANUEL HIGA ARAKAKI,OPERATIVO,08:45 a 16:30,Calle DANIEL ALCIDES CARRIÓN Nº 398,2024
JUNIN,CHANCHAMAYO ,PICHANAQUI,ORA HOSPITAL DE APOYO PICHANAQUI,OPERATIVO,08:45 a 16:30,Avenida SAN MARTÍN S/N PICHANAKI,2024
JUNIN,HUANCAYO,HUANCAYO,ORA LA LIBERTAD,DESPLAZAMIENTO,08:45 a 16:30,Jirón LA VITORIA 1001,2024
JUNIN,CHANCHAMAYO,LA MERCED,ORA HOSPITAL REGIONAL DOCENTE DE MEDICINA TROPICAL DR. JULIO DEMARINI CARO,OPERATIVO,08:45 a 16:30,Avenida DANIEL A. CARRION S/N AV. PAMPA DEL CARMEN S/N,2024
JUNIN,HUANCAYO,EL TAMBO,ORA HOSPITAL NACIONAL RAMIRO PRIALE,DESPLAZAMIENTO,08:45 a 16:30,Avenida INDEPENDENCIA Nº 266,2024
JUNIN,HUANCAYO,CHILCA,ORA CHILCA,DESPLAZAMIENTO,08:45 a 16:30,Jirón HUMBOLT Nº 900,2024
JUNIN,HUANCAYO,HUANCAYO,MAC JUNIN,OPERATIVO,08:30 a 16:30,Avenida FERROCARRIL N° 146 - 150 - CENTRO COMERCIAL OPEN PLAZA,2024
JUNIN,HUANCAYO,EL TAMBO,PVM - OR HUANCAYO,OPERATIVO,08:45 a 16:45,AVENIDA MARISCAL CASTILLA Nº 1801,2024
AYACUCHO,HUAMANGA,AYACUCHO,"ORA HOSPITAL REGIONAL DE AYACUCHO ""MIGUEL ANGEL MARISCAL LLERENA"" (MINSA)",OPERATIVO,08:45 a 16:30,Jirón Daniel Alcides Carrión S/N - 2da cuadra.,2024
AYACUCHO,LA MAR,AYNA,PAP AYNA -SAN FRANCISCO,OPERATIVO,08:45 a 16:45,Avenida 28 de Julio S/N San Francisco,2024
AYACUCHO,HUAMANGA,AYACUCHO,OR HUAMANGA,OPERATIVO,08:45 a 16:45,"Jirón San Martin Nº 473, 475, 477 y 477A",2024
AYACUCHO,CANGALLO,CANGALLO,PAP CANGALLO,OPERATIVO,08:45 a 16:45,Jirón Maria Parado de Bellido Nº 205,2024
AYACUCHO,HUANTA,HUANTA,AG HUANTA,OPERATIVO,08:45 a 16:45,Jirón Ayacucho N° 305,2024
AYACUCHO,LA MAR,SAN MIGUEL,PAP LA MAR,OPERATIVO,08:45 a 16:45,Jirón Maria Parado de Bellido S/N ,2024
AYACUCHO,VICTOR FAJARDO,HUANCAPI,PAP VICTOR FAJARDO,OPERATIVO,08:45 a 16:45, Plaza Principal Nº 127,2024
AYACUCHO,HUANCA SANCOS,SANCOS,PAP HUANCASANCOS,OPERATIVO,08:45 a 16:45,Avenida Progreso S/N Consejo Provincial de Huanca Sancos,2024
AYACUCHO,VILCAS HUAMAN,VILCAS HUAMAN,PAP VILCASHUAMAN,OPERATIVO,08:45 a 16:45,Avenida Los Incas Nº 222,2024
AYACUCHO,SUCRE,QUEROBAMBA,PAP SUCRE,OPERATIVO,08:45 a 16:45,Jirón San Martin S/N  Plaza de Armas Consejo Provincial de Sucre,2024
AYACUCHO,HUANTA,HUANTA,"ORA HOSPITAL DE APOYO HUANTA ""DANIEL ALCIDES CARRION"" (MINSA)",OPERATIVO,08:45 a 16:30,Avenida Mariscal Castilla Nº 628,2024
AYACUCHO,LA MAR,SAN MIGUEL,ORA SAN MIGUEL (MINSA),DESPLAZAMIENTO,08:45 a 16:30,Avenida Ramon Castilla s/n,2024
AYACUCHO,CANGALLO,CANGALLO,ORA HOSPITAL DE APOYO CANGALLO (MINSA),OPERATIVO,08:45 a 16:30,Jirón Santa Rosa N° 110,2024
CUSCO,LA CONVENCION,PICHARI,PAP PICHARI,OPERATIVO,08:45 a 16:45,Avenida BRASIL S/N,2024
APURIMAC,CHINCHEROS,CHINCHEROS,PAP CHINCHEROS,OPERATIVO,08:45 a 16:45,Jirón COTABAMBAS N° 121,2024
AYACUCHO,LA MAR,SAMUGARI,PAP SAMUGARI -PALMAPAMPA,OPERATIVO,08:45 a 16:45,Jirón Los Laureles S/N – Palmapampa Distrital de Samugari,2024
AYACUCHO,LA MAR,TAMBO,ORA TAMBO (MINSA),OPERATIVO,08:45 a 16:30,Jirón Lima s/n,2024
AYACUCHO,HUAMANGA,JESUS NAZARENO,ORA HOSPITAL DE APOYO JESUS NAZARENO (MINSA),OPERATIVO,08:45 a 16:30,Jirón Ciro Alegría Nº 547,2024
APURIMAC,ANDAHUAYLAS,TALAVERA,OR ANDAHUAYLAS,OPERATIVO,08:45 a 16:45,Jirón Amauta N° 311,2024
APURIMAC,CHINCHEROS,ANCCO HUALLO,ORA  CENTRO DE SALUD URIPA  (MINSA),OPERATIVO,08:45 a 16:30,Avenida  Túpac Amaru S/N – URIPA,2024
APURIMAC,ANDAHUAYLAS,ANDAHUAYLAS,ORA HOSPITAL REGIONAL DOCENTE  HUGO PESCE PESCETTO ANDAHUAYLAS (MINSA),OPERATIVO,08:45 a 16:30,Avenida Hugo Pesce Pesceto S/N,2024
AYACUCHO,HUANTA,SIVIA,ORA HOSPITAL DE APOYO DE SIVIA (MINSA),DESPLAZAMIENTO,08:45 a 16:30,Jirón Gervacio Santillana S/N,2024
CUSCO,LA CONVENCION,KIMBIRI,ORA CENTRO DE SALUD SAN JUAN DE KIMBIRI (MINSA),DESPLAZAMIENTO,08:45 a 16:30,Avenida Aeropuerto S/N,2024
CUSCO,LA CONVENCION,PICHARI,ORA HOSPITAL DE APOYO PICHARI (MINSA),OPERATIVO,08:45 a 16:30,Jirón Amazonas s/n,2024
APURIMAC,CHINCHEROS,CHINCHEROS,ORA HOSPITAL DE APOYO CHINCHEROS (MINSA),OPERATIVO,08:45 a 16:30,Avenida Fernando Belaunde Terry S/N,2024
AYACUCHO,CANGALLO,LOS MOROCHUCOS,ORA PAMPA CANGALLO (MINSA),OPERATIVO,08:45 a 16:30,Avenida María Arguedas S/N,2024
AYACUCHO,HUAMANGA,SAN JUAN BAUTISTA,ORA SAN JUAN BAUTISTA,DESPLAZAMIENTO,08:45 a 16:30,AV. MALVINAS S/N,2024
AREQUIPA,AREQUIPA,AREQUIPA,ORA HOSPITAL REGIONAL HONORIO DELGADO ESPINOZA (MINSA),OPERATIVO,08:45 a 16:30,Avenida Daniel Alcides Carrión N° 505,2024
TACNA,TACNA,TACNA,ORA TACNA (MINSA),OPERATIVO,08:45 a 16:30,Calle Blondel S/N,2024
AREQUIPA,AREQUIPA,AREQUIPA,OR AREQUIPA,OPERATIVO,08:45 a 16:45,Calle San Juan de Dios N° 122 y Santo Domingo N° 101,2024
AREQUIPA,CAYLLOMA,CHIVAY,PAP CAYLLOMA,OPERATIVO,08:45 a 16:45,Calle Siglo XX S/N,2024
AREQUIPA,CAMANA,CAMANA,AG CAMANA,OPERATIVO,08:45 a 16:45,Avenida Mariscal Castilla N° 221,2024
AREQUIPA,CARAVELI,CARAVELÍ,PAP CARAVELI,DESPLAZAMIENTO,08:45 a 16:45,Jirón Bolivar S/N,2024
AREQUIPA,CASTILLA,APLAO,PAP CASTILLA,OPERATIVO,08:45 a 16:45,Calle Progreso S/N,2024
AREQUIPA,CONDESUYOS,CHUQUIBAMBA,PAP CONDESUYOS,OPERATIVO,08:45 a 16:45,Avenida Alameda S/N - Los Tres Errantes,2024
AREQUIPA,ISLAY,MOLLENDO,AG ISLAY,OPERATIVO,08:45 a 16:45,Calle Arequipa Nº 261 ,2024
AREQUIPA,LA UNION,COTAHUASI,PAP LA UNION,OPERATIVO,08:45 a 16:45,Calle Centenario N° 202 - Cotahuasi,2024
MOQUEGUA,MARISCAL NIETO,MOQUEGUA,ORA HOSPITAL REGIONAL MOQUEGUA (MINSA),OPERATIVO,08:45 a 16:30,Avenida Simón Bolívar N° 505,2024
MOQUEGUA,MARISCAL NIETO,SAN ANTONIO,AG MARISCAL NIETO,OPERATIVO,08:45 a 16:45,Avenida Central Mz D-4 Lt. 1,2024
MOQUEGUA,ILO,ILO,AG ILO,OPERATIVO,08:45 a 16:45,Jirón Ayacucho N° 529,2024
AREQUIPA,CAYLLOMA,MAJES,AG MAJES,OPERATIVO,08:45 a 16:45,Avenida Arequipa S/N - Tienda 06 del Estadio Almirante Miguel Grau - Pedregal,2024
AREQUIPA,AREQUIPA,CAYMA,AG CAYMA,OPERATIVO,08:45 a 16:45,Avenida Ramón Castilla S/N - Estadio La Tomilla,2024
TACNA,TACNA,TACNA,AG TACNA,OPERATIVO,08:45 a 16:45,Calle Deustua Nº 173,2024
AREQUIPA,AREQUIPA,AREQUIPA,ORA HOSPITAL III GOYENECHE (MINSA),OPERATIVO,08:45 a 16:30,Avenida Goyeche N° 100,2024
AREQUIPA,CAMANA,CAMANA,ORA HOSPITAL DE CAMANA (MINSA),OPERATIVO,08:45 a 16:30,Avenida Lima 550,2024
AREQUIPA,AREQUIPA,PAUCARPATA,MAC - AREQUIPA,OPERATIVO,08:30 a 16:30,Avenida Porongoche N° 500 Paucarpata - Centro Comercial Mall Aventura ,2024
AREQUIPA,CAYLLOMA,MAJES,ORA HOSPITAL CENTRAL DE MAJES- ANGEL GABRIEL CHURA GALLEGOS (MINSA),OPERATIVO,08:45 a 16:30, Asentamiento B1 lote 1 Irrig. Majes,2024
MOQUEGUA,MARISCAL NIETO,MOQUEGUA,MAC - MOQUEGUA,OPERATIVO,08:30 a 16:30,"Avenida Circunvalación 1B Sub lote 1-A, Moquegua",2024
AREQUIPA,AREQUIPA,AREQUIPA,PAP PASEO CENTRAL,OPERATIVO,08:45 a 16:45,Calle Arturo Ibañez S/N,2024
AREQUIPA,AREQUIPA,CERRO COLORADO,C.S. MARITZA CAMPOS DIAZ (MINSA),OPERATIVO,08:45 a 16:30,Calle Yavari S/N,2024
AREQUIPA,AREQUIPA,PAUCARPATA,HOSPITAL EDMUNDO ESCOMEL (ESSALUD),OPERATIVO,08:45 a 16:30,Avenida EL Cayro S/N,2024
AREQUIPA,AREQUIPA,AREQUIPA,HOSPITAL CARLOS ALBERTO SEGUIN ESCOBEDO (ESSALUD),OPERATIVO,08:45 a 16:30,Calle Peral S/N,2024
AREQUIPA,AREQUIPA,YANAHUARA,ORA HOSPITAL III YANAHUARA (ESSALUD),OPERATIVO,08:45 a 16:30,Avenida Zamácola S/N,2024
AREQUIPA,AREQUIPA,AREQUIPA,PVM - OR AREQUIPA,OPERATIVO,08:45 a 16:45,Calle San Juan de Dios N° 122 y Santo Domingo N° 101,2024
CUSCO,CUSCO,SANTIAGO,ORA ANTONIO LORENA DEL CUSCO (MINSA),OPERATIVO,08:45 a 16:30,Calle Carlos Ugarte S/N Urb. Primavera Cuartel Agustín Gamarra,2024
CUSCO,CUSCO,WANCHAQ,ORA HOSPITAL NACIONAL ADOLFO GUEVARA VELASCO (ESSALUD),OPERATIVO,08:45 a 16:30,Avenida Ancelmo Alvarez S/N,2024
APURIMAC,ABANCAY,ABANCAY,OR ABANCAY,OPERATIVO,08:45 a 16:45,Avenida La Victoria Nº 214,2024
APURIMAC,AYMARAES,CHALHUANCA,PANP AYMARAES,DESPLAZAMIENTO,08:45 a 16:45, Plaza de Armas S/N (Gobernatura De Chalhuanca),2024
APURIMAC,ANTABAMBA,ANTABAMBA,PANP ANTABAMBA,DESPLAZAMIENTO,08:45 a 16:45, Plaza de Armas S / N,2024
APURIMAC,COTABAMBAS,TAMBOBAMBA,PAP TAMBOBAMBA,OPERATIVO,08:45 a 16:45,Avenida Perú - Plaza de Armas S/N - 3er Piso,2024
APURIMAC,GRAU,CHUQUIBAMBILLA,PANP GRAU,DESPLAZAMIENTO,08:45 a 16:45, Plaza de Armas S / N,2024
CUSCO,CUSCO,CUSCO,OR CUSCO,OPERATIVO,08:45 a 16:45,Avenida El Sol N° 272,2024
CUSCO,ACOMAYO,ACOMAYO,PANP ACOMAYO,DESPLAZAMIENTO,08:45 a 16:45, Plaza de Armas S/N,2024
CUSCO,ANTA,ANTA ,PAP ANTA,OPERATIVO,08:45 a 16:45,"Jirón Jaquijahuana  S / N, Izcuchaca",2024
CUSCO,CALCA,CALCA,AG CALCA,OPERATIVO,08:45 a 16:45, Plaza de Armas S/N,2024
CUSCO,CANAS,YANAOCA,PAP CANAS,OPERATIVO,08:45 a 16:45, Plaza de Armas S/N,2024
CUSCO,CANCHIS,SICUANI,AG CANCHIS,OPERATIVO,08:45 a 16:45,Avenida Túpac Amaru N° 163,2024
CUSCO,CHUMBIVILCAS,SANTO TOMAS,PAP CHUMBIVILCAS,OPERATIVO,08:45 a 16:45,Avenida Perú S / N (Ruedo de Toros),2024
CUSCO,ESPINAR,ESPINAR,PAP ESPINAR,OPERATIVO,08:45 a 16:45,Calle Teatro S/N  ,2024
CUSCO,LA CONVENCION,SANTA ANA,AG LA CONVENCION,OPERATIVO,08:45 a 16:45,Avenida Grau Nº 238,2024
CUSCO,PARURO,PARURO,PANP PARURO,DESPLAZAMIENTO,08:45 a 16:45, Plaza de Armas S/N,2024
CUSCO,PAUCARTAMBO,PAUCARTAMBO,PAP PAUCARTAMBO - JR9,OPERATIVO,08:45 a 16:45,Jirón Enrique Yabar S/N,2024
CUSCO,QUISPICANCHI,URCOS,PAP QUISPICANCHI,OPERATIVO,08:45 a 16:45,Jirón Huáscar N° 181,2024
CUSCO,URUBAMBA,URUBAMBA,PAP URUBAMBA,OPERATIVO,08:45 a 16:45,Avenida Conchatupa S/N,2024
MADRE DE DIOS,TAHUAMANU,IBERIA,AG IBERIA,OPERATIVO,08:45 a 16:45,Avenida Máximo Rodríguez N° 124 Plaza de Armas,2024
APURIMAC,ABANCAY,ABANCAY,ORA HOSPITAL REGIONAL GUILLERMO DIAZ DE LA VEGA (MINSA),OPERATIVO,08:45 a 16:30,Avenida Daniel Alcides Carrión S/N,2024
MADRE DE DIOS,TAMBOPATA,TAMBOPATA,OR TAMBOPATA,OPERATIVO,08:45 a 16:45,Jirón Lambayeque N° 159,2024
MADRE DE DIOS,MANU,MANU,PANP MANU,DESPLAZAMIENTO,08:45 a 16:45,Avenida Esperanza S/N - Local Municipal,2024
CUSCO,ACOMAYO,POMACANCHI,AG POMACANCHI,DESPLAZAMIENTO,08:45 a 16:45, Plaza de Armas S/N,2024
CUSCO,CUSCO,CUSCO,ORA HOSPITAL DE APOYO DEPARTAMENTAL CUSCO (MINSA),OPERATIVO,08:45 a 16:30,Avenida La Cultura S/N,2024
CUSCO,CANCHIS,SICUANI,ORA SICUANI (MINSA),OPERATIVO,08:45 a 16:30,Avenida Manuel Callo Zevallos N° 519 - Hospital MINSA Sicuani,2024
MADRE DE DIOS,TAMBOPATA,TAMBOPATA,ORA SANTA ROSA (MINSA),OPERATIVO,08:45 a 16:30,Jirón Cajamarca N° 171,2024
CUSCO,LA CONVENCION,SANTA ANA,ORA QUILLABAMBA (MINSA),OPERATIVO,08:45 a 16:30,Avenida General Gamarra S/N - Hospital Quillabamba,2024
CUSCO,ESPINAR,ESPINAR,ORA ESPINAR (MINSA),OPERATIVO,08:45 a 16:30,Calle Domingo Huarca Cruz S/N Barrio Túpac Amaru  - Hospital Espinar,2024
MADRE DE DIOS,TAHUAMANU,IBERIA,ORA SAN MARTIN DE PORRES DE IBERIA (MINSA),OPERATIVO,08:45 a 16:30,Calle Mocopata S/N,2024
APURIMAC,COTABAMBAS,TAMBOBAMBA,ORA TAMBOBAMBA (MINSA),OPERATIVO,08:45 a 16:30, Hospital Tambobamba,2024
APURIMAC,COTABAMBAS,HAQUIRA,PAP HAQUIRA,OPERATIVO,08:45 a 16:45, Plaza de armas S/N-Haquira,2024
CUSCO,CHUMBIVILCAS,SANTO TOMAS,ORA SANTO TOMAS (MINSA),OPERATIVO,08:45 a 16:30,Calle  Andres Avelino Caceres - Hospital Santo Tomas  ,2024
CUSCO,CHUMBIVILCAS,VELILLE,PANP VELILLE,DESPLAZAMIENTO,08:45 a 16:45, Plaza de Armas - Municipalidad Distrital Velille,2024
CUSCO,CALCA,YANATILE,PANP YANATILE,DESPLAZAMIENTO,08:45 a 16:45, Plaza de Armas - Municipalidad Distrital Yanatile,2024
APURIMAC,ABANCAY,CURAHUASI,PANP CURAHUASI,DESPLAZAMIENTO,08:45 a 16:45, Coliseo Cerrado - Municipalidad de Curahuasi,2024
CUSCO,CUSCO,SANTIAGO,AGENCIA SANTIAGO,OPERATIVO,08:45 a 16:45,Calle Giraldo Ruiz Caro S/N,2024
CUSCO,CUSCO,WANCHAQ,MAC CUSCO,OPERATIVO,08:30 a 16:30,Avenida Collasuyo 2964 - Real Plaza Cusco,2024
MADRE DE DIOS,TAMBOPATA,INAMBARI,AG INAMBARI,DESPLAZAMIENTO,08:45 a 16:45, Plaza de Armas - Municipalidad Provincial de Inambari,2024
CUSCO,CUSCO,CUSCO,PVM - OR CUSCO,OPERATIVO,08:45 a 16:45,Avenida El Sol N° 272,2024
LIMA,LIMA ,JESÚS MARÍA,ORA HOSPITAL NACIONAL EDGARDO REBAGLIATI MARTINS (ESSALUD),OPERATIVO,08:45 a 16:30,Avenida SALAVERRY CDRA. 13 - PUERTA 6,2024
CALLAO,CALLAO,CALLAO,ORA NAC. DANIEL A. CARRIÓN (MINSA),OPERATIVO,08:45 a 16:30,Avenida Guardia Chalaca Nº 2176 - Bellavista,2024
LIMA,LIMA,SAN JUAN DE LURIGANCHO,ORA HOSPITAL SAN JUAN DE LURIGANCHO (MINSA),OPERATIVO,08:45 a 16:30,Avenida Canto Grande S/N - Altura del paradero 10,2024
LIMA,LIMA,EL AGUSTINO,ORA HOSPITAL NACIONAL HIPOLITO UNANUE (MINSA),OPERATIVO,08:45 a 16:30,Avenida Cesar Vallejo Nº 1390 ,2024
LIMA,LIMA,LIMA,ORA INSTITUTO NACIONAL MATERNO PERINATAL (MINSA),OPERATIVO,08:45 a 16:30,Jirón Miroquesada Nº 941 - Lima,2024
CALLAO,CALLAO,VENTANILLA,OR VENTANILLA,OPERATIVO,08:45 a 16:45,Avenida Pachacutec N° 225 - Sector B - Grupo Residencial B1 - Mz. F1 ,2024
LIMA,LIMA,SANTIAGO DE SURCO,OR SURCO - HIGUERETA,OPERATIVO,08:45 a 16:45,Avenida Santiago de Surco Nº 2807 Urb. Residencial Higuereta,2024
LIMA,LIMA,SAN BORJA,OR SAN BORJA,OPERATIVO,08:45 a 16:45,Avenida San Luis N° 1673 Urb. Jacaranda II,2024
LIMA,LIMA,COMAS,OR COMAS III,OPERATIVO,08:45 a 16:45,Avenida San Felipe Nº 830 Urb. San Felipe,2024
LIMA,LIMA,LIMA,OR QUILCA,OPERATIVO,08:45 a 16:45,Jirón Quilca Nº 501 y 525 ,2024
LIMA,LIMA,LIMA,AG ANCASH,OPERATIVO,08:45 a 16:45,Jirón Ancash Nº 336-340 y 344 (Frente a la Plazuela San Francisco) - Lima,2024
LIMA,LIMA,VILLA MARÍA DEL TRIUNFO,ORA DANIEL ALCIDES CARRION (MINSA),OPERATIVO,08:45 a 16:30,Avenida Pachacutec N° 3470 - Pasando el Terminal Pesquero.,2024
CALLAO,CALLAO,BELLAVISTA,MAC - CALLAO,OPERATIVO,08:30 a 16:30,Avenida Oscar R. Benavides N° 3866 - Centro Comercial Mall Aventura Plaza,2024
LIMA,LIMA,LIMA,OR LIMA,OPERATIVO,08:45 a 16:45,Jirón Nicolás de Piérola N 545,2024
LIMA,LIMA,ATE,OR ATE - Complejo Deportivo Ollantaytambo,OPERATIVO,08:45 a 16:45,Av. Alfonso Ugarte s/n  Complejo Deportivo Ollantaytambo,2024
LIMA,LIMA,ATE,OR ATE - Mac Express de Puruchuco,OPERATIVO,08:45 a 13:00 - 14:00 a 16:45 ,Av. Javier Pardo Este N° 8680  Mac Express - Agencia Municipal Real Plaza de Puruchuco.,2024
LIMA,LIMA,COMAS,OR COMAS I,OPERATIVO,08:45 a 16:45,"Avenida Tupac Amaru N° 5527 - 5531 - 5535, Urb Huaquillay 2da Etapa",2024
LIMA,LIMA,LURIN,OR LURIN,OPERATIVO,08:45 a 16:45,"MZ B, Lote 5 Asociación de Vivienda Familiar Centinela - Lurin",2024
LIMA,LIMA,MIRAFLORES,OR MIRAFLORES,OPERATIVO,08:45 a 16:45,Avenida Ernesto Diez Canseco N° 230,2024
LIMA,LIMA,PUENTE PIEDRA,OR PUENTE PIEDRA,OPERATIVO,08:45 a 16:45,Jirón Ricardo Palma Nº 241,2024
LIMA,LIMA,SAN JUAN DE LURIGANCHO,OR SAN JUAN DE LURIGANCHO,OPERATIVO,08:45 a 16:45,Avenida Las Flores Lote 1 Mz. G Urb. Canto Grande Unidad 7,2024
LIMA,LIMA,SAN JUAN DE MIRAFLORES,OR SAN JUAN DE MIRAFLORES,OPERATIVO,08:45 a 16:45,Avenida Guillermo Billinghurst  N° 767 – 769 Mz. F Lote 18 Urb. SJM Parcela D,2024
LIMA,LIMA,SAN MARTÍN DE PORRES,OR SAN MARTIN DE PORRES,OPERATIVO,08:45 a 16:45,Avenida Eduardo de Habich Nº 590 - 592 con Pedro Paulet N° 589,2024
LIMA,CAJATAMBO,CAJATAMBO,AG CAJATAMBO,OPERATIVO,08:45 a 16:45,Jirón Bolognesi S/N - Comisiones de Regantes -Frente plaza de Armas,2024
LIMA,CANTA,CANTA,AG CANTA,OPERATIVO,08:45 a 16:45,Jirón Independencia Nº 308 Municipio (Plaza de Armas),2024
LIMA,CAÑETE,SAN VICENTE DE CAÑETE,AG CAÑETE,OPERATIVO,08:45 a 16:45,Avenida Los Libertadores Mz. D-3 Lote 4 Urbanización Tercer Mundo,2024
LIMA,HUAURA,HUACHO,AG HUACHO,OPERATIVO,08:45 a 16:45,Avenida Grau Nº 295,2024
LIMA,HUAROCHIRI,MATUCANA,AG MATUCANA,OPERATIVO,08:45 a 16:45,Jirón Tacna S/N  - Centro Civico,2024
LIMA,YAUYOS,YAUYOS,AG YAUYOS,OPERATIVO,08:45 a 16:45,Plaza Plaza Constitución Nº 110,2024
LIMA,HUARAL,HUARAL,AG HUARAL,OPERATIVO,08:45 a 16:45,Pasaje el Palmo esquina con Calle Huaquilla (DEMUNA HUARAL),2024
LIMA,BARRANCA,BARRANCA,OR BARRANCA,OPERATIVO,08:45 a 16:45,Avenida Independencia N° 674 - 676 - 678,2024
LIMA,OYON,OYON,AG OYON,OPERATIVO,08:45 a 16:45,Jirón Unión 216,2024
LIMA,LIMA,LURIGANCHO,OR CHOSICA,OPERATIVO,08:45 a 16:45,Jirón Chucuito Nº 248 ,2024
LIMA,LIMA,PACHACAMAC,OR PACHACAMAC,OPERATIVO,08:45 a 16:45,Avenida Paul Poblet N° 3111 - Dentro del Mercado Jumbo,2024
LIMA,LIMA,JESÚS MARÍA,OR JESUS MARIA,OPERATIVO,08:45 a 16:45,Jirón Talara N° 130-132-134 y 136 Jesús Maria,2024
LIMA,LIMA,CIENEGUILLA,OR CIENEGUILLA,OPERATIVO,08:45 a 16:45,"Avenida San Martin Lote 15, Zona ""D"" Manzana ""D"" Centro Poblado Tambo Viejo",2024
LIMA,LIMA,SANTA ANITA,OR SANTA ANITA,OPERATIVO,08:45 a 16:45,"Avenida Los Eucaliptos Nº 947, Urbanización Universal",2024
LIMA,LIMA,INDEPENDENCIA,OR INDEPENDENCIA,OPERATIVO,08:45 a 16:45,Calle Los Andes Nº 486 Urb. Industrial Panamericana Norte,2024
CALLAO,CALLAO,VENTANILLA,MAC - VENTANILLA,OPERATIVO,08:30 a 16:30,Avenida La Playa S/N altura la Urb. Zona Comercial frente a la Plaza Cívica ,2024
LIMA,LIMA,JESÚS MARÍA,AG 06 DE AGOSTO,OPERATIVO,08:45 a 16:45,Avenida 06 de Agosto N° 856,2024
CALLAO,CALLAO,MI PERÚ,PAP MI PERU,OPERATIVO,08:45 a 16:45, Mz. G7 Lt. 06 Mi Perú  interior de la Sede Municipal.,2024
LIMA,LIMA,SAN MARTÍN DE PORRES,ORA NACIONAL CAYETANO HEREDIA (MINSA),OPERATIVO,08:45 a 16:30,Jirón Honorio Delgado N° 262 - Urb. Ingeniería / Obstetricia,2024
LIMA,HUAURA,HUACHO,ORA HOSPITAL GENERAL DE HUACHO (MINSA),OPERATIVO,08:45 a 16:30,Avenida Jose Arnaldo Arambulo La Rosa N° 251,2024
CALLAO,CALLAO,CALLAO,OR CALLAO,OPERATIVO,08:45 a 16:45,Avenida Dos de Mayo N° 440 - 446,2024
LIMA,LIMA,SAN BORJA,AG ATENCIONES ESPECIALES DE SAN BORJA,OPERATIVO,08:45 a 16:45,Avenida Javier Prado N° 2388 -2386 - 2392,2024
LIMA,LIMA,EL AGUSTINO,MAC - LIMA ESTE,OPERATIVO,08:30 a 16:30,Avenida Carretera Central 111 Mall Aventura Santa Anita Nivel 2,2024
CALLAO,CALLAO,CARMEN DE LA LEGUA REYNOSO,ORA HOSPITAL SAN JOSE (MINSA),OPERATIVO,08:45 a 16:30,Jirón Las Magnolias 475 Carmen de la Legua-Reynoso,2024
CALLAO,CALLAO,VENTANILLA,ORA HOSPITAL DE VENTANILLA (MINSA),OPERATIVO,08:45 a 16:30,Avenida Pedro Beltran S/N Ventanilla - Hospital de Ventanilla,2024
LIMA,CAÑETE,SAN LUIS,ORA HOSPITAL REZOLA (MINSA),OPERATIVO,08:45 a 16:30,Calle Distrito de San Luis S/N,2024
LIMA,BARRANCA,BARRANCA,ORA HOSPITAL DE BARRANCA (MINSA),OPERATIVO,08:45 a 16:30,Avenida Nicolás de Piérola Nº 210 -224,2024
LIMA,HUARAL,HUARAL,ORA HOSPITAL SAN JUAN BAUTISTA HUARAL (MINSA),OPERATIVO,08:45 a 16:30,Calle Tacna Nº 120 Urb. San Juan I,2024
LIMA,LIMA ,COMAS,ORA HOSPITAL NACIONAL SERGIO E. BERNALES (MINSA),OPERATIVO,08:45 a 16:30,"Avenida Túpac Amaru N° 8000, Collique, Comas.",2024
LIMA,LIMA,LIMA,ORA NACIONAL DOS DE MAYO (MINSA),OPERATIVO,08:45 a 16:30,Avenida Parque Historia De La Medicina Peruana S/N Altura Cuadra 13 Av Grau,2024
LIMA,LIMA,ATE ,ORA HOSPITAL DE HUAYCAN (MINSA),OPERATIVO,08:45 a 16:30,Avenida José C.Mariátegui S/N Zona B - A.H.Huaycán S/N Ate Lima Lima,2024
LIMA,LIMA,SAN JUAN DE MIRAFLORES,MAC - LIMA SUR,OPERATIVO,08:30 a 16:30,Avenida Circunvalación 1583- San Juan de Miraflores,2024
LIMA,LIMA,COMAS,MAC - LIMA NORTE,OPERATIVO,08:30 a 16:30,Avenida Los Angeles N° 602 2do piso - Cc Mall Plaza ,2024
LIMA,LIMA,JESUS MARIA,PVM - JESUS MARIA ,OPERATIVO,08:45 a 16:45,Jirón Talara N° 130,2024
LIMA,LIMA,SANTIAGO DE SURCO,PVM - JOCKEY PLAZA,OPERATIVO,08:45 a 16:45,Avenida Javier Prado Este N° 4200 ( Centro Financiero del Centro Comercial),2024
LIMA,LIMA,SURQUILLO,PVM - OPEN PLAZA ANGAMOS,OPERATIVO,08:45 a 16:45,Avenida Cruce Angamos N° 1805 con Tomas Marsano,2024
LIMA,LIMA,CHORRILLOS,PVM - PLAZA LIMA SUR,OPERATIVO,08:45 a 16:45, Prolongación Paseo  de la Republica S/N Urb. Matellini (2do nivel del Centro Comercial) ,2024
CALLAO,CALLAO,VENTANILLA,PVM - VENTANILLA,OPERATIVO,08:45 a 16:45,Avenida La Playa S/N altura la Urb. Zona Comercial frente a la Plaza Cívica ,2024
CALLAO,CALLAO,BELLAVISTA,PVM - MALL AVENTURA PLAZA - CALLAO,OPERATIVO,08:45 a 16:45,Avenida Oscar R. Benavides N° 3866 - Centro Comercial Mall Aventura Plaza,2024
LIMA,LIMA,MIRAFLORES,PVM - MIRAFLORES,OPERATIVO,08:45 a 16:45,Avenida Diez Canseco N° 230,2024
LIMA,LIMA,INDEPENDENCIA,PVM - INDEPENDENCIA,OPERATIVO,08:45 a 16:45,Calle Los Andes Nº 486 Urb. Industrial Panamericana Norte,2024
LIMA,LIMA,LURIN,PVM - OR LURIN,OPERATIVO,08:45 a 16:45,Mz. B Lote 5 Asociación de Vivienda Centinela (detrás del polideportivo),2024
LIMA,LIMA,SANTA ANITA,ORA HOSP. JORGE VOTO BERNALES (ESSALUD),OPERATIVO,08:45 a 16:30,"Carretera CARRETERA CENTRAL KM. 3,5 - SANTA ANITA",2024
LIMA,LIMA,CERCADO DE LIMA,HOSP. NAC DOC MADRE Y NIÑO  SAN BARTOLOME (MINSA),OPERATIVO,08:45 a 16:30,Avenida ALFONSO UGARTE 825 - LIMA,2024
LIMA,LIMA,CHORRILLOS,CMI VIRGEN DEL CARMEN  (MINSA),OPERATIVO,08:45 a 16:30,Avenida LEOPOLDO ARIAS 200 FRENTE AL COLISEO MARISCAL CACERES,2024
LIMA,LIMA,PUENTE PIEDRA,ORA HOSPITAL PUENTE PIEDRA (MINSA),OPERATIVO,08:45 a 16:30,Avenida SAENZ PEÑA S/N KM 30,2024
LIMA,LIMA,SAN JUAN DE LURIGANCHO,PVM - SAN JUAN DE LURIGANCHO,OPERATIVO,08:45 a 16:45,Avenida Las Flores 260-262  Urb. San Rafael,2024
ANCASH,OCROS,OCROS,AG OCROS,OPERATIVO,08:45 a 16:45, Plaza de Armas S/N (MUNICIPIO),2024
LIMA,HUARAL,CHANCAY,AG CHANCAY,OPERATIVO,08:45 a 16:45,Avenida 1ro de mayo s/n cdra 03,2024
LIMA,LIMA,PUEBLO LIBRE,ORA HOSPITAL SANTA ROSA,OPERATIVO,08:45 a 16:30,Avenida Bolivar Crda. 8 Pueblo Libre ,2024
LIMA,LIMA,INDEPENDENCIA,ORA  CMI TAHUANTINSUYO BAJO,OPERATIVO,08:45 a 16:30,Avenida Chinchaysullo cdra 4 Independencia,2024
LIMA,LIMA,SURQUILLO,AG. INSTITUTO NACIONAL DE ENFERMEDADES NEOPLASICAS,OPERATIVO,08:45 a 16:45,Av. Angamos Este 2520 - Surquillo (puerta emergencia del INEN),2024
LIMA,LIMA,SAN MARTIN DE PORRES,PVM - OR SAN MARTIN DE PORRES,OPERATIVO,08:45 a 16:45,Av. Eduardo de Habich 592,2024
LIMA,LIMA,SAN JUAN DE MIRAFLORES,PVM - MALL  LIMA SUR,OPERATIVO,08:45 a 16:45,"Av. Los Lirios s/n, altura de  puente Atocongo",2024
LIMA,LIMA,VILLA EL SALVADOR,ORA HOSPITAL EMERGENCIA VILLA EL SALVADOR,OPERATIVO,08:45 a 16:30,Avenida  Pastor Sevilla cruce Av. 200 millas VES,2024
PUNO,PUNO,PUNO,ORA MANUEL NUÑEZ BUTRON,OPERATIVO,08:45 a 16:30,Avenida El Sol N° 1022,2024
PUNO,PUNO,PUNO,ORA HOSPITAL BASE III (PUNO) - RED ASISTENCIAL PUNO,OPERATIVO,08:45 a 16:30,Jirón Francisco Cáceres Jara Nº 600,2024
PUNO,SAN ROMAN,JULIACA,ORA CARLOS MONGE MEDRANO,OPERATIVO,08:45 a 16:30, Carretera a Huancane Km 2,2024
PUNO,EL COLLAO ,ILAVE ,ORA ILAVE,OPERATIVO,08:45 a 16:30,Jirón Atahualpa Nº 825,2024
PUNO,SAN ROMAN,JULIACA,ORA HOSPITAL BASE III JULIACA - ESSALUD - RED ASISTENCIAL JULIACA,OPERATIVO,08:45 a 16:30,Avenida José Santos Chocano S/N - La Capilla,2024
PUNO,PUNO,PUNO,OR PUNO,OPERATIVO,08:45 a 16:45,Jirón Arequipa N° 1143 - 1145 Barrio Victoria,2024
PUNO,AZANGARO,AZANGARO,PAP AZANGARO,OPERATIVO,08:45 a 16:45,Jirón Azangaro N° 160  (Palacio Municipal),2024
PUNO,CARABAYA,MACUSANI,PAP CARABAYA,OPERATIVO,08:45 a 16:45,Jirón Raimondi N° 116,2024
PUNO,CHUCUITO,JULI,PAP CHUCUITO,OPERATIVO,08:45 a 16:45,Jirón Ilave 235 - Mercado Central Municipio,2024
PUNO,HUANCANE,HUANCANE,PAP HUANCANE,OPERATIVO,08:45 a 16:45,Jirón Moquegua N° 104 - Barrio Progreso,2024
PUNO,LAMPA,LAMPA,PAP LAMPA,OPERATIVO,08:45 a 16:45,Jirón Alfonso Ugarte N° 343,2024
PUNO,MELGAR,AYAVIRI,PAP MELGAR,OPERATIVO,08:45 a 16:45,Calle Jorge Chavez N°  550,2024
PUNO,SANDIA,SANDIA,PAP SANDIA,OPERATIVO,08:45 a 16:45,Avenida Juliaca S/N - Mercado Central Sandia,2024
PUNO,SAN ROMAN,JULIACA,AG SAN ROMAN,OPERATIVO,08:45 a 16:45,Jirón Brascesco N° 181 ,2024
PUNO,YUNGUYO,YUNGUYO,PAP YUNGUYO,OPERATIVO,08:45 a 16:45,Jirón Grau Nº 240,2024
PUNO,SAN ANTONIO DE PUTINA,PUTINA,PAP PUTINA,OPERATIVO,08:45 a 16:45, Plaza de Armas S/N (Palacio Municipal),2024
PUNO,EL COLLAO,ILAVE,PAP EL COLLAO,OPERATIVO,08:45 a 16:45,Jirón Bolognesi S/N - Coliseo Cubierto Ilave Oficina N° 02,2024
PUNO,MOHO,MOHO,PAP MOHO,DESPLAZAMIENTO,08:45 a 16:45,Avenida Circunvalación S/N Terminal Terrestre,2024
PUNO,AZANGARO,AZANGARO,ORA CARLOS CORNEJO ROSELLO,OPERATIVO,08:45 a 16:30,Jirón Francisco Bolognesi N° 557,2024
PUNO,CHUCUITO,JULI,ORA JULI,OPERATIVO,08:45 a 16:30,Avenida Panamericana S/N,2024
PUNO,HUANCANE,HUANCANE,ORA HOSPITAL LUCIO ALDAZABAL PAUCA,OPERATIVO,08:45 a 16:30,Avenida Santa Cruz S/N,2024
PUNO,MELGAR,AYAVIRI,ORA SAN JUAN DE DIOS (AYAVIRI),OPERATIVO,08:45 a 16:30,Jirón Progreso S/N,2024
PUNO,SAN ROMÁN,JULIACA,ORA CENTRO DE SALUD CLAS SANTA ADRIANA,OPERATIVO,08:45 a 16:30,Jirón Pachacutec S/N,2024
PUNO,SAN ROMÁN,SAN MIGUEL,PAP SAN MIGUEL - JR11,OPERATIVO,08:45 a 16:45, Palacio Municipal S/N,2024
PUNO,CHUCUITO,DESAGUADERO,PAP DESAGUADERO,OPERATIVO,08:45 a 16:45,Jirón 28 de Julio N° 305 - Desaguadero,2024
PUNO,PUNO,ACORA,PAP ACORA,OPERATIVO,08:45 a 16:45,Plaza de Armas (Palacio Municipal),2024
PUNO,SAN ROMAN,JULIACA,MAC PUNO,OPERATIVO,08:30 a 16:30,Avenida San Martin lote 07,2024
PUNO,CARABAYA,MACUSANI,PANP CRUCERO,DESPLAZAMIENTO,08:45 a 16:45,Plaza Plaza de Armas S/N,2024
ICA,ICA,ICA,ORA REGIONAL DE ICA (MINSA),OPERATIVO,08:45 a 16:30,Avenida Huacachina S/N,2024
AYACUCHO,LUCANAS,PUQUIO,AG LUCANAS,OPERATIVO,08:45 a 16:45,Jirón San Pedro  Nº 216,2024
AYACUCHO,PARINACOCHAS,CORACORA,AG PARINACOCHAS,OPERATIVO,08:45 a 16:45,Jirón Bolognesi N° 419 Plaza de Armas,2024
ICA,ICA,PARCONA,PAP PARCONA,OPERATIVO,08:45 a 16:45,Avenida Jhon F. Kennedy N° 500 con Calle Lima S/N (Costado del Palacio Municipal),2024
ICA,ICA,ICA,OR ICA,OPERATIVO,08:45 a 16:45,Avenida San Martin N° 1366 Mz. M-02 Lt. 035. Urb. San Isidro ,2024
ICA,CHINCHA,CHINCHA ALTA,AG CHINCHA,OPERATIVO,08:45 a 16:45,Calle Los Angeles N° 300,2024
ICA,NASCA,NASCA,AG NASCA,OPERATIVO,08:45 a 16:45,Calle Fermin del Castillo N° 270,2024
ICA,PISCO,PISCO,AG PISCO,OPERATIVO,08:45 a 16:45,Calle San Juan de Dios N° 288,2024
AYACUCHO,LUCANAS,CABANA,PAP CABANA ,DESPLAZAMIENTO,08:45 a 16:45,Jirón Jorge Chavez N° 272 ,2024
AYACUCHO,LUCANAS,PUQUIO,ORA FELIPE HUAMAN POMA DE AYALA (MINSA),OPERATIVO,08:45 a 16:30,Avenida Arnaldo Alvarado S/N ,2024
AYACUCHO,PARINACOCHAS,CORACORA,ORA HOSPITAL DE APOYO DE CORACORA (MINSA),OPERATIVO,08:45 a 16:30,Avenida La Cultura S/N,2024
ICA,ICA,ICA,ORA SANTA MARIA DEL SOCORRO (MINSA),OPERATIVO,08:45 a 16:30,Calle Castrovirreyna N° 759,2024
ICA,PISCO,PISCO,ORA SAN JUAN DE DIOS (MINSA),OPERATIVO,08:45 a 16:30,Avenida Fermín Tanguis S/N (Altura del Fundo Alto de la Luna),2024
ICA,CHINCHA,CHINCHA ALTA,ORA SAN JOSE DE CHINCHA (MINSA),OPERATIVO,08:45 a 16:30,Avenida Abelardo Alva Maurtua Nº 600,2024
AYACUCHO,LUCANAS,LARAMATE,PANP LARAMATE,DESPLAZAMIENTO,08:45 a 16:45,Jirón Ica S/N,2024
ICA,NASCA,NASCA,ORA HOSPITAL DE APOYO DE NASCA (MINSA),OPERATIVO,08:45 a 16:30,Calle Callao S/N - 5ta Cuadra,2024
ICA,ICA,ICA,ORA AUGUSTO HERNANDEZ MENDOZA (ESSALUD),OPERATIVO,08:45 a 16:30,Calle José Matias Manzanilla S/N,2024
ICA,ICA,ICA,MAC ICA,OPERATIVO,08:30 a 16:30,Avenida Los Maestros S/N C.C. Mega Plaza Segundo Piso,2024
UCAYALI,CORONEL PORTILLO,CALLERIA,ORA HOSPITAL REGIONAL DE PUCALLPA (MINSA),OPERATIVO,08:45 a 16:30,Jirón Agustin Cauper N° 285,2024
HUANUCO,PUERTO INCA,PUERTO INCA,PAP PUERTO INCA,OPERATIVO,08:45 a 16:45,Jirón Vulcano S/N,2024
UCAYALI,CORONEL PORTILLO,YARINACOCHA,ORA HOSPITAL AMAZÓNICO - YARINACOCHA (MINSA),OPERATIVO,08:45 a 16:30,Jirón Aguaytia N° 605,2024
LORETO,UCAYALI,CONTAMANA,PAP CONTAMANA,OPERATIVO,08:45 a 16:45,Calle Nuevo Loreto Mz.38C  Lt.5B,2024
UCAYALI,PADRE ABAD,IRAZOLA ,AG IRAZOLA ,OPERATIVO,08:45 a 16:45,Calle Progreso S/N ,2024
UCAYALI,CORONEL PORTILLO,CALLERIA,OR PUCALLPA,OPERATIVO,08:45 a 16:45,"Jirón 09 de Diciembre N° 378 y Tacna Nº 891 Mz. 07 Lt. Acumulado 1-B, independiente.",2024
UCAYALI,PADRE ABAD,PADRE ABAD,PAP PADRE ABAD,OPERATIVO,08:45 a 16:45,Avenida Grau Nº 214,2024
UCAYALI,ATALAYA,RAIMONDI,PAP ATALAYA,OPERATIVO,08:45 a 16:45,Jirón Rioja Nº 659,2024
UCAYALI,PURUS,PURUS,PAP PURUS,OPERATIVO,08:45 a 16:45,Avenida Purus S/N,2024
UCAYALI,ATALAYA,TAHUANIA,PAP TAHUANIA,OPERATIVO,08:45 a 16:45,Jirón 7 de Junio  S/N,2024
UCAYALI,CORONEL PORTILLO,CALLERIA,MAC - UCAYALI,OPERATIVO,08:30 a 16:30,Avenida Centenario 1642 (2do piso) Centro Comercial Real Plaza,2024
HUANCAVELICA,HUANCAVELICA,IZCUCHACA,PAP IZCUCHACA,OPERATIVO,08:45 a 16:45,Avenida Ferrocarril  S/N ,2024
HUANCAVELICA,ACOBAMBA,PAUCARA,PAP PAUCARA,OPERATIVO,08:45 a 16:45, Plaza Mayor S/N,2024
HUANCAVELICA,HUANCAVELICA,HUANCAVELICA,ORA HOSPITAL REGIONAL ZACARIAS CORREA VALDIVIA (MINSA),OPERATIVO,08:45 a 16:30,Avenida Andrés Avelino Cáceres S/N - Barrio Yananaco,2024
HUANCAVELICA,HUANCAVELICA,HUANCAVELICA,ORA HUANDO (MINSA),OPERATIVO,08:45 a 16:30,Calle Cementerio s/n,2024
HUANCAVELICA,HUANCAVELICA,ASCENSIÓN,ORA HOSPITAL II HUANCAVELICA (ESSALUD),OPERATIVO,08:45 a 16:30,Avenida Teresa de Jurnet S/N,2024
HUANCAVELICA,HUANCAVELICA,HUANCAVELICA,OR HUANCAVELICA,OPERATIVO,08:45 a 16:45,"Avenida San Cristóbal Nº 384, 386 y 388",2024
HUANCAVELICA,ACOBAMBA,ACOBAMBA,OR ACOBAMBA,OPERATIVO,08:45 a 16:45,Jirón Dos De Mayo N° 459,2024
HUANCAVELICA,ANGARAES,LIRCAY,OR ANGARAES,OPERATIVO,08:45 a 16:45,Avenida Centenario S/N - Barrio de Pueblo Nuevo - Dentro del Centro Civico,2024
HUANCAVELICA,CASTROVIRREYNA,CASTROVIRREYNA,OR CASTROVIRREYNA,OPERATIVO,08:45 a 16:45,Avenida Los Libertadores S/N,2024
HUANCAVELICA,TAYACAJA,PAMPAS,OR TAYACAJA,OPERATIVO,08:45 a 16:45,Jirón Manco Capac S/N con Jirón Alfonso Ugarte Cordova y Necochea - Coliseo Multiuso,2024
HUANCAVELICA,HUAYTARA,HUAYTARA,OR HUAYTARA,OPERATIVO,08:45 a 16:45,Calle 24 de Junio S/N - 2do piso Centro Cívico ,2024
HUANCAVELICA,CHURCAMPA,CHURCAMPA,OR CHURCAMPA,OPERATIVO,08:45 a 16:45,Jirón Real N° 255,2024
HUANCAVELICA,TAYACAJA,PAMPAS,ORA HOSPITAL DE PAMPAS (MINSA),OPERATIVO,08:45 a 16:30,Jirón Bolívar S/N ,2024
HUANCAVELICA,ANGARAES,LIRCAY,ORA LIRCAY (MINSA),DESPLAZAMIENTO,08:45 a 16:30,Avenida Esmeralda S/N,2024
HUANCAVELICA,TAYACAJA,SURCUBAMBA,AG SURCUBAMBA,OPERATIVO,08:45 a 16:45,Calle Alfonso Ugarte S/N,2024
HUANCAVELICA,TAYACAJA,COLCABAMBA,AG COLCABAMBA,OPERATIVO,08:45 a 16:45,Avenida Centenario S/N,2024
HUANCAVELICA,HUANCAVELICA,YAULI,ORA YAULI (MINSA),OPERATIVO,08:45 a 16:30,Avenida Jorge Chávez S/N,2024
HUANCAVELICA,ACOBAMBA,PAUCARA,ORA PAUCARA (MINSA),OPERATIVO,08:45 a 16:30,Calle Lircay s/n,2024
HUANCAVELICA,CHURCAMPA,CHURCAMPA,ORA CHURCAMPA (MINSA),DESPLAZAMIENTO,08:45 a 16:30,Calle Ricardo Palma N° 535 (Instalaciones del Centro de Salud),2024
PASCO,PASCO,YANACANCHA,ORA DR. DANIEL ALCIDES CARRION GARCIA (MINSA),OPERATIVO,08:45 a 16:30,Avenida Los Incas S/N Urb. San Juan,2024
PASCO,OXAPAMPA,PUERTO BERMUDEZ,PAP PUERTO BERMÚDEZ,OPERATIVO,08:45 a 16:45,Avenida Remigio Morales Bermúdez S/N,2024
PASCO,PASCO,HUARIACA,PAP HUARIACA,DESPLAZAMIENTO,08:45 a 16:45,Jirón 28 de Julio Nº 129,2024
HUANUCO,HUANUCO,HUÁNUCO,ORA HOSPITAL REGIONAL HERMILIO VALDIZAN (MINSA),OPERATIVO,08:45 a 16:30,Jirón Hermilio Valdizan Nº 950,2024
PASCO,PASCO,PAUCARTAMBO,PAP PAUCARTAMBO,OPERATIVO,08:45 a 16:45, Plaza 28 de Julio S/N,2024
HUANUCO,HUANUCO,HUÁNUCO,OR HUANUCO,OPERATIVO,08:45 a 16:45,Jirón 28 de Julio N° 825,2024
HUANUCO,AMBO,AMBO,PAP AMBO,OPERATIVO,08:45 a 16:45,"Jirón 28 de Julio 697, Centro Cívico",2024
HUANUCO,DOS DE MAYO,LA UNION,PAP DOS DE MAYO,OPERATIVO,08:45 a 16:45,Jirón Lourdes N° 221,2024
HUANUCO,HUAMALIES,LLATA,PAP HUAMALIES,OPERATIVO,08:45 a 16:45,Jirón Huánuco N° 242,2024
HUANUCO,MARAÑON,HUACRACHUCO,PAP MARAÑON,OPERATIVO,08:45 a 16:45,Avenida 28 De Julio N° 602 ,2024
HUANUCO,LEONCIO PRADO,RUPA-RUPA,PAP LEONCIO PRADO,OPERATIVO,08:45 a 16:45,Jirón Chiclayo N° 585,2024
HUANUCO,PACHITEA,PANAO,PAP PACHITEA,OPERATIVO,08:45 a 16:45,Jirón Espinar N° 121,2024
HUANUCO,LAURICOCHA,JESÚS,PAP LAURICOCHA,DESPLAZAMIENTO,08:45 a 16:45,Jirón Cristobal Colon S/N,2024
HUANUCO,YAROWILCA,CHAVINILLO,PAP YAROWILCA,OPERATIVO,08:45 a 16:45,Jirón Virgen de Fátima S/N,2024
PASCO,PASCO,CHAUPIMARCA,ORA HOSPITAL II PASCO (ESSALUD),OPERATIVO,08:45 a 16:30, Barrio La Esperanza - Casa de Piedra,2024
HUANUCO,PACHITEA,PANAO,ORA PANAO (MINSA),OPERATIVO,08:45 a 16:30,Jirón Grau Nº 193,2024
HUANUCO,LEONCIO PRADO,RUPA-RUPA,ORA HOSPITAL TINGO MARIA (MINSA),OPERATIVO,08:45 a 16:30, Mapresa S/N Luyando,2024
HUANUCO,LEONCIO PRADO,JOSÉ CRESPO Y CASTILLO,ORA AUCAYACU (MINSA),OPERATIVO,08:45 a 16:30,Jirón Grau S/N cuadra 4,2024
HUANUCO,HUAMALIES,LLATA,ORA LLATA (MINSA),DESPLAZAMIENTO,08:45 a 16:30,Jirón 28 de Julio N° 216,2024
HUANUCO,DOS DE MAYO,LA UNION,ORA LA UNION (MINSA),OPERATIVO,08:45 a 16:30,Jirón Dos de Mayo N° 185,2024
HUANUCO,LEONCIO PRADO,JOSÉ CRESPO Y CASTILLO,PAP JOSE CRESPO Y CASTILLO,OPERATIVO,08:45 a 16:45,Jirón Maria Parado de Bellido S/N Cuadra 4,2024
HUANUCO,LAURICOCHA,BAÑOS,AG BAÑOS,DESPLAZAMIENTO,08:45 a 16:45, Plaza de Armas S/N,2024
PASCO,PASCO,YANACANCHA,AG PASCO,OPERATIVO,08:45 a 16:45," Centro Comercial ""Sector Dos de San Juan Pampa Edif. 4 Tienda 3 San Juan-Yanacancha",2024
PASCO,DANIEL ALCIDES CARRION,YANAHUANCA,PAP DANIEL ALCIDES CARRIÓN,OPERATIVO,08:45 a 16:45,Jirón Jorge Chavez S/N Plaza Principal,2024
PASCO,OXAPAMPA,OXAPAMPA,PAP OXAPAMPA,OPERATIVO,08:45 a 16:45,Jirón Huancabamba S/N Mz. 162 Estadio Municipal Oxapampa,2024
SAN MARTIN,TOCACHE,UCHIZA,AG UCHIZA,OPERATIVO,08:45 a 16:45,Avenida Atahualpa N° 920,2024
PASCO,OXAPAMPA,PALCAZÚ,AG PALCAZU,OPERATIVO,08:45 a 16:45,Avenida Juan Santos Atahualpa Mz. U Lt. 01,2024
SAN MARTIN,TOCACHE,TOCACHE,PAP TOCACHE,OPERATIVO,08:45 a 16:45,Jirón San Juan Cdra 7 S/N Centro Cívico,2024
HUANUCO,HUANUCO,CHINCHAO,ORA ACOMAYO (MINSA),OPERATIVO,08:45 a 16:30,Pasaje Iguarizo S/N Mz. 6 Lt. 02,2024
SAN MARTIN,TOCACHE,TOCACHE,ORA HOSPITAL DE TOCACHE (MINSA),OPERATIVO,08:45 a 16:30,Jirón Ricardo Palma N° 550,2024
HUANUCO,HUANUCO,SANTA MARIA DEL VALLE,ORA SANTA MARIA DEL VALLE (MINSA),DESPLAZAMIENTO,08:45 a 16:30,Jirón Libertad  S/N Intersección Carretera Central ,2024
HUANUCO,HUANUCO ,AMARILIS ,ORA CARLOS SHOWING FERRARI (MINSA),OPERATIVO,08:45 a 16:30,Jirón Micaela Bastidas S/N Paucarbamba ,2024
PASCO,OXAPAMPA,OXAPAMPA,ORA HOSPITAL ERNESTO GERMAN GUZMAN GONZALES (MINSA),DESPLAZAMIENTO,08:45 a 16:30,Jirón Eduardo Loechle S/N - Chontabamba,2024
HUANUCO,HUANUCO,HUANUCO,MAC - HUANUCO,OPERATIVO,08:30 a 16:30,"Jirón Independencia N° 1601, Centro Comercial Real Plaza, Primer Piso",2024
HUANUCO,PACHITEA,UMARI,ORA TAMBILLO UMARI (MINSA),DESPLAZAMIENTO,08:45 a 16:30,Carretera Huanuco - Panao Km 37,2024
HUANUCO,YAROWILCA,CHAVINILLO,ORA CHAVINILLO (MINSA),DESPLAZAMIENTO,08:45 a 16:30,Avenida San Juan N° 102,2024
PASCO,OXAPAMPA,CONSTITUCIÓN,AG CONSTITUCION,OPERATIVO,08:45 a 16:45,Avenida Fernando Belaunde S/N 4ta Etapa del Distrito de Constitución,2024
AMAZONAS,CHACHAPOYAS,CHACHAPOYAS,OR CHACHAPOYAS,OPERATIVO,08:45 a 16:45,Jirón Ortiz Arrieta 1135- 1137,2024
AMAZONAS,BAGUA,BAGUA,PAP BAGUA,OPERATIVO,08:45 a 16:45,Jirón Los Cedros Nº 263,2024
AMAZONAS,BONGARA,JAZAN,AG BONGARA,OPERATIVO,08:45 a 16:45,Avenida Marginal  Nº 100 -Pedro Ruíz,2024
AMAZONAS,LUYA ,LUYA ,AG LUYA,OPERATIVO ,08:45 a 16:45,Jirón Diego Mori Zuta N° 447,2024
AMAZONAS,RODRIGUEZ DE MENDOZA,SAN NICOLÁS,AG RODRIGUEZ DE MENDOZA,OPERATIVO PARCIAL,08:45 a 16:45,Jirón Victor Mori N° 204,2024
AMAZONAS,CONDORCANQUI,NIEVA,PAP CONDORCANQUI,OPERATIVO,08:45 a 16:45,Calle Gonzalo puerta S/N,2024
AMAZONAS,UTCUBAMBA,BAGUA GRANDE,PAP UTCUBAMBA,OPERATIVO,08:45 a 16:45,Jirón Simón Bolivar N° 545,2024
CAJAMARCA,JAEN,JAEN,OR JAEN,OPERATIVO,08:45 a 16:45,Calle Mariscal Ureta Nº 915,2024
CAJAMARCA,SAN IGNACIO,SAN IGNACIO,PAP SAN IGNACIO,OPERATIVO,08:45 a 16:45,Pasaje Santa Rosa 107 - 109 - cuadra 1,2024
AMAZONAS,BAGUA,IMAZA,OR IMAZA,OPERATIVO ,08:45 a 16:45,Avenida Awajun 751 Centro Poblado Chiriaco,2024
AMAZONAS,CHACHAPOYAS,CHACHAPOYAS,ORA HOSPITAL REGIONAL VIRGEN DE FATIMA (MINSA),OPERATIVO,08:45 a 16:30,Pasaje Daniel Alcides Carrión N° 035,2024
AMAZONAS,BAGUA,BAGUA,ORA HOSPITAL DE APOYO GUSTAVO LANATTA LUJAN (MINSA),OPERATIVO,08:45 a 16:30,Avenida Héroes de Cenepa N°980,2024
CAJAMARCA,JAEN,JAEN,ORA HOSPITAL GENERAL DE JAEN (MINSA),OPERATIVO,08:45 a 16:30,Prolongación Huamantanga s/n,2024
AMAZONAS,BAGUA,IMAZA,ORA CHIRIACO (MINSA),OPERATIVO,08:45 a 16:30,Calle Junin S/N,2024
AMAZONAS,UTCUBAMBA,BAGUA GRANDE,ORA HOSPITAL DE APOYO SANTIAGO APOSTOL DE UTCUBAMBA (MINSA),OPERATIVO,08:45 a 16:30,Jirón San Felipe Santiago N°111,2024
CAJAMARCA,SAN IGNACIO,SAN IGNACIO,ORA SAN IGNACIO (MINSA),OPERATIVO,08:45 a 16:30,"Avenida Abelardo Quiñones S/N, Sector Santiago",2024
AMAZONAS,BONGARA,FLORIDA,ORA POMACOCHAS (MINSA),OPERATIVO ,08:45 a 16:30,Jirón Pomacochas S/N ,2024
AMAZONAS,CONDORCANQUI,NIEVA,ORA SANTA MARIA DE NIEVA (MINSA),OPERATIVO,08:45 a 16:30,"Jirón Javier Pérez de Cuellar S/N 
Mz. N Lt. 03 Asent.Humano Héctor Peas Tsegkuan",2024
AMAZONAS,UTCUBAMBA,LONYA GRANDE,ORA LONYA GRANDE (MINSA),OPERATIVO ,08:45 a 16:30,Jirón Alto Amazonas 340,2024
AMAZONAS,CONDORCANQUI,RIO SANTIAGO,ORA GALILEA (MINSA),OPERATIVO,08:45 a 16:30,Jirón La Amistad S/N,2024
CAJAMARCA,JAEN,PUCARA,PAP PUCARA,OPERATIVO ,08:45 a 16:45,Jiron Lindo 548,2024
LAMBAYEQUE,CHICLAYO,CHICLAYO,ORA HOSPITAL REGIONAL DOCENTE LAS MERCEDES (MINSA),OPERATIVO,08:45 a 16:30 ,Avenida Luis Gonzáles  Nº 635,2025
LAMBAYEQUE,CHICLAYO,CHICLAYO,ORA HOSPITAL ALMANZOR AGUINAGA ASENJO (ESSALUD),OPERATIVO,08:45 a 16:30,Plaza Plaza de la Seguridad Social S/N,2025
PIURA,SULLANA,SULLANA,ORA HOSPITAL DE APOYO II-SULLANA (MINSA),OPERATIVO,08:45 a 16:30,Avenida Santa Rosa S/N,2025
CAJAMARCA,CUTERVO,CUTERVO,PAP CUTERVO,OPERATIVO,08:45 a 16:45,Jirón Comercio N° 1105-1107 Mz. 203 Lt. 14-Urb. Los Jardines ,2025
CAJAMARCA,CHOTA,CHOTA,AG CHOTA,OPERATIVO,08:45 a 16:45,Jirón 30 de Agosto N° 848,2025
CAJAMARCA,SANTA CRUZ,SANTA CRUZ,PAP SANTA CRUZ,OPERATIVO,08:45 a 16:45,Jirón Domingo Negrón Nº 399,2025
LAMBAYEQUE,CHICLAYO,JOSE LEONARDO ORTIZ,OR JOSÉ LEONARDO ORTIZ,OPERATIVO,08:45 a 16:45,Calle Cacique Cinto Nº 317 Urb. Latina,2025
LAMBAYEQUE,CHICLAYO,CHICLAYO,OR CHICLAYO,OPERATIVO,08:45 a 16:45,Avenida Balta N° 680 y esquina con Av. Elias Aguirre,2025
LAMBAYEQUE,FERREÑAFE,FERREÑAFE,PAP FERREÑAFE,OPERATIVO,08:45 a 16:45,Calle Tres Marías Nº 717 – B,2025
LAMBAYEQUE,LAMBAYEQUE,LAMBAYEQUE,PAP LAMBAYEQUE,OPERATIVO,08:45 a 16:45,Avenida Huamachuco N° 342,2025
CAJAMARCA,CUTERVO,CUTERVO,ORA SANTA MARIA DE CUTERVO (MINSA),OPERATIVO,08:45 a 16:30,Jirón Ica S/N,2025
CAJAMARCA,CHOTA,CHOTA,ORA HOSPITAL DE APOYO CHOTA - JOSE SOTO CADENILLAS (MINSA),OPERATIVO,08:45 a 16:30,Jirón Ezequiel Montoya Nª 718,2025
PIURA,PIURA,PIURA,OR PIURA,OPERATIVO,08:45 a 16:45,Calle Libertad Nº 568,2025
PIURA,AYABACA,AYABACA,PAP AYABACA,OPERATIVO,08:45 a 16:45,Calle Bolognesi N° 181,2025
PIURA,HUANCABAMBA,HUANCABAMBA,PAP HUANCABAMBA,OPERATIVO,08:45 a 16:45, Complejo Terminal Terrestre S/N - Stand 14,2025
PIURA,MORROPON,CHULUCANAS,AG CHULUCANAS,OPERATIVO,08:45 a 16:45,Jirón Cuzco N° 202,2025
PIURA,PAITA,PAITA,PAP PAITA,OPERATIVO,08:45 a 16:45,Jirón San Martin S/N Plaza de Armas - Municipalidad de Paita,2025
PIURA,SULLANA,SULLANA,OR SULLANA,OPERATIVO,08:45 a 16:45,Calle Leoncio Prado Nº 517 ,2025
PIURA,TALARA,PARIÑAS,AG TALARA,OPERATIVO,08:45 a 16:45,Avenida Mártires Petroleros B-3 Conjunto Habitacional - Talara,2025
PIURA,SECHURA,SECHURA,PAP SECHURA,OPERATIVO,08:45 a 16:45,Calle Dos de Mayo Nº 618 - Plaza de Armas - Municipalidad de Sechura,2025
PIURA,PIURA,TAMBO GRANDE,PAP TAMBOGRANDE,OPERATIVO,08:45 a 16:45,Jirón Piura 375,2025
PIURA,PIURA,PIURA,MAC - PIURA,OPERATIVO,08:30 a 16:30,Avenida Sanchez Cerro con Wiesse Centro Comercial Real Plaza,2025
PIURA,PAITA,PAITA,ORA HOSPITAL LAS MERCEDES-PAITA (MINSA),OPERATIVO,08:45 a 16:30, Zona Industrial Sector II Mz. H Lt. 1 Jr. Los Pescadores S/N ,2025
TUMBES,TUMBES,TUMBES,OR TUMBES,OPERATIVO,08:45 a 16:45,Avenida Tumbes Norte  Nº 550,2025
TUMBES,CONTRALMIRANTE VILLAR,ZORRITOS,PANP CONTRALMIRANTE VILLAR - ZORRITOS,DESPLAZAMIENTO,08:45 a 16:45,Avenida Grau Nº 305,2025
TUMBES,ZARUMILLA,ZARUMILLA,PAP ZARUMILLA,OPERATIVO,08:45 a 16:45,Avenida El Ejérrcito Nº 105 - Interior Biblioteca Municipal,2025
LAMBAYEQUE,LAMBAYEQUE,OLMOS,PANP OLMOS,DESPLAZAMIENTO,08:45 a 16:45,Avenida A. B. Leguía/Calle Alfonso Ugarte,2025
PIURA,PIURA,TAMBO GRANDE,ORA TAMBO GRANDE (MINSA),OPERATIVO,08:45 a 16:30,"Avenida Froilan Alama,, AA.HH.Froilan Alama",2025
LAMBAYEQUE,LAMBAYEQUE,LAMBAYEQUE,ORA HOSPITAL PROVINCIAL DOCENTE BELEN-LAMBAYEQUE (MINSA),OPERATIVO,08:45 a 16:30,Avenida Ramón Castilla Nº 597,2025
TUMBES,TUMBES,TUMBES,ORA HOSPITAL REGIONAL JOSE ALFREDO MENDOZA OLAVARRIA JAMO II-2 (MINSA),OPERATIVO,08:45 a 16:30,Avenida 24 de Julio Nº 565 ,2025
PIURA,PIURA,CATACAOS,ORA CENTRO DE SALUD MATERNO INFANTIL-CATACAOS (MINSA),OPERATIVO,08:45 a 16:30,Avenida Cayetano Heredia 1108 - Catacos,2025
PIURA,PIURA,Veintises de Octubre,ORA HOSPITAL DE LA AMISTAD PERU - COREA SANTA ROSA II-2 (MINSA),OPERATIVO,08:45 a 16:30,Avenida Prolongación Av. Grau/Av. Chulucanas ,2025
LAMBAYEQUE,CHICLAYO,CHICLAYO,ORA HOSPITAL REGIONAL LAMBAYEQUE (MINSA),OPERATIVO,08:45 a 16:30,Avenida Intersección de Carretera Panamerica Norte y Vía de Evitamiento S/N,2025
PIURA,MORROPON,CHULUCANAS,ORA HOSPITAL DE APOYO CHULUCANAS (MINSA),OPERATIVO,08:45 a 16:30,Calle Daniel alcides carrion S/N Asent .H. vate manrique,2025
LAMBAYEQUE,CHICLAYO,CHICLAYO,PVM - OR CHICLAYO,OPERATIVO,08:45 a 16:45,Avenida Balta N° 680 y esquina con Av. Elias Aguirre,2025
PIURA,PIURA,PIURA,PVM - OR PIURA,OPERATIVO,08:45 a 16:45,Calle Libertad Nº 568,2025
PIURA,AYABACA,FRIAS,OR FRIAS,OPERATIVO,08:45 a 16:45,Calle Lima 235 - interior Municipalidad Distrital de Frias,2025
LA LIBERTAD,TRUJILLO,TRUJILLO,ORA REGIONAL DOCENTE DE TRUJILLO (MINSA),OPERATIVO,08:45 a 13:00 - 14:00 a 16:30,Avenida Mansiche Nº 795,2025
CAJAMARCA,CAJAMARCA,CAJAMARCA,ORA REGIONAL CAJAMARCA (MINSA),OPERATIVO,08:45 a 13:00 - 14:00 a 16:30 ,Jirón Larry Jhonson S/N Cdra. 8,2025
LA LIBERTAD,TRUJILLO,TRUJILLO,ORA HOSPITAL BELEN DE TRUJILLO (MINSA),OPERATIVO,08:45 a 16:30,Calle Bolívar Nº 350,2025
CAJAMARCA,CAJAMARCA,CAJAMARCA,OR CAJAMARCA,OPERATIVO,08:45 a 16:45,Jirón Del Comercio Nº 633,2025
CAJAMARCA,CAJABAMBA,CAJABAMBA,PAP CAJABAMBA,OPERATIVO,08:45 a 16:45,Jirón Miguel Grau Nº 224-226-228 Mz. 31 Lt. 2 ,2025
CAJAMARCA,CELENDIN,CELENDÍN,PAP CELENDIN,OPERATIVO,08:45 a 16:45,Jirón Pardo N° 610,2025
CAJAMARCA,CONTUMAZA,CONTUMAZÁ,PAP CONTUMAZA,OPERATIVO,08:45 a 13:00 - 14:00 a 16:45 ,Jirón Miguel Grau Nº 212,2025
CAJAMARCA,HUALGAYOC,BAMBAMARCA,PAP HUALGAYOC,OPERATIVO,08:45 a 16:45,Jirón 07 de Junio Nº 470,2025
CAJAMARCA,SAN MIGUEL,SAN MIGUEL,PAP SAN MIGUEL,OPERATIVO,08:45 a 13:00 - 14:00 a 16:45 ,Jirón Bolognesi N° 364,2025
CAJAMARCA,SAN MARCOS,PEDRO GÁLVEZ,PAP SAN MARCOS,OPERATIVO,08:45 a 16:45,Jirón Alfonso Ugarte N° 325 (Mz. 46 Lt. 17 Centro Poblado San Marcos).,2025
CAJAMARCA,SAN PABLO,SAN PABLO,PAP SAN PABLO,OPERATIVO,08:45 a 13:00 - 14:00 a 16:45 ,Jirón Plaza de Armas S/N,2025
LA LIBERTAD,TRUJILLO,VICTOR LARCO HERRERA,OR TRUJILLO II,OPERATIVO,08:45 a 16:45,Avenida Víctor Larco N° 1096. Urb. Vista Alegre,2025
LA LIBERTAD,PATAZ,PARCOY,OR PARCOY,OPERATIVO,08:45 a 13:00 - 14:00 a 16:45 ,Jirón San Martín N° 859,2025
LA LIBERTAD,TRUJILLO,TRUJILLO,OR TRUJILLO ,OPERATIVO,08:45 a 16:45,Avenida Pablo Casals Mz. A Lt. 6 Urb. Los Cedros,2025
LA LIBERTAD,BOLIVAR,BOLÍVAR,PAP BOLIVAR,OPERATIVO,08:45 a 13:00 - 14:00 a 16:45 ,Jirón Bolivar S/N - Mz. 20 Lt. 8,2025
LA LIBERTAD,SANCHEZ CARRION,HUAMACHUCO,AG SANCHEZ CARRION,OPERATIVO,08:45 a 16:45,Jirón Alfonso Ugarte N° 567,2025
LA LIBERTAD,OTUZCO,OTUZCO,AG OTUZCO,OPERATIVO,08:45 a 16:45,Pasaje Elías Armas Castillo Lt. 5-E1 Mz. 28,2025
LA LIBERTAD,PACASMAYO,SAN PEDRO DE LLOC,AG PACASMAYO,OPERATIVO,08:45 a 16:45,Jirón Alianza Nº 524,2025
LA LIBERTAD,PATAZ,TAYABAMBA,PAP PATAZ,INOPERATIVO,08:45 a 13:00 - 14:00 a 16:45 ,Jirón Sucre 337 1er Piso Centro Civico,2025
LA LIBERTAD,SANTIAGO DE CHUCO,SANTIAGO DE CHUCO,PAP SANTIAGO DE CHUCO,OPERATIVO,08:45 a 13:00 - 14:00 a 16:45 ,Calle Luis de La Puente Uceda  Nº 1120,2025
LA LIBERTAD,ASCOPE,ASCOPE,PAP ASCOPE,OPERATIVO,08:45 a 16:45,"Calle Miguel Grau N° 879, Ascope - 1er Piso",2025
LA LIBERTAD,CHEPEN,CHEPÉN,PAP CHEPEN,OPERATIVO,08:45 a 16:45,Calle Manuel Seoane  N° 136. Chepen,2025
LA LIBERTAD,GRAN CHIMU,CASCAS,PAP GRAN CHIMU,OPERATIVO,08:45 a 13:00 - 14:00 a 16:45 ,Jr. San Martin S/N ,2025
LA LIBERTAD,VIRU,VIRU,PAP VIRU,OPERATIVO,08:45 a 16:45,  Mz. A Lt. N° 08 Urb. Las Palmeras,2025
CAJAMARCA,HUALGAYOC,BAMBAMARCA,ORA BAMBAMARCA - TITO VILLAR CABEZAS (MINSA),OPERATIVO,08:45 a 13:00 - 14:00 a 16:30,Caserío El Frutillo. Bambamarca,2025
CAJAMARCA,CELENDIN,CELENDÍN,ORA DE APOYO CELENDIN (MINSA),OPERATIVO,08:45 a 13:00 - 14:00 a 16:30 ,Avenida Túpac Amaru Cdra. 4,2025
CAJAMARCA,CAJABAMBA,CAJABAMBA,ORA HOSPITAL NUESTRA SEÑORA DEL ROSARIO (MINSA),OPERATIVO,08:45 a 13:00 - 14:00 a 16:30,Jirón La Torre N° 277,2025
CAJAMARCA,SAN MARCOS,PEDRO GÁLVEZ,ORA SAN MARCOS (MINSA),OPERATIVO,08:45 a 13:00 - 14:00 a 16:30,Avenida 28 de Julio S/N Cdra.2,2025
LA LIBERTAD,TRUJILLO,EL PORVENIR,OR EL PORVENIR,OPERATIVO,08:45 a 16:45,Jirón Gabriel Aguilar Nº 1657. 2do piso.,2025
LA LIBERTAD,TRUJILLO,ALTO TRUJILLO,OR ALTO TRUJILLO,OPERATIVO,08:45 a 16:45, Barrio 3 Mz T Lt. 2,2025
CAJAMARCA,CAJAMARCA,CAJAMARCA,ORA SIMON BOLIVAR (MINSA),OPERATIVO,08:45 a 13:00 - 14:00 a 16:30,Avenida Mario Urteaga N° 500,2025
LA LIBERTAD,PACASMAYO,GUADALUPE,ORA DE APOYO TOMÁS LAFORA (MINSA),OPERATIVO,08:45 a 13:00 - 14:00 a 16:30,Calle La Victoria S/N,2025
CAJAMARCA,CAJAMARCA,LOS BAÑOS DEL INCA,ORA BAÑOS DEL INCA (MINSA),DESPLAZAMIENTO,08:45 a 13:00 - 14:00 a 16:30,Jirón Pachacútec N° 489,2025
LA LIBERTAD,TRUJILLO,LA ESPERANZA,ORA DISTRITAL JERUSALEN (MINSA),OPERATIVO,08:45 a 13:00 - 14:00 a 16:30 ,Pasaje 1 Barrio 3 Mz. 20 Lt. 02 Sector Jerusalén,2025
LA LIBERTAD,PATAZ,CHILLIA,AG CHILLIA,OPERATIVO,08:45 a 13:00 - 14:00 a 16:45 ,Jirón Miraflores S/N,2025
LA LIBERTAD,SANTIAGO DE CHUCO,SANTIAGO DE CHUCO,ORA DE APOYO CESAR ABRAHAM VALLEJO MENDOZA (MINSA),OPERATIVO,08:45 a 13:00 - 14:00 a 16:30 ,Calle Gustavo Pinillo S/N - Barrio San Cristobal,2025
LA LIBERTAD,CHEPEN,CHEPEN,ORA DE APOYO CHEPEN (MINSA),DESPLAZAMIENTO,08:45 a 13:00 - 14:00 a 16:30 ,Avenida 28 de Julio S/N,2025
LA LIBERTAD,SANCHEZ CARRION,HUAMACHUCO,ORA DE APOYO LEONCIO PRADO (MINSA),OPERATIVO,08:45 a 13:00 - 14:00 a 16:30 ,Avenida 10 de Julio N° 209,2025
LA LIBERTAD,OTUZCO,OTUZCO,ORA DE APOYO OTUZCO ELPIDIO BEROVIDES PEREZ (MINSA),OPERATIVO,08:45 a 13:00 - 14:00 a 16:30 ,Calle Progreso N° 385,2025
LA LIBERTAD,ASCOPE,PAIJAN,ORA PAIJAN (MINSA),DESPLAZAMIENTO,08:45 a 13:00 - 14:00 a 16:30 ,Carretera Vía Panamericana S/N Sector Manco Capac,2025
CAJAMARCA,CAJAMARCA,CAJAMARCA,MAC - CAJAMARCA,OPERATIVO,08:30 a 16:30,Avenida Via De Evitamiento. Jr. El Mutuy y Av. La Cantuta - Cajamarca - Centro Comercial Real Plaza 2do. Piso,2025
LA LIBERTAD,VIRU,VIRU,ORA PROVINCIAL DE VIRÚ (MINSA),OPERATIVO,08:45 a 13:00 - 14:00 a 16:30,Calle Sucre Nº 799,2025
LA LIBERTAD,TRUJILLO,TRUJILLO,ORA HOSPITAL VÍCTOR LAZARTE ECHEGARAY (ESSALUD),OPERATIVO,08:45 a 13:00 - 14:00 a 16:30 ,Avenida Prolongación Unión 1375,2025
CAJAMARCA,CONTUMAZA,CHILETE,PANP CHILETE,DESPLAZAMIENTO,08:45 a 13:00 - 14:00 a 16:45 ,Jr. Arequipa N° 330,2025
SAN MARTIN,SAN MARTIN,TARAPOTO,ORA HOSPITAL TARAPOTO (MINSA),OPERATIVO,08:45 a 16:30,Jirón Angel Delgado Morey Nº 503,2025
LORETO,DATEM DEL MARAÑON,BARRANCA,PAP DATEM DEL MARAÑON,OPERATIVO,08:45 a 16:45,Calle Tigre Mz. 31 Lt. 08 - San Lorenzo,2025
SAN MARTIN,RIOJA,NUEVA CAJAMARCA,AG NUEVA CAJAMARCA,OPERATIVO,08:45 a 16:45,Carretera Fernando Belaunde Terry Altura del Km. 447.50 ,2025
LORETO,ALTO AMAZONAS,YURIMAGUAS,AG ALTO AMAZONAS,OPERATIVO,08:45 a 16:45,Calle Mariscal Castilla N° 411,2025
SAN MARTIN,MOYOBAMBA ,MOYOBAMBA,ORA HOSPITAL MOYOBAMBA (MINSA),OPERATIVO,08:45 a 16:30,Jirón Grau cuadra 4,2025
SAN MARTIN,MOYOBAMBA ,MOYOBAMBA,AG MOYOBAMBA,OPERATIVO,08:45 a 16:45,Jirón Dos de Mayo Mz. 1530 Lt. 14 (837),2025
SAN MARTIN,HUALLAGA,SAPOSOA,AG HUALLAGA,OPERATIVO,08:45 a 16:45,Jirón Lima N° 591,2025
SAN MARTIN,LAMAS,LAMAS,AG LAMAS,OPERATIVO,08:45 a 16:45,Jirón San Martín N° 984,2025
SAN MARTIN,MARISCAL CACERES,JUANJUI,AG MARISCAL CACERES,OPERATIVO,08:45 a 16:45,Jirón Eduardo Peña Meza N° 772 ,2025
SAN MARTIN,RIOJA,RIOJA,OR RIOJA,OPERATIVO,08:45 a 16:45,Jirón Angaiza N° 530,2025
SAN MARTIN,SAN MARTIN ,TARAPOTO,OR TARAPOTO,OPERATIVO,08:45 a 16:45,Jirón Jiménez Pimentel N° 280 ,2025
SAN MARTIN,BELLAVISTA,BELLAVISTA,AG BELLAVISTA,OPERATIVO,08:45 a 16:45,Jirón Huallaga - Iquitos Mz. 7 Lt. 27 - A.  1er. Piso,2025
SAN MARTIN,PICOTA,PICOTA,AG PICOTA,OPERATIVO,08:45 a 16:45,"Jirón Simón Bolívar, cuadra 4",2025
SAN MARTIN,EL DORADO ,SAN JOSE DE SISA,AG EL DORADO,DESPLAZAMIENTO,08:45 a 16:45,Jirón Comercio N° 610,2025
LORETO,DATEM DEL MARAÑON,BARRANCA,ORA SAN LORENZO - NUCLEO BASE (MINSA),OPERATIVO,08:45 a 16:30,Barrio Daniel Alcides Carrión S/N - Barrio Huacachina,2025
SAN MARTIN,SAN MARTIN ,LA BANDA DE SHILCAYO,AG LA BANDA DE SHILCAYO,OPERATIVO,08:45 a 16:45,Jirón Yurimaguas N° 340,2025
SAN MARTIN,MARISCAL CACERES,JUANJUI,ORA HOSPITAL JUANJUI (MINSA),OPERATIVO,08:45 a 16:30,Jirón Arica N° 205,2025
SAN MARTIN,RIOJA,RIOJA,ORA HOSPITAL DE RIOJA (MINSA),OPERATIVO,08:45 a 16:30,Jirón Túpac Amaru S/N,2025
LORETO,ALTO AMAZONAS,LAGUNAS,AG LAGUNAS,DESPLAZAMIENTO,08:45 a 16:45,Jirón FITZCARRALD C-9,2025
SAN MARTIN,SAN MARTIN,MORALES,PANP MORALES,OPERATIVO,08:45 a 16:45,Jirón Tarapoto N° 116 Plaza de Armas,2025
LORETO,ALTO AMAZONAS,YURIMAGUAS,ORA HOSPITAL SANTA GEMA YURIMAGUAS (MINSA),OPERATIVO,08:45 a 16:30,CALLE HUALLAGA  C-4,2025
LORETO,MAYNAS,PUNCHANA,"ORA HOSPITAL REGIONAL DE LORETO ""FELIPE ARRIOLA IGLESIAS""",OPERATIVO,08:45 a 16:30,Avenida 28 de Julio S/N,2025
LORETO,MAYNAS,IQUITOS,"ORA HOSPITAL IQUITOS ""CESAR GARAYAR GARCIA""",OPERATIVO,08:45 a 16:30,Calle Cornejo Portugal 1710,2025
LORETO,MAYNAS,BELÉN,OR BELEN,OPERATIVO,08:45 a 16:45,Calle Miraflores S/N P. J. 09 de Octubre,2025
LORETO,MAYNAS,IQUITOS,OR IQUITOS,OPERATIVO,08:45 a 16:45,Jirón Próspero Nº 201,2025
LORETO,LORETO,NAUTA,PAP NAUTA,OPERATIVO,08:45 a 16:45,Cal. Manuel Pacaya N° 570 centro cívico,2025
LORETO,REQUENA,REQUENA,PAP REQUENA,OPERATIVO,08:45 a 16:45,Calle San Antonio S/N Anexo Hotel Municipal,2025
LORETO,MARISCAL RAMON CASTILLA,RAMON CASTILLA,PAP MARISCAL RAMON CASTILLA - CABALLOCOCHA,OPERATIVO,08:45 a 16:45,Calle Ayacucho Mz. 22 Lt. 4 C con Amazonas S/N - Local Municipal,2025
LORETO,MAYNAS,SAN JUAN BAUTISTA,OR SAN JUAN BAUTISTA,OPERATIVO,08:45 a 16:45,Avenida Abelardo Quiñones Nº 2371 Km. 2.5 ,2025
LORETO,MARISCAL RAMON CASTILLA,YAVARI,PAP YAVARI,OPERATIVO,08:45 a 16:45,Calle Nueva Jerusalen S/N Local Municipal,2025
LORETO,PUTUMAYO,PUTUMAYO,PAP PUTUMAYO,OPERATIVO,08:45 a 16:45,Calle Arequipa S/N,2025
LORETO,MAYNAS,PUNCHANA,PAP PUNCHANA,OPERATIVO,08:45 a 16:45,"Calle Cusco S/N, cuadra 5, esquina con Trujillo.",2025
LORETO,REQUENA,REQUENA,ORA REQUENA,OPERATIVO,08:45 a 16:30,Calle Mártires del Petroléo S/N - Malecon Grau,2025
LORETO,MARISCAL RAMON CASTILLA,RAMON CASTILLA,ORA CABALLOCOCHA,OPERATIVO,08:45 a 16:30,Calle Progreso N° 425,2025
LORETO,MAYNAS,PUNCHANA,MAC - LORETO,OPERATIVO,08:30 a 16:30,Avenida La Marina Nº  1338,2025
LORETO,MAYNAS,IQUITOS,PVM - OR IQUITOS,OPERATIVO,08:45 a 16:45,Jirón Próspero Nº 201,2025
LORETO,PUTUMAYO,TENIENTE MANUEL CLAVERO,PANP SOPLIN VARGAS,OPERATIVO,08:45 a 16:45,Plaza de armas S/N,2025
ANCASH,SANTA,CHIMBOTE,OR SANTA,OPERATIVO,08:45 a 16:45,Jirón Enrique Palacios Nº 504-506 esquina con Jr. Ladislao Espinar Nº 401,2025
ANCASH,SANTA,CHIMBOTE,PVM (MegaPlaza Chimbote),OPERATIVO,08:45 a 16:45," Mz. B Lt. 1-A-1-A2 Sector Parque Gran Chavín, Centro Comercial Megaplaza Chimbote",2025
ANCASH,SANTA,CHIMBOTE,MAC - ANCASH,OPERATIVO,08:30 a 16:30," Mz. B Lt. 1-A-1-A2 Sector Parque Gran Chavín, Centro Comercial Megaplaza Chimbote",2025
ANCASH,SANTA,NUEVO CHIMBOTE,AG NUEVO CHIMBOTE,OPERATIVO,08:45 a 16:45, Mz. 74-75 Lt. 1 del Centro Cívico de la Municipalidad Distrital de Nuevo Chimbote,2025
ANCASH,HUARAZ,HUARAZ,AG HUARAZ,OPERATIVO,08:45 a 16:45,"Jirón Agustin Loly N° 756, Mz. 29A Lt. 27, Barrio La Soledad Alta, intersección con Jr. Agustin Mejía",2025
ANCASH,HUAYLAS,CARAZ,AG HUAYLAS,OPERATIVO,08:45 a 16:45,Jirón Raimondi N° 215,2025
ANCASH,HUARI,HUARI,AG HUARI,OPERATIVO,08:45 a 16:45,Jirón Libertad Mz. P2 Lt. 003,2025
ANCASH,POMABAMBA,POMABAMBA,AG POMABAMBA,OPERATIVO,08:45 a 16:45,Jirón Huaraz Nº 369,2025
ANCASH,SIHUAS,SIHUAS,AG SIHUAS,OPERATIVO,08:45 a 16:45,"Jirón Gomes Arias 106, Barrio Pingullo Alto",2025
ANCASH,PALLASCA,PAMPAS,AG PAMPAS,OPERATIVO,08:45 a 16:45,Calle Plaza de Armas S/N - Municipalidad Distrital de Pampas - 1er piso,2025
ANCASH,CASMA,CASMA,PAP CASMA,OPERATIVO,08:45 a 16:45, Sector Hijuela Mz. C Lt. 13 del Centro Cívico de la Municipalidad Provincial de Casma,2025
ANCASH,HUARMEY,HUARMEY,PAP HUARMEY,OPERATIVO,08:45 a 16:45, 1er. Pabellón S/N del Centro Cívico de la Municipalidad Provincial de Huarmey,2025
ANCASH,RECUAY,RECUAY,PAP RECUAY,OPERATIVO,08:45 a 16:45,Calle Plaza de Armas Nº 180 Municipalidad Distrital de Recuay,2025
ANCASH,CARHUAZ,CARHUAZ,PAP CARHUAZ,OPERATIVO,08:45 a 16:45,Avenida La Merced Nº 1006,2025
ANCASH,YUNGAY,YUNGAY,PAP YUNGAY,OPERATIVO,08:45 a 16:45,Avenida Arias Grazziani Lt. 1-2 Centro Cívico de la Municipalidad Provincial de Yungay,2025
ANCASH,CARLOS FERMIN FITZCARRALD,SAN LUÍS,PAP CARLOS FERMÍN FITZCARRALD,OPERATIVO,08:45 a 16:45,Avenida Ramón Castilla N° 320 - 1er. piso Centro Cívico de la Municipalidad Provincial de C. F. Fitzcarrald,2025
ANCASH,MARISCAL LUZURIAGA,PISCOBAMBA,PAP MARISCAL LUZURIAGA,OPERATIVO,08:45 a 16:45,"Jirón San Pablo S/N, Centro Cívico de la Municipalidad Provincial de Mariscal Luzuriaga",2025
ANCASH,SANTA,CHIMBOTE,ORA HOSPITAL LA CALETA (Chimbote),OPERATIVO,08:45 a 16:30,Avenida Malecon Grau S/N,2025
ANCASH,SANTA,CHIMBOTE,ORA HOSPITAL ESSALUD III CHIMBOTE,OPERATIVO,08:45 a 16:30,Avenida Circunvalación Nº 119 Urb. Laderas del Norte,2025
ANCASH,SANTA,NUEVO CHIMBOTE,ORA HOSPITAL ELEAZAR GUZMÁN BARRÓN (Nuevo Chimbote),OPERATIVO,08:45 a 16:30,"Avenida Brasil S/N, Urb. Santa Cristina (Hospital Regional Eleazar Guzmán Barrón puerta de Emergencia)",2025
ANCASH,HUARAZ,HUARAZ,ORA HOSPITAL VÍCTOR RAMOS GUARDIA (Huaraz),OPERATIVO,08:45 a 16:30,"Avenida Mariscal Luzuriaga cdra. 01, cruce con Jr. Pedro Villón cdra. 10",2025
ANCASH,HUAYLAS,CARAZ,ORA HOSPITAL DE APOYO CARAZ,OPERATIVO,08:45 a 16:30,Avenida 9 de Octubre S/N,2025
ANCASH,HUARI,HUARI,ORA HOSPITAL DE APOYO HUARI,OPERATIVO,08:45 a 16:30,Avenida Circunvalación Baja S/N,2025
ANCASH,CORONGO,CORONGO,PANP CORONGO,DESPLAZAMIENTO,08:45 a 16:45,"Jirón Grau N° 206, primer piso de la Municipalidad Provincial de Corongo",2025
ANCASH,PALLASCA,CABANA,PANP PALLASCA,DESPLAZAMIENTO,08:45 a 16:45,"Avenida Plaza de Armas N° 103, primer piso de la Municipalidad Provincial de Pallasca",2025
ANCASH,AIJA,AIJA,PANP AIJA,DESPLAZAMIENTO,08:45 a 16:45,"Jirón Gavino Uribe S/N Plaza de Armas, 1er piso de la Municipalidad Provincial de Aija",2025
ANCASH,BOLOGNESI,CHIQUIAN,PANP BOLOGNESI,DESPLAZAMIENTO,08:45 a 16:45,"Jirón Tacna 320, primer piso del Centro Cívico de la Municipalidad Distrital de Chiquian",2025
ANCASH,YUNGAY,YANAMA,AG YANAMA,DESPLAZAMIENTO,08:45 a 16:45,Jirón Yungay S/N cdra. 03,2025
ANCASH,MARISCAL LUZURIAGA,LLUMPA,PANP LLUMPA,DESPLAZAMIENTO,08:45 a 16:45, Plaza de Armas S/N,2025
ANCASH,ASUNCION,CHACAS,PANP ASUNCIÓN,DESPLAZAMIENTO,08:45 a 16:45,Jirón Coliseo de Chacas S/N,2025
ANCASH,HUARI,CHAVIN DE HUANTAR,PANP CHAVÍN DE HUANTAR,DESPLAZAMIENTO,08:45 a 16:45,"Jirón San Martin S/N, 1er piso del Centro Cívico de la Municipalidad Distrital de Chavin de Huantar",2025
ANCASH,HUARI,SAN MARCOS,PANP SAN MARCOS ,DESPLAZAMIENTO,08:45 a 16:45,"Jirón Progreso 332, Plaza de Armas de San Marcos",2025
ANCASH,HUACAYBAMBA,HUACAYBAMBA,PANP HUACAYBAMBA,DESPLAZAMIENTO,08:45 a 16:45,"Avenida El Ejercito S/N Barrio San Pedro, 1er piso Municipalidad Provincial de Huacaybamba",2025
ANCASH,ANTONIO RAIMONDI,LLAMELLIN,PANP ANTONIO RAIMONDI,DESPLAZAMIENTO,08:45 a 16:45,Jirón Simón Bolívar N° 229,2025
ANCASH,HUARI,UCO,PANP UCO,DESPLAZAMIENTO,08:45 a 16:45,"Jirón Nicolas de Piérola S/N Plaza de Armas, 1er piso de la Municipalidad Distrital de Uco",2025
JUNIN,HUANCAYO,EL TAMBO,OR HUANCAYO,OPERATIVO,08:45 a 16:45,AVENIDA MARISCAL CASTILLA Nº 1801,2025
JUNIN,TARMA,TARMA,AG TARMA,OPERATIVO,08:45 a 16:45,JIRÓN AREQUIPA Nº 939,2025
JUNIN,CHANCHAMAYO,LA MERCED,AG CHANCHAMAYO,OPERATIVO,08:45 a 16:45,PROLONGACIÓN TARMA Nº 242,2025
JUNIN,SATIPO,PANGOA,PAP PANGOA,OPERATIVO,08:45 a 16:45,CALLE 07 DE JUNIO Nº 641 PLAZA PRINCIPAL CENTRO CIVICO,2025
JUNIN,SATIPO,MAZAMARI,PAP MAZAMARI,OPERATIVO,08:45 a 16:45,AVENIDA SAN JUAN N° 377,2025
JUNIN,CONCEPCION,CONCEPCIÓN,PAP CONCEPCIÓN,OPERATIVO,08:45 a 16:45,JIRÓN RICARDO PALMA S/N MERCADO MODELO INTERIOR 1 ,2025
JUNIN,JAUJA,JAUJA,PAP JAUJA,OPERATIVO,08:45 a 16:45,JIRÓN SUCRE N° 889,2025
JUNIN,JUNIN,JUNIN,PAP JUNIN,OPERATIVO,08:45 a 16:45,JIRÓN SIMÓN BOLIVAR N° 820,2025
JUNIN,YAULI,SANTA ROSA DE SACCO,PAP YAULI,OPERATIVO,08:45 a 16:45,AVENIDA MIGUEL GRAU N° 309,2025
JUNIN,SATIPO,SATIPO,PAP SATIPO,OPERATIVO,08:45 a 16:45,AVENIDA MICAELA BASTIDAS Y JR. AUGUSTO B. LEGUIA CENTRO CIVICO ,2025
JUNIN,CHUPACA,CHUPACA,PAP CHUPACA,OPERATIVO,08:45 a 16:45,JIRÓN GRAU N° 195 - CENTRO CÍVICO,2025
JUNIN,CHANCHAMAYO,PICHANAQUI,PAP PICHANAQUI,OPERATIVO,08:45 a 16:45,JIRÓN INDEPENDENCIA S/N COLISEO MUNICIPAL,2025
JUNIN,HUANCAYO,HUANCAYO,"ORA REGIONAL DOCENTE MATERNO INFANTIL ""EL CARMEN""",OPERATIVO,08:45 a 16:30,JIRÓN PUNO Nº 911,2025
JUNIN,TARMA,TARMA,ORA DE APOYO FELIX MAYORCA SOTO,OPERATIVO,08:45 a 16:30,AVENIDA PACHECO Nº 362,2025
JUNIN,JAUJA ,JAUJA ,ORA HOSPITAL DOMINGO OLAVEGOYA,OPERATIVO,08:45 a 16:30,JIRÓN SAN MARTÍN Nº 1153 URB. OLAVEGOYA ,2025
JUNIN,SATIPO,SATIPO,ORA DE APOYO MANUEL HIGA ARAKAKI,OPERATIVO,08:45 a 16:30,CALLE DANIEL ALCIDES CARRIÓN Nº 398,2025
JUNIN,CHANCHAMAYO ,PICHANAQUI,ORA HOSPITAL DE APOYO PICHANAQUI,OPERATIVO,08:45 a 16:30,AVENIDA SAN MARTÍN S/N PICHANAKI,2025
JUNIN,HUANCAYO,HUANCAYO,ORA LA LIBERTAD,DESPLAZAMIENTO,08:45 a 16:30,AV. ALAMEDA S/N. COOP. SANTA ISABEL ,2025
JUNIN,CHANCHAMAYO,LA MERCED,ORA HOSPITAL REGIONAL DOCENTE DE MEDICINA TROPICAL DR. JULIO DEMARINI CARO,OPERATIVO,08:45 a 16:30,AVENIDA DANIEL A. CARRION S/N AV. PAMPA DEL CARMEN S/N,2025
JUNIN,HUANCAYO,EL TAMBO,ORA HOSPITAL NACIONAL RAMIRO PRIALE,OPERATIVO,08:45 a 16:30,AVENIDA INDEPENDENCIA Nº 266,2025
JUNIN,SATIPO,PANGOA,ORA HOSPITAL DE PANGOA,OPERATIVO,08:45 a 16:30,AVENIDA LA CULTURA S/N,2025
JUNIN,HUANCAYO,CHILCA,ORA CHILCA,DESPLAZAMIENTO,08:45 a 16:30,JIRÓN HUMBOLT Nº 900,2025
JUNIN,HUANCAYO,HUANCAYO,MAC - JUNIN,OPERATIVO,08:30 a 16:30,AVENIDA FERROCARRIL N° 146 - 150 - CENTRO COMERCIAL OPEN PLAZA,2025
JUNIN,HUANCAYO,EL TAMBO,PVM - OR HUANCAYO,OPERATIVO,08:45 a 16:45,AVENIDA MARISCAL CASTILLA Nº 1801,2025
AYACUCHO,HUAMANGA,AYACUCHO,"ORA HOSPITAL REGIONAL DE AYACUCHO ""MIGUEL ANGEL MARISCAL LLERENA"" (MINSA)",OPERATIVO,08:45 a 16:30,Jirón Daniel Alcides Carrión S/N - 2da cuadra.,2025
AYACUCHO,LA MAR,AYNA,PAP AYNA -SAN FRANCISCO,OPERATIVO,08:45 a 16:45,Avenida 28 de Julio S/N San Francisco,2025
AYACUCHO,HUAMANGA,AYACUCHO,OR HUAMANGA,OPERATIVO,08:45 a 16:45,"Jirón San Martin Nº 473, 475, 477 y 477A",2025
AYACUCHO,CANGALLO,CANGALLO,PAP CANGALLO,OPERATIVO,08:45 a 16:45,Jirón Maria Parado de Bellido Nº 205,2025
AYACUCHO,HUANTA,HUANTA,AG HUANTA,OPERATIVO,08:45 a 16:45,Jirón Ayacucho N° 305,2025
AYACUCHO,LA MAR,SAN MIGUEL,PAP LA MAR,OPERATIVO,08:45 a 16:45,Jirón Maria Parado de Bellido S/N ,2025
AYACUCHO,VICTOR FAJARDO,HUANCAPI,PAP VICTOR FAJARDO,OPERATIVO,08:45 a 16:45, Plaza Principal Nº 127,2025
AYACUCHO,HUANCA SANCOS,SANCOS,PAP HUANCASANCOS,OPERATIVO,08:45 a 16:45,Avenida Progreso S/N Consejo Provincial de Huanca Sancos,2025
AYACUCHO,VILCAS HUAMAN,VILCAS HUAMAN,PAP VILCASHUAMAN,OPERATIVO,08:45 a 16:45,Avenida Los Incas Nº 222,2025
AYACUCHO,SUCRE,QUEROBAMBA,PAP SUCRE,OPERATIVO,08:45 a 16:45,Jirón San Martin S/N  Plaza de Armas Consejo Provincial de Sucre,2025
AYACUCHO,HUANTA,HUANTA,"ORA HOSPITAL DE APOYO HUANTA ""DANIEL ALCIDES CARRION"" (MINSA)",OPERATIVO,08:45 a 16:30,Avenida Mariscal Castilla Nº 628,2025
AYACUCHO,LA MAR,SAN MIGUEL,ORA SAN MIGUEL (MINSA),DESPLAZAMIENTO,08:45 a 16:30,Avenida Ramon Castilla s/n,2025
AYACUCHO,CANGALLO,CANGALLO,ORA HOSPITAL DE APOYO CANGALLO (MINSA),OPERATIVO,08:45 a 16:30,Jirón Santa Rosa N° 110,2025
CUSCO,LA CONVENCION,PICHARI,PAP PICHARI,OPERATIVO,08:45 a 16:45,Avenida BRASIL S/N,2025
APURIMAC,CHINCHEROS,CHINCHEROS,PAP CHINCHEROS,OPERATIVO,08:45 a 16:45,Jirón COTABAMBAS N° 121,2025
AYACUCHO,LA MAR,SAMUGARI,PAP SAMUGARI -PALMAPAMPA,OPERATIVO,08:45 a 16:45,Jirón Los Laureles S/N – Palmapampa Distrital de Samugari,2025
AYACUCHO,LA MAR,TAMBO,ORA TAMBO (MINSA),OPERATIVO,08:45 a 16:30,Jirón Lima s/n,2025
AYACUCHO,HUAMANGA,JESUS NAZARENO,ORA HOSPITAL DE APOYO JESUS NAZARENO (MINSA),OPERATIVO,08:45 a 16:30,Jirón Ciro Alegría Nº 547,2025
APURIMAC,ANDAHUAYLAS,TALAVERA,OR ANDAHUAYLAS,OPERATIVO,08:45 a 16:45,Jirón Amauta N° 311,2025
APURIMAC,CHINCHEROS,ANCCO HUALLO,ORA  CENTRO DE SALUD URIPA  (MINSA),OPERATIVO,08:45 a 16:30,Avenida  Túpac Amaru S/N – URIPA,2025
APURIMAC,ANDAHUAYLAS,ANDAHUAYLAS,ORA HOSPITAL REGIONAL DOCENTE  HUGO PESCE PESCETTO ANDAHUAYLAS (MINSA),OPERATIVO,08:45 a 16:30,Avenida Hugo Pesce Pesceto S/N,2025
AYACUCHO,HUANTA,SIVIA,ORA HOSPITAL DE APOYO DE SIVIA (MINSA),DESPLAZAMIENTO,08:45 a 16:30,Jirón Gervacio Santillana S/N,2025
CUSCO,LA CONVENCION,KIMBIRI,ORA CENTRO DE SALUD SAN JUAN DE KIMBIRI (MINSA),DESPLAZAMIENTO,08:45 a 16:30,Avenida Aeropuerto S/N,2025
CUSCO,LA CONVENCION,PICHARI,ORA HOSPITAL DE APOYO PICHARI (MINSA),OPERATIVO,08:45 a 16:30,Jirón Amazonas s/n,2025
APURIMAC,CHINCHEROS,CHINCHEROS,ORA HOSPITAL DE APOYO CHINCHEROS (MINSA),OPERATIVO,08:45 a 16:30,Avenida Fernando Belaunde Terry S/N,2025
AYACUCHO,CANGALLO,LOS MOROCHUCOS,ORA PAMPA CANGALLO (MINSA),OPERATIVO,08:45 a 16:30,Avenida María Arguedas S/N,2025
AYACUCHO,HUAMANGA,SAN JUAN BAUTISTA,ORA SAN JUAN BAUTISTA,DESPLAZAMIENTO,08:45 a 16:30,AV. MALVINAS S/N,2025
AREQUIPA,AREQUIPA,AREQUIPA,ORA HOSPITAL REGIONAL HONORIO DELGADO ESPINOZA (MINSA),OPERATIVO,08:45 a 16:30,Avenida Daniel Alcides Carrión N° 505,2025
TACNA,TACNA,TACNA,ORA TACNA (MINSA),OPERATIVO,08:45 a 16:30,Calle Blondel S/N,2025
AREQUIPA,AREQUIPA,AREQUIPA,OR AREQUIPA,OPERATIVO,08:45 a 16:45,Calle San Juan de Dios N° 122 y Santo Domingo N° 101,2025
AREQUIPA,CAYLLOMA,CHIVAY,PAP CAYLLOMA,OPERATIVO,08:45 a 16:45,Calle Siglo XX S/N,2025
AREQUIPA,CAMANA,CAMANA,AG CAMANA,OPERATIVO,08:45 a 16:45,Avenida Mariscal Castilla N° 221,2025
AREQUIPA,CARAVELI,CARAVELÍ,PAP CARAVELI,DESPLAZAMIENTO,08:45 a 16:45,Jirón Bolivar S/N,2025
AREQUIPA,CASTILLA,APLAO,PAP CASTILLA,OPERATIVO,08:45 a 16:45,Calle Progreso S/N,2025
AREQUIPA,CONDESUYOS,CHUQUIBAMBA,PAP CONDESUYOS,OPERATIVO,08:45 a 16:45,Avenida Alameda S/N - Los Tres Errantes,2025
AREQUIPA,ISLAY,MOLLENDO,AG ISLAY,OPERATIVO,08:45 a 16:45,Jiron Arequipa Nº 261 ,2025
AREQUIPA,LA UNION,COTAHUASI,PAP LA UNION,OPERATIVO,08:45 a 16:45,Calle Centenario N° 202 - Cotahuasi,2025
MOQUEGUA,MARISCAL NIETO,MOQUEGUA,ORA HOSPITAL REGIONAL MOQUEGUA (MINSA),OPERATIVO,08:45 a 16:30,Avenida Simón Bolívar N° 505,2025
MOQUEGUA,MARISCAL NIETO,SAN ANTONIO,AG MARISCAL NIETO,OPERATIVO,08:45 a 16:45,Avenida Central Mz D-4 Lt. 1,2025
MOQUEGUA,ILO,ILO,AG ILO,OPERATIVO,08:45 a 16:45,Jirón Ayacucho N° 529,2025
AREQUIPA,CAYLLOMA,MAJES,AG MAJES,OPERATIVO,08:45 a 16:45,Avenida Arequipa S/N - Tienda 06 del Estadio Almirante Miguel Grau - Pedregal,2025
AREQUIPA,AREQUIPA,CAYMA,AG CAYMA,OPERATIVO,08:45 a 16:45,Avenida Ramón Castilla S/N - Estadio La Tomilla,2025
TACNA,TACNA,TACNA,AG TACNA,OPERATIVO,08:45 a 16:45,Calle Deustua Nº 173,2025
AREQUIPA,AREQUIPA,AREQUIPA,ORA HOSPITAL III GOYENECHE (MINSA),OPERATIVO,08:45 a 16:30,Avenida Goyeneche N° 100,2025
AREQUIPA,CAMANA,CAMANA,ORA HOSPITAL DE CAMANA (MINSA),OPERATIVO,08:45 a 16:30,Avenida Lima 550,2025
AREQUIPA,AREQUIPA,PAUCARPATA,MAC - AREQUIPA,OPERATIVO,08:30 a 16:30,Avenida Porongoche N° 500 Paucarpata - Centro Comercial Mall Aventura ,2025
AREQUIPA,CAYLLOMA,MAJES,ORA HOSPITAL CENTRAL DE MAJES- ANGEL GABRIEL CHURA GALLEGOS (MINSA),OPERATIVO,08:45 a 16:30, Asentamiento B1 lote 1 Irrig. Majes,2025
MOQUEGUA,MARISCAL NIETO,MOQUEGUA,MAC - MOQUEGUA,OPERATIVO,08:30 a 16:30,"Avenida Circunvalación 1B Sub lote 1-A, Moquegua",2025
AREQUIPA,AREQUIPA,AREQUIPA,PAP PASEO CENTRAL,OPERATIVO,08:45 a 16:45,Calle Arturo Ibañez S/N,2025
AREQUIPA,AREQUIPA,CERRO COLORADO,C.S. MARITZA CAMPOS DIAZ (MINSA),OPERATIVO,08:45 a 16:30,Calle Yavari S/N,2025
AREQUIPA,AREQUIPA,PAUCARPATA,HOSPITAL EDMUNDO ESCOMEL (ESSALUD),OPERATIVO,08:45 a 16:30,Avenida EL Cayro S/N,2025
AREQUIPA,AREQUIPA,AREQUIPA,HOSPITAL CARLOS ALBERTO SEGUIN ESCOBEDO (ESSALUD),OPERATIVO,08:45 a 16:30,Calle Peral S/N,2025
AREQUIPA,AREQUIPA,YANAHUARA,ORA HOSPITAL III YANAHUARA (ESSALUD),OPERATIVO,08:45 a 16:30,Avenida Zamácola S/N,2025
AREQUIPA,AREQUIPA,AREQUIPA,PVM - OR AREQUIPA,OPERATIVO,08:45 a 16:45,Calle San Juan de Dios N° 122 y Santo Domingo N° 101,2025
CUSCO,CUSCO,SANTIAGO,ORA ANTONIO LORENA DEL CUSCO (MINSA),OPERATIVO,08:45 a 16:30,Calle Carlos Ugarte S/N Urb. Primavera Cuartel Agustín Gamarra,2025
CUSCO,CUSCO,WANCHAQ,ORA HOSPITAL NACIONAL ADOLFO GUEVARA VELASCO (ESSALUD),OPERATIVO,08:45 a 16:30,Avenida Ancelmo Alvarez S/N,2025
APURIMAC,ABANCAY,ABANCAY,OR ABANCAY,OPERATIVO,08:45 a 16:45,Avenida La Victoria Nº 214,2025
APURIMAC,AYMARAES,CHALHUANCA,PANP AYMARAES,DESPLAZAMIENTO,08:45 a 16:45, Plaza de Armas S/N (Gobernatura De Chalhuanca),2025
APURIMAC,ANTABAMBA,ANTABAMBA,PANP ANTABAMBA,DESPLAZAMIENTO,08:45 a 16:45, Plaza de Armas S / N,2025
APURIMAC,COTABAMBAS,TAMBOBAMBA,PAP TAMBOBAMBA,OPERATIVO,08:45 a 16:45,Avenida Perú - Plaza de Armas S/N - 3er Piso,2025
APURIMAC,GRAU,CHUQUIBAMBILLA,PANP GRAU,DESPLAZAMIENTO,08:45 a 16:45, Plaza de Armas S / N,2025
CUSCO,CUSCO,CUSCO,OR CUSCO,OPERATIVO,08:45 a 16:45,Avenida El Sol N° 272,2025
CUSCO,ACOMAYO,ACOMAYO,PANP ACOMAYO,DESPLAZAMIENTO,08:45 a 16:45, Plaza de Armas S/N,2025
CUSCO,ANTA,ANTA ,PAP ANTA,OPERATIVO,08:45 a 16:45,"Jirón Jaquijahuana  S / N, Izcuchaca",2025
CUSCO,CALCA,CALCA,AG CALCA,OPERATIVO,08:45 a 16:45, Plaza de Armas S/N,2025
CUSCO,CANAS,YANAOCA,PAP CANAS,OPERATIVO,08:45 a 16:45, Plaza de Armas S/N,2025
CUSCO,CANCHIS,SICUANI,AG CANCHIS,OPERATIVO,08:45 a 16:45,Avenida Túpac Amaru N° 163,2025
CUSCO,CHUMBIVILCAS,SANTO TOMAS,PAP CHUMBIVILCAS,OPERATIVO,08:45 a 16:45,Avenida Perú S / N (Ruedo de Toros),2025
CUSCO,ESPINAR,ESPINAR,PAP ESPINAR,OPERATIVO,08:45 a 16:45,Calle Teatro S/N  ,2025
CUSCO,LA CONVENCION,SANTA ANA,AG LA CONVENCION,OPERATIVO,08:45 a 16:45,Avenida Grau Nº 238,2025
CUSCO,PARURO,PARURO,PANP PARURO,DESPLAZAMIENTO,08:45 a 16:45, Plaza de Armas S/N,2025
CUSCO,PAUCARTAMBO,PAUCARTAMBO,PAP PAUCARTAMBO - JR9,DESPLAZAMIENTO,08:45 a 16:45,Jirón Enrique Yabar S/N,2025
CUSCO,QUISPICANCHI,URCOS,PAP QUISPICANCHI,OPERATIVO,08:45 a 16:45,Jirón Huáscar N° 181,2025
CUSCO,URUBAMBA,URUBAMBA,PAP URUBAMBA,OPERATIVO,08:45 a 16:45,Avenida Conchatupa S/N,2025
MADRE DE DIOS,TAHUAMANU,IBERIA,AG IBERIA,OPERATIVO,08:45 a 16:45,Avenida Máximo Rodríguez N° 124 Plaza de Armas,2025
APURIMAC,ABANCAY,ABANCAY,ORA HOSPITAL REGIONAL GUILLERMO DIAZ DE LA VEGA (MINSA),OPERATIVO,08:45 a 16:30,Avenida Daniel Alcides Carrión S/N,2025
MADRE DE DIOS,TAMBOPATA,TAMBOPATA,OR TAMBOPATA,OPERATIVO,08:45 a 16:45,Jirón Lambayeque N° 159,2025
MADRE DE DIOS,MANU,MANU,PANP MANU,DESPLAZAMIENTO,08:45 a 16:45,Avenida Esperanza S/N - Local Municipal,2025
CUSCO,ACOMAYO,POMACANCHI,AG POMACANCHI,DESPLAZAMIENTO,08:45 a 16:45, Plaza de Armas S/N,2025
CUSCO,CUSCO,CUSCO,ORA HOSPITAL DE APOYO DEPARTAMENTAL CUSCO (MINSA),OPERATIVO,08:45 a 16:30,Avenida La Cultura S/N,2025
CUSCO,CANCHIS,SICUANI,ORA SICUANI (MINSA),OPERATIVO,08:45 a 16:30,Avenida Manuel Callo Zevallos N° 519 - Hospital MINSA Sicuani,2025
MADRE DE DIOS,TAMBOPATA,TAMBOPATA,ORA SANTA ROSA (MINSA),DESPLAZAMIENTO,08:45 a 16:30,Jirón Cajamarca N° 171,2025
CUSCO,LA CONVENCION,SANTA ANA,ORA QUILLABAMBA (MINSA),OPERATIVO,08:45 a 16:30,Avenida General Gamarra S/N - Hospital Quillabamba,2025
CUSCO,ESPINAR,ESPINAR,ORA ESPINAR (MINSA),OPERATIVO,08:45 a 16:30,Calle Domingo Huarca Cruz S/N Barrio Túpac Amaru  - Hospital Espinar,2025
MADRE DE DIOS,TAHUAMANU,IBERIA,ORA SAN MARTIN DE PORRES DE IBERIA (MINSA),OPERATIVO,08:45 a 16:30,Calle Mocopata S/N,2025
APURIMAC,COTABAMBAS,TAMBOBAMBA,ORA TAMBOBAMBA (MINSA),OPERATIVO,08:45 a 16:30, Hospital Tambobamba,2025
APURIMAC,COTABAMBAS,HAQUIRA,PAP HAQUIRA,DESPLAZAMIENTO,08:45 a 16:45, Plaza de armas S/N-Haquira,2025
CUSCO,CHUMBIVILCAS,SANTO TOMAS,ORA SANTO TOMAS (MINSA),DESPLAZAMIENTO,08:45 a 16:30,Calle  Andres Avelino Caceres - Hospital Santo Tomas  ,2025
CUSCO,CHUMBIVILCAS,VELILLE,PANP VELILLE,DESPLAZAMIENTO,08:45 a 16:45, Plaza de Armas - Municipalidad Distrital Velille,2025
CUSCO,CALCA,YANATILE,PANP YANATILE,DESPLAZAMIENTO,08:45 a 16:45, Plaza de Armas - Municipalidad Distrital Yanatile,2025
APURIMAC,ABANCAY,CURAHUASI,PANP CURAHUASI,DESPLAZAMIENTO,08:45 a 16:45, Coliseo Cerrado - Municipalidad de Curahuasi,2025
CUSCO,CUSCO,SANTIAGO,AGENCIA SANTIAGO,OPERATIVO,08:15 a 16:15,Calle Giraldo Ruiz Caro S/N,2025
CUSCO,CUSCO,WANCHAQ,MAC - CUSCO,OPERATIVO,08:30 a 16:30,Avenida Collasuyo 2964 - Real Plaza Cusco,2025
MADRE DE DIOS,TAMBOPATA,INAMBARI,AG INAMBARI,DESPLAZAMIENTO,08:45 a 16:45, Plaza de Armas - Municipalidad Provincial de Inambari,2025
CUSCO,CUSCO,CUSCO,PVM - OR CUSCO,OPERATIVO,08:45 a 16:45,Avenida El Sol N° 272,2025
CUSCO,CUSCO,SANTIAGO,ORA BELEMPAMPA (MINSA),OPERATIVO,08:45 a 13:00,Plazoleta Belen S/N,2025
LIMA,LIMA ,JESÚS MARÍA,ORA HOSPITAL NACIONAL EDGARDO REBAGLIATI MARTINS (ESSALUD),OPERATIVO,08:45 a 16:30,Avenida SALAVERRY CDRA. 13 - PUERTA 6,2025
CALLAO,CALLAO,CALLAO,ORA NAC. DANIEL A. CARRIÓN (MINSA),OPERATIVO,08:45 a 16:30,Avenida Guardia Chalaca Nº 2176 - Bellavista,2025
LIMA,LIMA,SAN JUAN DE LURIGANCHO,ORA HOSPITAL SAN JUAN DE LURIGANCHO (MINSA),OPERATIVO,08:45 a 16:30,Avenida Canto Grande S/N - Altura del paradero 10,2025
LIMA,LIMA,EL AGUSTINO,ORA HOSPITAL NACIONAL HIPOLITO UNANUE (MINSA),OPERATIVO,08:45 a 16:30,Avenida Cesar Vallejo Nº 1390 ,2025
LIMA,LIMA,LIMA,ORA INSTITUTO NACIONAL MATERNO PERINATAL (MINSA),OPERATIVO,08:45 a 16:30,Jirón Miroquesada Nº 941 - Lima,2025
CALLAO,CALLAO,VENTANILLA,OR VENTANILLA,OPERATIVO,08:45 a 16:45,Avenida Pachacutec N° 225 - Sector B - Grupo Residencial B1 - Mz. F1 ,2025
LIMA,LIMA,SANTIAGO DE SURCO,OR SURCO - HIGUERETA,OPERATIVO,08:45 a 16:45,Avenida Santiago de Surco Nº 2807 Urb. Residencial Higuereta,2025
LIMA,LIMA,SAN BORJA,OR SAN BORJA,OPERATIVO,08:45 a 16:45,Avenida San Luis N° 1673 Urb. Jacaranda II,2025
LIMA,LIMA,COMAS,OR COMAS III,OPERATIVO,08:45 a 16:45,Avenida San Felipe Nº 830 Urb. San Felipe,2025
LIMA,LIMA,LIMA,OR QUILCA,OPERATIVO,08:45 a 16:45,Jirón Quilca Nº 501 y 525 ,2025
LIMA,LIMA,LIMA,AG ANCASH,OPERATIVO,08:45 a 16:45,Jirón Ancash Nº 336-340 y 344 (Frente a la Plazuela San Francisco) - Lima,2025
LIMA,LIMA,VILLA MARÍA DEL TRIUNFO,ORA DANIEL ALCIDES CARRION (MINSA),OPERATIVO,08:45 a 16:30,Avenida Pachacutec N° 3470 - Pasando el Terminal Pesquero.,2025
CALLAO,CALLAO,BELLAVISTA,MAC - CALLAO,OPERATIVO,08:30 a 16:30,Avenida Oscar R. Benavides N° 3866 - Centro Comercial Mall Aventura Plaza,2025
LIMA,LIMA,LIMA,OR LIMA,OPERATIVO,08:45 a 16:45,Jirón Nicolás de Piérola N 545,2025
LIMA,LIMA,ATE,OR ATE - Complejo Deportivo Ollantaytambo,OPERATIVO,08:45 a 16:45,Av. Alfonso Ugarte s/n  Complejo Deportivo Ollantaytambo,2025
LIMA,LIMA,ATE,OR ATE - Mac Express de Puruchuco,OPERATIVO,08:45 a 13:00 - 14:00 a 16:45 ,Av. Javier Pardo Este N° 8680  Mac Express - Agencia Municipal Real Plaza de Puruchuco.,2025
LIMA,LIMA,COMAS,OR COMAS I,OPERATIVO,08:45 a 16:45,"Avenida Tupac Amaru N° 5527 - 5531 - 5535, Urb Huaquillay 2da Etapa",2025
LIMA,LIMA,LURIN,OR LURIN,OPERATIVO,08:45 a 16:45,"MZ B, Lote 5 Asociación de Vivienda Familiar Centinela - Lurin",2025
LIMA,LIMA,MIRAFLORES,OR MIRAFLORES,OPERATIVO,08:45 a 16:45,Avenida Ernesto Diez Canseco N° 230,2025
LIMA,LIMA,PUENTE PIEDRA,OR PUENTE PIEDRA,OPERATIVO,08:45 a 16:45,Jirón Ricardo Palma Nº 241,2025
LIMA,LIMA,SAN JUAN DE LURIGANCHO,OR SAN JUAN DE LURIGANCHO,OPERATIVO,08:45 a 16:45,Avenida Las Flores Lote 1 Mz. G Urb. Canto Grande Unidad 7,2025
LIMA,LIMA,SAN JUAN DE MIRAFLORES,OR SAN JUAN DE MIRAFLORES,OPERATIVO,08:45 a 16:45,Avenida Guillermo Billinghurst  N° 767 – 769 Mz. F Lote 18 Urb. SJM Parcela D,2025
LIMA,LIMA,SAN MARTÍN DE PORRES,OR SAN MARTIN DE PORRES,OPERATIVO,08:45 a 16:45,Avenida Eduardo de Habich Nº 590 - 592 con Pedro Paulet N° 589,2025
LIMA,CAJATAMBO,CAJATAMBO,AG CAJATAMBO,OPERATIVO,08:45 a 16:45,Jirón Bolognesi S/N - Comisiones de Regantes -Frente plaza de Armas,2025
LIMA,CANTA,CANTA,AG CANTA,OPERATIVO,08:45 a 16:45,Jirón Independencia Nº 308 Municipio (Plaza de Armas),2025
LIMA,CAÑETE,SAN VICENTE DE CAÑETE,AG CAÑETE,OPERATIVO,08:45 a 16:45,Avenida Los Libertadores Mz. D-3 Lote 4 Urbanización Tercer Mundo,2025
LIMA,HUAURA,HUACHO,AG HUACHO,OPERATIVO,08:45 a 16:45,Avenida Grau Nº 295,2025
LIMA,HUAROCHIRI,MATUCANA,AG MATUCANA,OPERATIVO,08:45 a 16:45,Jirón Tacna S/N  - Centro Civico,2025
LIMA,YAUYOS,YAUYOS,AG YAUYOS,OPERATIVO,08:45 a 16:45,Plaza Plaza Constitución Nº 110,2025
LIMA,HUARAL,HUARAL,AG HUARAL,OPERATIVO,08:45 a 16:45,Pasaje el Palmo esquina con Calle Huaquilla (DEMUNA HUARAL),2025
LIMA,BARRANCA,BARRANCA,OR BARRANCA,OPERATIVO,08:45 a 16:45,Avenida Independencia N° 674 - 676 - 678,2025
LIMA,OYON,OYON,AG OYON,OPERATIVO,08:45 a 16:45,Jirón Unión 216,2025
LIMA,LIMA,LURIGANCHO,OR CHOSICA,OPERATIVO,08:45 a 16:45,Jirón Chucuito Nº 248 ,2025
LIMA,LIMA,PACHACAMAC,OR PACHACAMAC,OPERATIVO,08:45 a 16:45,Avenida Paul Poblet N° 3111 - Dentro del Mercado Jumbo,2025
LIMA,LIMA,JESÚS MARÍA,OR JESUS MARIA,OPERATIVO,08:45 a 16:45,Jirón Talara N° 130-132-134 y 136 Jesús Maria,2025
LIMA,LIMA,CIENEGUILLA,OR CIENEGUILLA,OPERATIVO,08:45 a 16:45,"Avenida San Martin Lote 15, Zona ""D"" Manzana ""D"" Centro Poblado Tambo Viejo",2025
LIMA,LIMA,SANTA ANITA,OR SANTA ANITA,OPERATIVO,08:45 a 16:45,"Avenida Los Eucaliptos Nº 947, Urbanización Universal",2025
LIMA,LIMA,INDEPENDENCIA,OR INDEPENDENCIA,OPERATIVO,08:45 a 16:45,Calle Los Andes Nº 486 Urb. Industrial Panamericana Norte,2025
CALLAO,CALLAO,VENTANILLA,MAC - VENTANILLA,OPERATIVO,08:30 a 16:30,Avenida La Playa S/N altura la Urb. Zona Comercial frente a la Plaza Cívica ,2025
LIMA,LIMA,JESÚS MARÍA,AG 06 DE AGOSTO,OPERATIVO,08:45 a 16:45,Avenida 06 de Agosto N° 856,2025
CALLAO,CALLAO,MI PERÚ,PAP MI PERU,OPERATIVO,08:45 a 16:45, Mz. G7 Lt. 06 Mi Perú  interior de la Sede Municipal.,2025
LIMA,LIMA,SAN MARTÍN DE PORRES,ORA NACIONAL CAYETANO HEREDIA (MINSA),OPERATIVO,08:45 a 16:30,Jirón Honorio Delgado N° 262 - Urb. Ingeniería / Obstetricia,2025
LIMA,HUAURA,HUACHO,ORA HOSPITAL GENERAL DE HUACHO (MINSA),OPERATIVO,08:45 a 16:30,Avenida Jose Arnaldo Arambulo La Rosa N° 251,2025
CALLAO,CALLAO,CALLAO,OR CALLAO,OPERATIVO,08:45 a 16:45,Avenida Dos de Mayo N° 440 - 446,2025
LIMA,LIMA,SAN BORJA,AG ATENCIONES ESPECIALES DE SAN BORJA,OPERATIVO,08:45 a 16:45,Avenida Javier Prado N° 2388 -2386 - 2392,2025
LIMA,LIMA,EL AGUSTINO,MAC - LIMA ESTE,OPERATIVO,08:30 a 16:30,Avenida Carretera Central 111 Mall Aventura Santa Anita Nivel 2,2025
CALLAO,CALLAO,CARMEN DE LA LEGUA REYNOSO,ORA HOSPITAL SAN JOSE (MINSA),OPERATIVO,08:45 a 16:30,Jirón Las Magnolias 475 Carmen de la Legua-Reynoso,2025
CALLAO,CALLAO,VENTANILLA,ORA HOSPITAL DE VENTANILLA (MINSA),OPERATIVO,08:45 a 16:30,Avenida Pedro Beltran S/N Ventanilla - Hospital de Ventanilla,2025
LIMA,CAÑETE,SAN LUIS,ORA HOSPITAL REZOLA (MINSA),OPERATIVO,08:45 a 16:30,Calle Distrito de San Luis S/N,2025
LIMA,BARRANCA,BARRANCA,ORA HOSPITAL DE BARRANCA (MINSA),OPERATIVO,08:45 a 16:30,Avenida Nicolás de Piérola Nº 210 -224,2025
LIMA,HUARAL,HUARAL,ORA HOSPITAL SAN JUAN BAUTISTA HUARAL (MINSA),OPERATIVO,08:45 a 16:30,Calle Tacna Nº 120 Urb. San Juan I,2025
LIMA,LIMA ,COMAS,ORA HOSPITAL NACIONAL SERGIO E. BERNALES (MINSA),OPERATIVO,08:45 a 16:30,"Avenida Túpac Amaru N° 8000, Collique, Comas.",2025
LIMA,LIMA,LIMA,ORA NACIONAL DOS DE MAYO (MINSA),OPERATIVO,08:45 a 16:30,Avenida Parque Historia De La Medicina Peruana S/N Altura Cuadra 13 Av Grau,2025
LIMA,LIMA,ATE ,ORA HOSPITAL DE HUAYCAN (MINSA),OPERATIVO,08:45 a 16:30,Avenida José C.Mariátegui S/N Zona B - A.H.Huaycán S/N Ate Lima Lima,2025
LIMA,LIMA,SAN JUAN DE MIRAFLORES,MAC - LIMA SUR,OPERATIVO,08:30 a 16:30,Avenida Circunvalación 1583- San Juan de Miraflores,2025
LIMA,LIMA,COMAS,MAC - LIMA NORTE,OPERATIVO,08:30 a 16:30,Avenida Los Angeles N° 602 2do piso - Cc Mall Plaza ,2025
LIMA,LIMA,JESUS MARIA,PVM - JESUS MARIA (2.0 y 3.0),OPERATIVO,08:45 a 16:45,Jirón Talara N° 130,2025
LIMA,LIMA,SANTIAGO DE SURCO,PVM - JOCKEY PLAZA (2.0),OPERATIVO,08:45 a 16:45,Avenida Javier Prado Este N° 4200 ( Centro Financiero del Centro Comercial),2025
LIMA,LIMA,SURQUILLO,PVM - OPEN PLAZA ANGAMOS (2.0),OPERATIVO PARCIAL,08:45 a 16:45,Avenida Cruce Angamos N° 1805 con Tomas Marsano,2025
LIMA,LIMA,CHORRILLOS,PVM - PLAZA LIMA SUR (2.0),OPERATIVO,08:45 a 16:45, Prolongación Paseo  de la Republica S/N Urb. Matellini (2do nivel del Centro Comercial) ,2025
CALLAO,CALLAO,VENTANILLA,PVM - VENTANILLA (2.0),OPERATIVO,08:45 a 16:45,Avenida La Playa S/N altura la Urb. Zona Comercial frente a la Plaza Cívica ,2025
CALLAO,CALLAO,BELLAVISTA,PVM - MALL AVENTURA PLAZA - CALLAO (2.0),INOPERATIVA,08:45 a 16:45,Avenida Oscar R. Benavides N° 3866 - Centro Comercial Mall Aventura Plaza,2025
LIMA,LIMA,MIRAFLORES,PVM - MIRAFLORES (2.0 y 3.0),OPERATIVO,08:45 a 16:45,Avenida Diez Canseco N° 230,2025
LIMA,LIMA,INDEPENDENCIA,PVM - INDEPENDENCIA (2.0 y 3.0),OPERATIVO,08:45 a 16:45,Calle Los Andes Nº 486 Urb. Industrial Panamericana Norte,2025
LIMA,LIMA,LURIN,PVM - OR LURIN (2.0),OPERATIVO,08:45 a 16:45,Mz. B Lote 5 Asociación de Vivienda Centinela (detrás del polideportivo),2025
LIMA,LIMA,SANTA ANITA,ORA HOSP. JORGE VOTO BERNALES (ESSALUD),OPERATIVO,08:45 a 16:30,"Carretera CARRETERA CENTRAL KM. 3,5 - SANTA ANITA",2025
LIMA,LIMA,CERCADO DE LIMA,HOSP. NAC DOC MADRE Y NIÑO  SAN BARTOLOME (MINSA),OPERATIVO,08:45 a 16:30,Avenida ALFONSO UGARTE 825 - LIMA,2025
LIMA,LIMA,CHORRILLOS,CMI VIRGEN DEL CARMEN  (MINSA),OPERATIVO PARCIAL,08:45 a 16:30,Avenida LEOPOLDO ARIAS 200 FRENTE AL COLISEO MARISCAL CACERES,2025
LIMA,LIMA,PUENTE PIEDRA,ORA HOSPITAL PUENTE PIEDRA (MINSA),OPERATIVO,08:45 a 16:30,Avenida SAENZ PEÑA S/N KM 30,2025
LIMA,LIMA,SAN JUAN DE LURIGANCHO,PVM - SAN JUAN DE LURIGANCHO (2.0),OPERATIVO PARCIAL,08:45 a 16:45,Avenida Las Flores 260-262  Urb. San Rafael,2025
ANCASH,OCROS,OCROS,AG OCROS,OPERATIVO,08:45 a 16:45, Plaza de Armas S/N (MUNICIPIO),2025
LIMA,HUARAL,CHANCAY,AG CHANCAY,OPERATIVO,08:45 a 16:45,Avenida 1ro de mayo s/n cdra 03,2025
LIMA,LIMA,PUEBLO LIBRE,ORA HOSPITAL SANTA ROSA,OPERATIVO,08:45 a 16:30,Avenida Bolivar Crda. 8 Pueblo Libre ,2025
LIMA,LIMA,INDEPENDENCIA,ORA  CMI TAHUANTINSUYO BAJO,OPERATIVO,08:45 a 16:30,Avenida Chinchaysullo cdra 4 Independencia,2025
LIMA,LIMA,SURQUILLO,AG. INSTITUTO NACIONAL DE ENFERMEDADES NEOPLASICAS,OPERATIVO PARCIAL,08:45 a 16:45,Av. Angamos Este 2520 - Surquillo (puerta emergencia del INEN),2025
LIMA,LIMA,SAN MARTIN DE PORRES,PVM - OR SAN MARTIN DE PORRES (2.0 y 3.0),OPERATIVO,08:45 a 16:45,Av. Eduardo de Habich 592,2025
LIMA,LIMA,SAN JUAN DE MIRAFLORES,PVM - MALL  LIMA SUR (3.0),OPERATIVO,08:45 a 16:45,"Av. Los Lirios s/n, altura de  puente Atocongo",2025
LIMA,LIMA,COMAS,PVM - OR COMAS I (3.0),OPERATIVO,08:45 a 16:45,"Av. Tupac Amaru N° 5527 - 5531 - 5535, Urb Huaquillay 2da Etapa",2025
LIMA,LIMA,SAN BORJA,PVM - OR SAN BORJA (3.0),OPERATIVO,08:45 a 16:45,Av. San Luis N° 1673 Urb. Jacaranda II,2025
LIMA,LIMA,LIMA- CERCADO,PVM - OR LIMA (3.0),OPERATIVO,08:45 a 16:45,Av. Nicolas de Pierola 545,2025
LIMA,LIMA,LIMA - CERCADO,PVM - AGENCIA ANCASH (3.0),OPERATIVO,08:45 a 16:45,Jr. Ancash 336-340 Cercado,2025
LIMA,BARRANCA,BARRANCA,PVM - OR BARRANCA (3.0),OPERATIVO,08:45 a 16:45,Av. Prolongacion Independencia 250,2025
LIMA,LIMA,VILLA EL SALVADOR,ORA HOSPITAL EMERGENCIA VILLA EL SALVADOR,OPERATIVO,08:45 a 16:30,Avenida  Pastor Sevilla cruce Av. 200 millas VES,2025
PUNO,PUNO,PUNO,ORA MANUEL NUÑEZ BUTRON,OPERATIVO,08:45 a 16:45,El Sol N° 1022,2025
PUNO,PUNO,PUNO,ORA HOSPITAL BASE III (PUNO) - RED ASISTENCIAL PUNO,OPERATIVO,08:45 a 16:45,Francisco Cáceres Jara Nº 600,2025
PUNO,SAN ROMAN,JULIACA,ORA CARLOS MONGE MEDRANO,OPERATIVO,08:45 a 16:45,Carretera a Huancane Km 2,2025
PUNO,EL COLLAO ,ILAVE ,ORA ILAVE,OPERATIVO,08:45 a 16:45,Atahualpa Nº 825,2025
PUNO,SAN ROMAN,JULIACA,ORA HOSPITAL BASE III JULIACA - ESSALUD - RED ASISTENCIAL JULIACA,OPERATIVO,08:45 a 16:45,José Santos Chocano S/N - La Capilla,2025
PUNO,PUNO,PUNO,OR PUNO,OPERATIVO,08:45 a 16:45,Arequipa N° 1143 - 1145 Barrio Victoria,2025
PUNO,AZANGARO,AZANGARO,PAP AZANGARO,OPERATIVO,08:45 a 16:45,Azangaro N° 160  (Palacio Municipal),2025
PUNO,CARABAYA,MACUSANI,PAP CARABAYA,OPERATIVO,08:45 a 16:45,Raimondi N° 116,2025
PUNO,CHUCUITO,JULI,PAP CHUCUITO,OPERATIVO,08:45 a 16:45,Ilave 235 - Mercado Central Municipio,2025
PUNO,HUANCANE,HUANCANE,PAP HUANCANE,OPERATIVO,08:45 a 16:45,Moquegua N° 104 - Barrio Progreso,2025
PUNO,LAMPA,LAMPA,PAP LAMPA,OPERATIVO,08:45 a 16:45,Alfonso Ugarte N° 343,2025
PUNO,MELGAR,AYAVIRI,PAP MELGAR,OPERATIVO,08:45 a 16:45,Jorge Chavez N°  550,2025
PUNO,SANDIA,SANDIA,PAP SANDIA,OPERATIVO,08:45 a 16:45,Juliaca S/N - Mercado Central Sandia,2025
PUNO,SAN ROMAN,JULIACA,AG SAN ROMAN,OPERATIVO,08:45 a 16:45,Brascesco N° 181 ,2025
PUNO,YUNGUYO,YUNGUYO,PAP YUNGUYO,OPERATIVO,08:45 a 16:45,Grau Nº 240,2025
PUNO,SAN ANTONIO DE PUTINA,PUTINA,PAP PUTINA,OPERATIVO,08:45 a 16:45,Plaza de Armas S/N (Palacio Municipal),2025
PUNO,EL COLLAO,ILAVE,PAP EL COLLAO,OPERATIVO,08:45 a 16:45,Bolognesi S/N - Coliseo Cubierto Ilave Oficina N° 02,2025
PUNO,MOHO,MOHO,PAP MOHO,DESPLAZAMIENTO,08:45 a 16:45,Circunvalación S/N Terminal Terrestre,2025
PUNO,AZANGARO,AZANGARO,ORA CARLOS CORNEJO ROSELLO,OPERATIVO,08:45 a 16:45,Francisco Bolognesi N° 557,2025
PUNO,CHUCUITO,JULI,ORA JULI,OPERATIVO,08:45 a 16:45,Panamericana S/N,2025
PUNO,HUANCANE,HUANCANE,ORA HOSPITAL LUCIO ALDAZABAL PAUCA,OPERATIVO,08:45 a 16:45,Santa Cruz S/N,2025
PUNO,MELGAR,AYAVIRI,ORA SAN JUAN DE DIOS (AYAVIRI),OPERATIVO,08:45 a 16:45,Progreso S/N,2025
PUNO,SAN ROMÁN,JULIACA,ORA CENTRO DE SALUD CLAS SANTA ADRIANA,OPERATIVO,08:45 a 16:45,Pachacutec S/N,2025
PUNO,SANDIA,SANDIA,ORA HOSPITAL SANDIA,INOPERATIVO,CERRADO,Arica N° 448,2025
PUNO,SAN ROMÁN,SAN MIGUEL,PAP SAN MIGUEL - JR11,OPERATIVO,08:45 a 16:45,Palacio Municipal S/N,2025
PUNO,CHUCUITO,DESAGUADERO,PAP DESAGUADERO,OPERATIVO,08:45 a 16:45,28 de Julio N° 305 - Desaguadero,2025
PUNO,PUNO,PUNO,PAP UNA PUNO,INOPERATIVO,CERRADO,Floral N° 1153 - Ciudad Universitaria,2025
PUNO,PUNO,ACORA,PAP ACORA,OPERATIVO,08:45 a 16:45,Plaza de Armas (Palacio Municipal),2025
PUNO,SAN ROMAN,JULIACA,MAC PUNO,OPERATIVO,08:45 a 16:45,San Martin lote 07,2025
PUNO,CARABAYA,CRUCERO,PANP CRUCERO,DESPLAZAMIENTO,08:45 a 16:45,Plaza de Armas S/N,2025
ICA,ICA,ICA,ORA REGIONAL DE ICA (MINSA),OPERATIVO,08:45 a 16:30,Avenida Huacachina S/N,2025
AYACUCHO,LUCANAS,PUQUIO,AG LUCANAS,OPERATIVO,08:45 a 16:45,Jirón San Pedro  Nº 216,2025
AYACUCHO,PARINACOCHAS,CORACORA,AG PARINACOCHAS,OPERATIVO,08:45 a 16:45,Jirón Bolognesi N° 419 Plaza de Armas,2025
ICA,ICA,PARCONA,PAP PARCONA,OPERATIVO,08:45 a 16:45,Avenida Jhon F. Kennedy N° 500 con Calle Lima S/N (Costado del Palacio Municipal),2025
ICA,ICA,ICA,OR ICA,OPERATIVO,08:45 a 16:45,Avenida San Martin N° 1366 Mz. M-02 Lt. 035. Urb. San Isidro ,2025
ICA,CHINCHA,CHINCHA ALTA,AG CHINCHA,OPERATIVO,08:45 a 16:45,Calle Los Angeles N° 300,2025
ICA,NASCA,NASCA,AG NASCA,OPERATIVO,08:45 a 16:45,Calle Fermin del Castillo N° 270,2025
ICA,PISCO,PISCO,AG PISCO,OPERATIVO,08:45 a 16:45,Calle San Juan de Dios N° 288,2025
ICA,PALPA,PALPA,AG PALPA,OPERATIVO,08:45 a 16:45,Calle Portal de Escribanos Nº 145,2025
AYACUCHO,LUCANAS,CABANA,PAP CABANA ,DESPLAZAMIENTO,08:45 a 16:45,Jirón Jorge Chavez N° 272 ,2025
AYACUCHO,LUCANAS,PUQUIO,ORA FELIPE HUAMAN POMA DE AYALA (MINSA),OPERATIVO,08:45 a 16:30,Avenida Arnaldo Alvarado S/N ,2025
AYACUCHO,PARINACOCHAS,CORACORA,ORA HOSPITAL DE APOYO DE CORACORA (MINSA),OPERATIVO,08:45 a 16:30,Avenida La Cultura S/N,2025
ICA,ICA,ICA,ORA SANTA MARIA DEL SOCORRO (MINSA),OPERATIVO,08:45 a 16:30,Calle Castrovirreyna N° 759,2025
ICA,PISCO,PISCO,ORA SAN JUAN DE DIOS (MINSA),OPERATIVO,08:45 a 16:30,Avenida Fermín Tanguis S/N (Altura del Fundo Alto de la Luna),2025
ICA,CHINCHA,CHINCHA ALTA,ORA SAN JOSE DE CHINCHA (MINSA),OPERATIVO,08:45 a 16:30,Avenida Abelardo Alva Maurtua Nº 600,2025
AYACUCHO,LUCANAS,LARAMATE,PANP LARAMATE,DESPLAZAMIENTO,08:45 a 16:45,Jirón Ica S/N,2025
ICA,NASCA,NASCA,ORA HOSPITAL DE APOYO DE NASCA (MINSA),OPERATIVO,08:45 a 16:30,Calle Callao S/N - 5ta Cuadra,2025
ICA,ICA,ICA,ORA AUGUSTO HERNANDEZ MENDOZA (ESSALUD),OPERATIVO,08:45 a 16:30,Calle José Matias Manzanilla S/N,2025
ICA,NASCA,MARCONA,PAP MARCONA,CIERRE TEMPORAL,08:45 a 16:45,Calle Andres Avelino Caceres S/N,2025
ICA,ICA,ICA,MAC - ICA,OPERATIVO,08:30 a 16:30,Avenida Los Maestros S/N C.C. Mega Plaza Segundo Piso,2025
ICA,ICA,ICA,PVM ICA,OPERATIVO,08:45 a 16:45,Avenida Los Maestros S/N C.C. Mega Plaza Segundo Piso,2025
UCAYALI,CORONEL PORTILLO,CALLERIA,ORA HOSPITAL REGIONAL DE PUCALLPA (MINSA),OPERATIVO,08:45 a 16:30,Jirón Luis Escavino N° 317,2025
HUANUCO,PUERTO INCA,PUERTO INCA,PAP PUERTO INCA,OPERATIVO,08:45 a 16:45,Jirón Vulcano S/N,2025
UCAYALI,CORONEL PORTILLO,YARINACOCHA,ORA HOSPITAL AMAZÓNICO - YARINACOCHA (MINSA),OPERATIVO,08:45 a 16:30,Jirón Aguaytia N° 605,2025
UCAYALI,ATALAYA,RAIMONDI,ORA ATALAYA,OPERATIVO,08:45 a 16:30,Calle Lima S/N  MZ.142 LT01 Piso 1 y 2 Urbanización Mario Pezo,2025
LORETO,UCAYALI,CONTAMANA,PAP CONTAMANA,OPERATIVO,08:45 a 16:45,Calle Nuevo Loreto Mz.38C  Lt.5B,2025
UCAYALI,PADRE ABAD,IRAZOLA ,AG IRAZOLA ,OPERATIVO,08:45 a 16:45,Calle Progreso S/N ,2025
UCAYALI,CORONEL PORTILLO,CALLERIA,OR PUCALLPA,OPERATIVO,08:45 a 16:45,"Jirón 09 de Diciembre N° 378 y Tacna Nº 891 Mz. 07 Lt. Acumulado 1-B, independiente.",2025
UCAYALI,PADRE ABAD,PADRE ABAD,PAP PADRE ABAD,OPERATIVO,08:45 a 16:45,Avenida Grau Nº 214,2025
UCAYALI,ATALAYA,RAIMONDI,PAP ATALAYA,OPERATIVO,08:45 a 16:45,Jirón Rioja Nº 659,2025
UCAYALI,PURUS,PURUS,PAP PURUS,OPERATIVO,08:45 a 16:45,Avenida Purus S/N,2025
UCAYALI,ATALAYA,TAHUANIA,PAP TAHUANIA,OPERATIVO,08:45 a 16:45,Jirón 7 de Junio  S/N,2025
UCAYALI,CORONEL PORTILLO,CALLERIA,MAC - UCAYALI,OPERATIVO,08:30 a 16:30,Avenida Centenario 1642 (2do piso) Centro Comercial Real Plaza,2025
HUANCAVELICA,HUANCAVELICA,IZCUCHACA,PAP IZCUCHACA,OPERATIVO,08:45 a 16:45,Avenida Ferrocarril  S/N ,2025
HUANCAVELICA,ACOBAMBA,PAUCARA,PAP PAUCARA,OPERATIVO,08:45 a 16:45, Plaza Mayor S/N,2025
HUANCAVELICA,HUANCAVELICA,HUANCAVELICA,ORA HOSPITAL REGIONAL ZACARIAS CORREA VALDIVIA (MINSA),OPERATIVO,08:45 a 16:30,Avenida Andrés Avelino Cáceres S/N - Barrio Yananaco,2025
HUANCAVELICA,HUANCAVELICA,HUANCAVELICA,ORA HUANDO (MINSA),OPERATIVO,08:45 a 16:30,Calle Cementerio s/n,2025
HUANCAVELICA,HUANCAVELICA,ASCENSIÓN,ORA HOSPITAL II HUANCAVELICA (ESSALUD),OPERATIVO,08:45 a 16:30,Avenida Teresa de Jurnet S/N,2025
HUANCAVELICA,HUANCAVELICA,HUANCAVELICA,OR HUANCAVELICA,OPERATIVO,08:45 a 16:45,"Avenida San Cristóbal Nº 384, 386 y 388",2025
HUANCAVELICA,ACOBAMBA,ACOBAMBA,OR ACOBAMBA,OPERATIVO,08:45 a 16:45,Jirón Dos De Mayo N° 459,2025
HUANCAVELICA,ANGARAES,LIRCAY,OR ANGARAES,OPERATIVO,08:45 a 16:45,Avenida Centenario S/N - Barrio de Pueblo Nuevo - Dentro del Centro Civico,2025
HUANCAVELICA,CASTROVIRREYNA,CASTROVIRREYNA,OR CASTROVIRREYNA,OPERATIVO,08:45 a 16:45,Avenida Los Libertadores S/N,2025
HUANCAVELICA,TAYACAJA,PAMPAS,OR TAYACAJA,OPERATIVO,08:45 a 16:45,Jirón Manco Capac S/N con Jirón Alfonso Ugarte Cordova y Necochea - Coliseo Multiuso,2025
HUANCAVELICA,HUAYTARA,HUAYTARA,OR HUAYTARA,OPERATIVO,08:45 a 16:45,Calle 24 de Junio S/N - 2do piso Centro Cívico ,2025
HUANCAVELICA,CHURCAMPA,CHURCAMPA,OR CHURCAMPA,OPERATIVO,08:45 a 16:45,Jirón Real N° 255,2025
HUANCAVELICA,TAYACAJA,PAMPAS,ORA HOSPITAL DE PAMPAS (MINSA),OPERATIVO,08:45 a 16:30,Jirón Bolívar S/N ,2025
HUANCAVELICA,ANGARAES,LIRCAY,ORA LIRCAY (MINSA),DESPLAZAMIENTO,08:45 a 16:30,Avenida Esmeralda S/N,2025
HUANCAVELICA,TAYACAJA,SURCUBAMBA,AG SURCUBAMBA,OPERATIVO,08:45 a 16:45,Calle Alfonso Ugarte S/N,2025
HUANCAVELICA,TAYACAJA,COLCABAMBA,AG COLCABAMBA,OPERATIVO,08:45 a 16:45,Avenida Centenario S/N,2025
HUANCAVELICA,HUANCAVELICA,YAULI,ORA YAULI (MINSA),OPERATIVO,08:45 a 16:30,Avenida Jorge Chávez S/N,2025
HUANCAVELICA,ACOBAMBA,PAUCARA,ORA PAUCARA (MINSA),OPERATIVO,08:45 a 16:30,Calle Lircay s/n,2025
HUANCAVELICA,CHURCAMPA,CHURCAMPA,ORA CHURCAMPA (MINSA),DESPLAZAMIENTO,08:45 a 16:30,Calle Ricardo Palma N° 535 (Instalaciones del Centro de Salud),2025
PASCO,PASCO,YANACANCHA,ORA DR. DANIEL ALCIDES CARRION GARCIA (MINSA),OPERATIVO,08:45 a 16:30,Avenida Los Incas S/N Urb. San Juan,2025
PASCO,OXAPAMPA,PUERTO BERMUDEZ,PAP PUERTO BERMÚDEZ,OPERATIVO,08:45 a 16:45,Avenida Remigio Morales Bermúdez S/N,2025
PASCO,PASCO,HUARIACA,PAP HUARIACA,OPERATIVO,08:45 a 16:45,Jirón 28 de Julio Nº 129,2025
HUANUCO,HUANUCO,HUÁNUCO,ORA HOSPITAL REGIONAL HERMILIO VALDIZAN (MINSA),OPERATIVO,08:45 a 16:30,Jirón Hermilio Valdizan Nº 950,2025
PASCO,PASCO,PAUCARTAMBO,PAP PAUCARTAMBO,OPERATIVO,08:45 a 16:45, Plaza 28 de Julio S/N,2025
HUANUCO,HUANUCO,HUÁNUCO,OR HUANUCO,OPERATIVO,08:45 a 16:45,Jirón 28 de Julio N° 825,2025
HUANUCO,AMBO,AMBO,PAP AMBO,OPERATIVO,08:45 a 16:45,"Jirón 28 de Julio 697, Centro Cívico",2025
HUANUCO,DOS DE MAYO,LA UNION,PAP DOS DE MAYO,OPERATIVO,08:45 a 16:45,Jirón Lourdes N° 221,2025
HUANUCO,HUAMALIES,LLATA,PAP HUAMALIES,OPERATIVO,08:45 a 16:45,Jirón Huánuco N° 242,2025
HUANUCO,MARAÑON,HUACRACHUCO,PAP MARAÑON,OPERATIVO,08:45 a 16:45,Avenida 28 De Julio N° 602 ,2025
HUANUCO,LEONCIO PRADO,RUPA-RUPA,PAP LEONCIO PRADO,OPERATIVO,08:45 a 16:45,Jirón Chiclayo N° 585,2025
HUANUCO,PACHITEA,PANAO,PAP PACHITEA,OPERATIVO,08:45 a 16:45,Jirón Espinar N° 121,2025
HUANUCO,LAURICOCHA,JESÚS,PAP LAURICOCHA,DESPLAZAMIENTO,08:45 a 16:45,Jirón Cristobal Colon S/N,2025
HUANUCO,YAROWILCA,CHAVINILLO,PAP YAROWILCA,OPERATIVO,08:45 a 16:45,Jirón Virgen de Fátima S/N,2025
PASCO,PASCO,CHAUPIMARCA,ORA HOSPITAL II PASCO (ESSALUD),OPERATIVO,08:45 a 16:30, Barrio La Esperanza - Casa de Piedra,2025
HUANUCO,PACHITEA,PANAO,ORA PANAO (MINSA),OPERATIVO,08:45 a 16:30,Jirón Grau Nº 193,2025
HUANUCO,LEONCIO PRADO,RUPA-RUPA,ORA HOSPITAL TINGO MARIA (MINSA),OPERATIVO,08:45 a 16:30,Av. Ucayali Nº 114 ,2025
HUANUCO,LEONCIO PRADO,JOSÉ CRESPO Y CASTILLO,ORA AUCAYACU (MINSA),OPERATIVO,08:45 a 16:30,Jirón Grau S/N cuadra 4,2025
HUANUCO,HUAMALIES,LLATA,ORA LLATA (MINSA),DESPLAZAMIENTO,08:45 a 16:30,Jr. 28 de Julio Nº 216,2025
HUANUCO,DOS DE MAYO,LA UNION,ORA LA UNION (MINSA),OPERATIVO,08:45 a 16:30,Jirón Dos de Mayo N° 185,2025
HUANUCO,LEONCIO PRADO,JOSÉ CRESPO Y CASTILLO,PAP JOSE CRESPO Y CASTILLO,OPERATIVO,08:45 a 16:45,Jirón Maria Parado de Bellido S/N Cuadra 4,2025
HUANUCO,LAURICOCHA,BAÑOS,AG BAÑOS,DESPLAZAMIENTO,08:45 a 16:45, Plaza de Armas S/N,2025
PASCO,PASCO,YANACANCHA,AG PASCO,OPERATIVO,08:45 a 16:45," Centro Comercial ""Sector Dos de San Juan Pampa Edif. 4 Tienda 3 San Juan-Yanacancha",2025
PASCO,DANIEL ALCIDES CARRION,YANAHUANCA,PAP DANIEL ALCIDES CARRIÓN,OPERATIVO,08:45 a 16:45,Jirón Jorge Chavez S/N Plaza Principal,2025
PASCO,OXAPAMPA,OXAPAMPA,PAP OXAPAMPA,OPERATIVO,08:45 a 16:45,Jirón Huancabamba S/N Mz. 162 Estadio Municipal Oxapampa,2025
SAN MARTIN,TOCACHE,UCHIZA,AG UCHIZA,OPERATIVO,08:45 a 16:45,Avenida Atahualpa N° 920,2025
PASCO,OXAPAMPA,PALCAZÚ,AG PALCAZU,OPERATIVO,08:45 a 16:45,Avenida Juan Santos Atahualpa Mz. U Lt. 01,2025
SAN MARTIN,TOCACHE,TOCACHE,PAP TOCACHE,OPERATIVO,08:45 a 16:45,Jirón San Juan Cdra 7 S/N Centro Cívico,2025
HUANUCO,HUANUCO,CHINCHAO,ORA ACOMAYO (MINSA),DESPLAZAMIENTO,08:45 a 16:30,Pasaje Iguarizo S/N Mz. 6 Lt. 02,2025
SAN MARTIN,TOCACHE,TOCACHE,ORA HOSPITAL DE TOCACHE (MINSA),OPERATIVO,08:45 a 16:30,Jirón Ricardo Palma N° 550,2025
HUANUCO,HUANUCO,SANTA MARIA DEL VALLE,ORA SANTA MARIA DEL VALLE (MINSA),DESPLAZAMIENTO,08:45 a 16:30,Jirón Libertad  S/N Intersección Carretera Central ,2025
HUANUCO,HUANUCO ,AMARILIS ,ORA CARLOS SHOWING FERRARI (MINSA),OPERATIVO,08:45 a 16:30,Jirón Micaela Bastidas S/N Paucarbamba ,2025
PASCO,OXAPAMPA,OXAPAMPA,ORA HOSPITAL ERNESTO GERMAN GUZMAN GONZALES (MINSA),DESPLAZAMIENTO,08:45 a 16:30,Jirón Eduardo Loechle S/N - Chontabamba,2025
HUANUCO,HUANUCO,HUANUCO,MAC - HUÁNUCO,OPERATIVO,08:30 a 16:30,"Jirón Independencia N° 1601, Centro Comercial Real Plaza, Primer Piso",2025
HUANUCO,PACHITEA,UMARI,ORA TAMBILLO UMARI (MINSA),OPERATIVO,08:45 a 16:30,Carretera Huanuco - Panao Km 37,2025
HUANUCO,YAROWILCA,CHAVINILLO,ORA CHAVINILLO (MINSA),DESPLAZAMIENTO,08:45 a 16:30,Avenida San Juan N° 102,2025
PASCO,OXAPAMPA,CONSTITUCIÓN,AG CONSTITUCION,DESPLAZAMIENTO,08:45 a 16:45,Avenida Fernando Belaunde S/N 4ta Etapa del Distrito de Constitución,2025
AMAZONAS,CHACHAPOYAS,CHACHAPOYAS,OR CHACHAPOYAS,OPERATIVO,08:45 a 16:45,Jirón Ortiz Arrieta 1135- 1137,2025
AMAZONAS,BAGUA,BAGUA,PAP BAGUA,OPERATIVO,08:45 a 16:45,Jirón Los Cedros Nº 263,2025
AMAZONAS,BONGARA,JAZAN,AG BONGARA,OPERATIVO,08:45 a 16:45,Avenida Marginal  Nº 100 -Pedro Ruíz,2025
AMAZONAS,LUYA ,LUYA ,AG LUYA,INOPERATIVO,08:45 a 16:45,Jirón Diego Mori Zuta N° 447,2025
AMAZONAS,RODRIGUEZ DE MENDOZA,SAN NICOLÁS,AG RODRIGUEZ DE MENDOZA,OPERATIVO,08:45 a 16:45,Jirón Victor Mori N° 204,2025
AMAZONAS,CONDORCANQUI,NIEVA,PAP CONDORCANQUI,OPERATIVO,08:45 a 16:45,Calle Gonzalo puerta S/N,2025
AMAZONAS,UTCUBAMBA,BAGUA GRANDE,PAP UTCUBAMBA,OPERATIVO,08:45 a 16:45,Jirón Simón Bolivar N° 545,2025
CAJAMARCA,JAEN,JAEN,OR JAEN,OPERATIVO,08:45 a 16:45,Calle Mariscal Ureta Nº 915,2025
CAJAMARCA,SAN IGNACIO,SAN IGNACIO,PAP SAN IGNACIO,INOPERATIVO,08:45 a 16:45,Pasaje Santa Rosa 107 - 109 - cuadra 1,2025
AMAZONAS,BAGUA,IMAZA,OR IMAZA,OPERATIVO ,08:45 a 16:45,Avenida Awajun 751 Centro Poblado Chiriaco,2025
AMAZONAS,CHACHAPOYAS,CHACHAPOYAS,ORA HOSPITAL REGIONAL VIRGEN DE FATIMA (MINSA),OPERATIVO,08:45 a 16:30,Pasaje Daniel Alcides Carrión N° 035,2025
AMAZONAS,BAGUA,BAGUA,ORA HOSPITAL DE APOYO GUSTAVO LANATTA LUJAN (MINSA),OPERATIVO,08:45 a 16:30,Avenida Héroes de Cenepa N°980,2025
CAJAMARCA,JAEN,JAEN,ORA HOSPITAL GENERAL DE JAEN (MINSA),OPERATIVO,08:45 a 16:30,Prolongación Huamantanga s/n,2025
AMAZONAS,BAGUA,IMAZA,ORA CHIRIACO (MINSA),OPERATIVO,08:45 a 16:30,Calle Junin S/N,2025
AMAZONAS,UTCUBAMBA,BAGUA GRANDE,ORA HOSPITAL DE APOYO SANTIAGO APOSTOL DE UTCUBAMBA (MINSA),OPERATIVO,08:45 a 16:30,Jirón San Felipe Santiago N°111,2025
CAJAMARCA,SAN IGNACIO,SAN IGNACIO,ORA SAN IGNACIO (MINSA),OPERATIVO,08:45 a 16:30,"Avenida Abelardo Quiñones S/N, Sector Santiago",2025
AMAZONAS,BONGARA,FLORIDA,ORA POMACOCHAS (MINSA),OPERATIVO ,08:45 a 16:30,Jirón Pomacochas S/N ,2025
AMAZONAS,CONDORCANQUI,NIEVA,ORA SANTA MARIA DE NIEVA (MINSA),OPERATIVO,08:45 a 16:30,Jirón Javier Pérez de Cuellar S/N Mz. N Lt. 03 Asent.Humano Héctor Peas Tsegkuan,2025
AMAZONAS,UTCUBAMBA,LONYA GRANDE,ORA LONYA GRANDE (MINSA),OPERATIVO ,08:45 a 16:30,Jirón Alto Amazonas 340,2025
AMAZONAS,CONDORCANQUI,RIO SANTIAGO,ORA GALILEA (MINSA),OPERATIVO,08:45 a 16:30,Jirón La Amistad S/N,2025
CAJAMARCA,JAEN,PUCARA,PAP PUCARA,INOPERATIVO,08:45 a 16:45,Jiron Lindo 548,2025
LAMBAYEQUE,CHICLAYO,CHICLAYO,ORA HOSPITAL REGIONAL DOCENTE LAS MERCEDES (MINSA),OPERATIVO,08:45 a 16:30 ,Avenida Luis Gonzáles  Nº 635,2025
LAMBAYEQUE,CHICLAYO,CHICLAYO,ORA HOSPITAL ALMANZOR AGUINAGA ASENJO (ESSALUD),OPERATIVO,08:45 a 16:30,Plaza Plaza de la Seguridad Social S/N,2025
PIURA,SULLANA,SULLANA,ORA HOSPITAL DE APOYO II-SULLANA (MINSA),OPERATIVO,08:45 a 16:30,Avenida Santa Rosa S/N,2025
CAJAMARCA,CUTERVO,CUTERVO,PAP CUTERVO,OPERATIVO,08:45 a 16:45,Jirón Comercio N° 1105-1107 Mz. 203 Lt. 14-Urb. Los Jardines ,2025
CAJAMARCA,CHOTA,CHOTA,AG CHOTA,OPERATIVO,08:45 a 16:45,Jirón 30 de Agosto N° 848,2025
CAJAMARCA,SANTA CRUZ,SANTA CRUZ,PAP SANTA CRUZ,OPERATIVO,08:45 a 16:45,Jirón Domingo Negrón Nº 399,2025
LAMBAYEQUE,CHICLAYO,JOSE LEONARDO ORTIZ,OR JOSÉ LEONARDO ORTIZ,OPERATIVO,08:45 a 16:45,Calle Cacique Cinto Nº 317 Urb. Latina,2025
LAMBAYEQUE,CHICLAYO,CHICLAYO,OR CHICLAYO,OPERATIVO,08:45 a 16:45,Avenida Balta N° 680 y esquina con Av. Elias Aguirre,2025
LAMBAYEQUE,FERREÑAFE,FERREÑAFE,PAP FERREÑAFE,OPERATIVO,08:45 a 16:45,Calle Tres Marías Nº 717 – B,2025
LAMBAYEQUE,LAMBAYEQUE,LAMBAYEQUE,PAP LAMBAYEQUE,OPERATIVO,08:45 a 16:45,Avenida Huamachuco N° 342,2025
CAJAMARCA,CUTERVO,CUTERVO,ORA SANTA MARIA DE CUTERVO (MINSA),OPERATIVO,08:45 a 16:30,Jirón Ica S/N,2025
CAJAMARCA,CHOTA,CHOTA,ORA HOSPITAL DE APOYO CHOTA - JOSE SOTO CADENILLAS (MINSA),OPERATIVO,08:45 a 16:30,Jirón Ezequiel Montoya Nª 718,2025
PIURA,PIURA,PIURA,OR PIURA,OPERATIVO,08:45 a 16:45,Calle Libertad Nº 568,2025
PIURA,AYABACA,AYABACA,PAP AYABACA,OPERATIVO,08:45 a 16:45,Calle Bolognesi N° 181,2025
PIURA,HUANCABAMBA,HUANCABAMBA,PAP HUANCABAMBA,OPERATIVO,08:45 a 16:45, Complejo Terminal Terrestre S/N - Stand 14,2025
PIURA,MORROPON,CHULUCANAS,AG CHULUCANAS,OPERATIVO,08:45 a 16:45,Jirón Cuzco N° 202,2025
PIURA,PAITA,PAITA,PAP PAITA,OPERATIVO,08:45 a 16:45,Jirón San Martin S/N Plaza de Armas - Municipalidad de Paita,2025
PIURA,SULLANA,SULLANA,OR SULLANA,OPERATIVO,08:45 a 16:45,Calle Leoncio Prado Nº 517 ,2025
PIURA,TALARA,PARIÑAS,AG TALARA,OPERATIVO,08:45 a 16:45,Avenida Mártires Petroleros B-3 Conjunto Habitacional - Talara,2025
PIURA,SECHURA,SECHURA,PAP SECHURA,OPERATIVO,08:45 a 16:45,Calle Dos de Mayo Nº 618 - Plaza de Armas - Municipalidad de Sechura,2025
PIURA,PIURA,TAMBO GRANDE,PAP TAMBOGRANDE,OPERATIVO,08:45 a 16:45,Jirón Piura 375,2025
PIURA,PIURA,PIURA,MAC - PIURA,OPERATIVO,08:30 a 16:30,Avenida Sanchez Cerro con Wiesse Centro Comercial Real Plaza,2025
PIURA,PAITA,PAITA,ORA HOSPITAL LAS MERCEDES-PAITA (MINSA),OPERATIVO,08:45 a 16:30, Zona Industrial Sector II Mz. H Lt. 1 Jr. Los Pescadores S/N ,2025
TUMBES,TUMBES,TUMBES,OR TUMBES,OPERATIVO,08:45 a 16:45,Avenida Tumbes Norte  Nº 550,2025
TUMBES,CONTRALMIRANTE VILLAR,ZORRITOS,PANP CONTRALMIRANTE VILLAR - ZORRITOS,DESPLAZAMIENTO,08:45 a 16:45,Avenida Grau Nº 305,2025
TUMBES,ZARUMILLA,ZARUMILLA,PAP ZARUMILLA,OPERATIVO,08:45 a 16:45,Avenida El Ejérrcito Nº 105 - Interior Biblioteca Municipal,2025
PIURA,PIURA,TAMBO GRANDE,ORA TAMBO GRANDE (MINSA),OPERATIVO,08:45 a 16:30,"Avenida Froilan Alama,, AA.HH.Froilan Alama",2025
LAMBAYEQUE,LAMBAYEQUE,LAMBAYEQUE,ORA HOSPITAL PROVINCIAL DOCENTE BELEN-LAMBAYEQUE (MINSA),OPERATIVO,08:45 a 16:30,Avenida Ramón Castilla Nº 597,2025
TUMBES,TUMBES,TUMBES,ORA HOSPITAL REGIONAL JOSE ALFREDO MENDOZA OLAVARRIA JAMO II-2 (MINSA),OPERATIVO,08:45 a 16:30,Avenida 24 de Julio Nº 565 ,2025
PIURA,PIURA,CATACAOS,ORA CENTRO DE SALUD MATERNO INFANTIL-CATACAOS (MINSA),OPERATIVO,08:45 a 16:30,Avenida Cayetano Heredia 1108 - Catacos,2025
PIURA,PIURA,VEINTISEIS DE OCTUBRE,ORA HOSPITAL DE LA AMISTAD PERU - COREA SANTA ROSA II-2 (MINSA),OPERATIVO,08:45 a 16:30,Avenida Prolongación Av. Grau/Av. Chulucanas ,2025
LAMBAYEQUE,CHICLAYO,CHICLAYO,ORA HOSPITAL REGIONAL LAMBAYEQUE (MINSA),OPERATIVO,08:45 a 16:30,Avenida Intersección de Carretera Panamerica Norte y Vía de Evitamiento S/N,2025
PIURA,MORROPON,CHULUCANAS,ORA HOSPITAL DE APOYO CHULUCANAS (MINSA),OPERATIVO,08:45 a 16:30,Calle Daniel alcides carrion S/N Asent .H. vate manrique,2025
LAMBAYEQUE,CHICLAYO,CHICLAYO,AGENTE RENIEC - OR CHICLAYO,OPERATIVO,08:45 a 16:45,Avenida Balta N° 680 y esquina con Av. Elias Aguirre,2025
PIURA,PIURA,PIURA,AGENTE RENIEC - OR PIURA,OPERATIVO,08:45 a 16:45,Calle Libertad Nº 568,2025
LA LIBERTAD,TRUJILLO,TRUJILLO,ORA REGIONAL DOCENTE DE TRUJILLO (MINSA),OPERATIVO,08:45 a 13:00 - 14:00 a 16:30,Avenida Mansiche Nº 795,2025
CAJAMARCA,CAJAMARCA,CAJAMARCA,ORA REGIONAL CAJAMARCA (MINSA),OPERATIVO,08:45 a 13:00 - 14:00 a 16:30 ,Jirón Larry Jhonson S/N Cdra. 8,2025
LA LIBERTAD,TRUJILLO,TRUJILLO,ORA HOSPITAL BELEN DE TRUJILLO (MINSA),OPERATIVO,08:45 a 16:30,Calle Bolívar Nº 350,2025
CAJAMARCA,CAJAMARCA,CAJAMARCA,OR CAJAMARCA,OPERATIVO,08:45 a 16:45,Jirón Del Comercio Nº 633,2025
CAJAMARCA,CAJABAMBA,CAJABAMBA,PAP CAJABAMBA,OPERATIVO,08:45 a 16:45,Jirón Miguel Grau Nº 224-226-228 Mz. 31 Lt. 2 ,2025
CAJAMARCA,CELENDIN,CELENDÍN,PAP CELENDIN,OPERATIVO,08:45 a 16:45,Jirón Pardo N° 610,2025
CAJAMARCA,CONTUMAZA,CONTUMAZÁ,PAP CONTUMAZA,OPERATIVO,08:45 a 13:00 - 14:00 a 16:45 ,Jirón Miguel Grau Nº 212,2025
CAJAMARCA,HUALGAYOC,BAMBAMARCA,PAP HUALGAYOC,OPERATIVO,08:45 a 16:45,Jirón 07 de Junio Nº 470,2025
CAJAMARCA,SAN MIGUEL,SAN MIGUEL,PAP SAN MIGUEL,OPERATIVO,08:45 a 13:00 - 14:00 a 16:45 ,Jirón Bolognesi N° 364,2025
CAJAMARCA,SAN MARCOS,PEDRO GÁLVEZ,PAP SAN MARCOS,OPERATIVO,08:45 a 16:45,Jirón Alfonso Ugarte N° 325 (Mz. 46 Lt. 17 Centro Poblado San Marcos).,2025
CAJAMARCA,SAN PABLO,SAN PABLO,PAP SAN PABLO,OPERATIVO,08:45 a 13:00 - 14:00 a 16:45 ,Jirón Plaza de Armas S/N,2025
LA LIBERTAD,TRUJILLO,VICTOR LARCO HERRERA,OR TRUJILLO II,OPERATIVO,08:45 a 16:45,Avenida Víctor Larco N° 1096. Urb. Vista Alegre,2025
LA LIBERTAD,PATAZ,PARCOY,OR PARCOY,OPERATIVO,08:45 a 13:00 - 14:00 a 16:45 ,Jirón San Martín N° 859,2025
LA LIBERTAD,TRUJILLO,TRUJILLO,OR TRUJILLO ,OPERATIVO,08:45 a 16:45,Avenida Pablo Casals Mz. A Lt. 6 Urb. Los Cedros,2025
LA LIBERTAD,BOLIVAR,BOLÍVAR,PAP BOLIVAR,OPERATIVO,08:45 a 13:00 - 14:00 a 16:45 ,Jirón Bolivar S/N - Mz. 20 Lt. 8,2025
LA LIBERTAD,SANCHEZ CARRION,HUAMACHUCO,AG SANCHEZ CARRION,OPERATIVO,08:45 a 16:45,Jirón Alfonso Ugarte N° 567,2025
LA LIBERTAD,OTUZCO,OTUZCO,AG OTUZCO,OPERATIVO,08:45 a 16:45,Pasaje Elías Armas Castillo Lt. 5-E1 Mz. 28,2025
LA LIBERTAD,PACASMAYO,SAN PEDRO DE LLOC,AG PACASMAYO,OPERATIVO,08:45 a 16:45,Jirón Alianza Nº 524,2025
LA LIBERTAD,SANTIAGO DE CHUCO,SANTIAGO DE CHUCO,PAP SANTIAGO DE CHUCO,OPERATIVO,08:45 a 13:00 - 14:00 a 16:45 ,Calle Luis de La Puente Uceda  Nº 1120,2025
LA LIBERTAD,ASCOPE,ASCOPE,PAP ASCOPE,OPERATIVO,08:45 a 16:45,"Calle Miguel Grau N° 879, Ascope - 1er Piso",2025
LA LIBERTAD,CHEPEN,CHEPEN,PAP CHEPEN,OPERATIVO,08:45 a 16:45,Calle Manuel Seoane  N° 136. Chepen,2025
LA LIBERTAD,GRAN CHIMU,CASCAS,PAP GRAN CHIMU,OPERATIVO,08:45 a 13:00 - 14:00 a 16:45 ,Jr. San Martin S/N ,2025
LA LIBERTAD,VIRU,VIRU,PAP VIRU,OPERATIVO,08:45 a 16:45,  Mz. A Lt. N° 08 Urb. Las Palmeras,2025
CAJAMARCA,HUALGAYOC,BAMBAMARCA,ORA BAMBAMARCA - TITO VILLAR CABEZAS (MINSA),OPERATIVO,08:45 a 13:00 - 14:00 a 16:30,Caserío El Frutillo. Bambamarca,2025
CAJAMARCA,CELENDIN,CELENDÍN,ORA DE APOYO CELENDIN (MINSA),OPERATIVO,08:45 a 13:00 - 14:00 a 16:30 ,Avenida Túpac Amaru Cdra. 4,2025
CAJAMARCA,CAJABAMBA,CAJABAMBA,ORA HOSPITAL NUESTRA SEÑORA DEL ROSARIO (MINSA),OPERATIVO,08:45 a 13:00 - 14:00 a 16:30,Jirón La Torre N° 277,2025
CAJAMARCA,SAN MARCOS,PEDRO GÁLVEZ,ORA SAN MARCOS (MINSA),OPERATIVO,08:45 a 13:00 - 14:00 a 16:30,Avenida 28 de Julio S/N Cdra.2,2025
LA LIBERTAD,TRUJILLO,EL PORVENIR,OR EL PORVENIR,OPERATIVO,08:45 a 16:45,Jirón Gabriel Aguilar Nº 1657. 2do piso.,2025
LA LIBERTAD,TRUJILLO,ALTO TRUJILLO,OR ALTO TRUJILLO,OPERATIVO,08:45 a 16:45, Barrio 3 Mz T Lt. 2,2025
CAJAMARCA,CAJAMARCA,CAJAMARCA,ORA SIMON BOLIVAR (MINSA),OPERATIVO,08:45 a 13:00 - 14:00 a 16:30,Avenida Mario Urteaga N° 500,2025
LA LIBERTAD,PACASMAYO,GUADALUPE,ORA DE APOYO TOMÁS LAFORA (MINSA),OPERATIVO,08:45 a 13:00 - 14:00 a 16:30,Calle La Victoria S/N,2025
CAJAMARCA,CAJAMARCA,LOS BAÑOS DEL INCA,ORA BAÑOS DEL INCA (MINSA),DESPLAZAMIENTO,08:45 a 13:00 - 14:00 a 16:30,Jirón Pachacútec N° 489,2025
LA LIBERTAD,TRUJILLO,LA ESPERANZA,ORA DISTRITAL JERUSALEN (MINSA),OPERATIVO,08:45 a 13:00 - 14:00 a 16:30 ,Pasaje 1 Barrio 3 Mz. 20 Lt. 02 Sector Jerusalén,2025
LA LIBERTAD,PATAZ,CHILLIA,AG CHILLIA,OPERATIVO,08:45 a 13:00 - 14:00 a 16:45 ,Jirón Miraflores S/N,2025
LA LIBERTAD,SANTIAGO DE CHUCO,SANTIAGO DE CHUCO,ORA DE APOYO CESAR ABRAHAM VALLEJO MENDOZA (MINSA),OPERATIVO,08:45 a 13:00 - 14:00 a 16:30 ,Calle Gustavo Pinillo S/N - Barrio San Cristobal,2025
LA LIBERTAD,CHEPEN,CHEPEN,ORA DE APOYO CHEPEN (MINSA),DESPLAZAMIENTO,08:45 a 13:00 - 14:00 a 16:30 ,Avenida 28 de Julio S/N,2025
LA LIBERTAD,SANCHEZ CARRION,HUAMACHUCO,ORA DE APOYO LEONCIO PRADO (MINSA),OPERATIVO,08:45 a 13:00 - 14:00 a 16:30 ,Avenida 10 de Julio N° 209,2025
LA LIBERTAD,OTUZCO,OTUZCO,ORA DE APOYO OTUZCO ELPIDIO BEROVIDES PEREZ (MINSA),OPERATIVO,08:45 a 13:00 - 14:00 a 16:30 ,Calle Progreso N° 385,2025
LA LIBERTAD,ASCOPE,PAIJAN,ORA PAIJAN (MINSA),DESPLAZAMIENTO,08:45 a 13:00 - 14:00 a 16:30 ,Carretera Vía Panamericana S/N Sector Manco Capac,2025
CAJAMARCA,CAJAMARCA,CAJAMARCA,MAC - CAJAMARCA,OPERATIVO,08:30 a 16:30,Avenida Via De Evitamiento. Jr. El Mutuy y Av. La Cantuta - Cajamarca - Centro Comercial Real Plaza 2do. Piso,2025
LA LIBERTAD,VIRU,VIRU,ORA PROVINCIAL DE VIRÚ (MINSA),OPERATIVO,08:45 a 13:00 - 14:00 a 16:30,Calle Sucre Nº 799,2025
LA LIBERTAD,TRUJILLO,TRUJILLO,ORA HOSPITAL VÍCTOR LAZARTE ECHEGARAY (ESSALUD),OPERATIVO,08:45 a 13:00 - 14:00 a 16:30 ,Avenida Prolongación Unión 1375,2025
CAJAMARCA,CONTUMAZA,CHILETE,PANP CHILETE,DESPLAZAMIENTO,08:45 a 13:00 - 14:00 a 16:45 ,Jr. Arequipa N° 330,2025
LA LIBERTAD,JULCAN,JULCAN,PAP JULCAN,OPERATIVO,08:45 a 13:00 - 14:00 a 16:46,"Avenida 28 de Julio N° 201, Centro Cívico",2025
LA LIBERTAD,TRUJILLO,TRUJILLO,AGENTE RENIEC - OR TRUJILLO,OPERATIVO,08:45 a 16:45,Avenida Pablo Casals Mz. A Lt. 6 Urb. Los Cedros,2025
SAN MARTIN,SAN MARTIN,TARAPOTO,ORA HOSPITAL TARAPOTO (MINSA),OPERATIVO,08:45 a 16:30,Jirón Angel Delgado Morey Nº 503,2025
LORETO,DATEM DEL MARAÑON,BARRANCA,PAP DATEM DEL MARAÑON,OPERATIVO,08:45 a 16:45,Calle Tigre Mz. 31 Lt. 08 - San Lorenzo,2025
SAN MARTIN,RIOJA,NUEVA CAJAMARCA,AG NUEVA CAJAMARCA,OPERATIVO,08:45 a 16:45,Carretera Fernando Belaunde Terry Altura del Km. 447.50 ,2025
LORETO,ALTO AMAZONAS,YURIMAGUAS,AG ALTO AMAZONAS,OPERATIVO,08:45 a 16:45,Calle Mariscal Castilla N° 411,2025
SAN MARTIN,MOYOBAMBA ,MOYOBAMBA,ORA HOSPITAL MOYOBAMBA (MINSA),OPERATIVO,08:45 a 16:30,Jirón Grau cuadra 4,2025
SAN MARTIN,MOYOBAMBA ,MOYOBAMBA,AG MOYOBAMBA,OPERATIVO,08:45 a 16:45,Jirón Dos de Mayo Mz. 1530 Lt. 14 (837),2025
SAN MARTIN,HUALLAGA,SAPOSOA,AG HUALLAGA,OPERATIVO,08:45 a 16:45,Jirón Lima N° 591,2025
SAN MARTIN,LAMAS,LAMAS,AG LAMAS,OPERATIVO,08:45 a 16:45,Jirón San Martín N° 984,2025
SAN MARTIN,MARISCAL CACERES,JUANJUI,AG MARISCAL CACERES,OPERATIVO,08:45 a 16:45,Jirón Eduardo Peña Meza N° 772 ,2025
SAN MARTIN,RIOJA,RIOJA,OR RIOJA,OPERATIVO,08:45 a 16:45,Jirón Angaiza N° 530,2025
SAN MARTIN,SAN MARTIN ,TARAPOTO,OR TARAPOTO,OPERATIVO,08:45 a 16:45,Jirón Jiménez Pimentel N° 280 ,2025
SAN MARTIN,BELLAVISTA,BELLAVISTA,AG BELLAVISTA,OPERATIVO,08:45 a 16:45,Jirón Huallaga - Iquitos Mz. 7 Lt. 27 - A.  1er. Piso,2025
SAN MARTIN,PICOTA,PICOTA,AG PICOTA,OPERATIVO,08:45 a 16:45,"Jirón Simón Bolívar, cuadra 4",2025
SAN MARTIN,EL DORADO ,SAN JOSE DE SISA,AG EL DORADO,OPERATIVO,08:45 a 16:45,Jirón Comercio N° 610,2025
LORETO,DATEM DEL MARAÑON,BARRANCA,ORA SAN LORENZO - NUCLEO BASE (MINSA),OPERATIVO,08:45 a 16:30,Barrio Daniel Alcides Carrión S/N - Barrio Huacachina,2025
SAN MARTIN,SAN MARTIN ,LA BANDA DE SHILCAYO,AG LA BANDA DE SHILCAYO,OPERATIVO,08:45 a 16:45,Jirón Yurimaguas N° 340,2025
SAN MARTIN,MARISCAL CACERES,JUANJUI,ORA HOSPITAL JUANJUI (MINSA),OPERATIVO,08:45 a 16:30,Jirón Arica N° 205,2025
SAN MARTIN,RIOJA,RIOJA,ORA HOSPITAL DE RIOJA (MINSA),OPERATIVO,08:45 a 16:30,Jirón Túpac Amaru S/N,2025
LORETO,ALTO AMAZONAS,LAGUNAS,AG LAGUNAS,OPERATIVO,08:45 a 16:45,Jirón FITZCARRALD C-9,2025
SAN MARTIN,SAN MARTIN,MORALES,PANP MORALES,OPERATIVO,08:45 a 16:45,Jirón Tarapoto N° 116 Plaza de Armas,2025
LORETO,ALTO AMAZONAS,YURIMAGUAS,ORA HOSPITAL SANTA GEMA YURIMAGUAS (MINSA),OPERATIVO,08:45 a 16:30,CALLE HUALLAGA  C-4,2025
LORETO,MAYNAS,PUNCHANA,"ORA HOSPITAL REGIONAL DE LORETO ""FELIPE ARRIOLA IGLESIAS""",OPERATIVO,08:45 a 16:30,Avenida 28 de Julio S/N,2025
LORETO,MAYNAS,IQUITOS,"ORA HOSPITAL IQUITOS ""CESAR GARAYAR GARCIA""",OPERATIVO,08:45 a 16:30,Calle Cornejo Portugal 1710,2025
LORETO,MAYNAS,BELÉN,OR BELEN,OPERATIVO,08:45 a 16:45,Calle Miraflores S/N P. J. 09 de Octubre,2025
LORETO,MAYNAS,IQUITOS,OR IQUITOS,OPERATIVO,08:45 a 16:45,Jirón Próspero Nº 201,2025
LORETO,LORETO,NAUTA,PAP NAUTA,OPERATIVO,08:45 a 16:45,Cal. Manuel Pacaya N° 570 centro cívico,2025
LORETO,REQUENA,REQUENA,PAP REQUENA,OPERATIVO,08:45 a 16:45,Calle San Antonio S/N Anexo Hotel Municipal,2025
LORETO,MARISCAL RAMON CASTILLA,RAMON CASTILLA,PAP MARISCAL RAMON CASTILLA - CABALLOCOCHA,OPERATIVO,08:45 a 16:45,Calle Ayacucho Mz. 22 Lt. 4 C con Amazonas S/N - Local Municipal,2025
LORETO,MAYNAS,SAN JUAN BAUTISTA,OR SAN JUAN BAUTISTA,OPERATIVO,08:45 a 16:45,Avenida Abelardo Quiñones Nº 2371 Km. 2.5 ,2025
LORETO,MARISCAL RAMON CASTILLA,YAVARI,PAP YAVARI,OPERATIVO,08:45 a 16:45,Calle Nueva Jerusalen S/N Local Municipal,2025
LORETO,PUTUMAYO,PUTUMAYO,PAP PUTUMAYO,OPERATIVO,08:45 a 16:45,Calle Arequipa S/N,2025
LORETO,MAYNAS,PUNCHANA,PAP PUNCHANA,OPERATIVO,08:45 a 16:45,"Calle Cusco S/N, cuadra 5, esquina con Trujillo.",2025
LORETO,REQUENA,REQUENA,ORA REQUENA,OPERATIVO,08:45 a 16:30,Calle Mártires del Petroléo S/N - Malecon Grau,2025
LORETO,MARISCAL RAMON CASTILLA,RAMON CASTILLA,ORA CABALLOCOCHA,OPERATIVO,08:45 a 16:30,Calle Progreso N° 425,2025
LORETO,MAYNAS,PUNCHANA,MAC - LORETO,OPERATIVO,08:30 a 16:30,Avenida La Marina Nº  1338,2025
LORETO,MAYNAS,IQUITOS,AGENTE RENIEC - OR IQUITOS,OPERATIVO,08:45 a 16:45,Jirón Próspero Nº 201,2025
LORETO,PUTUMAYO,TENIENTE MANUEL CLAVERO,PANP SOPLIN VARGAS,OPERATIVO,08:45 a 16:45,Plaza de armas S/N,2025
ANCASH,SANTA,CHIMBOTE,OR SANTA,OPERATIVO,08:45 a 16:45,Jirón Enrique Palacios Nº 504-506 esquina con Jr. Ladislao Espinar Nº 401,2025
ANCASH,SANTA,CHIMBOTE,AGENTE RENIEC - MEGA PLAZA CHIMBOTE,OPERATIVO,08:45 a 16:45," Mz. B Lt. 1-A-1-A2 Sector Parque Gran Chavín, Centro Comercial Megaplaza Chimbote",2025
ANCASH,SANTA,CHIMBOTE,MAC - ANCASH,OPERATIVO,08:30 a 16:30," Mz. B Lt. 1-A-1-A2 Sector Parque Gran Chavín, Centro Comercial Megaplaza Chimbote",2025
ANCASH,SANTA,NUEVO CHIMBOTE,AG NUEVO CHIMBOTE,OPERATIVO,08:45 a 16:45, Mz. 74-75 Lt. 1 del Centro Cívico de la Municipalidad Distrital de Nuevo Chimbote,2025
ANCASH,HUARAZ,HUARAZ,AG HUARAZ,OPERATIVO,08:45 a 16:45,"Jirón Agustin Loly N° 756, Mz. 29A Lt. 27, Barrio La Soledad Alta, intersección con Jr. Agustin Mejía",2025
ANCASH,HUAYLAS,CARAZ,AG HUAYLAS,OPERATIVO,08:45 a 16:45,Jirón Raimondi N° 215,2025
ANCASH,HUARI,HUARI,AG HUARI,OPERATIVO,08:45 a 16:45,Jirón Libertad Mz. P2 Lt. 003,2025
ANCASH,POMABAMBA,POMABAMBA,AG POMABAMBA,OPERATIVO,08:45 a 16:45,Jirón Huaraz Nº 369,2025
ANCASH,SIHUAS,SIHUAS,AG SIHUAS,OPERATIVO,08:45 a 16:45,"Jirón Gomes Arias 106, Barrio Pingullo Alto",2025
ANCASH,PALLASCA,PAMPAS,AG PAMPAS,OPERATIVO,08:45 a 16:45,Calle Plaza de Armas S/N - Municipalidad Distrital de Pampas - 1er piso,2025
ANCASH,CASMA,CASMA,PAP CASMA,OPERATIVO,08:45 a 16:45, Sector Hijuela Mz. C Lt. 13 del Centro Cívico de la Municipalidad Provincial de Casma,2025
ANCASH,HUARMEY,HUARMEY,PAP HUARMEY,OPERATIVO,08:45 a 16:45, 1er. Pabellón S/N del Centro Cívico de la Municipalidad Provincial de Huarmey,2025
ANCASH,RECUAY,RECUAY,PAP RECUAY,OPERATIVO,08:45 a 16:45,Calle Plaza de Armas Nº 180 Municipalidad Distrital de Recuay,2025
ANCASH,CARHUAZ,CARHUAZ,PAP CARHUAZ,OPERATIVO,08:45 a 16:45,Avenida La Merced Nº 1006,2025
ANCASH,YUNGAY,YUNGAY,PAP YUNGAY,OPERATIVO,08:45 a 16:45,Avenida Arias Grazziani Lt. 1-2 Centro Cívico de la Municipalidad Provincial de Yungay,2025
ANCASH,CARLOS FERMIN FITZCARRALD,SAN LUIS,PAP CARLOS FERMÍN FITZCARRALD,OPERATIVO,08:45 a 16:45,Avenida Ramón Castilla N° 320 - 1er. piso Centro Cívico de la Municipalidad Provincial de C. F. Fitzcarrald,2025
ANCASH,MARISCAL LUZURIAGA,PISCOBAMBA,PAP MARISCAL LUZURIAGA,OPERATIVO,08:45 a 16:45,"Jirón San Pablo S/N, Centro Cívico de la Municipalidad Provincial de Mariscal Luzuriaga",2025
ANCASH,SANTA,CHIMBOTE,ORA HOSPITAL LA CALETA (Chimbote),OPERATIVO,08:45 a 16:30,Avenida Malecon Grau S/N,2025
ANCASH,SANTA,CHIMBOTE,ORA HOSPITAL ESSALUD III CHIMBOTE,OPERATIVO,08:45 a 16:30,Avenida Circunvalación Nº 119 Urb. Laderas del Norte,2025
ANCASH,SANTA,NUEVO CHIMBOTE,ORA HOSPITAL ELEAZAR GUZMÁN BARRÓN (Nuevo Chimbote),OPERATIVO,08:45 a 16:30,"Avenida Brasil S/N, Urb. Santa Cristina (Hospital Regional Eleazar Guzmán Barrón puerta de Emergencia)",2025
ANCASH,HUARAZ,HUARAZ,ORA HOSPITAL VÍCTOR RAMOS GUARDIA (Huaraz),OPERATIVO,08:45 a 16:30,"Avenida Mariscal Luzuriaga cdra. 01, cruce con Jr. Pedro Villón cdra. 10",2025
ANCASH,HUAYLAS,CARAZ,ORA HOSPITAL DE APOYO CARAZ,OPERATIVO,08:45 a 16:30,Avenida 9 de Octubre S/N,2025
ANCASH,HUARI,HUARI,ORA HOSPITAL DE APOYO HUARI,OPERATIVO,08:45 a 16:30,Avenida Circunvalación Baja S/N,2025
ANCASH,CORONGO,CORONGO,PANP CORONGO,DESPLAZAMIENTO,08:45 a 16:45,"Jirón Grau N° 206, primer piso de la Municipalidad Provincial de Corongo",2025
ANCASH,PALLASCA,CABANA,PANP PALLASCA,DESPLAZAMIENTO,08:45 a 16:45,"Avenida Plaza de Armas N° 103, primer piso de la Municipalidad Provincial de Pallasca",2025
ANCASH,AIJA,AIJA,PANP AIJA,DESPLAZAMIENTO,08:45 a 16:45,"Jirón Gavino Uribe S/N Plaza de Armas, 1er piso de la Municipalidad Provincial de Aija",2025
ANCASH,BOLOGNESI,CHIQUIAN,PANP BOLOGNESI,DESPLAZAMIENTO,08:45 a 16:45,"Jirón Tacna 320, primer piso del Centro Cívico de la Municipalidad Distrital de Chiquian",2025
ANCASH,YUNGAY,YANAMA,AG YANAMA,DESPLAZAMIENTO,08:45 a 16:45,Jirón Yungay S/N cdra. 03,2025
ANCASH,MARISCAL LUZURIAGA,LLUMPA,PANP LLUMPA,DESPLAZAMIENTO,08:45 a 16:45, Plaza de Armas S/N,2025
ANCASH,ASUNCION,CHACAS,PANP ASUNCIÓN,DESPLAZAMIENTO,08:45 a 16:45,Jirón Coliseo de Chacas S/N,2025
ANCASH,HUARI,CHAVIN DE HUANTAR,PANP CHAVÍN DE HUANTAR,DESPLAZAMIENTO,08:45 a 16:45,"Jirón San Martin S/N, 1er piso del Centro Cívico de la Municipalidad Distrital de Chavin de Huantar",2025
ANCASH,HUARI,SAN MARCOS,PANP SAN MARCOS ,DESPLAZAMIENTO,08:45 a 16:45,"Jirón Progreso 332, Plaza de Armas de San Marcos",2025
ANCASH,HUACAYBAMBA,HUACAYBAMBA,PANP HUACAYBAMBA,DESPLAZAMIENTO,08:45 a 16:45,"Avenida El Ejercito S/N Barrio San Pedro, 1er piso Municipalidad Provincial de Huacaybamba",2025
ANCASH,ANTONIO RAIMONDI,LLAMELLIN,PANP ANTONIO RAIMONDI,DESPLAZAMIENTO,08:45 a 16:45,Jirón Simón Bolívar N° 229,2025
ANCASH,HUARI,UCO,PANP UCO,DESPLAZAMIENTO,08:45 a 16:45,"Jirón Nicolas de Piérola S/N Plaza de Armas, 1er piso de la Municipalidad Distrital de Uco",2025
JUNIN,HUANCAYO,EL TAMBO,OR HUANCAYO,OPERATIVO,08:45 a 16:45,AVENIDA MARISCAL CASTILLA Nº 1801,2025
JUNIN,TARMA,TARMA,AG TARMA,OPERATIVO,08:45 a 16:45,JIRÓN AREQUIPA Nº 939,2025
JUNIN,CHANCHAMAYO,LA MERCED,AG CHANCHAMAYO,OPERATIVO,08:45 a 16:45,PROLONGACIÓN TARMA Nº 242,2025
JUNIN,SATIPO,PANGOA,PAP PANGOA,OPERATIVO,08:45 a 16:45,CALLE 07 DE JUNIO Nº 641 PLAZA PRINCIPAL CENTRO CIVICO,2025
JUNIN,SATIPO,MAZAMARI,PAP MAZAMARI,OPERATIVO,08:45 a 16:45,AVENIDA SAN JUAN N° 377,2025
JUNIN,CONCEPCION,CONCEPCIÓN,PAP CONCEPCIÓN,OPERATIVO,08:45 a 16:45,JIRÓN RICARDO PALMA S/N MERCADO MODELO INTERIOR 1 ,2025
JUNIN,JAUJA,JAUJA,PAP JAUJA,OPERATIVO,08:45 a 16:45,JIRÓN SUCRE N° 889,2025
JUNIN,JUNIN,JUNIN,PAP JUNIN,OPERATIVO,08:45 a 16:45,JIRÓN SIMÓN BOLIVAR N° 820,2025
JUNIN,YAULI,SANTA ROSA DE SACCO,PAP YAULI,OPERATIVO,08:45 a 16:45,AVENIDA MIGUEL GRAU N° 309,2025
JUNIN,SATIPO,SATIPO,PAP SATIPO,OPERATIVO,08:45 a 16:45,AVENIDA MICAELA BASTIDAS Y JR. AUGUSTO B. LEGUIA CENTRO CIVICO ,2025
JUNIN,CHUPACA,CHUPACA,PAP CHUPACA,OPERATIVO,08:45 a 16:45,JIRÓN GRAU N° 195 - CENTRO CÍVICO,2025
JUNIN,CHANCHAMAYO,PICHANAQUI,PAP PICHANAQUI,OPERATIVO,08:45 a 16:45,JIRÓN INDEPENDENCIA S/N COLISEO MUNICIPAL,2025
JUNIN,HUANCAYO,HUANCAYO,"ORA REGIONAL DOCENTE MATERNO INFANTIL ""EL CARMEN""",OPERATIVO,08:45 a 16:30,JIRÓN PUNO Nº 911,2025
JUNIN,TARMA,TARMA,ORA DE APOYO FELIX MAYORCA SOTO,OPERATIVO,08:45 a 16:30,AVENIDA PACHECO Nº 362,2025
JUNIN,JAUJA ,JAUJA ,ORA HOSPITAL DOMINGO OLAVEGOYA,OPERATIVO,08:45 a 16:30,JIRÓN SAN MARTÍN Nº 1153 URB. OLAVEGOYA ,2025
JUNIN,SATIPO,SATIPO,ORA DE APOYO MANUEL HIGA ARAKAKI,OPERATIVO,08:45 a 16:30,CALLE DANIEL ALCIDES CARRIÓN Nº 398,2025
JUNIN,CHANCHAMAYO ,PICHANAQUI,ORA HOSPITAL DE APOYO PICHANAQUI,OPERATIVO,08:45 a 16:30,AVENIDA SAN MARTÍN S/N PICHANAKI,2025
JUNIN,HUANCAYO,HUANCAYO,ORA LA LIBERTAD,DESPLAZAMIENTO,08:45 a 16:30,AV. ALAMEDA S/N. COOP. SANTA ISABEL ,2025
JUNIN,CHANCHAMAYO,LA MERCED,ORA HOSPITAL REGIONAL DOCENTE DE MEDICINA TROPICAL DR. JULIO DEMARINI CARO,OPERATIVO,08:45 a 16:30,AVENIDA DANIEL A. CARRION S/N AV. PAMPA DEL CARMEN S/N,2025
JUNIN,HUANCAYO,EL TAMBO,ORA HOSPITAL NACIONAL RAMIRO PRIALE,OPERATIVO,08:45 a 16:30,AVENIDA INDEPENDENCIA Nº 266,2025
JUNIN,SATIPO,PANGOA,ORA HOSPITAL DE PANGOA,OPERATIVO,08:45 a 16:30,AVENIDA LA CULTURA S/N,2025
JUNIN,HUANCAYO,CHILCA,ORA CHILCA,DESPLAZAMIENTO,08:45 a 16:30,JIRÓN HUMBOLT Nº 900,2025
JUNIN,HUANCAYO,HUANCAYO,MAC - JUNIN,OPERATIVO,08:30 a 16:30,AVENIDA FERROCARRIL N° 146 - 150 - CENTRO COMERCIAL OPEN PLAZA,2025
JUNIN,HUANCAYO,EL TAMBO,AGENTE RENIEC - OR HUANCAYO,OPERATIVO,08:45 a 16:45,AVENIDA MARISCAL CASTILLA Nº 1801,2025
AYACUCHO,HUAMANGA,AYACUCHO,"ORA HOSPITAL REGIONAL DE AYACUCHO ""MIGUEL ANGEL MARISCAL LLERENA"" (MINSA)",OPERATIVO,08:45 a 16:30,Jirón Daniel Alcides Carrión S/N - 2da cuadra.,2025
AYACUCHO,LA MAR,AYNA,PAP AYNA -SAN FRANCISCO,OPERATIVO,08:45 a 16:45,Avenida 28 de Julio S/N San Francisco,2025
AYACUCHO,HUAMANGA,AYACUCHO,OR HUAMANGA,OPERATIVO,08:45 a 16:45,"Jirón San Martin Nº 473, 475, 477 y 477A",2025
AYACUCHO,CANGALLO,CANGALLO,PAP CANGALLO,OPERATIVO,08:45 a 16:45,Jirón Maria Parado de Bellido Nº 205,2025
AYACUCHO,HUANTA,HUANTA,AG HUANTA,OPERATIVO,08:45 a 16:45,Jirón Ayacucho N° 305,2025
AYACUCHO,LA MAR,SAN MIGUEL,PAP LA MAR,OPERATIVO,08:45 a 16:45,Jirón Maria Parado de Bellido S/N ,2025
AYACUCHO,VICTOR FAJARDO,HUANCAPI,PAP VICTOR FAJARDO,OPERATIVO,08:45 a 16:45, Plaza Principal Nº 127,2025
AYACUCHO,HUANCA SANCOS,SANCOS,PAP HUANCASANCOS,OPERATIVO,08:45 a 16:45,Avenida Progreso S/N Consejo Provincial de Huanca Sancos,2025
AYACUCHO,VILCAS HUAMAN,VILCAS HUAMAN,PAP VILCASHUAMAN,OPERATIVO,08:45 a 16:45,Avenida Los Incas Nº 222,2025
AYACUCHO,SUCRE,QUEROBAMBA,PAP SUCRE,OPERATIVO,08:45 a 16:45,Jirón San Martin S/N  Plaza de Armas Consejo Provincial de Sucre,2025
AYACUCHO,HUANTA,HUANTA,"ORA HOSPITAL DE APOYO HUANTA ""DANIEL ALCIDES CARRION"" (MINSA)",OPERATIVO,08:45 a 16:30,Avenida Mariscal Castilla Nº 628,2025
AYACUCHO,LA MAR,SAN MIGUEL,ORA SAN MIGUEL (MINSA),DESPLAZAMIENTO,08:45 a 16:30,Avenida Ramon Castilla s/n,2025
AYACUCHO,CANGALLO,CANGALLO,ORA HOSPITAL DE APOYO CANGALLO (MINSA),OPERATIVO,08:45 a 16:30,Jirón Santa Rosa N° 110,2025
CUSCO,LA CONVENCION,PICHARI,PAP PICHARI,OPERATIVO,08:45 a 16:45,Avenida BRASIL S/N,2025
APURIMAC,CHINCHEROS,CHINCHEROS,PAP CHINCHEROS,OPERATIVO,08:45 a 16:45,Jirón COTABAMBAS N° 121,2025
AYACUCHO,LA MAR,SAMUGARI,PAP SAMUGARI -PALMAPAMPA,OPERATIVO,08:45 a 16:45,Jirón Los Laureles S/N – Palmapampa Distrital de Samugari,2025
AYACUCHO,LA MAR,TAMBO,ORA TAMBO (MINSA),OPERATIVO,08:45 a 16:30,Jirón Lima s/n,2025
AYACUCHO,HUAMANGA,JESUS NAZARENO,ORA HOSPITAL DE APOYO JESUS NAZARENO (MINSA),OPERATIVO,08:45 a 16:30,Jirón Ciro Alegría Nº 547,2025
APURIMAC,ANDAHUAYLAS,TALAVERA,OR ANDAHUAYLAS,OPERATIVO,08:45 a 16:45,Jirón Amauta N° 311,2025
APURIMAC,CHINCHEROS,ANCCO HUALLO,ORA  CENTRO DE SALUD URIPA  (MINSA),OPERATIVO,08:45 a 16:30,Avenida  Túpac Amaru S/N – URIPA,2025
APURIMAC,ANDAHUAYLAS,ANDAHUAYLAS,ORA HOSPITAL REGIONAL DOCENTE  HUGO PESCE PESCETTO ANDAHUAYLAS (MINSA),OPERATIVO,08:45 a 16:30,Avenida Hugo Pesce Pesceto S/N,2025
AYACUCHO,HUANTA,SIVIA,ORA HOSPITAL DE APOYO DE SIVIA (MINSA),DESPLAZAMIENTO,08:45 a 16:30,Jirón Gervacio Santillana S/N,2025
CUSCO,LA CONVENCION,KIMBIRI,ORA CENTRO DE SALUD SAN JUAN DE KIMBIRI (MINSA),DESPLAZAMIENTO,08:45 a 16:30,Avenida Aeropuerto S/N,2025
CUSCO,LA CONVENCION,PICHARI,ORA HOSPITAL DE APOYO PICHARI (MINSA),OPERATIVO,08:45 a 16:30,Jirón Amazonas s/n,2025
APURIMAC,CHINCHEROS,CHINCHEROS,ORA HOSPITAL DE APOYO CHINCHEROS (MINSA),OPERATIVO,08:45 a 16:30,Avenida Fernando Belaunde Terry S/N,2025
AYACUCHO,CANGALLO,LOS MOROCHUCOS,ORA PAMPA CANGALLO (MINSA),OPERATIVO,08:45 a 16:30,Avenida María Arguedas S/N,2025
AYACUCHO,HUAMANGA,SAN JUAN BAUTISTA,ORA SAN JUAN BAUTISTA,DESPLAZAMIENTO,08:45 a 16:30,AV. MALVINAS S/N,2025
AREQUIPA,AREQUIPA,AREQUIPA,ORA HOSPITAL REGIONAL HONORIO DELGADO ESPINOZA (MINSA),OPERATIVO,08:45 a 16:30,Avenida Daniel Alcides Carrión N° 505,2025
TACNA,TACNA,TACNA,ORA TACNA (MINSA),OPERATIVO,08:45 a 16:30,Calle Blondel S/N,2025
AREQUIPA,AREQUIPA,AREQUIPA,OR AREQUIPA,OPERATIVO,08:45 a 16:45,Calle San Juan de Dios N° 122 y Santo Domingo N° 101,2025
AREQUIPA,CAYLLOMA,CHIVAY,PAP CAYLLOMA,OPERATIVO,08:45 a 16:45,Calle Siglo XX S/N,2025
AREQUIPA,CAMANA,CAMANA,AG CAMANA,OPERATIVO,08:45 a 16:45,Avenida Mariscal Castilla N° 221,2025
AREQUIPA,CARAVELI,CARAVELÍ,PAP CARAVELI,DESPLAZAMIENTO,08:45 a 16:45,Jirón Bolivar S/N,2025
AREQUIPA,CASTILLA,APLAO,PAP CASTILLA,OPERATIVO,08:45 a 16:45,Calle Progreso S/N,2025
AREQUIPA,CONDESUYOS,CHUQUIBAMBA,PAP CONDESUYOS,OPERATIVO,08:45 a 16:45,Avenida Alameda S/N - Los Tres Errantes,2025
AREQUIPA,ISLAY,MOLLENDO,AG ISLAY,OPERATIVO,08:45 a 16:45,Jiron Arequipa Nº 261 ,2025
AREQUIPA,LA UNION,COTAHUASI,PAP LA UNION,OPERATIVO,08:45 a 16:45,Calle Centenario N° 202 - Cotahuasi,2025
MOQUEGUA,MARISCAL NIETO,MOQUEGUA,ORA HOSPITAL REGIONAL MOQUEGUA (MINSA),OPERATIVO,08:45 a 16:30,Avenida Simón Bolívar N° 505,2025
MOQUEGUA,MARISCAL NIETO,SAN ANTONIO,AG MARISCAL NIETO,OPERATIVO,08:45 a 16:45,Avenida Central Mz D-4 Lt. 1,2025
MOQUEGUA,ILO,ILO,AG ILO,OPERATIVO,08:45 a 16:45,Jirón Ayacucho N° 529,2025
AREQUIPA,CAYLLOMA,MAJES,AG MAJES,OPERATIVO,08:45 a 16:45,Avenida Arequipa S/N - Tienda 06 del Estadio Almirante Miguel Grau - Pedregal,2025
AREQUIPA,AREQUIPA,CAYMA,AG CAYMA,OPERATIVO,08:45 a 16:45,Avenida Ramón Castilla S/N - Estadio La Tomilla,2025
TACNA,TACNA,TACNA,AG TACNA,OPERATIVO,08:45 a 16:45,Calle Deustua Nº 173,2025
AREQUIPA,AREQUIPA,AREQUIPA,ORA HOSPITAL III GOYENECHE (MINSA),OPERATIVO,08:45 a 16:30,Avenida Goyeneche N° 100,2025
AREQUIPA,CAMANA,CAMANA,ORA HOSPITAL DE CAMANA (MINSA),OPERATIVO,08:45 a 16:30,Avenida Lima 550,2025
AREQUIPA,AREQUIPA,PAUCARPATA,MAC - AREQUIPA,OPERATIVO,08:30 a 16:30,Avenida Porongoche N° 500 Paucarpata - Centro Comercial Mall Aventura ,2025
AREQUIPA,CAYLLOMA,MAJES,ORA HOSPITAL CENTRAL DE MAJES- ANGEL GABRIEL CHURA GALLEGOS (MINSA),OPERATIVO,08:45 a 16:30, Asentamiento B1 lote 1 Irrig. Majes,2025
MOQUEGUA,MARISCAL NIETO,MOQUEGUA,MAC - MOQUEGUA,OPERATIVO,08:30 a 16:30,"Avenida Circunvalación 1B Sub lote 1-A, Moquegua",2025
AREQUIPA,AREQUIPA,AREQUIPA,PAP PASEO CENTRAL,OPERATIVO,08:45 a 16:45,Calle Arturo Ibañez S/N,2025
AREQUIPA,AREQUIPA,CERRO COLORADO,C.S. MARITZA CAMPOS DIAZ (MINSA),OPERATIVO,08:45 a 16:30,Calle Yavari S/N,2025
AREQUIPA,AREQUIPA,PAUCARPATA,HOSPITAL EDMUNDO ESCOMEL (ESSALUD),OPERATIVO,08:45 a 16:30,Avenida EL Cayro S/N,2025
AREQUIPA,AREQUIPA,AREQUIPA,HOSPITAL CARLOS ALBERTO SEGUIN ESCOBEDO (ESSALUD),OPERATIVO,08:45 a 16:30,Calle Peral S/N,2025
AREQUIPA,AREQUIPA,YANAHUARA,ORA HOSPITAL III YANAHUARA (ESSALUD),OPERATIVO,08:45 a 16:30,Avenida Zamácola S/N,2025
AREQUIPA,AREQUIPA,AREQUIPA,AGENTE RENIEC - OR AREQUIPA,OPERATIVO,08:45 a 16:45,Calle San Juan de Dios N° 122 y Santo Domingo N° 101,2025
CUSCO,CUSCO,SANTIAGO,ORA ANTONIO LORENA DEL CUSCO (MINSA),OPERATIVO,08:45 a 16:30,Calle Carlos Ugarte S/N Urb. Primavera Cuartel Agustín Gamarra,2025
CUSCO,CUSCO,WANCHAQ,ORA HOSPITAL NACIONAL ADOLFO GUEVARA VELASCO (ESSALUD),OPERATIVO,08:45 a 16:30,Avenida Ancelmo Alvarez S/N,2025
APURIMAC,ABANCAY,ABANCAY,OR ABANCAY,OPERATIVO,08:45 a 16:45,Avenida La Victoria Nº 214,2025
APURIMAC,AYMARAES,CHALHUANCA,PANP AYMARAES,DESPLAZAMIENTO,08:45 a 16:45, Plaza de Armas S/N (Gobernatura De Chalhuanca),2025
APURIMAC,ANTABAMBA,ANTABAMBA,PANP ANTABAMBA,DESPLAZAMIENTO,08:45 a 16:45, Plaza de Armas S / N,2025
APURIMAC,COTABAMBAS,TAMBOBAMBA,PAP TAMBOBAMBA,OPERATIVO,08:45 a 16:45,Avenida Perú - Plaza de Armas S/N - 3er Piso,2025
APURIMAC,GRAU,CHUQUIBAMBILLA,PANP GRAU,DESPLAZAMIENTO,08:45 a 16:45, Plaza de Armas S / N,2025
CUSCO,CUSCO,CUSCO,OR CUSCO,OPERATIVO,08:45 a 16:45,Avenida El Sol N° 272,2025
CUSCO,ACOMAYO,ACOMAYO,PANP ACOMAYO,DESPLAZAMIENTO,08:45 a 16:45, Plaza de Armas S/N,2025
CUSCO,ANTA,ANTA ,PAP ANTA,OPERATIVO,08:45 a 16:45,"Jirón Jaquijahuana  S / N, Izcuchaca",2025
CUSCO,CALCA,CALCA,AG CALCA,OPERATIVO,08:45 a 16:45, Plaza de Armas S/N,2025
CUSCO,CANAS,YANAOCA,PAP CANAS,OPERATIVO,08:45 a 16:45, Plaza de Armas S/N,2025
CUSCO,CANCHIS,SICUANI,AG CANCHIS,OPERATIVO,08:45 a 16:45,Avenida Túpac Amaru N° 163,2025
CUSCO,CHUMBIVILCAS,SANTO TOMAS,PAP CHUMBIVILCAS,OPERATIVO,08:45 a 16:45,Avenida Perú S / N (Ruedo de Toros),2025
CUSCO,ESPINAR,ESPINAR,PAP ESPINAR,OPERATIVO,08:45 a 16:45,Calle Teatro S/N  ,2025
CUSCO,LA CONVENCION,SANTA ANA,AG LA CONVENCION,OPERATIVO,08:45 a 16:45,Avenida Grau Nº 238,2025
CUSCO,PARURO,PARURO,PANP PARURO,DESPLAZAMIENTO,08:45 a 16:45, Plaza de Armas S/N,2025
CUSCO,PAUCARTAMBO,PAUCARTAMBO,PAP PAUCARTAMBO - JR9,OPERATIVO,08:45 a 16:45,Jirón Enrique Yabar S/N,2025
CUSCO,QUISPICANCHI,URCOS,PAP QUISPICANCHI,OPERATIVO,08:45 a 16:45,Jirón Huáscar N° 181,2025
CUSCO,URUBAMBA,URUBAMBA,PAP URUBAMBA,OPERATIVO,08:45 a 16:45,Avenida Conchatupa S/N,2025
MADRE DE DIOS,TAHUAMANU,IBERIA,AG IBERIA,OPERATIVO,08:45 a 16:45,Avenida Máximo Rodríguez N° 124 Plaza de Armas,2025
APURIMAC,ABANCAY,ABANCAY,ORA HOSPITAL REGIONAL GUILLERMO DIAZ DE LA VEGA (MINSA),OPERATIVO,08:45 a 16:30,Avenida Daniel Alcides Carrión S/N,2025
MADRE DE DIOS,TAMBOPATA,TAMBOPATA,OR TAMBOPATA,OPERATIVO,08:45 a 16:45,Jirón Lambayeque N° 159,2025
MADRE DE DIOS,MANU,MANU,PANP MANU,DESPLAZAMIENTO,08:45 a 16:45,Avenida Esperanza S/N - Local Municipal,2025
CUSCO,ACOMAYO,POMACANCHI,AG POMACANCHI,DESPLAZAMIENTO,08:45 a 16:45, Plaza de Armas S/N,2025
CUSCO,CUSCO,CUSCO,ORA HOSPITAL DE APOYO DEPARTAMENTAL CUSCO (MINSA),OPERATIVO,08:45 a 16:30,Avenida La Cultura S/N,2025
CUSCO,CANCHIS,SICUANI,ORA SICUANI (MINSA),OPERATIVO,08:45 a 16:30,Avenida Manuel Callo Zevallos N° 519 - Hospital MINSA Sicuani,2025
MADRE DE DIOS,TAMBOPATA,TAMBOPATA,ORA SANTA ROSA (MINSA),DESPLAZAMIENTO,08:45 a 16:30,Jirón Cajamarca N° 171,2025
CUSCO,LA CONVENCION,SANTA ANA,ORA QUILLABAMBA (MINSA),OPERATIVO,08:45 a 16:30,Avenida General Gamarra S/N - Hospital Quillabamba,2025
CUSCO,ESPINAR,ESPINAR,ORA ESPINAR (MINSA),OPERATIVO,08:45 a 16:30,Calle Domingo Huarca Cruz S/N Barrio Túpac Amaru  - Hospital Espinar,2025
MADRE DE DIOS,TAHUAMANU,IBERIA,ORA SAN MARTIN DE PORRES DE IBERIA (MINSA),OPERATIVO,08:45 a 16:30,Calle Mocopata S/N,2025
APURIMAC,COTABAMBAS,TAMBOBAMBA,ORA TAMBOBAMBA (MINSA),OPERATIVO,08:45 a 16:30, Hospital Tambobamba,2025
APURIMAC,COTABAMBAS,HAQUIRA,PAP HAQUIRA,DESPLAZAMIENTO,08:45 a 16:45, Plaza de armas S/N-Haquira,2025
CUSCO,CHUMBIVILCAS,SANTO TOMAS,ORA SANTO TOMAS (MINSA),DESPLAZAMIENTO,08:45 a 16:30,Calle  Andres Avelino Caceres - Hospital Santo Tomas  ,2025
CUSCO,CHUMBIVILCAS,VELILLE,PANP VELILLE,DESPLAZAMIENTO,08:45 a 16:45, Plaza de Armas - Municipalidad Distrital Velille,2025
CUSCO,CALCA,YANATILE,PANP YANATILE,DESPLAZAMIENTO,08:45 a 16:45, Plaza de Armas - Municipalidad Distrital Yanatile,2025
APURIMAC,ABANCAY,CURAHUASI,PANP CURAHUASI,DESPLAZAMIENTO,08:45 a 16:45, Coliseo Cerrado - Municipalidad de Curahuasi,2025
CUSCO,CUSCO,SANTIAGO,AGENCIA SANTIAGO,OPERATIVO,08:15 a 16:15,Calle Giraldo Ruiz Caro S/N,2025
CUSCO,CUSCO,WANCHAQ,MAC - CUSCO,OPERATIVO,08:30 a 16:30,Avenida Collasuyo 2964 - Real Plaza Cusco,2025
MADRE DE DIOS,TAMBOPATA,INAMBARI,AG INAMBARI,DESPLAZAMIENTO,08:45 a 16:45, Plaza de Armas - Municipalidad Provincial de Inambari,2025
CUSCO,CUSCO,CUSCO,AGENTE RENIEC - OR CUSCO,OPERATIVO,08:45 a 16:45,Avenida El Sol N° 272,2025
CUSCO,CUSCO,SANTIAGO,ORA BELEMPAMPA (MINSA),OPERATIVO,08:45 a 13:00,Plazoleta Belen S/N,2025
LIMA,LIMA ,JESUS MARIA,ORA HOSPITAL NACIONAL EDGARDO REBAGLIATI MARTINS (ESSALUD),OPERATIVO,08:45 a 16:30,Avenida SALAVERRY CDRA. 13 - PUERTA 6,2025
CALLAO,CALLAO,BELLAVISTA,ORA NAC. DANIEL A. CARRIÓN (MINSA),OPERATIVO,08:45 a 16:30,Avenida Guardia Chalaca Nº 2176 - Bellavista,2025
LIMA,LIMA,SAN JUAN DE LURIGANCHO,ORA HOSPITAL SAN JUAN DE LURIGANCHO (MINSA),OPERATIVO,08:45 a 16:30,Avenida Canto Grande S/N - Altura del paradero 10,2025
LIMA,LIMA,EL AGUSTINO,ORA HOSPITAL NACIONAL HIPOLITO UNANUE (MINSA),OPERATIVO,08:45 a 16:30,Avenida Cesar Vallejo Nº 1390 ,2025
LIMA,LIMA,LIMA,ORA INSTITUTO NACIONAL MATERNO PERINATAL (MINSA),OPERATIVO,08:45 a 16:30,Jirón Miroquesada Nº 941 - Lima,2025
CALLAO,CALLAO,VENTANILLA,OR VENTANILLA,OPERATIVO,08:45 a 16:45,Avenida Pachacutec N° 225 - Sector B - Grupo Residencial B1 - Mz. F1 ,2025
LIMA,LIMA,SAN BORJA,OR SAN BORJA,OPERATIVO,08:45 a 16:45,Avenida San Luis N° 1673 Urb. Jacaranda II,2025
LIMA,LIMA,COMAS,OR COMAS III,OPERATIVO,08:45 a 16:45,Avenida San Felipe Nº 830 Urb. San Felipe,2025
LIMA,LIMA,LIMA,OR QUILCA,OPERATIVO,08:45 a 16:45,Jirón Quilca Nº 501 y 525 ,2025
LIMA,LIMA,LIMA,AG ANCASH,OPERATIVO,08:45 a 16:45,Jirón Ancash Nº 336-340 y 344 (Frente a la Plazuela San Francisco) - Lima,2025
LIMA,LIMA,VILLA MARÍA DEL TRIUNFO,ORA DANIEL ALCIDES CARRION (MINSA),OPERATIVO,08:45 a 16:30,Avenida Pachacutec N° 3470 - Pasando el Terminal Pesquero.,2025
CALLAO,CALLAO,BELLAVISTA,MAC - CALLAO,OPERATIVO,"L - V  08:30 a 18:00 
SAB.8:30 a 13:00",Avenida Oscar R. Benavides N° 3866 - Centro Comercial Mall Aventura Plaza,2025
LIMA,LIMA,LIMA,OR LIMA,OPERATIVO,08:45 a 16:45,Jirón Nicolás de Piérola N 545,2025
LIMA,LIMA,ATE,OR ATE - Complejo Deportivo Ollantaytambo,OPERATIVO,08:45 a 16:45,Av. Alfonso Ugarte s/n  Complejo Deportivo Ollantaytambo,2025
LIMA,LIMA,ATE,OR ATE - Mac Express de Puruchuco,OPERATIVO,"08:45 a 13:00 
 14:00 a 16:45 ",Av. Javier Pardo Este N° 8680  Mac Express - Agencia Municipal Real Plaza de Puruchuco.,2025
LIMA,LIMA,COMAS,OR COMAS I,OPERATIVO,08:45 a 16:45,"Avenida Tupac Amaru N° 5527 - 5531 - 5535, Urb Huaquillay 2da Etapa",2025
LIMA,LIMA,LURIN,OR LURIN,OPERATIVO,08:45 a 16:45,"MZ B, Lote 5 Asociación de Vivienda Familiar Centinela - Lurin",2025
LIMA,LIMA,MIRAFLORES,OR MIRAFLORES,OPERATIVO,08:45 a 16:45,Avenida Ernesto Diez Canseco N° 230,2025
LIMA,LIMA,PUENTE PIEDRA,OR PUENTE PIEDRA,OPERATIVO,08:45 a 16:45,Jirón Ricardo Palma Nº 241,2025
LIMA,LIMA,SAN JUAN DE LURIGANCHO,OR SAN JUAN DE LURIGANCHO,OPERATIVO,08:45 a 16:45,Avenida Las Flores Lote 1 Mz. G Urb. Canto Grande Unidad 7,2025
LIMA,LIMA,SAN JUAN DE MIRAFLORES,OR SAN JUAN DE MIRAFLORES,OPERATIVO,08:45 a 16:45,Avenida Guillermo Billinghurst  N° 767 – 769 Mz. F Lote 18 Urb. SJM Parcela D,2025
LIMA,LIMA,SAN MARTIN DE PORRES,OR SAN MARTIN DE PORRES,OPERATIVO,08:45 a 16:45,Avenida Eduardo de Habich Nº 590 - 592 con Pedro Paulet N° 589,2025
LIMA,CAJATAMBO,CAJATAMBO,AG CAJATAMBO,OPERATIVO,08:45 a 16:45,Jirón Bolognesi S/N - Comisiones de Regantes -Frente plaza de Armas,2025
LIMA,CANTA,CANTA,AG CANTA,OPERATIVO,08:45 a 16:45,Jirón Independencia Nº 308 Municipio (Plaza de Armas),2025
LIMA,CAÑETE,SAN VICENTE DE CAÑETE,AG CAÑETE,OPERATIVO,08:45 a 16:45,Avenida Los Libertadores Mz. D-3 Lote 4 Urbanización Tercer Mundo,2025
LIMA,HUAURA,HUACHO,AG HUACHO,OPERATIVO,08:45 a 16:45,Avenida Grau Nº 295,2025
LIMA,HUAROCHIRI,MATUCANA,AG MATUCANA,OPERATIVO,08:45 a 16:45,Jirón Tacna 626  - Centro Civico,2025
LIMA,YAUYOS,YAUYOS,AG YAUYOS,OPERATIVO,08:45 a 16:45,Plaza Plaza Constitución Nº 110,2025
LIMA,HUARAL,HUARAL,AG HUARAL,OPERATIVO,08:45 a 16:45,Pasaje el Palmo esquina con Calle Huaquilla (DEMUNA HUARAL),2025
LIMA,BARRANCA,BARRANCA,OR BARRANCA,OPERATIVO,08:45 a 16:45,Avenida Independencia N° 674 - 676 - 678,2025
LIMA,OYON,OYON,AG OYON,OPERATIVO,08:45 a 16:45,Jirón Unión 216,2025
LIMA,LIMA,LURIGANCHO,OR CHOSICA,OPERATIVO,08:45 a 16:45,Jirón Chucuito Nº 248 ,2025
LIMA,LIMA,JESUS MARIA,OR JESUS MARIA,OPERATIVO,08:45 a 16:45,Jirón Talara N° 130-132-134 y 136 Jesús Maria,2025
LIMA,LIMA,CIENEGUILLA,OR CIENEGUILLA,OPERATIVO,08:45 a 16:45,"Avenida San Martin Lote 15, Zona ""D"" Manzana ""D"" Centro Poblado Tambo Viejo",2025
LIMA,LIMA,SANTA ANITA,OR SANTA ANITA,OPERATIVO,08:45 a 16:45,"Avenida Los Eucaliptos Nº 947, Urbanización Universal",2025
LIMA,LIMA,INDEPENDENCIA,OR INDEPENDENCIA,OPERATIVO,08:45 a 16:45,Calle Los Andes Nº 486 Urb. Industrial Panamericana Norte,2025
CALLAO,CALLAO,VENTANILLA,MAC - VENTANILLA,OPERATIVO,"L - V  08:30 a 18:00 
SAB.8:30 a 13:00",Avenida La Playa S/N altura la Urb. Zona Comercial frente a la Plaza Cívica ,2025
LIMA,LIMA,JESUS MARIA,AG 06 DE AGOSTO,OPERATIVO,08:45 a 16:45,Avenida 06 de Agosto N° 856,2025
LIMA,LIMA,SAN MARTIN DE PORRES,ORA NACIONAL CAYETANO HEREDIA (MINSA),OPERATIVO,08:45 a 16:30,Jirón Honorio Delgado N° 262 - Urb. Ingeniería / Obstetricia,2025
LIMA,HUAURA,HUACHO,ORA HOSPITAL GENERAL DE HUACHO (MINSA),OPERATIVO,08:45 a 16:30,Avenida Jose Arnaldo Arambulo La Rosa N° 251,2025
CALLAO,CALLAO,CALLAO,OR CALLAO,OPERATIVO,08:45 a 16:45,Avenida Dos de Mayo N° 440 - 446,2025
LIMA,LIMA,EL AGUSTINO,MAC - LIMA ESTE,OPERATIVO,"L - V  08:30 a 18:00 
SAB.8:30 a 13:00",Avenida Carretera Central 111 Mall Aventura Santa Anita Nivel 2,2025
CALLAO,CALLAO,CARMEN DE LA LEGUA REYNOSO,ORA HOSPITAL SAN JOSE (MINSA),OPERATIVO,08:45 a 16:30,Jirón Las Magnolias 475 Carmen de la Legua-Reynoso,2025
CALLAO,CALLAO,VENTANILLA,ORA HOSPITAL DE VENTANILLA (MINSA),OPERATIVO,08:45 a 16:30,Avenida Pedro Beltran S/N Ventanilla - Hospital de Ventanilla,2025
LIMA,CAÑETE,SAN LUIS,ORA HOSPITAL REZOLA (MINSA),OPERATIVO,08:45 a 16:30,Calle Distrito de San Luis S/N,2025
LIMA,BARRANCA,BARRANCA,ORA HOSPITAL DE BARRANCA (MINSA),OPERATIVO,08:45 a 16:30,Avenida Nicolás de Piérola Nº 210 -224,2025
LIMA,HUARAL,HUARAL,ORA HOSPITAL SAN JUAN BAUTISTA HUARAL (MINSA),OPERATIVO,08:45 a 16:30,Calle Tacna Nº 120 Urb. San Juan I,2025
LIMA,LIMA ,COMAS,ORA HOSPITAL NACIONAL SERGIO E. BERNALES (MINSA),OPERATIVO,08:45 a 16:30,"Avenida Túpac Amaru N° 8000, Collique, Comas.",2025
LIMA,LIMA,LIMA,ORA NACIONAL DOS DE MAYO (MINSA),OPERATIVO,08:45 a 16:30,Avenida Parque Historia De La Medicina Peruana S/N Altura Cuadra 13 Av Grau,2025
LIMA,LIMA,ATE ,ORA HOSPITAL DE HUAYCAN (MINSA),OPERATIVO,08:45 a 16:30,Avenida José C.Mariátegui S/N Zona B - A.H.Huaycán S/N Ate Lima Lima,2025
LIMA,LIMA,SAN JUAN DE MIRAFLORES,MAC - LIMA SUR,OPERATIVO,"L - V  08:30 a 18:00 
SAB.8:30 a 13:00",Avenida Circunvalación 1583- San Juan de Miraflores,2025
LIMA,LIMA,COMAS,MAC - LIMA NORTE,OPERATIVO,"L - V  08:30 a 18:00 
SAB.8:30 a 13:00",Avenida Los Angeles N° 602 2do piso - Cc Mall Plaza ,2025
LIMA,LIMA,JESUS MARIA,AGENTE RENIEC - OR JESUS MARIA,OPERATIVO,08:45 a 16:45,Jirón Talara N° 130,2025
LIMA,LIMA,MIRAFLORES,AGENTE RENIEC - OR MIRAFLORES,OPERATIVO,08:45 a 16:45,Avenida Diez Canseco N° 230,2025
LIMA,LIMA,INDEPENDENCIA,AGENTE RENIEC - OR INDEPENDENCIA,OPERATIVO,08:45 a 16:45,Calle Los Andes Nº 486 Urb. Industrial Panamericana Norte,2025
LIMA,LIMA,SANTA ANITA,ORA HOSP. JORGE VOTO BERNALES (ESSALUD),OPERATIVO,08:45 a 16:30,"Carretera CARRETERA CENTRAL KM. 3,5 - SANTA ANITA",2025
LIMA,LIMA,LIMA,HOSP. NAC DOC MADRE Y NIÑO  SAN BARTOLOME (MINSA),OPERATIVO,08:45 a 16:30,Avenida ALFONSO UGARTE 825 - LIMA,2025
LIMA,LIMA,CHORRILLOS,CMI VIRGEN DEL CARMEN  (MINSA),OPERATIVO PARCIAL,08:45 a 16:30,Avenida LEOPOLDO ARIAS 200 FRENTE AL COLISEO MARISCAL CACERES,2025
LIMA,LIMA,PUENTE PIEDRA,ORA HOSPITAL PUENTE PIEDRA (MINSA),OPERATIVO,08:45 a 16:30,Avenida SAENZ PEÑA S/N KM 30,2025
LIMA,HUARAL,CHANCAY,AG CHANCAY,OPERATIVO,08:45 a 16:45,Avenida 1ro de mayo s/n cdra 03,2025
LIMA,LIMA,PUEBLO LIBRE,ORA HOSPITAL SANTA ROSA,OPERATIVO,08:45 a 16:30,Avenida Bolivar Crda. 8 Pueblo Libre ,2025
LIMA,LIMA,INDEPENDENCIA,ORA  CMI TAHUANTINSUYO BAJO,OPERATIVO PARCIAL,08:45 a 16:30,Avenida Chinchaysullo cdra 4 Independencia,2025
LIMA,LIMA,SURQUILLO,AG. INSTITUTO NACIONAL DE ENFERMEDADES NEOPLASICAS,OPERATIVO,08:45 a 16:45,Av. Angamos Este 2520 - Surquillo (puerta emergencia del INEN),2025
LIMA,LIMA,SAN MARTIN DE PORRES,AGENTE RENIEC - OR SAN MARTIN DE PORRES,OPERATIVO,08:45 a 16:45,Av. Eduardo de Habich 592,2025
LIMA,LIMA,SAN JUAN DE MIRAFLORES,AGENTE RENIEC - MALL  DEL SUR,OPERATIVO,08:45 a 16:45,"Av. Los Lirios s/n, altura de  puente Atocongo",2025
LIMA,LIMA,COMAS,AGENTE RENIEC - OR COMAS I,OPERATIVO,08:45 a 16:45,"Av. Tupac Amaru N° 5527 - 5531 - 5535, Urb Huaquillay 2da Etapa",2025
LIMA,LIMA,SAN BORJA,AGENTE RENIEC - OR SAN BORJA,OPERATIVO,08:45 a 16:45,Av. San Luis N° 1673 Urb. Jacaranda II,2025
LIMA,LIMA,LIMA,AGENTE RENIEC - OR LIMA,OPERATIVO,08:45 a 16:45,Av. Nicolas de Pierola 545,2025
LIMA,LIMA,LIMA,AGENTE RENIEC - AGENCIA ANCASH,OPERATIVO,08:45 a 16:45,Jr. Ancash 336-340 Cercado,2025
LIMA,BARRANCA,BARRANCA,AGENTE RENIEC - OR BARRANCA,OPERATIVO,08:45 a 16:45,Av. Prolongacion Independencia 250,2025
LIMA,LIMA,LIMA,ORA HOSPITAL NACIONAL ARZOBISPO LOAYZA,OPERATIVO,08:45 a 16:30,Av. Alfonso Ugarte N° 848,2025
LIMA,LIMA,VILLA EL SALVADOR,ORA HOSPITAL EMERGENCIA VILLA EL SALVADOR,OPERATIVO,08:45 a 16:30,Avenida  Pastor Sevilla cruce Av. 200 millas VES,2025
PUNO,PUNO,PUNO,ORA MANUEL NUÑEZ BUTRON,OPERATIVO,08:45 a 16:45,El Sol N° 1022,2025
PUNO,PUNO,PUNO,ORA HOSPITAL BASE III (PUNO) - RED ASISTENCIAL PUNO,OPERATIVO,08:45 a 16:45,Francisco Cáceres Jara Nº 600,2025
PUNO,SAN ROMAN,JULIACA,ORA CARLOS MONGE MEDRANO,OPERATIVO,08:45 a 16:45,Carretera a Huancane Km 2,2025
PUNO,EL COLLAO ,ILAVE ,ORA ILAVE,OPERATIVO,08:45 a 16:45,Atahualpa Nº 825,2025
PUNO,SAN ROMAN,JULIACA,ORA HOSPITAL BASE III JULIACA - ESSALUD - RED ASISTENCIAL JULIACA,OPERATIVO,08:45 a 16:45,José Santos Chocano S/N - La Capilla,2025
PUNO,PUNO,PUNO,OR PUNO,OPERATIVO,08:45 a 16:45,Arequipa N° 1143 - 1145 Barrio Victoria,2025
PUNO,AZANGARO,AZANGARO,PAP AZANGARO,OPERATIVO,08:45 a 16:45,Azangaro N° 160  (Palacio Municipal),2025
PUNO,CARABAYA,MACUSANI,PAP CARABAYA,OPERATIVO,08:45 a 16:45,Raimondi N° 116,2025
PUNO,CHUCUITO,JULI,PAP CHUCUITO,OPERATIVO,08:45 a 16:45,Ilave 235 - Mercado Central Municipio,2025
PUNO,HUANCANE,HUANCANE,PAP HUANCANE,OPERATIVO,08:45 a 16:45,Moquegua N° 104 - Barrio Progreso,2025
PUNO,LAMPA,LAMPA,PAP LAMPA,OPERATIVO,08:45 a 16:45,Alfonso Ugarte N° 343,2025
PUNO,MELGAR,AYAVIRI,PAP MELGAR,OPERATIVO,08:45 a 16:45,Jorge Chavez N°  550,2025
PUNO,SANDIA,SANDIA,PAP SANDIA,OPERATIVO,08:45 a 16:45,Juliaca S/N - Mercado Central Sandia,2025
PUNO,SAN ROMAN,JULIACA,AG SAN ROMAN,OPERATIVO,08:45 a 16:45,Brascesco N° 181 ,2025
PUNO,YUNGUYO,YUNGUYO,PAP YUNGUYO,OPERATIVO,08:45 a 16:45,Grau Nº 240,2025
PUNO,SAN ANTONIO DE PUTINA,PUTINA,PAP PUTINA,OPERATIVO,08:45 a 16:45,Plaza de Armas S/N (Palacio Municipal),2025
PUNO,EL COLLAO,ILAVE,PAP EL COLLAO,OPERATIVO,08:45 a 16:45,Bolognesi S/N - Coliseo Cubierto Ilave Oficina N° 02,2025
PUNO,MOHO,MOHO,PAP MOHO,DESPLAZAMIENTO,08:45 a 16:45,Circunvalación S/N Terminal Terrestre,2025
PUNO,AZANGARO,AZANGARO,ORA CARLOS CORNEJO ROSELLO,OPERATIVO,08:45 a 16:45,Francisco Bolognesi N° 557,2025
PUNO,CHUCUITO,JULI,ORA JULI,OPERATIVO,08:45 a 16:45,Panamericana S/N,2025
PUNO,HUANCANE,HUANCANE,ORA HOSPITAL LUCIO ALDAZABAL PAUCA,OPERATIVO,08:45 a 16:45,Santa Cruz S/N,2025
PUNO,MELGAR,AYAVIRI,ORA SAN JUAN DE DIOS (AYAVIRI),OPERATIVO,08:45 a 16:45,Progreso S/N,2025
PUNO,SAN ROMAN,JULIACA,ORA CENTRO DE SALUD CLAS SANTA ADRIANA,OPERATIVO,08:45 a 16:45,Pachacutec S/N,2025
PUNO,SAN ROMAN,SAN MIGUEL,PAP SAN MIGUEL - JR11,OPERATIVO,08:45 a 16:45,Palacio Municipal S/N,2025
PUNO,CHUCUITO,DESAGUADERO,PAP DESAGUADERO,OPERATIVO,08:45 a 16:45,28 de Julio N° 305 - Desaguadero,2025
PUNO,PUNO,ACORA,PAP ACORA,OPERATIVO,08:45 a 16:45,Plaza de Armas (Palacio Municipal),2025
PUNO,SAN ROMAN,JULIACA,MAC - PUNO,OPERATIVO,08:30 a 16:30,San Martin lote 07,2025
PUNO,CARABAYA,CRUCERO,PANP CRUCERO,DESPLAZAMIENTO,08:45 a 16:45,Plaza de Armas S/N,2025
ICA,ICA,ICA,ORA REGIONAL DE ICA (MINSA),OPERATIVO,08:45 a 16:30,Avenida Huacachina S/N,2025
AYACUCHO,LUCANAS,PUQUIO,AG LUCANAS,OPERATIVO,08:45 a 16:45,Jirón San Pedro  Nº 216,2025
AYACUCHO,PARINACOCHAS,CORACORA,AG PARINACOCHAS,OPERATIVO,08:45 a 16:45,Jirón Bolognesi N° 419 Plaza de Armas,2025
ICA,ICA,PARCONA,PAP PARCONA,OPERATIVO,08:45 a 16:45,Avenida Jhon F. Kennedy N° 500 con Calle Lima S/N (Costado del Palacio Municipal),2025
ICA,ICA,ICA,OR ICA,OPERATIVO,08:45 a 16:45,Avenida San Martin N° 1366 Mz. M-02 Lt. 035. Urb. San Isidro ,2025
ICA,CHINCHA,CHINCHA ALTA,AG CHINCHA,OPERATIVO,08:45 a 16:45,Calle Los Angeles N° 300,2025
ICA,NASCA,NASCA,AG NASCA,OPERATIVO,08:45 a 16:45,Calle Fermin del Castillo N° 270,2025
ICA,PISCO,PISCO,AG PISCO,OPERATIVO,08:45 a 16:45,Calle San Juan de Dios N° 288,2025
ICA,PALPA,PALPA,AG PALPA,OPERATIVO,08:45 a 16:45,Calle Portal de Escribanos Nº 145,2025
AYACUCHO,LUCANAS,CABANA,PAP CABANA ,DESPLAZAMIENTO,08:45 a 16:45,Jirón Jorge Chavez N° 272 ,2025
AYACUCHO,LUCANAS,PUQUIO,ORA FELIPE HUAMAN POMA DE AYALA (MINSA),OPERATIVO,08:45 a 16:30,Avenida Arnaldo Alvarado S/N ,2025
AYACUCHO,PARINACOCHAS,CORACORA,ORA HOSPITAL DE APOYO DE CORACORA (MINSA),OPERATIVO,08:45 a 16:30,Avenida La Cultura S/N,2025
ICA,ICA,ICA,ORA SANTA MARIA DEL SOCORRO (MINSA),OPERATIVO,08:45 a 16:30,Calle Castrovirreyna N° 759,2025
ICA,PISCO,PISCO,ORA SAN JUAN DE DIOS (MINSA),OPERATIVO,08:45 a 16:30,Avenida Fermín Tanguis S/N (Altura del Fundo Alto de la Luna),2025
ICA,CHINCHA,CHINCHA ALTA,ORA SAN JOSE DE CHINCHA (MINSA),OPERATIVO,08:45 a 16:30,Avenida Abelardo Alva Maurtua Nº 600,2025
AYACUCHO,LUCANAS,LARAMATE,PANP LARAMATE,DESPLAZAMIENTO,08:45 a 16:45,Jirón Ica S/N,2025
ICA,NASCA,NASCA,ORA HOSPITAL DE APOYO DE NASCA (MINSA),OPERATIVO,08:45 a 16:30,Calle Callao S/N - 5ta Cuadra,2025
ICA,ICA,ICA,ORA AUGUSTO HERNANDEZ MENDOZA (ESSALUD),OPERATIVO,08:45 a 16:30,Calle José Matias Manzanilla S/N,2025
ICA,NASCA,MARCONA,PAP MARCONA,OPERATIVO,08:45 a 16:45,Calle Andres Avelino Caceres S/N,2025
ICA,ICA,ICA,MAC - ICA,OPERATIVO,08:30 a 16:30,Avenida Los Maestros S/N C.C. Mega Plaza Segundo Piso,2025
ICA,ICA,ICA,AGENTE RENIEC  - MEGA PLAZA ICA,OPERATIVO,08:45 a 16:45,Avenida Los Maestros S/N C.C. Mega Plaza Segundo Piso,2025
AYACUCHO,PAUCAR DES SARA SARA,PAUZA,PAP PAUCAR DEL SARA SARA,OPERATIVO,08:45 a 16:45,Jirón Miguel de Cervantes N° 455 (Palacio Municipal),2025
UCAYALI,CORONEL PORTILLO,CALLERIA,ORA HOSPITAL REGIONAL DE PUCALLPA (MINSA),OPERATIVO,08:45 a 16:30,Jirón Luis Escavino N° 317,2025
HUANUCO,PUERTO INCA,PUERTO INCA,PAP PUERTO INCA,OPERATIVO,08:45 a 16:45,Jirón Vulcano S/N,2025
UCAYALI,CORONEL PORTILLO,YARINACOCHA,ORA HOSPITAL AMAZÓNICO - YARINACOCHA (MINSA),OPERATIVO,08:45 a 16:30,Jirón Aguaytia N° 605,2025
UCAYALI,ATALAYA,RAIMONDI,ORA ATALAYA,OPERATIVO,08:45 a 16:30,Calle Lima S/N  MZ.142 LT01 Piso 1 y 2 Urbanización Mario Pezo,2025
LORETO,UCAYALI,CONTAMANA,PAP CONTAMANA,OPERATIVO,08:45 a 16:45,Calle Nuevo Loreto Mz.38C  Lt.5B,2025
UCAYALI,PADRE ABAD,IRAZOLA ,AG IRAZOLA ,OPERATIVO,08:45 a 16:45,Calle Progreso S/N ,2025
UCAYALI,CORONEL PORTILLO,CALLERIA,OR PUCALLPA,OPERATIVO,08:45 a 16:45,"Jirón 09 de Diciembre N° 378 y Tacna Nº 891 Mz. 07 Lt. Acumulado 1-B, independiente.",2025
UCAYALI,PADRE ABAD,PADRE ABAD,PAP PADRE ABAD,OPERATIVO,08:45 a 16:45,Avenida Grau Nº 214,2025
UCAYALI,ATALAYA,RAIMONDI,PAP ATALAYA,OPERATIVO,08:45 a 16:45,Jirón Rioja Nº 659,2025
UCAYALI,PURUS,PURUS,PAP PURUS,OPERATIVO,08:45 a 16:45,Avenida Purus S/N,2025
UCAYALI,ATALAYA,TAHUANIA,PAP TAHUANIA,OPERATIVO,08:45 a 16:45,Jirón 7 de Junio  S/N,2025
UCAYALI,CORONEL PORTILLO,YARINACOCHA,MAC - UCAYALI,OPERATIVO,08:30 a 16:30,Avenida Centenario 1642 (2do piso) Centro Comercial Real Plaza,2025
HUANCAVELICA,HUANCAVELICA,IZCUCHACA,PAP IZCUCHACA,OPERATIVO,08:45 a 16:45,Avenida Ferrocarril  S/N ,2025
HUANCAVELICA,ACOBAMBA,PAUCARA,PAP PAUCARA,OPERATIVO,08:45 a 16:45, Plaza Mayor S/N,2025
HUANCAVELICA,HUANCAVELICA,HUANCAVELICA,ORA HOSPITAL REGIONAL ZACARIAS CORREA VALDIVIA (MINSA),OPERATIVO,08:45 a 16:30,Avenida Andrés Avelino Cáceres S/N - Barrio Yananaco,2025
HUANCAVELICA,HUANCAVELICA,HUANDO,ORA HUANDO (MINSA),OPERATIVO,08:45 a 16:30,Calle Cementerio s/n,2025
HUANCAVELICA,HUANCAVELICA,ASCENSIÓN,ORA HOSPITAL II HUANCAVELICA (ESSALUD),OPERATIVO,08:45 a 16:30,Avenida Teresa de Jurnet S/N,2025
HUANCAVELICA,HUANCAVELICA,HUANCAVELICA,OR HUANCAVELICA,OPERATIVO,08:45 a 16:45,"Avenida San Cristóbal Nº 384, 386 y 388",2025
HUANCAVELICA,ACOBAMBA,ACOBAMBA,OR ACOBAMBA,OPERATIVO,08:45 a 16:45,Jirón Dos De Mayo N° 459,2025
HUANCAVELICA,ANGARAES,LIRCAY,OR ANGARAES,OPERATIVO,08:45 a 16:45,Avenida Centenario S/N - Barrio de Pueblo Nuevo - Dentro del Centro Civico,2025
HUANCAVELICA,CASTROVIRREYNA,CASTROVIRREYNA,OR CASTROVIRREYNA,OPERATIVO,08:45 a 16:45,Avenida Los Libertadores S/N,2025
HUANCAVELICA,TAYACAJA,PAMPAS,OR TAYACAJA,OPERATIVO,08:45 a 16:45,Jirón Manco Capac S/N con Jirón Alfonso Ugarte Cordova y Necochea - Coliseo Multiuso,2025
HUANCAVELICA,HUAYTARA,HUAYTARA,OR HUAYTARA,OPERATIVO,08:45 a 16:45,Calle 24 de Junio S/N - 2do piso Centro Cívico ,2025
HUANCAVELICA,CHURCAMPA,CHURCAMPA,OR CHURCAMPA,OPERATIVO,08:45 a 16:45,Jirón Real N° 255,2025
HUANCAVELICA,TAYACAJA,PAMPAS,ORA HOSPITAL DE PAMPAS (MINSA),OPERATIVO,08:45 a 16:30,Jirón Bolívar S/N ,2025
HUANCAVELICA,ANGARAES,LIRCAY,ORA LIRCAY (MINSA),DESPLAZAMIENTO,08:45 a 16:30,Avenida Esmeralda S/N,2025
HUANCAVELICA,TAYACAJA,SURCUBAMBA,AG SURCUBAMBA,OPERATIVO,08:45 a 16:45,Calle Alfonso Ugarte S/N,2025
HUANCAVELICA,TAYACAJA,COLCABAMBA,AG COLCABAMBA,OPERATIVO,08:45 a 16:45,Avenida Centenario S/N,2025
HUANCAVELICA,HUANCAVELICA,YAULI,ORA YAULI (MINSA),OPERATIVO,08:45 a 16:30,Avenida Jorge Chávez S/N,2025
HUANCAVELICA,ACOBAMBA,PAUCARA,ORA PAUCARA (MINSA),OPERATIVO,08:45 a 16:30,Calle Lircay s/n,2025
HUANCAVELICA,CHURCAMPA,CHURCAMPA,ORA CHURCAMPA (MINSA),DESPLAZAMIENTO,08:45 a 16:30,Calle Ricardo Palma N° 535 (Instalaciones del Centro de Salud),2025
PASCO,PASCO,YANACANCHA,ORA DR. DANIEL ALCIDES CARRION GARCIA (MINSA),OPERATIVO,08:45 a 16:30,Avenida Los Incas S/N Urb. San Juan,2025
PASCO,OXAPAMPA,PUERTO BERMUDEZ,PAP PUERTO BERMÚDEZ,OPERATIVO,08:45 a 16:45,Avenida Remigio Morales Bermúdez S/N,2025
PASCO,PASCO,HUARIACA,PAP HUARIACA,OPERATIVO,08:45 a 16:45,Jirón 28 de Julio Nº 129,2025
HUANUCO,HUANUCO,HUANUCO,ORA HOSPITAL REGIONAL HERMILIO VALDIZAN (MINSA),OPERATIVO,08:45 a 16:30,Jirón Hermilio Valdizan Nº 950,2025
PASCO,PASCO,PAUCARTAMBO,PAP PAUCARTAMBO,OPERATIVO,08:45 a 16:45, Plaza 28 de Julio S/N,2025
HUANUCO,HUANUCO,HUANUCO,OR HUANUCO,OPERATIVO,08:45 a 16:45,Jirón 28 de Julio N° 825,2025
HUANUCO,AMBO,AMBO,PAP AMBO,OPERATIVO,08:45 a 16:45,"Jirón 28 de Julio 697, Centro Cívico",2025
HUANUCO,DOS DE MAYO,LA UNION,PAP DOS DE MAYO,OPERATIVO,08:45 a 16:45,Jirón Lourdes N° 221,2025
HUANUCO,HUAMALIES,LLATA,PAP HUAMALIES,OPERATIVO,08:45 a 16:45,Jirón Huánuco N° 242,2025
HUANUCO,MARAÑON,HUACRACHUCO,PAP MARAÑON,OPERATIVO,08:45 a 16:45,Avenida 28 De Julio N° 602 ,2025
HUANUCO,LEONCIO PRADO,RUPA-RUPA,PAP LEONCIO PRADO,OPERATIVO,08:45 a 16:45,Jirón Chiclayo N° 585,2025
HUANUCO,PACHITEA,PANAO,PAP PACHITEA,OPERATIVO,08:45 a 16:45,Jirón Espinar N° 121,2025
HUANUCO,LAURICOCHA,JESÚS,PAP LAURICOCHA,DESPLAZAMIENTO,08:45 a 16:45,Jirón Cristobal Colon S/N,2025
HUANUCO,YAROWILCA,CHAVINILLO,PAP YAROWILCA,OPERATIVO,08:45 a 16:45,Jirón Virgen de Fátima S/N,2025
PASCO,PASCO,CHAUPIMARCA,ORA HOSPITAL II PASCO (ESSALUD),OPERATIVO,08:45 a 16:30, Barrio La Esperanza - Casa de Piedra,2025
HUANUCO,PACHITEA,PANAO,ORA PANAO (MINSA),OPERATIVO,08:45 a 16:30,Jirón Grau Nº 193,2025
HUANUCO,LEONCIO PRADO,RUPA-RUPA,ORA HOSPITAL TINGO MARIA (MINSA),OPERATIVO,08:45 a 16:30,Av. Ucayali Nº 114 ,2025
HUANUCO,LEONCIO PRADO,JOSÉ CRESPO Y CASTILLO,ORA AUCAYACU (MINSA),OPERATIVO,08:45 a 16:30,Jirón Grau S/N cuadra 4,2025
HUANUCO,HUAMALIES,LLATA,ORA LLATA (MINSA),DESPLAZAMIENTO,08:45 a 16:30,Jr. 28 de Julio Nº 216,2025
HUANUCO,DOS DE MAYO,LA UNION,ORA LA UNION (MINSA),OPERATIVO,08:45 a 16:30,Jirón Dos de Mayo N° 185,2025
HUANUCO,LEONCIO PRADO,JOSÉ CRESPO Y CASTILLO,PAP JOSE CRESPO Y CASTILLO,OPERATIVO,08:45 a 16:45,Jirón Maria Parado de Bellido S/N Cuadra 4,2025
HUANUCO,LAURICOCHA,BAÑOS,AG BAÑOS,DESPLAZAMIENTO,08:45 a 16:45, Plaza de Armas S/N,2025
PASCO,PASCO,YANACANCHA,AG PASCO,OPERATIVO,08:45 a 16:45," Centro Comercial ""Sector Dos de San Juan Pampa Edif. 4 Tienda 3 San Juan-Yanacancha",2025
PASCO,DANIEL ALCIDES CARRION,YANAHUANCA,PAP DANIEL ALCIDES CARRIÓN,OPERATIVO,08:45 a 16:45,Jirón Jorge Chavez S/N Plaza Principal,2025
PASCO,OXAPAMPA,OXAPAMPA,PAP OXAPAMPA,OPERATIVO,08:45 a 16:45,Jirón Huancabamba S/N Mz. 162 Estadio Municipal Oxapampa,2025
SAN MARTIN,TOCACHE,UCHIZA,AG UCHIZA,OPERATIVO,08:45 a 16:45,Avenida Atahualpa N° 920,2025
PASCO,OXAPAMPA,PALCAZÚ,AG PALCAZU,OPERATIVO,08:45 a 16:45,Avenida Juan Santos Atahualpa Mz. U Lt. 01,2025
SAN MARTIN,TOCACHE,TOCACHE,PAP TOCACHE,OPERATIVO,08:45 a 16:45,Jirón San Juan Cdra 7 S/N Centro Cívico,2025
HUANUCO,HUANUCO,CHINCHAO,ORA ACOMAYO (MINSA),OPERATIVO,08:45 a 16:30,Pasaje Iguarizo S/N Mz. 6 Lt. 02,2025
SAN MARTIN,TOCACHE,TOCACHE,ORA HOSPITAL DE TOCACHE (MINSA),OPERATIVO,08:45 a 16:30,Jirón Ricardo Palma N° 550,2025
HUANUCO,HUANUCO,SANTA MARIA DEL VALLE,ORA SANTA MARIA DEL VALLE (MINSA),DESPLAZAMIENTO,08:45 a 16:30,Jirón Libertad  S/N Intersección Carretera Central ,2025
HUANUCO,HUANUCO ,AMARILIS ,ORA CARLOS SHOWING FERRARI (MINSA),OPERATIVO,08:45 a 16:30,Jirón Micaela Bastidas S/N Paucarbamba ,2025
PASCO,OXAPAMPA,OXAPAMPA,ORA HOSPITAL ERNESTO GERMAN GUZMAN GONZALES (MINSA),DESPLAZAMIENTO,08:45 a 16:30,Jirón Eduardo Loechle S/N - Chontabamba,2025
HUANUCO,HUANUCO,HUANUCO,MAC - HUÁNUCO,OPERATIVO,08:30 a 16:30,"Jirón Independencia N° 1601, Centro Comercial Real Plaza, Primer Piso",2025
HUANUCO,PACHITEA,UMARI,ORA TAMBILLO UMARI (MINSA),DESPLAZAMIENTO,08:45 a 16:30,Carretera Huanuco - Panao Km 37,2025
HUANUCO,YAROWILCA,CHAVINILLO,ORA CHAVINILLO (MINSA),DESPLAZAMIENTO,08:45 a 16:30,Avenida San Juan N° 102,2025
PASCO,OXAPAMPA,CONSTITUCIÓN,AG CONSTITUCION,OPERATIVO,08:45 a 16:45,Avenida Fernando Belaunde S/N 4ta Etapa del Distrito de Constitución,2025
AMAZONAS,CHACHAPOYAS,CHACHAPOYAS,OR CHACHAPOYAS,OPERATIVO,08:45 a 16:45,Jirón Ortiz Arrieta 1135- 1137,2025
AMAZONAS,BAGUA,BAGUA,PAP BAGUA,OPERATIVO,08:45 a 16:45,Jirón Los Cedros Nº 263,2025
AMAZONAS,BONGARA,JAZAN,AG BONGARA,OPERATIVO,08:45 a 16:45,Avenida Marginal  Nº 100 -Pedro Ruíz,2025
AMAZONAS,LUYA ,LUYA ,AG LUYA,OPERATIVO,08:45 a 16:45,Jirón Diego Mori Zuta N° 447,2025
AMAZONAS,RODRIGUEZ DE MENDOZA,SAN NICOLÁS,AG RODRIGUEZ DE MENDOZA,OPERATIVO,08:45 a 16:45,Jirón Victor Mori N° 204,2025
AMAZONAS,CONDORCANQUI,NIEVA,PAP CONDORCANQUI,OPERATIVO,08:45 a 16:45,Calle Gonzalo puerta S/N,2025
AMAZONAS,UTCUBAMBA,BAGUA GRANDE,PAP UTCUBAMBA,OPERATIVO,08:45 a 16:45,Jirón Simón Bolivar N° 545,2025
CAJAMARCA,JAEN,JAEN,OR JAEN,OPERATIVO,08:45 a 16:45,Calle Mariscal Ureta Nº 915,2025
CAJAMARCA,SAN IGNACIO,SAN IGNACIO,PAP SAN IGNACIO,OPERATIVO,08:45 a 16:45,Pasaje Santa Rosa 107 - 109 - cuadra 1,2025
AMAZONAS,BAGUA,IMAZA,OR IMAZA,OPERATIVO ,08:45 a 16:45,Avenida Awajun 751 Centro Poblado Chiriaco,2025
AMAZONAS,CHACHAPOYAS,CHACHAPOYAS,ORA HOSPITAL REGIONAL VIRGEN DE FATIMA (MINSA),OPERATIVO,08:45 a 16:30,Pasaje Daniel Alcides Carrión N° 035,2025
AMAZONAS,BAGUA,BAGUA,ORA HOSPITAL DE APOYO GUSTAVO LANATTA LUJAN (MINSA),OPERATIVO,08:45 a 16:30,Avenida Héroes de Cenepa N°980,2025
CAJAMARCA,JAEN,JAEN,ORA HOSPITAL GENERAL DE JAEN (MINSA),OPERATIVO,08:45 a 16:30,Prolongación Huamantanga s/n,2025
AMAZONAS,BAGUA,IMAZA,ORA CHIRIACO (MINSA),OPERATIVO,08:45 a 16:30,Calle Junin S/N,2025
AMAZONAS,UTCUBAMBA,BAGUA GRANDE,ORA HOSPITAL DE APOYO SANTIAGO APOSTOL DE UTCUBAMBA (MINSA),OPERATIVO,08:45 a 16:30,Jirón San Felipe Santiago N°111,2025
CAJAMARCA,SAN IGNACIO,SAN IGNACIO,ORA SAN IGNACIO (MINSA),OPERATIVO,08:45 a 16:30,"Avenida Abelardo Quiñones S/N, Sector Santiago",2025
AMAZONAS,BONGARA,FLORIDA,ORA POMACOCHAS (MINSA),OPERATIVO ,08:45 a 16:30,Jirón Pomacochas S/N ,2025
AMAZONAS,CONDORCANQUI,NIEVA,ORA SANTA MARIA DE NIEVA (MINSA),OPERATIVO,08:45 a 16:30,Jirón Javier Pérez de Cuellar S/N Mz. N Lt. 03 Asent.Humano Héctor Peas Tsegkuan,2025
AMAZONAS,UTCUBAMBA,LONYA GRANDE,ORA LONYA GRANDE (MINSA),OPERATIVO ,08:45 a 16:30,Jirón Alto Amazonas 340,2025
AMAZONAS,CONDORCANQUI,RIO SANTIAGO,ORA GALILEA (MINSA),OPERATIVO,08:45 a 16:30,Jirón La Amistad S/N,2025
CAJAMARCA,JAEN,PUCARA,PAP PUCARA,OPERATIVO,08:45 a 16:45,Jiron Lindo 548,2025
LAMBAYEQUE,CHICLAYO,CHICLAYO,ORA HOSPITAL REGIONAL DOCENTE LAS MERCEDES (MINSA),OPERATIVO,08:45 a 16:30 ,Avenida Luis Gonzáles  Nº 635,2025
LAMBAYEQUE,CHICLAYO,CHICLAYO,ORA HOSPITAL ALMANZOR AGUINAGA ASENJO (ESSALUD),OPERATIVO,08:45 a 16:30,Plaza Plaza de la Seguridad Social S/N,2025
PIURA,SULLANA,SULLANA,ORA HOSPITAL DE APOYO II-SULLANA (MINSA),OPERATIVO,08:45 a 16:30,Avenida Santa Rosa S/N,2025
CAJAMARCA,CUTERVO,CUTERVO,PAP CUTERVO,OPERATIVO,08:45 a 16:45,Jirón Comercio N° 1105-1107 Mz. 203 Lt. 14-Urb. Los Jardines ,2025
CAJAMARCA,CHOTA,CHOTA,AG CHOTA,OPERATIVO,08:45 a 16:45,Jirón 30 de Agosto N° 848,2025
CAJAMARCA,SANTA CRUZ,SANTA CRUZ,PAP SANTA CRUZ,OPERATIVO,08:45 a 16:45,Jirón Domingo Negrón Nº 399,2025
LAMBAYEQUE,CHICLAYO,JOSE LEONARDO ORTIZ,OR JOSÉ LEONARDO ORTIZ,OPERATIVO,08:45 a 16:45,Calle Cacique Cinto Nº 317 Urb. Latina,2025
LAMBAYEQUE,CHICLAYO,CHICLAYO,OR CHICLAYO,OPERATIVO,08:45 a 16:45,Avenida Balta N° 680 y esquina con Av. Elias Aguirre,2025
LAMBAYEQUE,FERREÑAFE,FERREÑAFE,PAP FERREÑAFE,OPERATIVO,08:45 a 16:45,Calle Tres Marías Nº 717 – B,2025
LAMBAYEQUE,LAMBAYEQUE,LAMBAYEQUE,PAP LAMBAYEQUE,OPERATIVO,08:45 a 16:45,Avenida Huamachuco N° 342,2025
CAJAMARCA,CUTERVO,CUTERVO,ORA SANTA MARIA DE CUTERVO (MINSA),OPERATIVO,08:45 a 16:30,Jirón Ica S/N,2025
CAJAMARCA,CHOTA,CHOTA,ORA HOSPITAL DE APOYO CHOTA - JOSE SOTO CADENILLAS (MINSA),OPERATIVO,08:45 a 16:30,Jirón Ezequiel Montoya Nª 718,2025
PIURA,PIURA,PIURA,OR PIURA,OPERATIVO,08:45 a 16:45,Calle Libertad Nº 568,2025
PIURA,AYABACA,AYABACA,PAP AYABACA,OPERATIVO,08:45 a 16:45,Calle Bolognesi N° 181,2025
PIURA,HUANCABAMBA,HUANCABAMBA,PAP HUANCABAMBA,OPERATIVO,08:45 a 16:45, Complejo Terminal Terrestre S/N - Stand 14,2025
PIURA,MORROPON,CHULUCANAS,AG CHULUCANAS,OPERATIVO,08:45 a 16:45,Jirón Cuzco N° 202,2025
PIURA,PAITA,PAITA,PAP PAITA,OPERATIVO,08:45 a 16:45,Jirón San Martin S/N Plaza de Armas - Municipalidad de Paita,2025
PIURA,SULLANA,SULLANA,OR SULLANA,OPERATIVO,08:45 a 16:45,Calle Leoncio Prado Nº 517 ,2025
PIURA,TALARA,PARIÑAS,AG TALARA,OPERATIVO,08:45 a 16:45,Avenida Mártires Petroleros B-3 Conjunto Habitacional - Talara,2025
PIURA,SECHURA,SECHURA,PAP SECHURA,OPERATIVO,08:45 a 16:45,Calle Dos de Mayo Nº 618 - Plaza de Armas - Municipalidad de Sechura,2025
PIURA,PIURA,TAMBO GRANDE,PAP TAMBOGRANDE,OPERATIVO,08:45 a 16:45,Jirón Piura 375,2025
PIURA,PIURA,PIURA,MAC - PIURA,OPERATIVO,08:30 a 16:30,Avenida Sanchez Cerro con Wiesse Centro Comercial Real Plaza,2025
PIURA,PAITA,PAITA,ORA HOSPITAL LAS MERCEDES-PAITA (MINSA),OPERATIVO,08:45 a 16:30, Zona Industrial Sector II Mz. H Lt. 1 Jr. Los Pescadores S/N ,2025
TUMBES,TUMBES,TUMBES,OR TUMBES,OPERATIVO,08:45 a 16:45,Avenida Tumbes Norte  Nº 550,2025
TUMBES,CONTRALMIRANTE VILLAR,ZORRITOS,PANP CONTRALMIRANTE VILLAR - ZORRITOS,DESPLAZAMIENTO,08:45 a 16:45,Avenida Grau Nº 305,2025
TUMBES,ZARUMILLA,ZARUMILLA,PAP ZARUMILLA,OPERATIVO,08:45 a 16:45,Avenida El Ejérrcito Nº 105 - Interior Biblioteca Municipal,2025
LAMBAYEQUE,LAMBAYEQUE,OLMOS,PANP OLMOS,DESPLAZAMIENTO ,08:45 a 16:45,Avenida A. B. Leguía/Calle Alfonso Ugarte,2025
PIURA,PIURA,TAMBO GRANDE,ORA TAMBO GRANDE (MINSA),OPERATIVO,08:45 a 16:30,"Avenida Froilan Alama,, AA.HH.Froilan Alama",2025
LAMBAYEQUE,LAMBAYEQUE,LAMBAYEQUE,ORA HOSPITAL PROVINCIAL DOCENTE BELEN-LAMBAYEQUE (MINSA),OPERATIVO,08:45 a 16:30,Avenida Ramón Castilla Nº 597,2025
TUMBES,TUMBES,TUMBES,ORA HOSPITAL REGIONAL JOSE ALFREDO MENDOZA OLAVARRIA JAMO II-2 (MINSA),OPERATIVO,08:45 a 16:30,Avenida 24 de Julio Nº 565 ,2025
PIURA,PIURA,CATACAOS,ORA CENTRO DE SALUD MATERNO INFANTIL-CATACAOS (MINSA),OPERATIVO,08:45 a 16:30,Avenida Cayetano Heredia 1108 - Catacos,2025
PIURA,PIURA,VEINTISEIS DE OCTUBRE,ORA HOSPITAL DE LA AMISTAD PERU - COREA SANTA ROSA II-2 (MINSA),OPERATIVO,08:45 a 16:30,Avenida Prolongación Av. Grau/Av. Chulucanas ,2025
LAMBAYEQUE,CHICLAYO,CHICLAYO,ORA HOSPITAL REGIONAL LAMBAYEQUE (MINSA),OPERATIVO,08:45 a 16:30,Avenida Intersección de Carretera Panamerica Norte y Vía de Evitamiento S/N,2025
PIURA,MORROPON,CHULUCANAS,ORA HOSPITAL DE APOYO CHULUCANAS (MINSA),OPERATIVO,08:45 a 16:30,Calle Daniel alcides carrion S/N Asent .H. vate manrique,2025
LAMBAYEQUE,CHICLAYO,CHICLAYO,AGENTE RENIEC - OR CHICLAYO,OPERATIVO,08:45 a 16:45,Avenida Balta N° 680 y esquina con Av. Elias Aguirre,2025
PIURA,PIURA,PIURA,AGENTE RENIEC - OR PIURA,OPERATIVO,08:45 a 16:45,Calle Libertad Nº 568,2025
LA LIBERTAD,TRUJILLO,TRUJILLO,ORA REGIONAL DOCENTE DE TRUJILLO (MINSA),OPERATIVO,08:45 a 13:00 - 14:00 a 16:30,Avenida Mansiche Nº 795,2025
CAJAMARCA,CAJAMARCA,CAJAMARCA,ORA REGIONAL CAJAMARCA (MINSA),OPERATIVO,08:45 a 16:30,Jirón Larry Jhonson S/N Cdra. 8,2025
LA LIBERTAD,TRUJILLO,TRUJILLO,ORA HOSPITAL BELEN DE TRUJILLO (MINSA),OPERATIVO,08:45 a 16:30,Calle Bolívar Nº 350,2025
CAJAMARCA,CAJAMARCA,CAJAMARCA,OR CAJAMARCA,OPERATIVO,08:45 a 16:45,Jirón Del Comercio Nº 633,2025
CAJAMARCA,CAJABAMBA,CAJABAMBA,PAP CAJABAMBA,OPERATIVO,08:45 a 16:45,Jirón Miguel Grau Nº 224-226-228 Mz. 31 Lt. 2 ,2025
CAJAMARCA,CELENDIN,CELENDÍN,PAP CELENDIN,OPERATIVO,08:45 a 16:45,Jirón Pardo N° 610,2025
CAJAMARCA,CONTUMAZA,CONTUMAZÁ,PAP CONTUMAZA,OPERATIVO,08:45 a 13:00 - 14:00 a 16:45 ,Jirón Miguel Grau Nº 212,2025
CAJAMARCA,HUALGAYOC,BAMBAMARCA,PAP HUALGAYOC,OPERATIVO,08:45 a 16:45,Jirón 07 de Junio Nº 470,2025
CAJAMARCA,SAN MIGUEL,SAN MIGUEL,PAP SAN MIGUEL,OPERATIVO,08:45 a 13:00 - 14:00 a 16:45 ,Jirón Bolognesi N° 364,2025
CAJAMARCA,SAN MARCOS,PEDRO GÁLVEZ,PAP SAN MARCOS,OPERATIVO,08:45 a 16:45,Jirón Alfonso Ugarte N° 325 (Mz. 46 Lt. 17 Centro Poblado San Marcos).,2025
CAJAMARCA,SAN PABLO,SAN PABLO,PAP SAN PABLO,OPERATIVO,08:45 a 13:00 - 14:00 a 16:45 ,Jirón Plaza de Armas S/N,2025
LA LIBERTAD,TRUJILLO,VICTOR LARCO HERRERA,OR TRUJILLO II,OPERATIVO,08:45 a 16:45,Avenida Víctor Larco N° 1096. Urb. Vista Alegre,2025
LA LIBERTAD,PATAZ,PARCOY,OR PARCOY,OPERATIVO,08:45 a 13:00 - 14:00 a 16:45 ,Jirón San Martín N° 859,2025
LA LIBERTAD,TRUJILLO,TRUJILLO,OR TRUJILLO ,OPERATIVO,08:45 a 16:45,Avenida Pablo Casals Mz. A Lt. 6 Urb. Los Cedros,2025
LA LIBERTAD,BOLIVAR,BOLÍVAR,PAP BOLIVAR,OPERATIVO,08:45 a 13:00 - 14:00 a 16:45 ,Jirón Bolivar S/N - Mz. 20 Lt. 8,2025
LA LIBERTAD,SANCHEZ CARRION,HUAMACHUCO,AG SANCHEZ CARRION,OPERATIVO,08:45 a 16:45,Jirón Alfonso Ugarte N° 567,2025
LA LIBERTAD,OTUZCO,OTUZCO,AG OTUZCO,OPERATIVO,08:45 a 16:45,Pasaje Elías Armas Castillo Lt. 5-E1 Mz. 28,2025
LA LIBERTAD,PACASMAYO,SAN PEDRO DE LLOC,AG PACASMAYO,OPERATIVO,08:45 a 16:45,Jirón Alianza Nº 524,2025
LA LIBERTAD,PATAZ,TAYABAMBA,PAP PATAZ,OPERATIVO,08:45 a 13:00 - 14:00 a 16:45 ,Jirón Sucre 337 1er Piso Centro Civico,2025
LA LIBERTAD,SANTIAGO DE CHUCO,SANTIAGO DE CHUCO,PAP SANTIAGO DE CHUCO,OPERATIVO,08:45 a 13:00 - 14:00 a 16:45 ,Calle Luis de La Puente Uceda  Nº 1120,2025
LA LIBERTAD,ASCOPE,ASCOPE,PAP ASCOPE,OPERATIVO,08:45 a 16:45,"Calle Miguel Grau N° 879, Ascope - 1er Piso",2025
LA LIBERTAD,CHEPEN,CHEPEN,PAP CHEPEN,OPERATIVO,08:45 a 16:45,Calle Manuel Seoane  N° 136. Chepen,2025
LA LIBERTAD,GRAN CHIMU,CASCAS,PAP GRAN CHIMU,OPERATIVO,08:45 a 13:00 - 14:00 a 16:45 ,Jr. San Martin S/N ,2025
LA LIBERTAD,VIRU,VIRU,PAP VIRU,OPERATIVO,08:45 a 16:45,  Mz. A Lt. N° 08 Urb. Las Palmeras,2025
CAJAMARCA,HUALGAYOC,BAMBAMARCA,ORA BAMBAMARCA - TITO VILLAR CABEZAS (MINSA),OPERATIVO,08:45 a 13:00 - 14:00 a 16:30,Barrio Amazonas - Bambamarca,2025
CAJAMARCA,CELENDIN,CELENDÍN,ORA DE APOYO CELENDIN (MINSA),OPERATIVO,08:45 a 13:00 - 14:00 a 16:30 ,Avenida Túpac Amaru Cdra. 4,2025
CAJAMARCA,CAJABAMBA,CAJABAMBA,ORA HOSPITAL NUESTRA SEÑORA DEL ROSARIO (MINSA),OPERATIVO,08:45 a 13:00 - 14:00 a 16:30,Caserio Parubamba,2025
CAJAMARCA,SAN MARCOS,PEDRO GÁLVEZ,ORA SAN MARCOS (MINSA),DESPLAZAMIENTO,08:45 a 13:00 - 14:00 a 16:30,Avenida 28 de Julio S/N Cdra.2,2025
LA LIBERTAD,TRUJILLO,EL PORVENIR,OR EL PORVENIR,OPERATIVO,08:45 a 16:45,Jirón Gabriel Aguilar Nº 1657. 2do piso.,2025
LA LIBERTAD,TRUJILLO,ALTO TRUJILLO,OR ALTO TRUJILLO,OPERATIVO,08:45 a 16:45, Barrio 3 Mz T Lt. 2,2025
CAJAMARCA,CAJAMARCA,CAJAMARCA,ORA SIMON BOLIVAR (MINSA),OPERATIVO,08:45 a 16:30,Avenida Mario Urteaga N° 500,2025
LA LIBERTAD,PACASMAYO,GUADALUPE,ORA DE APOYO TOMÁS LAFORA (MINSA),OPERATIVO,08:45 a 13:00 - 14:00 a 16:30,Calle La Victoria S/N,2025
CAJAMARCA,CAJAMARCA,LOS BAÑOS DEL INCA,ORA BAÑOS DEL INCA (MINSA),OPERATIVO,08:45 a 13:00 - 14:00 a 16:30,Jirón Pachacútec N° 489,2025
LA LIBERTAD,TRUJILLO,LA ESPERANZA,ORA DISTRITAL JERUSALEN (MINSA),OPERATIVO,08:45 a 13:00 - 14:00 a 16:30 ,Pasaje 1 Barrio 3 Mz. 20 Lt. 02 Sector Jerusalén,2025
LA LIBERTAD,PATAZ,CHILLIA,AG CHILLIA,OPERATIVO,08:45 a 13:00 - 14:00 a 16:45 ,Jirón Miraflores S/N,2025
LA LIBERTAD,SANTIAGO DE CHUCO,SANTIAGO DE CHUCO,ORA DE APOYO CESAR ABRAHAM VALLEJO MENDOZA (MINSA),OPERATIVO,08:45 a 13:00 - 14:00 a 16:30 ,Calle Gustavo Pinillo S/N - Barrio San Cristobal,2025
LA LIBERTAD,CHEPEN,CHEPEN,ORA DE APOYO CHEPEN (MINSA),DESPLAZAMIENTO,08:45 a 13:00 - 14:00 a 16:30 ,Avenida 28 de Julio S/N,2025
LA LIBERTAD,SANCHEZ CARRION,HUAMACHUCO,ORA DE APOYO LEONCIO PRADO (MINSA),OPERATIVO,08:45 a 13:00 - 14:00 a 16:30 ,Avenida 10 de Julio N° 209,2025
LA LIBERTAD,OTUZCO,OTUZCO,ORA DE APOYO OTUZCO ELPIDIO BEROVIDES PEREZ (MINSA),OPERATIVO,08:45 a 13:00 - 14:00 a 16:30 ,Calle Progreso N° 385,2025
LA LIBERTAD,ASCOPE,PAIJAN,ORA PAIJAN (MINSA),DESPLAZAMIENTO,08:45 a 13:00 - 14:00 a 16:30 ,Carretera Vía Panamericana S/N Sector Manco Capac,2025
CAJAMARCA,CAJAMARCA,CAJAMARCA,MAC - CAJAMARCA,OPERATIVO,08:30 a 16:30,Avenida Via De Evitamiento. Jr. El Mutuy y Av. La Cantuta - Cajamarca - Centro Comercial Real Plaza 2do. Piso,2025
LA LIBERTAD,VIRU,VIRU,ORA PROVINCIAL DE VIRÚ (MINSA),OPERATIVO,08:45 a 13:00 - 14:00 a 16:30,Calle Sucre Nº 799,2025
LA LIBERTAD,TRUJILLO,TRUJILLO,ORA HOSPITAL VÍCTOR LAZARTE ECHEGARAY (ESSALUD),OPERATIVO,08:45 a 13:00 - 14:00 a 16:30 ,Avenida Prolongación Unión 1375,2025
CAJAMARCA,CONTUMAZA,CHILETE,PANP CHILETE,OPERATIVO,08:45 a 13:00 - 14:00 a 16:45 ,Jr. Arequipa N° 330,2025
LA LIBERTAD,JULCAN,JULCAN,PAP JULCAN,OPERATIVO,08:45 a 13:00 - 14:00 a 16:45 ,"Avenida 28 de Julio N° 201, Centro Cívico",2025
LA LIBERTAD,TRUJILLO,TRUJILLO,AGENTE RENIEC - OR TRUJILLO,OPERATIVO,08:45 a 16:45,Avenida Pablo Casals Mz. A Lt. 6 Urb. Los Cedros,2025
SAN MARTIN,SAN MARTIN,TARAPOTO,ORA HOSPITAL TARAPOTO (MINSA),OPERATIVO,08:45 a 16:30,Jirón Angel Delgado Morey Nº 503,2025
LORETO,DATEM DEL MARAÑON,BARRANCA,PAP DATEM DEL MARAÑON,OPERATIVO,08:45 a 16:45,Calle Tigre Mz. 31 Lt. 08 - San Lorenzo,2025
SAN MARTIN,RIOJA,NUEVA CAJAMARCA,AG NUEVA CAJAMARCA,OPERATIVO,08:45 a 16:45,Carretera Fernando Belaunde Terry Altura del Km. 447.50 ,2025
LORETO,ALTO AMAZONAS,YURIMAGUAS,AG ALTO AMAZONAS,OPERATIVO,08:45 a 16:45,Calle Mariscal Castilla N° 411,2025
SAN MARTIN,MOYOBAMBA ,MOYOBAMBA,ORA HOSPITAL MOYOBAMBA (MINSA),OPERATIVO,08:45 a 16:30,Jirón Grau cuadra 4,2025
SAN MARTIN,MOYOBAMBA ,MOYOBAMBA,AG MOYOBAMBA,OPERATIVO,08:45 a 16:45,Jirón Dos de Mayo Mz. 1530 Lt. 14 (837),2025
SAN MARTIN,HUALLAGA,SAPOSOA,AG HUALLAGA,OPERATIVO,08:45 a 16:45,Jirón Lima N° 591,2025
SAN MARTIN,LAMAS,LAMAS,AG LAMAS,OPERATIVO,08:45 a 16:45,Jirón San Martín N° 984,2025
SAN MARTIN,MARISCAL CACERES,JUANJUI,AG MARISCAL CACERES,OPERATIVO,08:45 a 16:45,Jirón Eduardo Peña Meza N° 772 ,2025
SAN MARTIN,RIOJA,RIOJA,OR RIOJA,OPERATIVO,08:45 a 16:45,Jirón Angaiza N° 530,2025
SAN MARTIN,SAN MARTIN ,TARAPOTO,OR TARAPOTO,OPERATIVO,08:45 a 16:45,Jirón Jiménez Pimentel N° 280 ,2025
SAN MARTIN,BELLAVISTA,BELLAVISTA,AG BELLAVISTA,OPERATIVO,08:45 a 16:45,Jirón Huallaga - Iquitos Mz. 7 Lt. 27 - A.  1er. Piso,2025
SAN MARTIN,PICOTA,PICOTA,AG PICOTA,OPERATIVO,08:45 a 16:45,"Jirón Simón Bolívar, cuadra 4",2025
SAN MARTIN,EL DORADO ,SAN JOSE DE SISA,AG EL DORADO,OPERATIVO,08:45 a 16:45,Jirón Comercio N° 610,2025
LORETO,DATEM DEL MARAÑON,BARRANCA,ORA SAN LORENZO - NUCLEO BASE (MINSA),OPERATIVO,08:45 a 16:30,Barrio Daniel Alcides Carrión S/N - Barrio Huacachina,2025
SAN MARTIN,SAN MARTIN ,LA BANDA DE SHILCAYO,AG LA BANDA DE SHILCAYO,OPERATIVO,08:45 a 16:45,Jirón Yurimaguas N° 340,2025
SAN MARTIN,MARISCAL CACERES,JUANJUI,ORA HOSPITAL JUANJUI (MINSA),OPERATIVO,08:45 a 16:30,Jirón Arica N° 205,2025
SAN MARTIN,RIOJA,RIOJA,ORA HOSPITAL DE RIOJA (MINSA),OPERATIVO,08:45 a 16:30,Jirón Túpac Amaru S/N,2025
LORETO,ALTO AMAZONAS,LAGUNAS,AG LAGUNAS,OPERATIVO,08:45 a 16:45,Jirón FITZCARRALD C-9,2025
SAN MARTIN,SAN MARTIN,MORALES,PANP MORALES,OPERATIVO,08:45 a 16:45,Jirón Tarapoto N° 116 Plaza de Armas,2025
LORETO,ALTO AMAZONAS,YURIMAGUAS,ORA HOSPITAL SANTA GEMA YURIMAGUAS (MINSA),OPERATIVO,08:45 a 16:30,CALLE HUALLAGA  C-4,2025
LORETO,MAYNAS,PUNCHANA,"ORA HOSPITAL REGIONAL DE LORETO ""FELIPE ARRIOLA IGLESIAS""",OPERATIVO,08:45 a 16:30,Avenida 28 de Julio S/N,2025
LORETO,MAYNAS,IQUITOS,"ORA HOSPITAL IQUITOS ""CESAR GARAYAR GARCIA""",OPERATIVO,08:45 a 16:30,Calle Cornejo Portugal 1710,2025
LORETO,MAYNAS,BELÉN,OR BELEN,OPERATIVO,08:45 a 16:45,Calle Miraflores S/N P. J. 09 de Octubre,2025
LORETO,MAYNAS,IQUITOS,OR IQUITOS,OPERATIVO,08:45 a 16:45,Jirón Próspero Nº 201,2025
LORETO,LORETO,NAUTA,PAP NAUTA,OPERATIVO,08:45 a 16:45,Cal. Manuel Pacaya N° 570 centro cívico,2025
LORETO,REQUENA,REQUENA,PAP REQUENA,OPERATIVO,08:45 a 16:45,Calle San Antonio S/N Anexo Hotel Municipal,2025
LORETO,MARISCAL RAMON CASTILLA,RAMON CASTILLA,PAP MARISCAL RAMON CASTILLA - CABALLOCOCHA,OPERATIVO,08:45 a 16:45,Calle Ayacucho Mz. 22 Lt. 4 C con Amazonas S/N - Local Municipal,2025
LORETO,MAYNAS,SAN JUAN BAUTISTA,OR SAN JUAN BAUTISTA,OPERATIVO,08:45 a 16:45,Avenida Abelardo Quiñones Nº 2371 Km. 2.5 ,2025
LORETO,MARISCAL RAMON CASTILLA,YAVARI,PAP YAVARI,OPERATIVO,08:45 a 16:45,Calle Nueva Jerusalen S/N Local Municipal,2025
LORETO,PUTUMAYO,PUTUMAYO,PAP PUTUMAYO,OPERATIVO,08:45 a 16:45,Calle Arequipa S/N,2025
LORETO,MAYNAS,PUNCHANA,PAP PUNCHANA,OPERATIVO,08:45 a 16:45,"Calle Cusco S/N, cuadra 5, esquina con Trujillo.",2025
LORETO,REQUENA,REQUENA,ORA REQUENA,OPERATIVO,08:45 a 16:30,Calle Mártires del Petroléo S/N - Malecon Grau,2025
LORETO,MARISCAL RAMON CASTILLA,RAMON CASTILLA,ORA CABALLOCOCHA,OPERATIVO,08:45 a 16:30,Calle Progreso N° 425,2025
LORETO,MAYNAS,PUNCHANA,MAC - LORETO,OPERATIVO,08:30 a 16:30,Avenida La Marina Nº  1338,2025
LORETO,MAYNAS,IQUITOS,AGENTE RENIEC - OR IQUITOS,OPERATIVO,08:45 a 16:45,Jirón Próspero Nº 201,2025
LORETO,PUTUMAYO,TENIENTE MANUEL CLAVERO,PANP SOPLIN VARGAS,OPERATIVO,08:45 a 16:45,Plaza de armas S/N,2025
LORETO,MARISCAL RAMON CASTILLA,SANTA ROSA DE LORETO,PAP SANTA ROSA DE LORETO ,OPERATIVO,08:45 a 16:45,Calle mi Perú S/N,2025
ANCASH,SANTA,CHIMBOTE,OR SANTA,OPERATIVO,08:45 a 16:45,Jirón Enrique Palacios Nº 504-506 esquina con Jr. Ladislao Espinar Nº 401,2025
ANCASH,SANTA,CHIMBOTE,AGENTE RENIEC - MEGA PLAZA CHIMBOTE,OPERATIVO,08:45 a 16:45," Mz. B Lt. 1-A-1-A2 Sector Parque Gran Chavín, Centro Comercial Megaplaza Chimbote",2025
ANCASH,SANTA,CHIMBOTE,MAC - ANCASH,OPERATIVO,08:30 a 16:30," Mz. B Lt. 1-A-1-A2 Sector Parque Gran Chavín, Centro Comercial Megaplaza Chimbote",2025
ANCASH,SANTA,NUEVO CHIMBOTE,AG NUEVO CHIMBOTE,OPERATIVO,08:45 a 16:45, Mz. 74-75 Lt. 1 del Centro Cívico de la Municipalidad Distrital de Nuevo Chimbote,2025
ANCASH,HUARAZ,HUARAZ,AG HUARAZ,OPERATIVO,08:45 a 16:45,"Jirón Agustin Loly N° 756, Mz. 29A Lt. 27, Barrio La Soledad Alta, intersección con Jr. Agustin Mejía",2025
ANCASH,HUAYLAS,CARAZ,AG HUAYLAS,OPERATIVO,08:45 a 16:45,Jirón Raimondi N° 215,2025
ANCASH,HUARI,HUARI,AG HUARI,OPERATIVO,08:45 a 16:45,Jirón Libertad Mz. P2 Lt. 003,2025
ANCASH,POMABAMBA,POMABAMBA,AG POMABAMBA,OPERATIVO,08:45 a 16:45,Jirón Huaraz Nº 369,2025
ANCASH,SIHUAS,SIHUAS,AG SIHUAS,OPERATIVO,08:45 a 16:45,"Jirón Gomes Arias 106, Barrio Pingullo Alto",2025
ANCASH,PALLASCA,PAMPAS,AG PAMPAS,OPERATIVO,08:45 a 16:45,Calle Plaza de Armas S/N - Municipalidad Distrital de Pampas - 1er piso,2025
ANCASH,CASMA,CASMA,PAP CASMA,OPERATIVO,08:45 a 16:45, Sector Hijuela Mz. C Lt. 13 del Centro Cívico de la Municipalidad Provincial de Casma,2025
ANCASH,HUARMEY,HUARMEY,PAP HUARMEY,OPERATIVO,08:45 a 16:45, 1er. Pabellón S/N del Centro Cívico de la Municipalidad Provincial de Huarmey,2025
ANCASH,RECUAY,RECUAY,PAP RECUAY,OPERATIVO,08:45 a 16:45,Calle Plaza de Armas Nº 180 Municipalidad Distrital de Recuay,2025
ANCASH,CARHUAZ,CARHUAZ,PAP CARHUAZ,OPERATIVO,08:45 a 16:45,Avenida La Merced Nº 1006,2025
ANCASH,YUNGAY,YUNGAY,PAP YUNGAY,OPERATIVO,08:45 a 16:45,Avenida Arias Grazziani Lt. 1-2 Centro Cívico de la Municipalidad Provincial de Yungay,2025
ANCASH,CARLOS FERMIN FITZCARRALD,SAN LUIS,PAP CARLOS FERMÍN FITZCARRALD,OPERATIVO,08:45 a 16:45,Avenida Ramón Castilla N° 320 - 1er. piso Centro Cívico de la Municipalidad Provincial de C. F. Fitzcarrald,2025
ANCASH,MARISCAL LUZURIAGA,PISCOBAMBA,PAP MARISCAL LUZURIAGA,OPERATIVO,08:45 a 16:45,"Jirón San Pablo S/N, Centro Cívico de la Municipalidad Provincial de Mariscal Luzuriaga",2025
ANCASH,SANTA,CHIMBOTE,ORA HOSPITAL LA CALETA (Chimbote),OPERATIVO,08:45 a 16:30,Avenida Malecon Grau S/N,2025
ANCASH,SANTA,CHIMBOTE,ORA HOSPITAL ESSALUD III CHIMBOTE,OPERATIVO,08:45 a 16:30,Avenida Circunvalación Nº 119 Urb. Laderas del Norte,2025
ANCASH,SANTA,NUEVO CHIMBOTE,ORA HOSPITAL ELEAZAR GUZMÁN BARRÓN (Nuevo Chimbote),OPERATIVO,08:45 a 16:30,"Avenida Brasil S/N, Urb. Santa Cristina (Hospital Regional Eleazar Guzmán Barrón puerta de Emergencia)",2025
ANCASH,HUARAZ,HUARAZ,ORA HOSPITAL VÍCTOR RAMOS GUARDIA (Huaraz),OPERATIVO,08:45 a 16:30,"Avenida Mariscal Luzuriaga cdra. 01, cruce con Jr. Pedro Villón cdra. 10",2025
ANCASH,HUAYLAS,CARAZ,ORA HOSPITAL DE APOYO CARAZ,OPERATIVO,08:45 a 16:30,Avenida 9 de Octubre S/N,2025
ANCASH,HUARI,HUARI,ORA HOSPITAL DE APOYO HUARI,OPERATIVO,08:45 a 16:30,Avenida Circunvalación Baja S/N,2025
ANCASH,CORONGO,CORONGO,PANP CORONGO,DESPLAZAMIENTO,08:45 a 16:45,"Jirón Grau N° 206, primer piso de la Municipalidad Provincial de Corongo",2025
ANCASH,PALLASCA,CABANA,PANP PALLASCA,DESPLAZAMIENTO,08:45 a 16:45,"Avenida Plaza de Armas N° 103, primer piso de la Municipalidad Provincial de Pallasca",2025
ANCASH,AIJA,AIJA,PANP AIJA,DESPLAZAMIENTO,08:45 a 16:45,"Jirón Gavino Uribe S/N Plaza de Armas, 1er piso de la Municipalidad Provincial de Aija",2025
ANCASH,BOLOGNESI,CHIQUIAN,PANP BOLOGNESI,DESPLAZAMIENTO,08:45 a 16:45,"Jirón Tacna 320, primer piso del Centro Cívico de la Municipalidad Distrital de Chiquian",2025
ANCASH,YUNGAY,YANAMA,AG YANAMA,DESPLAZAMIENTO,08:45 a 16:45,Jirón Yungay S/N cdra. 03,2025
ANCASH,MARISCAL LUZURIAGA,LLUMPA,PANP LLUMPA,DESPLAZAMIENTO,08:45 a 16:45, Plaza de Armas S/N,2025
ANCASH,ASUNCION,CHACAS,PANP ASUNCIÓN,DESPLAZAMIENTO,08:45 a 16:45,Jirón Coliseo de Chacas S/N,2025
ANCASH,HUARI,CHAVIN DE HUANTAR,PANP CHAVÍN DE HUANTAR,DESPLAZAMIENTO,08:45 a 16:45,"Jirón San Martin S/N, 1er piso del Centro Cívico de la Municipalidad Distrital de Chavin de Huantar",2025
ANCASH,HUARI,SAN MARCOS,PANP SAN MARCOS ,DESPLAZAMIENTO,08:45 a 16:45,"Jirón Progreso 332, Plaza de Armas de San Marcos",2025
ANCASH,HUACAYBAMBA,HUACAYBAMBA,PANP HUACAYBAMBA,DESPLAZAMIENTO,08:45 a 16:45,"Avenida El Ejercito S/N Barrio San Pedro, 1er piso Municipalidad Provincial de Huacaybamba",2025
ANCASH,ANTONIO RAIMONDI,LLAMELLIN,PANP ANTONIO RAIMONDI,DESPLAZAMIENTO,08:45 a 16:45,Jirón Simón Bolívar N° 229,2025
ANCASH,HUARI,UCO,PANP UCO,DESPLAZAMIENTO,08:45 a 16:45,"Jirón Nicolas de Piérola S/N Plaza de Armas, 1er piso de la Municipalidad Distrital de Uco",2025
JUNIN,HUANCAYO,EL TAMBO,OR HUANCAYO,OPERATIVO,08:45 a 16:45,AVENIDA MARISCAL CASTILLA Nº 1801,2025
JUNIN,TARMA,TARMA,OR TARMA,OPERATIVO,08:45 a 16:45,JIRÓN AREQUIPA Nº 939,2025
JUNIN,CHANCHAMAYO,LA MERCED,OR CHANCHAMAYO,OPERATIVO,08:45 a 16:45,PROLONGACIÓN TARMA Nº 242,2025
JUNIN,SATIPO,PANGOA,PAP PANGOA,OPERATIVO,08:45 a 16:45,CALLE 07 DE JUNIO Nº 641 PLAZA PRINCIPAL CENTRO CIVICO,2025
JUNIN,SATIPO,MAZAMARI,PAP MAZAMARI,OPERATIVO,08:45 a 16:45,AVENIDA SAN JUAN N° 377,2025
JUNIN,CONCEPCION,CONCEPCIÓN,PAP CONCEPCIÓN,OPERATIVO,08:45 a 16:45,JIRÓN RICARDO PALMA S/N MERCADO MODELO INTERIOR 1 ,2025
JUNIN,JAUJA,JAUJA,PAP JAUJA,OPERATIVO,08:45 a 16:45,JIRÓN SUCRE N° 889,2025
JUNIN,JUNIN,JUNIN,PAP JUNIN,OPERATIVO,08:45 a 16:45,JIRÓN SIMÓN BOLIVAR N° 820,2025
JUNIN,YAULI,SANTA ROSA DE SACCO,PAP YAULI,OPERATIVO,08:45 a 16:45,AVENIDA MIGUEL GRAU N° 309,2025
JUNIN,SATIPO,SATIPO,PAP SATIPO,OPERATIVO,08:45 a 16:45,AVENIDA MICAELA BASTIDAS 747 - INT. 1A - CENTRO CIVICO,2025
JUNIN,CHUPACA,CHUPACA,PAP CHUPACA,OPERATIVO,08:45 a 16:45,JIRÓN GRAU N° 195 - CENTRO CÍVICO,2025
JUNIN,CHANCHAMAYO,PICHANAQUI,PAP PICHANAQUI,OPERATIVO,08:45 a 16:45,JIRÓN INDEPENDENCIA S/N COLISEO MUNICIPAL,2025
JUNIN,HUANCAYO,HUANCAYO,"ORA REGIONAL DOCENTE MATERNO INFANTIL ""EL CARMEN""",OPERATIVO,08:45 a 16:30,JIRÓN PUNO Nº 911,2025
JUNIN,TARMA,TARMA,ORA DE APOYO FELIX MAYORCA SOTO,OPERATIVO,08:45 a 16:30,AVENIDA PACHECO Nº 362,2025
JUNIN,JAUJA ,JAUJA ,ORA HOSPITAL DOMINGO OLAVEGOYA,OPERATIVO,08:45 a 16:30,JIRÓN SAN MARTÍN Nº 1153 URB. OLAVEGOYA ,2025
JUNIN,SATIPO,SATIPO,ORA DE APOYO MANUEL HIGA ARAKAKI,OPERATIVO,08:45 a 16:30,CALLE DANIEL ALCIDES CARRIÓN Nº 398,2025
JUNIN,CHANCHAMAYO ,PICHANAQUI,ORA HOSPITAL DE APOYO PICHANAQUI,OPERATIVO,08:45 a 16:30,AVENIDA SAN MARTÍN S/N PICHANAKI,2025
JUNIN,HUANCAYO,HUANCAYO,ORA LA LIBERTAD,OPERATIVO,08:45 a 16:30,AV. ALAMEDA S/N. COOP. SANTA ISABEL ,2025
JUNIN,CHANCHAMAYO,LA MERCED,ORA HOSPITAL REGIONAL DOCENTE DE MEDICINA TROPICAL DR. JULIO DEMARINI CARO,OPERATIVO,08:45 a 16:30,AVENIDA DANIEL A. CARRION S/N AV. PAMPA DEL CARMEN S/N,2025
JUNIN,HUANCAYO,EL TAMBO,ORA HOSPITAL NACIONAL RAMIRO PRIALE,OPERATIVO,08:45 a 16:30,AVENIDA INDEPENDENCIA Nº 266,2025
JUNIN,SATIPO,PANGOA,ORA HOSPITAL DE PANGOA,OPERATIVO,08:45 a 16:30,AVENIDA LA CULTURA S/N,2025
JUNIN,HUANCAYO,CHILCA,ORA CHILCA,OPERATIVO,08:45 a 16:30,JIRÓN HUMBOLT Nº 900,2025
JUNIN,HUANCAYO,HUANCAYO,MAC - JUNIN,OPERATIVO,08:30 a 16:30,AVENIDA FERROCARRIL N° 146 - 150 - CENTRO COMERCIAL MALL PLAZA,2025
JUNIN,HUANCAYO,EL TAMBO,AGENTE RENIEC - OR HUANCAYO,OPERATIVO,08:45 a 16:45,AVENIDA MARISCAL CASTILLA Nº 1801,2025
AYACUCHO,HUAMANGA,AYACUCHO,"ORA HOSPITAL REGIONAL DE AYACUCHO ""MIGUEL ANGEL MARISCAL LLERENA"" (MINSA)",OPERATIVO,08:45 a 16:45,Jirón Daniel Alcides Carrión S/N - 2da cuadra.,2025
AYACUCHO,LA MAR,AYNA,PAP AYNA -SAN FRANCISCO,OPERATIVO,08:45 a 16:45,Avenida 28 de Julio S/N San Francisco,2025
AYACUCHO,HUAMANGA,AYACUCHO,OR HUAMANGA,OPERATIVO,08:45 a 16:45,"Jirón San Martin Nº 473, 475, 477 y 477A",2025
AYACUCHO,CANGALLO,CANGALLO,PAP CANGALLO,OPERATIVO,08:45 a 16:45,Jirón Maria Parado de Bellido Nº 205,2025
AYACUCHO,HUANTA,HUANTA,AG HUANTA,OPERATIVO,08:45 a 16:45,Jirón Ayacucho N° 305,2025
AYACUCHO,LA MAR,SAN MIGUEL,PAP LA MAR,OPERATIVO,08:45 a 16:45,Jirón Maria Parado de Bellido S/N ,2025
AYACUCHO,VICTOR FAJARDO,HUANCAPI,PAP VICTOR FAJARDO,OPERATIVO,08:45 a 16:45, Plaza Principal Nº 127,2025
AYACUCHO,HUANCA SANCOS,SANCOS,PAP HUANCASANCOS,OPERATIVO,08:45 a 16:45,Avenida Progreso S/N Consejo Provincial de Huanca Sancos,2025
AYACUCHO,VILCAS HUAMAN,VILCAS HUAMAN,PAP VILCASHUAMAN,OPERATIVO,08:45 a 16:45,Avenida Los Incas Nº 222,2025
AYACUCHO,SUCRE,QUEROBAMBA,PAP SUCRE,OPERATIVO,08:45 a 16:45,Jirón San Martin S/N  Plaza de Armas Consejo Provincial de Sucre,2025
AYACUCHO,HUANTA,HUANTA,"ORA HOSPITAL DE APOYO HUANTA ""DANIEL ALCIDES CARRION"" (MINSA)",OPERATIVO,08:45 a 16:45,Avenida Mariscal Castilla Nº 628,2025
AYACUCHO,LA MAR,SAN MIGUEL,ORA SAN MIGUEL (MINSA),DESPLAZAMIENTO,08:45 a 16:45,Avenida Ramon Castilla s/n,2025
AYACUCHO,CANGALLO,CANGALLO,ORA HOSPITAL DE APOYO CANGALLO (MINSA),OPERATIVO,08:45 a 16:45,Jirón Santa Rosa N° 110,2025
CUSCO,LA CONVENCION,PICHARI,PAP PICHARI,OPERATIVO,08:45 a 16:45,Avenida BRASIL S/N,2025
APURIMAC,CHINCHEROS,CHINCHEROS,PAP CHINCHEROS,OPERATIVO,08:45 a 16:45,Jirón COTABAMBAS N° 121,2025
AYACUCHO,LA MAR,SAMUGARI,PAP SAMUGARI -PALMAPAMPA,OPERATIVO,08:45 a 16:45,Jirón Los Laureles S/N – Palmapampa Distrital de Samugari,2025
AYACUCHO,LA MAR,TAMBO,ORA TAMBO (MINSA),OPERATIVO,08:45 a 16:45,Jirón Lima s/n,2025
AYACUCHO,HUAMANGA,JESUS NAZARENO,ORA HOSPITAL DE APOYO JESUS NAZARENO (MINSA),OPERATIVO,08:45 a 16:45,Jirón Ciro Alegría Nº 547,2025
APURIMAC,ANDAHUAYLAS,TALAVERA,OR ANDAHUAYLAS,OPERATIVO,08:45 a 16:45,Jirón Amauta N° 311,2025
APURIMAC,CHINCHEROS,ANCCO HUALLO,ORA  CENTRO DE SALUD URIPA  (MINSA),OPERATIVO,08:45 a 16:45,Avenida  Túpac Amaru S/N – URIPA,2025
APURIMAC,ANDAHUAYLAS,ANDAHUAYLAS,ORA HOSPITAL REGIONAL DOCENTE  HUGO PESCE PESCETTO ANDAHUAYLAS (MINSA),OPERATIVO,08:45 a 16:45,Avenida Hugo Pesce Pesceto S/N,2025
AYACUCHO,HUANTA,SIVIA,ORA HOSPITAL DE APOYO DE SIVIA (MINSA),DESPLAZAMIENTO,08:45 a 16:45,Jirón Gervacio Santillana S/N,2025
CUSCO,LA CONVENCION,KIMBIRI,ORA CENTRO DE SALUD SAN JUAN DE KIMBIRI (MINSA),DESPLAZAMIENTO,08:45 a 16:45,Avenida Aeropuerto S/N,2025
CUSCO,LA CONVENCION,PICHARI,ORA HOSPITAL DE APOYO PICHARI (MINSA),OPERATIVO,08:45 a 16:45,Jirón Amazonas s/n,2025
APURIMAC,CHINCHEROS,CHINCHEROS,ORA HOSPITAL DE APOYO CHINCHEROS (MINSA),OPERATIVO,08:45 a 16:45,Avenida Fernando Belaunde Terry S/N,2025
AYACUCHO,CANGALLO,LOS MOROCHUCOS,ORA PAMPA CANGALLO (MINSA),OPERATIVO,08:45 a 16:45,Avenida María Arguedas S/N,2025
AYACUCHO,HUAMANGA,SAN JUAN BAUTISTA,ORA SAN JUAN BAUTISTA,DESPLAZAMIENTO,08:45 a 16:45,AV. MALVINAS S/N,2025
AYACUCHO,LA MAR,AYNA,ORA HOSPITAL DE APOYO AYNA SAN FRANCISCO,DESPLAZAMIENTO,08:45 a 16:45,AV. HUANTA S/N,2025
AREQUIPA,AREQUIPA,AREQUIPA,ORA HOSPITAL REGIONAL HONORIO DELGADO ESPINOZA (MINSA),OPERATIVO,08:45 a 16:30,Avenida Daniel Alcides Carrión N° 505,2025
TACNA,TACNA,TACNA,ORA TACNA (MINSA),OPERATIVO,08:45 a 16:30,Calle Blondel S/N,2025
AREQUIPA,AREQUIPA,AREQUIPA,OR AREQUIPA,OPERATIVO,08:45 a 16:45,Calle San Juan de Dios N° 122 y Santo Domingo N° 101,2025
AREQUIPA,CAYLLOMA,CHIVAY,PAP CAYLLOMA,OPERATIVO,08:45 a 16:45,Calle Siglo XX S/N,2025
AREQUIPA,CAMANA,CAMANA,AG CAMANA,OPERATIVO,08:45 a 16:45,Avenida Mariscal Castilla N° 221,2025
AREQUIPA,CARAVELI,CARAVELÍ,PAP CARAVELI,DESPLAZAMIENTO,08:45 a 16:45,Jirón Bolivar S/N,2025
AREQUIPA,CASTILLA,APLAO,PAP CASTILLA,OPERATIVO,08:45 a 16:45,Calle Progreso S/N,2025
AREQUIPA,CONDESUYOS,CHUQUIBAMBA,PAP CONDESUYOS,OPERATIVO,08:45 a 16:45,Avenida Alameda S/N - Los Tres Errantes,2025
AREQUIPA,ISLAY,MOLLENDO,AG ISLAY,OPERATIVO,08:45 a 16:45,Jiron Arequipa Nº 261 ,2025
AREQUIPA,LA UNION,COTAHUASI,PAP LA UNION,OPERATIVO,08:45 a 16:45,Calle Centenario N° 202 - Cotahuasi,2025
MOQUEGUA,MARISCAL NIETO,MOQUEGUA,ORA HOSPITAL REGIONAL MOQUEGUA (MINSA),OPERATIVO,08:45 a 16:30,Avenida Simón Bolívar N° 505,2025
MOQUEGUA,MARISCAL NIETO,SAN ANTONIO,AG MARISCAL NIETO,OPERATIVO,08:45 a 16:45,Avenida Central Mz D-4 Lt. 1,2025
MOQUEGUA,ILO,ILO,AG ILO,OPERATIVO,08:45 a 16:45,Jirón Ayacucho N° 529,2025
AREQUIPA,CAYLLOMA,MAJES,AG MAJES,OPERATIVO,08:45 a 16:45,Avenida Arequipa S/N - Tienda 06 del Estadio Almirante Miguel Grau - Pedregal,2025
AREQUIPA,AREQUIPA,CAYMA,AG CAYMA,OPERATIVO,08:45 a 16:45,Avenida Ramón Castilla S/N - Estadio La Tomilla,2025
TACNA,TACNA,TACNA,OR TACNA,OPERATIVO,08:45 a 16:45,Calle Deustua Nº 173,2025
AREQUIPA,AREQUIPA,AREQUIPA,ORA HOSPITAL III GOYENECHE (MINSA),OPERATIVO,08:45 a 16:30,Avenida Goyeneche N° 100,2025
AREQUIPA,CAMANA,CAMANA,ORA HOSPITAL DE CAMANA (MINSA),OPERATIVO,08:45 a 16:30,Avenida Lima 550,2025
AREQUIPA,AREQUIPA,PAUCARPATA,MAC - AREQUIPA,OPERATIVO,08:30 a 16:30,Avenida Porongoche N° 500 Paucarpata - Centro Comercial Mall Aventura ,2025
AREQUIPA,CAYLLOMA,MAJES,ORA HOSPITAL CENTRAL DE MAJES- ANGEL GABRIEL CHURA GALLEGOS (MINSA),OPERATIVO,08:45 a 16:30, Asentamiento B1 lote 1 Irrig. Majes,2025
MOQUEGUA,MARISCAL NIETO,MOQUEGUA,MAC - MOQUEGUA,OPERATIVO,08:30 a 16:30,"Avenida Circunvalación 1B Sub lote 1-A, Moquegua",2025
AREQUIPA,AREQUIPA,AREQUIPA,PAP PASEO CENTRAL,OPERATIVO,08:45 a 16:45,Calle Arturo Ibañez S/N,2025
AREQUIPA,AREQUIPA,CERRO COLORADO,C.S. MARITZA CAMPOS DIAZ (MINSA),OPERATIVO,08:45 a 16:30,Calle Yavari S/N,2025
AREQUIPA,AREQUIPA,PAUCARPATA,HOSPITAL EDMUNDO ESCOMEL (ESSALUD),OPERATIVO,08:45 a 16:30,Avenida EL Cayro S/N,2025
AREQUIPA,AREQUIPA,AREQUIPA,HOSPITAL CARLOS ALBERTO SEGUIN ESCOBEDO (ESSALUD),OPERATIVO,08:45 a 16:30,Calle Peral S/N,2025
AREQUIPA,AREQUIPA,YANAHUARA,ORA HOSPITAL III YANAHUARA (ESSALUD),OPERATIVO,08:45 a 16:30,Avenida Zamácola S/N,2025
AREQUIPA,AREQUIPA,AREQUIPA,AGENTE RENIEC - OR AREQUIPA,OPERATIVO,08:45 a 16:45,Calle San Juan de Dios N° 122 y Santo Domingo N° 101,2025
CUSCO,CUSCO,SANTIAGO,ORA ANTONIO LORENA DEL CUSCO (MINSA),OPERATIVO,08:45 a 16:30,Calle Carlos Ugarte S/N Urb. Primavera Cuartel Agustín Gamarra,2025
CUSCO,CUSCO,WANCHAQ,ORA HOSPITAL NACIONAL ADOLFO GUEVARA VELASCO (ESSALUD),OPERATIVO,08:45 a 16:30,Avenida Ancelmo Alvarez S/N,2025
APURIMAC,ABANCAY,ABANCAY,OR ABANCAY,OPERATIVO,08:45 a 16:45,Avenida La Victoria Nº 214,2025
APURIMAC,AYMARAES,CHALHUANCA,PANP AYMARAES,DESPLAZAMIENTO,08:45 a 16:45, Plaza de Armas S/N (Gobernatura De Chalhuanca),2025
APURIMAC,ANTABAMBA,ANTABAMBA,PANP ANTABAMBA,DESPLAZAMIENTO,08:45 a 16:45, Plaza de Armas S / N,2025
APURIMAC,COTABAMBAS,TAMBOBAMBA,PAP TAMBOBAMBA,OPERATIVO,08:45 a 16:45,Avenida Perú - Plaza de Armas S/N - 3er Piso,2025
APURIMAC,GRAU,CHUQUIBAMBILLA,PANP GRAU,DESPLAZAMIENTO,08:45 a 16:45, Plaza de Armas S / N,2025
CUSCO,CUSCO,CUSCO,OR CUSCO,OPERATIVO,08:45 a 16:45,Avenida El Sol N° 272,2025
CUSCO,ACOMAYO,ACOMAYO,PANP ACOMAYO,DESPLAZAMIENTO,08:45 a 16:45, Plaza de Armas S/N,2025
CUSCO,ANTA,ANTA ,PAP ANTA,OPERATIVO,08:45 a 16:45,"Jirón Jaquijahuana  S / N, Izcuchaca",2025
CUSCO,CALCA,CALCA,AG CALCA,OPERATIVO,08:45 a 16:45, Plaza de Armas S/N,2025
CUSCO,CANAS,YANAOCA,PAP CANAS,OPERATIVO,08:45 a 16:45, Plaza de Armas S/N,2025
CUSCO,CANCHIS,SICUANI,AG CANCHIS,OPERATIVO,08:45 a 16:45,Avenida Túpac Amaru N° 163,2025
CUSCO,CHUMBIVILCAS,SANTO TOMAS,PAP CHUMBIVILCAS,OPERATIVO,08:45 a 16:45,Avenida Perú S / N (Ruedo de Toros),2025
CUSCO,ESPINAR,ESPINAR,PAP ESPINAR,OPERATIVO,08:45 a 16:45,Calle Teatro S/N  ,2025
CUSCO,LA CONVENCION,SANTA ANA,AG LA CONVENCION,OPERATIVO,08:45 a 16:45,Avenida Grau Nº 238,2025
CUSCO,PARURO,PARURO,PANP PARURO,DESPLAZAMIENTO,08:45 a 16:45, Plaza de Armas S/N,2025
CUSCO,PAUCARTAMBO,PAUCARTAMBO,PAP PAUCARTAMBO - JR9,OPERATIVO,08:45 a 16:45,Jirón Enrique Yabar S/N,2025
CUSCO,QUISPICANCHI,URCOS,PAP QUISPICANCHI,OPERATIVO,08:45 a 16:45,Jirón Huáscar N° 181,2025
CUSCO,URUBAMBA,URUBAMBA,PAP URUBAMBA,OPERATIVO,08:45 a 16:45,Avenida Conchatupa S/N,2025
MADRE DE DIOS,TAHUAMANU,IBERIA,AG IBERIA,OPERATIVO,08:45 a 16:45,Avenida Máximo Rodríguez N° 124 Plaza de Armas,2025
APURIMAC,ABANCAY,ABANCAY,ORA HOSPITAL REGIONAL GUILLERMO DIAZ DE LA VEGA (MINSA),OPERATIVO,08:45 a 16:30,Avenida Daniel Alcides Carrión S/N,2025
MADRE DE DIOS,TAMBOPATA,TAMBOPATA,OR TAMBOPATA,OPERATIVO,08:45 a 16:45,Jirón Lambayeque N° 159,2025
MADRE DE DIOS,MANU,MANU,PANP MANU,DESPLAZAMIENTO,08:45 a 16:45,Avenida Esperanza S/N - Local Municipal,2025
CUSCO,ACOMAYO,POMACANCHI,AG POMACANCHI,DESPLAZAMIENTO,08:45 a 16:45, Plaza de Armas S/N,2025
CUSCO,CUSCO,CUSCO,ORA HOSPITAL DE APOYO DEPARTAMENTAL CUSCO (MINSA),OPERATIVO,08:45 a 16:30,Avenida La Cultura S/N,2025
CUSCO,CANCHIS,SICUANI,ORA SICUANI (MINSA),OPERATIVO,08:45 a 16:30,Avenida Manuel Callo Zevallos N° 519 - Hospital MINSA Sicuani,2025
MADRE DE DIOS,TAMBOPATA,TAMBOPATA,ORA SANTA ROSA (MINSA),DESPLAZAMIENTO,08:45 a 16:30,Jirón Cajamarca N° 171,2025
CUSCO,LA CONVENCION,SANTA ANA,ORA QUILLABAMBA (MINSA),OPERATIVO,08:45 a 16:30,Avenida General Gamarra S/N - Hospital Quillabamba,2025
CUSCO,ESPINAR,ESPINAR,ORA ESPINAR (MINSA),OPERATIVO,08:45 a 16:30,Calle Domingo Huarca Cruz S/N Barrio Túpac Amaru  - Hospital Espinar,2025
MADRE DE DIOS,TAHUAMANU,IBERIA,ORA SAN MARTIN DE PORRES DE IBERIA (MINSA),OPERATIVO,08:45 a 16:30,Calle Mocopata S/N,2025
APURIMAC,COTABAMBAS,TAMBOBAMBA,ORA TAMBOBAMBA (MINSA),OPERATIVO,08:45 a 16:30, Hospital Tambobamba,2025
APURIMAC,COTABAMBAS,HAQUIRA,PAP HAQUIRA,DESPLAZAMIENTO,08:45 a 16:45, Plaza de armas S/N-Haquira,2025
CUSCO,CHUMBIVILCAS,SANTO TOMAS,ORA SANTO TOMAS (MINSA),DESPLAZAMIENTO,08:45 a 16:30,Calle  Andres Avelino Caceres - Hospital Santo Tomas  ,2025
CUSCO,CHUMBIVILCAS,VELILLE,PANP VELILLE,DESPLAZAMIENTO,08:45 a 16:45, Plaza de Armas - Municipalidad Distrital Velille,2025
CUSCO,CALCA,YANATILE,PANP YANATILE,DESPLAZAMIENTO,08:45 a 16:45, Plaza de Armas - Municipalidad Distrital Yanatile,2025
APURIMAC,ABANCAY,CURAHUASI,PANP CURAHUASI,DESPLAZAMIENTO,08:45 a 16:45, Coliseo Cerrado - Municipalidad de Curahuasi,2025
CUSCO,CUSCO,SANTIAGO,AGENCIA SANTIAGO,OPERATIVO,08:15 a 16:15,Calle Giraldo Ruiz Caro S/N,2025
CUSCO,CUSCO,WANCHAQ,MAC - CUSCO,OPERATIVO,08:30 a 16:30,Avenida Collasuyo 2964 - Real Plaza Cusco,2025
MADRE DE DIOS,TAMBOPATA,INAMBARI,AG INAMBARI,DESPLAZAMIENTO,08:45 a 16:45, Plaza de Armas - Municipalidad Provincial de Inambari,2025
CUSCO,CUSCO,CUSCO,AGENTE RENIEC - OR CUSCO,OPERATIVO,08:45 a 16:45,Avenida El Sol N° 272,2025
CUSCO,CUSCO,SANTIAGO,ORA BELEMPAMPA (MINSA),OPERATIVO,08:45 a 13:00,Plazoleta Belen S/N,2025
LIMA,LIMA ,JESUS MARIA,ORA HOSPITAL NACIONAL EDGARDO REBAGLIATI MARTINS (ESSALUD),OPERATIVO,08:45 a 16:30,Avenida SALAVERRY CDRA. 13 - PUERTA 6,2025
CALLAO,CALLAO,BELLAVISTA,ORA NAC. DANIEL A. CARRIÓN (MINSA),OPERATIVO,08:45 a 16:30,Avenida Guardia Chalaca Nº 2176 - Bellavista,2025
LIMA,LIMA,SAN JUAN DE LURIGANCHO,ORA HOSPITAL SAN JUAN DE LURIGANCHO (MINSA),OPERATIVO,08:45 a 16:30,Avenida Canto Grande S/N - Altura del paradero 10,2025
LIMA,LIMA,EL AGUSTINO,ORA HOSPITAL NACIONAL HIPOLITO UNANUE (MINSA),OPERATIVO,08:45 a 16:30,Avenida Cesar Vallejo Nº 1390 ,2025
LIMA,LIMA,LIMA,ORA INSTITUTO NACIONAL MATERNO PERINATAL (MINSA),OPERATIVO,08:45 a 16:30,Jirón Miroquesada Nº 941 - Lima,2025
CALLAO,CALLAO,VENTANILLA,OR VENTANILLA,OPERATIVO,08:45 a 16:45,Avenida Pachacutec N° 225 - Sector B - Grupo Residencial B1 - Mz. F1 ,2025
LIMA,LIMA,SAN BORJA,OR SAN BORJA,OPERATIVO,08:45 a 16:45,Avenida San Luis N° 1673 Urb. Jacaranda II,2025
LIMA,LIMA,LIMA,OR QUILCA,OPERATIVO,08:45 a 16:45,Jirón Quilca Nº 501 y 525 ,2025
LIMA,LIMA,LIMA,OR ANCASH,OPERATIVO,08:45 a 16:45,Jirón Ancash Nº 336-340 y 344 (Frente a la Plazuela San Francisco) - Lima,2025
LIMA,LIMA,VILLA MARÍA DEL TRIUNFO,ORA DANIEL ALCIDES CARRION (MINSA),OPERATIVO,08:45 a 16:30,Avenida Pachacutec N° 3470 - Pasando el Terminal Pesquero.,2025
CALLAO,CALLAO,BELLAVISTA,MAC - CALLAO,OPERATIVO,"L - V  08:30 a 18:00 
SAB.8:30 a 13:00",Avenida Oscar R. Benavides N° 3866 - Centro Comercial Mall Aventura Plaza,2025
LIMA,LIMA,LIMA,OR LIMA,OPERATIVO,08:45 a 16:45,Jirón Nicolás de Piérola N 545,2025
LIMA,LIMA,ATE,OR ATE - Complejo Deportivo Ollantaytambo,OPERATIVO,08:45 a 16:45,Av. Alfonso Ugarte s/n  Complejo Deportivo Ollantaytambo,2025
LIMA,LIMA,ATE,OR ATE - Mac Express de Puruchuco,OPERATIVO,"08:45 a 13:00 
 14:00 a 16:45 ",Av. Javier Pardo Este N° 8680  Mac Express - Agencia Municipal Real Plaza de Puruchuco.,2025
LIMA,LIMA,LURIN,OR LURIN,OPERATIVO,08:45 a 16:45,"MZ B, Lote 5 Asociación de Vivienda Familiar Centinela - Lurin",2025
LIMA,LIMA,MIRAFLORES,OR MIRAFLORES,OPERATIVO,08:45 a 16:45,Avenida Ernesto Diez Canseco N° 230,2025
LIMA,LIMA,PUENTE PIEDRA,OR PUENTE PIEDRA,OPERATIVO,08:45 a 16:45,Jirón Ricardo Palma Nº 241,2025
LIMA,LIMA,SAN JUAN DE LURIGANCHO,OR SAN JUAN DE LURIGANCHO,OPERATIVO,08:45 a 16:45,Avenida Las Flores Lote 1 Mz. G Urb. Canto Grande Unidad 7,2025
LIMA,LIMA,SAN JUAN DE MIRAFLORES,OR SAN JUAN DE MIRAFLORES,OPERATIVO,08:45 a 16:45,Avenida Guillermo Billinghurst  N° 767 – 769 Mz. F Lote 18 Urb. SJM Parcela D,2025
LIMA,LIMA,SAN MARTIN DE PORRES,OR SAN MARTIN DE PORRES,OPERATIVO,08:45 a 16:45,Avenida Eduardo de Habich Nº 590 - 592 con Pedro Paulet N° 589,2025
LIMA,CAJATAMBO,CAJATAMBO,AG CAJATAMBO,OPERATIVO,08:45 a 16:45,Jirón Bolognesi S/N - Comisiones de Regantes -Frente plaza de Armas,2025
LIMA,CANTA,CANTA,AG CANTA,OPERATIVO,08:45 a 16:45,Jirón Independencia Nº 308 Municipio (Plaza de Armas),2025
LIMA,CAÑETE,SAN VICENTE DE CAÑETE,AG CAÑETE,OPERATIVO,08:45 a 16:45,Avenida Los Libertadores Mz. D-3 Lote 4 Urbanización Tercer Mundo,2025
LIMA,HUAURA,HUACHO,AG HUACHO,OPERATIVO,08:45 a 16:45,Avenida Grau Nº 295,2025
LIMA,HUAROCHIRI,MATUCANA,AG MATUCANA,OPERATIVO,08:45 a 16:45,Jirón Tacna 626  - Centro Civico,2025
LIMA,YAUYOS,YAUYOS,AG YAUYOS,OPERATIVO,08:45 a 16:45,Plaza Plaza Constitución Nº 110,2025
LIMA,HUARAL,HUARAL,AG HUARAL,OPERATIVO,08:45 a 16:45,Pasaje el Palmo esquina con Calle Huaquilla (DEMUNA HUARAL),2025
LIMA,BARRANCA,BARRANCA,OR BARRANCA,OPERATIVO,08:45 a 16:45,Avenida Independencia N° 674 - 676 - 678,2025
LIMA,OYON,OYON,AG OYON,OPERATIVO,08:45 a 16:45,Jirón Unión 216,2025
LIMA,LIMA,LURIGANCHO,OR CHOSICA,OPERATIVO,08:45 a 16:45,Jirón Chucuito Nº 248 ,2025
LIMA,LIMA,JESUS MARIA,OR JESUS MARIA,OPERATIVO,08:45 a 16:45,Jirón Talara N° 130-132-134 y 136 Jesús Maria,2025
LIMA,LIMA,CIENEGUILLA,OR CIENEGUILLA,OPERATIVO,08:45 a 16:45,"Avenida San Martin Lote 15, Zona ""D"" Manzana ""D"" Centro Poblado Tambo Viejo",2025
LIMA,LIMA,SANTA ANITA,OR SANTA ANITA,OPERATIVO,08:45 a 16:45,"Avenida Los Eucaliptos Nº 947, Urbanización Universal",2025
LIMA,LIMA,INDEPENDENCIA,OR INDEPENDENCIA,OPERATIVO,08:45 a 16:45,Calle Los Andes Nº 486 Urb. Industrial Panamericana Norte,2025
CALLAO,CALLAO,VENTANILLA,MAC - VENTANILLA,OPERATIVO,"L - V  08:30 a 18:00 
SAB.8:30 a 13:00",Avenida La Playa S/N altura la Urb. Zona Comercial frente a la Plaza Cívica ,2025
LIMA,LIMA,JESUS MARIA,AG 06 DE AGOSTO,OPERATIVO,08:45 a 16:45,Avenida 06 de Agosto N° 856,2025
LIMA,LIMA,SAN MARTIN DE PORRES,ORA NACIONAL CAYETANO HEREDIA (MINSA),OPERATIVO,08:45 a 16:30,Jirón Honorio Delgado N° 262 - Urb. Ingeniería / Obstetricia,2025
LIMA,HUAURA,HUACHO,ORA HOSPITAL GENERAL DE HUACHO (MINSA),OPERATIVO,08:45 a 16:30,Avenida Jose Arnaldo Arambulo La Rosa N° 251,2025
LIMA,LIMA,VILLA EL SALVADOR,OR VILLA EL SALVADOR,OPERATIVO,08:45 a 16:45,"Av. Pastor Sevilla, Sector 6,Grupo 3A, Mz. B, Lote 24",2025
CALLAO,CALLAO,CALLAO,OR CALLAO,OPERATIVO,08:45 a 16:45,Avenida Dos de Mayo N° 440 - 446,2025
LIMA,LIMA,EL AGUSTINO,MAC - LIMA ESTE,OPERATIVO,"L - V  08:30 a 18:00 
SAB.8:30 a 13:00",Avenida Carretera Central 111 Mall Aventura Santa Anita Nivel 2,2025
CALLAO,CALLAO,CARMEN DE LA LEGUA REYNOSO,ORA HOSPITAL SAN JOSE (MINSA),OPERATIVO,08:45 a 16:30,Jirón Las Magnolias 475 Carmen de la Legua-Reynoso,2025
CALLAO,CALLAO,VENTANILLA,ORA HOSPITAL DE VENTANILLA (MINSA),OPERATIVO,08:45 a 16:30,Avenida Pedro Beltran S/N Ventanilla - Hospital de Ventanilla,2025
LIMA,CAÑETE,SAN LUIS,ORA HOSPITAL REZOLA (MINSA),OPERATIVO,08:45 a 16:30,Calle Distrito de San Luis S/N,2025
LIMA,BARRANCA,BARRANCA,ORA HOSPITAL DE BARRANCA (MINSA),OPERATIVO,08:45 a 16:30,Avenida Nicolás de Piérola Nº 210 -224,2025
LIMA,HUARAL,HUARAL,ORA HOSPITAL SAN JUAN BAUTISTA HUARAL (MINSA),OPERATIVO,08:45 a 16:30,Calle Tacna Nº 120 Urb. San Juan I,2025
LIMA,LIMA ,COMAS,ORA HOSPITAL NACIONAL SERGIO E. BERNALES (MINSA),OPERATIVO,08:45 a 16:30,"Avenida Túpac Amaru N° 8000, Collique, Comas.",2025
LIMA,LIMA,LIMA,ORA NACIONAL DOS DE MAYO (MINSA),OPERATIVO,08:45 a 16:30,Avenida Parque Historia De La Medicina Peruana S/N Altura Cuadra 13 Av Grau,2025
LIMA,LIMA,ATE ,ORA HOSPITAL DE HUAYCAN (MINSA),OPERATIVO,08:45 a 16:30,Avenida José C.Mariátegui S/N Zona B - A.H.Huaycán S/N Ate Lima Lima,2025
LIMA,LIMA,SAN JUAN DE MIRAFLORES,MAC - LIMA SUR,OPERATIVO,"L - V  08:30 a 18:00 
SAB.8:30 a 13:00",Avenida Circunvalación 1583- San Juan de Miraflores,2025
LIMA,LIMA,COMAS,MAC - LIMA NORTE,OPERATIVO,"L - V  08:30 a 18:00 
SAB.8:30 a 13:00",Avenida Los Angeles N° 602 2do piso - Cc Mall Plaza ,2025
LIMA,LIMA,JESUS MARIA,AGENTE RENIEC - OR JESUS MARIA ( 3.0),OPERATIVO,08:45 a 16:45,Jirón Talara N° 130,2025
LIMA,LIMA,MIRAFLORES,AGENTE RENIEC - OR MIRAFLORES ( 3.0),OPERATIVO,08:45 a 16:45,Avenida Diez Canseco N° 230,2025
LIMA,LIMA,INDEPENDENCIA,AGENTE RENIEC - OR INDEPENDENCIA (3.0),OPERATIVO,08:45 a 16:45,Calle Los Andes Nº 486 Urb. Industrial Panamericana Norte,2025
LIMA,LIMA,SANTA ANITA,ORA HOSP. JORGE VOTO BERNALES (ESSALUD),OPERATIVO,08:45 a 16:30,"Carretera CARRETERA CENTRAL KM. 3,5 - SANTA ANITA",2025
LIMA,LIMA,LIMA,HOSP. NAC DOC MADRE Y NIÑO  SAN BARTOLOME (MINSA),OPERATIVO,08:45 a 16:30,Avenida ALFONSO UGARTE 825 - LIMA,2025
LIMA,LIMA,PUENTE PIEDRA,ORA HOSPITAL PUENTE PIEDRA (MINSA),OPERATIVO,08:45 a 16:30,Avenida SAENZ PEÑA S/N KM 30,2025
LIMA,HUARAL,CHANCAY,AG CHANCAY,OPERATIVO,08:45 a 16:45,Avenida 1ro de mayo s/n cdra 03,2025
LIMA,LIMA,PUEBLO LIBRE,ORA HOSPITAL SANTA ROSA,OPERATIVO,08:45 a 16:30,Avenida Bolivar Crda. 8 Pueblo Libre ,2025
LIMA,LIMA,INDEPENDENCIA,ORA  CMI TAHUANTINSUYO BAJO,OPERATIVO,08:45 a 16:30,Avenida Chinchaysullo cdra 4 Independencia,2025
LIMA,LIMA,SURQUILLO,AG. INSTITUTO NACIONAL DE ENFERMEDADES NEOPLASICAS,OPERATIVO,08:45 a 16:45,Av. Angamos Este 2520 - Surquillo (puerta emergencia del INEN),2025
LIMA,LIMA,SAN MARTIN DE PORRES,AGENTE RENIEC - OR SAN MARTIN DE PORRES (3.0),OPERATIVO,08:45 a 16:45,Av. Eduardo de Habich 592,2025
LIMA,LIMA,SAN JUAN DE MIRAFLORES,AGENTE RENIEC - MALL  DEL SUR (3.0),OPERATIVO,08:45 a 16:45,"Av. Los Lirios s/n, altura de  puente Atocongo",2025
LIMA,LIMA,SAN BORJA,AGENTE RENIEC - OR SAN BORJA (3.0),OPERATIVO,08:45 a 16:45,Av. San Luis N° 1673 Urb. Jacaranda II,2025
LIMA,LIMA,LIMA,AGENTE RENIEC - OR LIMA (3.0),OPERATIVO,08:45 a 16:45,Av. Nicolas de Pierola 545,2025
LIMA,LIMA,LIMA,AGENTE RENIEC - AGENCIA ANCASH (3.0),OPERATIVO,08:45 a 16:45,Jr. Ancash 336-340 Cercado,2025
LIMA,BARRANCA,BARRANCA,AGENTE RENIEC - OR BARRANCA (3.0),OPERATIVO,08:45 a 16:45,Av. Prolongacion Independencia 250,2025
LIMA,LIMA,LIMA,ORA HOSPITAL NACIONAL ARZOBISPO LOAYZA,OPERATIVO,08:45 a 16:30,Av. Alfonso Ugarte N° 848,2025
LIMA,LIMA,VILLA EL SALVADOR,ORA HOSPITAL EMERGENCIA VILLA EL SALVADOR,OPERATIVO,08:45 a 16:30,Avenida  Pastor Sevilla cruce Av. 200 millas VES,2025
LIMA,LIMA,SANTIAGO DE SURCO,AGENTE RENIEC - JOCKEY PLAZA ( 3.0),OPERATIVO,08:45 a 16:45,Av. Javier Prado Este 4200 (Centro Financiero del Centro Comercial),2025
LIMA,LIMA,SURQUILLO,AGENTE RENIEC - OPEN PLAZA ( 3.0),OPERATIVO,08:45 a 16:45,Av. Angamos N° 1805 cruce con Av. Tomas Marsano),2025
PUNO,PUNO,PUNO,ORA MANUEL NUÑEZ BUTRON,OPERATIVO,08:45 a 16:45,El Sol N° 1022,2025
PUNO,PUNO,PUNO,ORA HOSPITAL BASE III (PUNO) - RED ASISTENCIAL PUNO,OPERATIVO,08:45 a 16:45,Francisco Cáceres Jara Nº 600,2025
PUNO,SAN ROMAN,JULIACA,ORA CARLOS MONGE MEDRANO,OPERATIVO,08:45 a 16:45,Carretera a Huancane Km 2,2025
PUNO,EL COLLAO ,ILAVE ,ORA ILAVE,OPERATIVO,08:45 a 16:45,Atahualpa Nº 825,2025
PUNO,SAN ROMAN,JULIACA,ORA HOSPITAL BASE III JULIACA - ESSALUD - RED ASISTENCIAL JULIACA,OPERATIVO,08:45 a 16:45,José Santos Chocano S/N - La Capilla,2025
PUNO,PUNO,PUNO,OR PUNO,OPERATIVO,08:45 a 16:45,Arequipa N° 1143 - 1145 Barrio Victoria,2025
PUNO,AZANGARO,AZANGARO,PAP AZANGARO,OPERATIVO,08:45 a 16:45,Azangaro N° 160  (Palacio Municipal),2025
PUNO,CARABAYA,MACUSANI,PAP CARABAYA,OPERATIVO,08:45 a 16:45,Raimondi N° 116,2025
PUNO,CHUCUITO,JULI,PAP CHUCUITO,OPERATIVO,08:45 a 16:45,Ilave 235 - Mercado Central Municipio,2025
PUNO,HUANCANE,HUANCANE,PAP HUANCANE,OPERATIVO,08:45 a 16:45,Moquegua N° 104 - Barrio Progreso,2025
PUNO,LAMPA,LAMPA,PAP LAMPA,OPERATIVO,08:45 a 16:45,Alfonso Ugarte N° 343,2025
PUNO,MELGAR,AYAVIRI,PAP MELGAR,OPERATIVO,08:45 a 16:45,Jorge Chavez N°  550,2025
PUNO,SANDIA,SANDIA,PAP SANDIA,OPERATIVO,08:45 a 16:45,Juliaca S/N - Mercado Central Sandia,2025
PUNO,SAN ROMAN,JULIACA,AG SAN ROMAN,OPERATIVO,08:45 a 16:45,Brascesco N° 181 ,2025
PUNO,YUNGUYO,YUNGUYO,PAP YUNGUYO,OPERATIVO,08:45 a 16:45,Grau Nº 240,2025
PUNO,SAN ANTONIO DE PUTINA,PUTINA,PAP PUTINA,OPERATIVO,08:45 a 16:45,Plaza de Armas S/N (Palacio Municipal),2025
PUNO,EL COLLAO,ILAVE,PAP EL COLLAO,OPERATIVO,08:45 a 16:45,Bolognesi S/N - Coliseo Cubierto Ilave Oficina N° 02,2025
PUNO,MOHO,MOHO,PAP MOHO,DESPLAZAMIENTO,08:45 a 16:45,Circunvalación S/N Terminal Terrestre,2025
PUNO,AZANGARO,AZANGARO,ORA CARLOS CORNEJO ROSELLO,OPERATIVO,08:45 a 16:45,Francisco Bolognesi N° 557,2025
PUNO,CHUCUITO,JULI,ORA JULI,OPERATIVO,08:45 a 16:45,Panamericana S/N,2025
PUNO,HUANCANE,HUANCANE,ORA HOSPITAL LUCIO ALDAZABAL PAUCA,OPERATIVO,08:45 a 16:45,Santa Cruz S/N,2025
PUNO,MELGAR,AYAVIRI,ORA SAN JUAN DE DIOS (AYAVIRI),OPERATIVO,08:45 a 16:45,Progreso S/N,2025
PUNO,SAN ROMAN,JULIACA,ORA CENTRO DE SALUD CLAS SANTA ADRIANA,OPERATIVO,08:45 a 16:45,Pachacutec S/N,2025
PUNO,SAN ROMAN,SAN MIGUEL,PAP SAN MIGUEL - JR11,OPERATIVO,08:45 a 16:45,Palacio Municipal S/N,2025
PUNO,CHUCUITO,DESAGUADERO,PAP DESAGUADERO,OPERATIVO,08:45 a 16:45,28 de Julio N° 305 - Desaguadero,2025
PUNO,PUNO,ACORA,PAP ACORA,OPERATIVO,08:45 a 16:45,Plaza de Armas (Palacio Municipal),2025
PUNO,SAN ROMAN,JULIACA,MAC PUNO,OPERATIVO,08:45 a 16:45,San Martin lote 07,2025
PUNO,CARABAYA,CRUCERO,PANP CRUCERO,DESPLAZAMIENTO,08:45 a 16:45,Plaza de Armas S/N,2025
ICA,ICA,ICA,ORA REGIONAL DE ICA (MINSA),OPERATIVO,08:45 a 16:30,Avenida Huacachina S/N,2025
AYACUCHO,LUCANAS,PUQUIO,AG LUCANAS,OPERATIVO,08:45 a 16:45,Jirón San Pedro  Nº 216,2025
AYACUCHO,PARINACOCHAS,CORACORA,AG PARINACOCHAS,OPERATIVO,08:45 a 16:45,Jirón Bolognesi N° 419 Plaza de Armas,2025
ICA,ICA,PARCONA,PAP PARCONA,OPERATIVO,08:45 a 16:45,Avenida Jhon F. Kennedy N° 500 con Calle Lima S/N (Costado del Palacio Municipal),2025
ICA,ICA,ICA,OR ICA,OPERATIVO,08:45 a 16:45,Avenida San Martin N° 1366 Mz. M-02 Lt. 035. Urb. San Isidro ,2025
ICA,CHINCHA,CHINCHA ALTA,AG CHINCHA,OPERATIVO,08:45 a 16:45,Calle Los Angeles N° 300,2025
ICA,NASCA,NASCA,AG NASCA,OPERATIVO,08:45 a 16:45,Calle Fermin del Castillo N° 270,2025
ICA,PISCO,PISCO,AG PISCO,OPERATIVO,08:45 a 16:45,Calle San Juan de Dios N° 288,2025
ICA,PALPA,PALPA,AG PALPA,OPERATIVO,08:45 a 16:45,Calle Portal de Escribanos Nº 145,2025
AYACUCHO,LUCANAS,CABANA,PAP CABANA ,DESPLAZAMIENTO,08:45 a 16:45,Jirón Jorge Chavez N° 272 ,2025
AYACUCHO,LUCANAS,PUQUIO,ORA FELIPE HUAMAN POMA DE AYALA (MINSA),OPERATIVO,08:45 a 16:30,Avenida Arnaldo Alvarado S/N ,2025
AYACUCHO,PARINACOCHAS,CORACORA,ORA HOSPITAL DE APOYO DE CORACORA (MINSA),OPERATIVO,08:45 a 16:30,Avenida La Cultura S/N,2025
ICA,ICA,ICA,ORA SANTA MARIA DEL SOCORRO (MINSA),OPERATIVO,08:45 a 16:30,Calle Castrovirreyna N° 759,2025
ICA,PISCO,PISCO,ORA SAN JUAN DE DIOS (MINSA),OPERATIVO,08:45 a 16:30,Avenida Fermín Tanguis S/N (Altura del Fundo Alto de la Luna),2025
ICA,CHINCHA,CHINCHA ALTA,ORA SAN JOSE DE CHINCHA (MINSA),OPERATIVO,08:45 a 16:30,Avenida Abelardo Alva Maurtua Nº 600,2025
AYACUCHO,LUCANAS,LARAMATE,PANP LARAMATE,DESPLAZAMIENTO,08:45 a 16:45,Jirón Ica S/N,2025
ICA,NASCA,NASCA,ORA HOSPITAL DE APOYO DE NASCA (MINSA),OPERATIVO,08:45 a 16:30,Calle Callao S/N - 5ta Cuadra,2025
ICA,ICA,ICA,ORA AUGUSTO HERNANDEZ MENDOZA (ESSALUD),OPERATIVO,08:45 a 16:30,Calle José Matias Manzanilla S/N,2025
ICA,NASCA,MARCONA,PAP MARCONA,OPERATIVO,08:45 a 16:45,Calle Andres Avelino Caceres S/N,2025
ICA,ICA,ICA,MAC - ICA,OPERATIVO,08:30 a 17:00,Avenida Los Maestros S/N C.C. Mega Plaza Segundo Piso,2025
ICA,ICA,ICA,AGENTE RENIEC  - MEGA PLAZA ICA,OPERATIVO,08:45 a 16:45,Avenida Los Maestros S/N C.C. Mega Plaza Segundo Piso,2025
AYACUCHO,PAUCAR DES SARA SARA,PAUZA,PAP PAUCAR DEL SARA SARA,OPERATIVO,08:45 a 16:45,Jirón Miguel de Cervantes N° 455 (Palacio Municipal),2025
UCAYALI,CORONEL PORTILLO,CALLERIA,ORA HOSPITAL REGIONAL DE PUCALLPA (MINSA),OPERATIVO,08:45 a 16:30,Jirón Luis Escavino N° 317,2025
HUANUCO,PUERTO INCA,PUERTO INCA,PAP PUERTO INCA,OPERATIVO,08:45 a 16:45,Jirón Vulcano S/N,2025
UCAYALI,CORONEL PORTILLO,YARINACOCHA,ORA HOSPITAL AMAZÓNICO - YARINACOCHA (MINSA),OPERATIVO,08:45 a 16:30,Jirón Aguaytia N° 605,2025
LORETO,UCAYALI,CONTAMANA,PAP CONTAMANA,OPERATIVO,08:45 a 16:45,Calle Nuevo Loreto Mz.38C  Lt.5B,2025
UCAYALI,PADRE ABAD,IRAZOLA ,AG IRAZOLA ,OPERATIVO,08:45 a 16:45,Calle Progreso S/N ,2025
UCAYALI,CORONEL PORTILLO,CALLERIA,OR PUCALLPA,OPERATIVO,08:45 a 16:45,"Jirón 09 de Diciembre N° 378 y Tacna Nº 891 Mz. 07 Lt. Acumulado 1-B, independiente.",2025
UCAYALI,PADRE ABAD,PADRE ABAD,PAP PADRE ABAD,OPERATIVO,08:45 a 16:45,Avenida Grau Nº 214,2025
UCAYALI,ATALAYA,RAIMONDI,PAP ATALAYA,OPERATIVO,08:45 a 16:45,Jirón Rioja Nº 659,2025
UCAYALI,PURUS,PURUS,PAP PURUS,OPERATIVO,08:45 a 16:45,Avenida Purus S/N,2025
UCAYALI,ATALAYA,TAHUANIA,PAP TAHUANIA,OPERATIVO,08:45 a 16:45,Jirón 7 de Junio  S/N,2025
UCAYALI,CORONEL PORTILLO,YARINACOCHA,MAC - UCAYALI,OPERATIVO,08:30 a 16:30,Avenida Centenario 1642 (2do piso) Centro Comercial Real Plaza,2025
HUANCAVELICA,HUANCAVELICA,IZCUCHACA,PAP IZCUCHACA,OPERATIVO,08:45 a 16:45,Avenida Ferrocarril  S/N ,2025
HUANCAVELICA,ACOBAMBA,PAUCARA,PAP PAUCARA,OPERATIVO,08:45 a 16:45, Plaza Mayor S/N,2025
HUANCAVELICA,HUANCAVELICA,HUANCAVELICA,ORA HOSPITAL REGIONAL ZACARIAS CORREA VALDIVIA (MINSA),OPERATIVO,08:45 a 16:30,Avenida Andrés Avelino Cáceres S/N - Barrio Yananaco,2025
HUANCAVELICA,HUANCAVELICA,HUANDO,ORA HUANDO (MINSA),OPERATIVO,08:45 a 16:30,Calle Cementerio s/n,2025
HUANCAVELICA,HUANCAVELICA,ASCENSIÓN,ORA HOSPITAL II HUANCAVELICA (ESSALUD),OPERATIVO,08:45 a 16:30,Avenida Teresa de Jurnet S/N,2025
HUANCAVELICA,HUANCAVELICA,HUANCAVELICA,OR HUANCAVELICA,OPERATIVO,08:45 a 16:45,"Avenida San Cristóbal Nº 384, 386 y 388",2025
HUANCAVELICA,ACOBAMBA,ACOBAMBA,OR ACOBAMBA,OPERATIVO,08:45 a 16:45,Jirón Dos De Mayo N° 459,2025
HUANCAVELICA,ANGARAES,LIRCAY,OR ANGARAES,OPERATIVO,08:45 a 16:45,Avenida Centenario S/N - Barrio de Pueblo Nuevo - Dentro del Centro Civico,2025
HUANCAVELICA,CASTROVIRREYNA,CASTROVIRREYNA,OR CASTROVIRREYNA,OPERATIVO,08:45 a 16:45,Avenida Los Libertadores S/N,2025
HUANCAVELICA,TAYACAJA,PAMPAS,OR TAYACAJA,OPERATIVO,08:45 a 16:45,Jirón Manco Capac S/N con Jirón Alfonso Ugarte Cordova y Necochea - Coliseo Multiuso,2025
HUANCAVELICA,HUAYTARA,HUAYTARA,OR HUAYTARA,OPERATIVO,08:45 a 16:45,Calle 24 de Junio S/N - 2do piso Centro Cívico ,2025
HUANCAVELICA,CHURCAMPA,CHURCAMPA,OR CHURCAMPA,OPERATIVO,08:45 a 16:45,Jirón Real N° 255,2025
HUANCAVELICA,TAYACAJA,PAMPAS,ORA HOSPITAL DE PAMPAS (MINSA),OPERATIVO,08:45 a 16:30,Jirón Bolívar S/N ,2025
HUANCAVELICA,ANGARAES,LIRCAY,ORA LIRCAY (MINSA),DESPLAZAMIENTO,08:45 a 16:30,Avenida Esmeralda S/N,2025
HUANCAVELICA,TAYACAJA,SURCUBAMBA,AG SURCUBAMBA,OPERATIVO,08:45 a 16:45,Calle Alfonso Ugarte S/N,2025
HUANCAVELICA,TAYACAJA,COLCABAMBA,AG COLCABAMBA,OPERATIVO,08:45 a 16:45,Avenida Centenario S/N,2025
HUANCAVELICA,HUANCAVELICA,YAULI,ORA YAULI (MINSA),OPERATIVO,08:45 a 16:30,Avenida Jorge Chávez S/N,2025
HUANCAVELICA,ACOBAMBA,PAUCARA,ORA PAUCARA (MINSA),OPERATIVO,08:45 a 16:30,Calle Lircay s/n,2025
HUANCAVELICA,CHURCAMPA,CHURCAMPA,ORA CHURCAMPA (MINSA),DESPLAZAMIENTO,08:45 a 16:30,Calle Ricardo Palma N° 535 (Instalaciones del Centro de Salud),2025
PASCO,PASCO,YANACANCHA,ORA DR. DANIEL ALCIDES CARRION GARCIA (MINSA),OPERATIVO,08:45 a 16:30,Avenida Los Incas S/N Urb. San Juan,2025
PASCO,OXAPAMPA,PUERTO BERMUDEZ,PAP PUERTO BERMÚDEZ,OPERATIVO,08:45 a 16:45,Avenida Remigio Morales Bermúdez S/N,2025
PASCO,PASCO,HUARIACA,PAP HUARIACA,DESPLAZAMIENTO,08:45 a 16:45,Jirón 28 de Julio Nº 129,2025
HUANUCO,HUANUCO,HUANUCO,ORA HOSPITAL REGIONAL HERMILIO VALDIZAN (MINSA),OPERATIVO,08:45 a 16:30,Jirón Hermilio Valdizan Nº 950,2025
PASCO,PASCO,PAUCARTAMBO,PAP PAUCARTAMBO,OPERATIVO,08:45 a 16:45, Plaza 28 de Julio S/N,2025
HUANUCO,HUANUCO,HUANUCO,OR HUANUCO,OPERATIVO,08:45 a 16:45,Jirón 28 de Julio N° 825,2025
HUANUCO,AMBO,AMBO,PAP AMBO,OPERATIVO,08:45 a 16:45,"Jirón 28 de Julio 697, Centro Cívico",2025
HUANUCO,DOS DE MAYO,LA UNION,PAP DOS DE MAYO,OPERATIVO,08:45 a 16:45,Jirón Lourdes N° 221,2025
HUANUCO,HUAMALIES,LLATA,PAP HUAMALIES,OPERATIVO,08:45 a 16:45,Jirón Huánuco N° 242,2025
HUANUCO,MARAÑON,HUACRACHUCO,PAP MARAÑON,OPERATIVO,08:45 a 16:45,Avenida 28 De Julio N° 602 ,2025
HUANUCO,LEONCIO PRADO,RUPA-RUPA,PAP LEONCIO PRADO,OPERATIVO,08:45 a 16:45,Jirón Chiclayo N° 585,2025
HUANUCO,PACHITEA,PANAO,PAP PACHITEA,OPERATIVO,08:45 a 16:45,Jirón Espinar N° 121,2025
HUANUCO,LAURICOCHA,JESÚS,PAP LAURICOCHA,OPERATIVO,08:45 a 16:45,Jirón Cristobal Colon S/N,2025
HUANUCO,YAROWILCA,CHAVINILLO,PAP YAROWILCA,OPERATIVO,08:45 a 16:45,Jirón Virgen de Fátima S/N,2025
PASCO,PASCO,CHAUPIMARCA,ORA HOSPITAL II PASCO (ESSALUD),OPERATIVO,08:45 a 16:30, Barrio La Esperanza - Casa de Piedra,2025
HUANUCO,PACHITEA,PANAO,ORA PANAO (MINSA),OPERATIVO,08:45 a 16:30,Jirón Grau Nº 193,2025
HUANUCO,LEONCIO PRADO,RUPA-RUPA,ORA HOSPITAL TINGO MARIA (MINSA),OPERATIVO,08:45 a 16:30,Av. Ucayali Nº 114 ,2025
HUANUCO,LEONCIO PRADO,JOSÉ CRESPO Y CASTILLO,ORA AUCAYACU (MINSA),OPERATIVO,08:45 a 16:30,Jirón Grau S/N cuadra 4,2025
HUANUCO,HUAMALIES,LLATA,ORA LLATA (MINSA),DESPLAZAMIENTO,08:45 a 16:30,Jr. 28 de Julio Nº 216,2025
HUANUCO,DOS DE MAYO,LA UNION,ORA LA UNION (MINSA),OPERATIVO,08:45 a 16:30,Jirón Dos de Mayo N° 185,2025
HUANUCO,LEONCIO PRADO,JOSÉ CRESPO Y CASTILLO,PAP JOSE CRESPO Y CASTILLO,OPERATIVO,08:45 a 16:45,Jirón Maria Parado de Bellido S/N Cuadra 4,2025
HUANUCO,LAURICOCHA,BAÑOS,AG BAÑOS,DESPLAZAMIENTO,08:45 a 16:45, Plaza de Armas S/N,2025
PASCO,PASCO,YANACANCHA,AG PASCO,OPERATIVO,08:45 a 16:45," Centro Comercial ""Sector Dos de San Juan Pampa Edif. 4 Tienda 3 San Juan-Yanacancha",2025
PASCO,DANIEL ALCIDES CARRION,YANAHUANCA,PAP DANIEL ALCIDES CARRIÓN,OPERATIVO,08:45 a 16:45,Jirón Jorge Chavez S/N Plaza Principal,2025
PASCO,OXAPAMPA,OXAPAMPA,PAP OXAPAMPA,OPERATIVO,08:45 a 16:45,Jirón Huancabamba S/N Mz. 162 Estadio Municipal Oxapampa,2025
SAN MARTIN,TOCACHE,UCHIZA,AG UCHIZA,OPERATIVO,08:45 a 16:45,Avenida Atahualpa N° 920,2025
PASCO,OXAPAMPA,PALCAZÚ,AG PALCAZU,OPERATIVO,08:45 a 16:45,Avenida Juan Santos Atahualpa Mz. U Lt. 01,2025
SAN MARTIN,TOCACHE,TOCACHE,PAP TOCACHE,OPERATIVO,08:45 a 16:45,Jirón San Juan Cdra 7 S/N Centro Cívico,2025
HUANUCO,HUANUCO,CHINCHAO,ORA ACOMAYO (MINSA),OPERATIVO,08:45 a 16:30,Pasaje Iguarizo S/N Mz. 6 Lt. 02,2025
SAN MARTIN,TOCACHE,TOCACHE,ORA HOSPITAL DE TOCACHE (MINSA),OPERATIVO,08:45 a 16:30,Jirón Ricardo Palma N° 550,2025
HUANUCO,HUANUCO,SANTA MARIA DEL VALLE,ORA SANTA MARIA DEL VALLE (MINSA),DESPLAZAMIENTO,08:45 a 16:30,Jirón Libertad  S/N Intersección Carretera Central ,2025
HUANUCO,HUANUCO ,AMARILIS ,ORA CARLOS SHOWING FERRARI (MINSA),OPERATIVO,08:45 a 16:30,Jirón Micaela Bastidas S/N Paucarbamba ,2025
PASCO,OXAPAMPA,OXAPAMPA,ORA HOSPITAL ERNESTO GERMAN GUZMAN GONZALES (MINSA),DESPLAZAMIENTO,08:45 a 16:30,Jirón Eduardo Loechle S/N - Chontabamba,2025
HUANUCO,HUANUCO,HUANUCO,MAC - HUÁNUCO,OPERATIVO,08:30 a 16:30,"Jirón Independencia N° 1601, Centro Comercial Real Plaza, Primer Piso",2025
HUANUCO,PACHITEA,UMARI,ORA TAMBILLO UMARI (MINSA),DESPLAZAMIENTO,08:45 a 16:30,Carretera Huanuco - Panao Km 37,2025
HUANUCO,YAROWILCA,CHAVINILLO,ORA CHAVINILLO (MINSA),DESPLAZAMIENTO,08:45 a 16:30,Avenida San Juan N° 102,2025
PASCO,OXAPAMPA,CONSTITUCIÓN,AG CONSTITUCION,OPERATIVO,08:45 a 16:45,Avenida Fernando Belaunde S/N 4ta Etapa del Distrito de Constitución,2025
AMAZONAS,CHACHAPOYAS,CHACHAPOYAS,OR CHACHAPOYAS,OPERATIVO,08:45 a 16:45,Jirón Ortiz Arrieta 1135- 1137,2025
AMAZONAS,BAGUA,BAGUA,PAP BAGUA,OPERATIVO,08:45 a 16:45,Jirón Los Cedros Nº 263,2025
AMAZONAS,BONGARA,JAZAN,AG BONGARA,OPERATIVO,08:45 a 16:45,Avenida Marginal  Nº 100 -Pedro Ruíz,2025
AMAZONAS,LUYA ,LUYA ,AG LUYA,DESPLAZAMIENTO,08:45 a 16:45,Jirón Diego Mori Zuta N° 447,2025
AMAZONAS,RODRIGUEZ DE MENDOZA,SAN NICOLÁS,AG RODRIGUEZ DE MENDOZA,OPERATIVO,08:45 a 16:45,Jirón Victor Mori N° 204,2025
AMAZONAS,CONDORCANQUI,NIEVA,PAP CONDORCANQUI,OPERATIVO,08:45 a 16:45,Calle Gonzalo puerta S/N,2025
AMAZONAS,UTCUBAMBA,BAGUA GRANDE,PAP UTCUBAMBA,OPERATIVO,08:45 a 16:45,Jirón Simón Bolivar N° 545,2025
CAJAMARCA,JAEN,JAEN,OR JAEN,OPERATIVO,08:45 a 16:45,Calle Mariscal Ureta Nº 915,2025
CAJAMARCA,SAN IGNACIO,SAN IGNACIO,PAP SAN IGNACIO,OPERATIVO,08:45 a 16:45,Pasaje Santa Rosa 107 - 109 - cuadra 1,2025
AMAZONAS,BAGUA,IMAZA,OR IMAZA,OPERATIVO ,08:45 a 16:45,Avenida Awajun 751 Centro Poblado Chiriaco,2025
AMAZONAS,CHACHAPOYAS,CHACHAPOYAS,ORA HOSPITAL REGIONAL VIRGEN DE FATIMA (MINSA),OPERATIVO,08:45 a 16:30,Pasaje Daniel Alcides Carrión N° 035,2025
AMAZONAS,BAGUA,BAGUA,ORA HOSPITAL DE APOYO GUSTAVO LANATTA LUJAN (MINSA),OPERATIVO,08:45 a 16:30,Avenida Héroes de Cenepa N°980,2025
CAJAMARCA,JAEN,JAEN,ORA HOSPITAL GENERAL DE JAEN (MINSA),OPERATIVO,08:45 a 16:30,Prolongación Huamantanga s/n,2025
AMAZONAS,BAGUA,IMAZA,ORA CHIRIACO (MINSA),OPERATIVO,08:45 a 16:30,Calle Junin S/N,2025
AMAZONAS,UTCUBAMBA,BAGUA GRANDE,ORA HOSPITAL DE APOYO SANTIAGO APOSTOL DE UTCUBAMBA (MINSA),OPERATIVO,08:45 a 16:30,Jirón San Felipe Santiago N°111,2025
CAJAMARCA,SAN IGNACIO,SAN IGNACIO,ORA SAN IGNACIO (MINSA),OPERATIVO,08:45 a 16:30,"Avenida Abelardo Quiñones S/N, Sector Santiago",2025
AMAZONAS,BONGARA,FLORIDA,ORA POMACOCHAS (MINSA),OPERATIVO ,08:45 a 16:30,Jirón Pomacochas S/N ,2025
AMAZONAS,CONDORCANQUI,NIEVA,ORA SANTA MARIA DE NIEVA (MINSA),OPERATIVO,08:45 a 16:30,Jirón Javier Pérez de Cuellar S/N Mz. N Lt. 03 Asent.Humano Héctor Peas Tsegkuan,2025
AMAZONAS,UTCUBAMBA,LONYA GRANDE,ORA LONYA GRANDE (MINSA),OPERATIVO ,08:45 a 16:30,Jirón Alto Amazonas 340,2025
AMAZONAS,CONDORCANQUI,RIO SANTIAGO,ORA GALILEA (MINSA),OPERATIVO,08:45 a 16:30,Jirón La Amistad S/N,2025
CAJAMARCA,JAEN,PUCARA,PAP PUCARA,DESPLAZAMIENTO,08:45 a 16:45,Jiron Lindo 548,2025
LAMBAYEQUE,CHICLAYO,CHICLAYO,ORA HOSPITAL REGIONAL DOCENTE LAS MERCEDES (MINSA),OPERATIVO,08:45 a 16:30 ,Avenida Luis Gonzáles  Nº 635,2025
LAMBAYEQUE,CHICLAYO,CHICLAYO,ORA HOSPITAL ALMANZOR AGUINAGA ASENJO (ESSALUD),OPERATIVO,08:45 a 16:30,Plaza Plaza de la Seguridad Social S/N,2025
PIURA,SULLANA,SULLANA,ORA HOSPITAL DE APOYO II-SULLANA (MINSA),OPERATIVO,08:45 a 16:30,Avenida Santa Rosa S/N,2025
CAJAMARCA,CUTERVO,CUTERVO,PAP CUTERVO,OPERATIVO,08:45 a 16:45,Jirón Comercio N° 1105-1107 Mz. 203 Lt. 14-Urb. Los Jardines ,2025
CAJAMARCA,CHOTA,CHOTA,AG CHOTA,OPERATIVO,08:45 a 16:45,Jirón 30 de Agosto N° 848,2025
CAJAMARCA,SANTA CRUZ,SANTA CRUZ,PAP SANTA CRUZ,OPERATIVO,08:45 a 16:45,Jirón Domingo Negrón Nº 399,2025
LAMBAYEQUE,CHICLAYO,JOSE LEONARDO ORTIZ,OR JOSÉ LEONARDO ORTIZ,OPERATIVO,08:45 a 16:45,Calle Cacique Cinto Nº 317 Urb. Latina,2025
LAMBAYEQUE,CHICLAYO,CHICLAYO,OR CHICLAYO,OPERATIVO,08:45 a 16:45,Avenida Balta N° 680 y esquina con Av. Elias Aguirre,2025
LAMBAYEQUE,FERREÑAFE,FERREÑAFE,PAP FERREÑAFE,OPERATIVO,08:45 a 16:45,Calle Tres Marías Nº 717 – B,2025
LAMBAYEQUE,LAMBAYEQUE,LAMBAYEQUE,PAP LAMBAYEQUE,OPERATIVO,08:45 a 16:45,Avenida Huamachuco N° 342,2025
CAJAMARCA,CUTERVO,CUTERVO,ORA SANTA MARIA DE CUTERVO (MINSA),OPERATIVO,08:45 a 16:30,Jirón Ica S/N,2025
CAJAMARCA,CHOTA,CHOTA,ORA HOSPITAL DE APOYO CHOTA - JOSE SOTO CADENILLAS (MINSA),OPERATIVO,08:45 a 16:30,Jirón Ezequiel Montoya Nª 718,2025
PIURA,PIURA,PIURA,OR PIURA,OPERATIVO,08:45 a 16:45,Calle Libertad Nº 568,2025
PIURA,AYABACA,AYABACA,PAP AYABACA,OPERATIVO,08:45 a 16:45,Calle Bolognesi N° 181,2025
PIURA,HUANCABAMBA,HUANCABAMBA,PAP HUANCABAMBA,OPERATIVO,08:45 a 16:45, Complejo Terminal Terrestre S/N - Stand 14,2025
PIURA,MORROPON,CHULUCANAS,AG CHULUCANAS,OPERATIVO,08:45 a 16:45,Calle Cuzco N° 202,2025
PIURA,PAITA,PAITA,PAP PAITA,OPERATIVO,08:45 a 16:45,Jirón San Martin S/N Plaza de Armas - Municipalidad de Paita,2025
PIURA,SULLANA,SULLANA,OR SULLANA,OPERATIVO,08:45 a 16:45,Calle Leoncio Prado Nº 517 ,2025
PIURA,TALARA,PARIÑAS,AG TALARA,OPERATIVO,08:45 a 16:45,Avenida Mártires Petroleros B-3 Conjunto Habitacional - Talara,2025
PIURA,SECHURA,SECHURA,PAP SECHURA,OPERATIVO,08:45 a 16:45,Calle Dos de Mayo Nº 618 - Plaza de Armas - Municipalidad de Sechura,2025
PIURA,PIURA,TAMBO GRANDE,PAP TAMBOGRANDE,OPERATIVO,08:45 a 16:45,Jirón Piura 375,2025
PIURA,PIURA,PIURA,MAC - PIURA,OPERATIVO,08:30 a 16:30,Avenida Sanchez Cerro con Wiesse Centro Comercial Real Plaza,2025
TUMBES,TUMBES,TUMBES,OR TUMBES,OPERATIVO,08:45 a 16:45,Avenida Tumbes Norte  Nº 550,2025
TUMBES,CONTRALMIRANTE VILLAR,ZORRITOS,PANP CONTRALMIRANTE VILLAR - ZORRITOS,DESPLAZAMIENTO,08:45 a 16:45,Avenida Grau Nº 305,2025
TUMBES,ZARUMILLA,ZARUMILLA,PAP ZARUMILLA,OPERATIVO,08:45 a 16:45,Avenida El Ejérrcito Nº 105 - Interior Biblioteca Municipal,2025
LAMBAYEQUE,LAMBAYEQUE,OLMOS,PANP OLMOS,DESPLAZAMIENTO ,08:45 a 16:45,Avenida A. B. Leguía/Calle Alfonso Ugarte,2025
PIURA,PIURA,TAMBO GRANDE,ORA TAMBO GRANDE (MINSA),OPERATIVO,08:45 a 16:30,"Avenida Froilan Alama,, AA.HH.Froilan Alama",2025
LAMBAYEQUE,LAMBAYEQUE,LAMBAYEQUE,ORA HOSPITAL PROVINCIAL DOCENTE BELEN-LAMBAYEQUE (MINSA),OPERATIVO,08:45 a 16:30,Avenida Ramón Castilla Nº 597,2025
TUMBES,TUMBES,TUMBES,ORA HOSPITAL REGIONAL JOSE ALFREDO MENDOZA OLAVARRIA JAMO II-2 (MINSA),OPERATIVO,08:45 a 16:30,Avenida 24 de Julio Nº 565 ,2025
PIURA,PIURA,CATACAOS,ORA CENTRO DE SALUD MATERNO INFANTIL-CATACAOS (MINSA),OPERATIVO,08:45 a 16:30,Avenida Cayetano Heredia 1108 - Catacos,2025
PIURA,PIURA,VEINTISEIS DE OCTUBRE,ORA HOSPITAL DE LA AMISTAD PERU - COREA SANTA ROSA II-2 (MINSA),OPERATIVO,08:45 a 16:30,Avenida Prolongación Av. Grau/Av. Chulucanas ,2025
LAMBAYEQUE,CHICLAYO,CHICLAYO,ORA HOSPITAL REGIONAL LAMBAYEQUE (MINSA),OPERATIVO,08:45 a 16:30,Avenida Intersección de Carretera Panamerica Norte y Vía de Evitamiento S/N,2025
PIURA,MORROPON,CHULUCANAS,ORA HOSPITAL DE APOYO CHULUCANAS (MINSA),OPERATIVO,08:45 a 16:30,Calle Daniel alcides carrion S/N Asent .H. vate manrique,2025
LAMBAYEQUE,CHICLAYO,CHICLAYO,AGENTE RENIEC - OR CHICLAYO,OPERATIVO,08:45 a 16:45,Avenida Balta N° 680 y esquina con Av. Elias Aguirre,2025
PIURA,PIURA,PIURA,AGENTE RENIEC - OR PIURA,OPERATIVO,08:45 a 16:45,Calle Libertad Nº 568,2025
LA LIBERTAD,TRUJILLO,TRUJILLO,ORA REGIONAL DOCENTE DE TRUJILLO (MINSA),OPERATIVO,08:45 a 13:00 - 14:00 a 16:30,Avenida Mansiche Nº 795,2025
CAJAMARCA,CAJAMARCA,CAJAMARCA,ORA REGIONAL CAJAMARCA (MINSA),OPERATIVO,08:45 a 16:30,Jirón Larry Jhonson S/N Cdra. 8,2025
LA LIBERTAD,TRUJILLO,TRUJILLO,ORA HOSPITAL BELEN DE TRUJILLO (MINSA),OPERATIVO,08:45 a 16:30,Calle Bolívar Nº 350,2025
CAJAMARCA,CAJAMARCA,CAJAMARCA,OR CAJAMARCA,OPERATIVO,08:45 a 16:45,Jirón Del Comercio Nº 633,2025
CAJAMARCA,CAJABAMBA,CAJABAMBA,PAP CAJABAMBA,OPERATIVO,08:45 a 16:45,Jirón Miguel Grau Nº 224-226-228 Mz. 31 Lt. 2 ,2025
CAJAMARCA,CELENDIN,CELENDÍN,PAP CELENDIN,OPERATIVO,08:45 a 16:45,Jirón Pardo N° 610,2025
CAJAMARCA,CONTUMAZA,CONTUMAZÁ,PAP CONTUMAZA,OPERATIVO,08:45 a 13:00 - 14:00 a 16:45 ,Jirón Miguel Grau Nº 212,2025
CAJAMARCA,HUALGAYOC,BAMBAMARCA,PAP HUALGAYOC,OPERATIVO,08:45 a 16:45,Jirón 07 de Junio Nº 470,2025
CAJAMARCA,SAN MIGUEL,SAN MIGUEL,PAP SAN MIGUEL,OPERATIVO,08:45 a 13:00 - 14:00 a 16:45 ,Jirón Bolognesi N° 364,2025
CAJAMARCA,SAN MARCOS,PEDRO GÁLVEZ,PAP SAN MARCOS,OPERATIVO,08:45 a 16:45,Jirón Alfonso Ugarte N° 325 (Mz. 46 Lt. 17 Centro Poblado San Marcos).,2025
CAJAMARCA,SAN PABLO,SAN PABLO,PAP SAN PABLO,OPERATIVO,08:45 a 13:00 - 14:00 a 16:45 ,Jirón Plaza de Armas S/N,2025
LA LIBERTAD,TRUJILLO,VICTOR LARCO HERRERA,OR TRUJILLO II,OPERATIVO,08:45 a 16:45,Avenida Víctor Larco N° 1096. Urb. Vista Alegre,2025
LA LIBERTAD,PATAZ,PARCOY,OR PARCOY,OPERATIVO,08:45 a 13:00 - 14:00 a 16:45 ,Jirón San Martín N° 859,2025
LA LIBERTAD,TRUJILLO,TRUJILLO,OR TRUJILLO ,OPERATIVO,08:45 a 16:45,Avenida Pablo Casals Mz. A Lt. 6 Urb. Los Cedros,2025
LA LIBERTAD,BOLIVAR,BOLÍVAR,PAP BOLIVAR,OPERATIVO,08:45 a 13:00 - 14:00 a 16:45 ,Jirón Bolivar S/N - Mz. 20 Lt. 8,2025
LA LIBERTAD,SANCHEZ CARRION,HUAMACHUCO,AG SANCHEZ CARRION,OPERATIVO,08:45 a 16:45,Jirón Alfonso Ugarte N° 567,2025
LA LIBERTAD,OTUZCO,OTUZCO,AG OTUZCO,OPERATIVO,08:45 a 16:45,Pasaje Elías Armas Castillo Lt. 5-E1 Mz. 28,2025
LA LIBERTAD,PACASMAYO,SAN PEDRO DE LLOC,AG PACASMAYO,OPERATIVO,08:45 a 16:45,Jirón Alianza Nº 524,2025
LA LIBERTAD,PATAZ,TAYABAMBA,PAP PATAZ,OPERATIVO,08:45 a 13:00 - 14:00 a 16:45 ,Jirón Sucre 337 1er Piso Centro Civico,2025
LA LIBERTAD,SANTIAGO DE CHUCO,SANTIAGO DE CHUCO,PAP SANTIAGO DE CHUCO,OPERATIVO,08:45 a 13:00 - 14:00 a 16:45 ,Calle Luis de La Puente Uceda  Nº 1120,2025
LA LIBERTAD,ASCOPE,ASCOPE,PAP ASCOPE,OPERATIVO,08:45 a 16:45,"Calle Miguel Grau N° 879, Ascope - 1er Piso",2025
LA LIBERTAD,CHEPEN,CHEPEN,PAP CHEPEN,OPERATIVO,08:45 a 16:45,Calle Manuel Seoane  N° 136. Chepen,2025
LA LIBERTAD,GRAN CHIMU,CASCAS,PAP GRAN CHIMU,OPERATIVO,08:45 a 13:00 - 14:00 a 16:45 ,Jr. San Martin S/N ,2025
LA LIBERTAD,VIRU,VIRU,PAP VIRU,OPERATIVO,08:45 a 16:45,  Mz. A Lt. N° 08 Urb. Las Palmeras,2025
CAJAMARCA,HUALGAYOC,BAMBAMARCA,ORA BAMBAMARCA - TITO VILLAR CABEZAS (MINSA),OPERATIVO,08:45 a 13:00 - 14:00 a 16:30,Barrio Amazonas - Bambamarca,2025
CAJAMARCA,CELENDIN,CELENDÍN,ORA DE APOYO CELENDIN (MINSA),OPERATIVO,08:45 a 13:00 - 14:00 a 16:30 ,Avenida Túpac Amaru Cdra. 4,2025
CAJAMARCA,CAJABAMBA,CAJABAMBA,ORA HOSPITAL NUESTRA SEÑORA DEL ROSARIO (MINSA),OPERATIVO,08:45 a 13:00 - 14:00 a 16:30,Caserio Parubamba,2025
CAJAMARCA,SAN MARCOS,PEDRO GÁLVEZ,ORA SAN MARCOS (MINSA),DESPLAZAMIENTO,08:45 a 13:00 - 14:00 a 16:30,Avenida 28 de Julio S/N Cdra.2,2025
LA LIBERTAD,TRUJILLO,EL PORVENIR,OR EL PORVENIR,OPERATIVO,08:45 a 16:45,Jirón Gabriel Aguilar Nº 1657. 2do piso.,2025
LA LIBERTAD,TRUJILLO,ALTO TRUJILLO,OR ALTO TRUJILLO,OPERATIVO,08:45 a 16:45, Barrio 3 Mz T Lt. 2,2025
CAJAMARCA,CAJAMARCA,CAJAMARCA,ORA SIMON BOLIVAR (MINSA),OPERATIVO,08:45 a 16:30,Avenida Mario Urteaga N° 500,2025
LA LIBERTAD,PACASMAYO,GUADALUPE,ORA DE APOYO TOMÁS LAFORA (MINSA),OPERATIVO,08:45 a 13:00 - 14:00 a 16:30,Calle La Victoria S/N,2025
CAJAMARCA,CAJAMARCA,LOS BAÑOS DEL INCA,ORA BAÑOS DEL INCA (MINSA),OPERATIVO,08:45 a 13:00 - 14:00 a 16:30,Jirón Pachacútec N° 489,2025
LA LIBERTAD,TRUJILLO,LA ESPERANZA,ORA DISTRITAL JERUSALEN (MINSA),OPERATIVO,08:45 a 13:00 - 14:00 a 16:30 ,Pasaje 1 Barrio 3 Mz. 20 Lt. 02 Sector Jerusalén,2025
LA LIBERTAD,PATAZ,CHILLIA,AG CHILLIA,OPERATIVO,08:45 a 13:00 - 14:00 a 16:45 ,Jirón Miraflores S/N,2025
LA LIBERTAD,SANTIAGO DE CHUCO,SANTIAGO DE CHUCO,ORA DE APOYO CESAR ABRAHAM VALLEJO MENDOZA (MINSA),OPERATIVO,08:45 a 13:00 - 14:00 a 16:30 ,Calle Gustavo Pinillo S/N - Barrio San Cristobal,2025
LA LIBERTAD,CHEPEN,CHEPEN,ORA DE APOYO CHEPEN (MINSA),DESPLAZAMIENTO,08:45 a 13:00 - 14:00 a 16:30 ,Avenida 28 de Julio S/N,2025
LA LIBERTAD,SANCHEZ CARRION,HUAMACHUCO,ORA DE APOYO LEONCIO PRADO (MINSA),OPERATIVO,08:45 a 13:00 - 14:00 a 16:30 ,Avenida 10 de Julio N° 209,2025
LA LIBERTAD,OTUZCO,OTUZCO,ORA DE APOYO OTUZCO ELPIDIO BEROVIDES PEREZ (MINSA),OPERATIVO,08:45 a 13:00 - 14:00 a 16:30 ,Calle Progreso N° 385,2025
LA LIBERTAD,ASCOPE,PAIJAN,ORA PAIJAN (MINSA),DESPLAZAMIENTO,08:45 a 13:00 - 14:00 a 16:30 ,Carretera Vía Panamericana S/N Sector Manco Capac,2025
CAJAMARCA,CAJAMARCA,CAJAMARCA,MAC - CAJAMARCA,OPERATIVO,08:30 a 16:30,Avenida Via De Evitamiento. Jr. El Mutuy y Av. La Cantuta - Cajamarca - Centro Comercial Real Plaza 2do. Piso,2025
LA LIBERTAD,VIRU,VIRU,ORA PROVINCIAL DE VIRÚ (MINSA),OPERATIVO,08:45 a 13:00 - 14:00 a 16:30,Calle Sucre Nº 799,2025
LA LIBERTAD,TRUJILLO,TRUJILLO,ORA HOSPITAL VÍCTOR LAZARTE ECHEGARAY (ESSALUD),OPERATIVO,08:45 a 13:00 - 14:00 a 16:30 ,Avenida Prolongación Unión 1375,2025
CAJAMARCA,CONTUMAZA,CHILETE,PANP CHILETE,OPERATIVO,08:45 a 13:00 - 14:00 a 16:45 ,Jr. Arequipa N° 330,2025
LA LIBERTAD,JULCAN,JULCAN,PAP JULCAN,OPERATIVO,08:45 a 13:00 - 14:00 a 16:45 ,"Avenida 28 de Julio N° 201, Centro Cívico",2025
LA LIBERTAD,TRUJILLO,TRUJILLO,AGENTE RENIEC - OR TRUJILLO,OPERATIVO,08:45 a 16:45,Avenida Pablo Casals Mz. A Lt. 6 Urb. Los Cedros,2025
SAN MARTIN,SAN MARTIN,TARAPOTO,ORA HOSPITAL TARAPOTO (MINSA),OPERATIVO,08:45 a 16:30,Jirón Angel Delgado Morey Nº 503,2025
LORETO,DATEM DEL MARAÑON,BARRANCA,PAP DATEM DEL MARAÑON,OPERATIVO,08:45 a 16:45,Calle Tigre Mz. 31 Lt. 08 - San Lorenzo,2025
SAN MARTIN,RIOJA,NUEVA CAJAMARCA,AG NUEVA CAJAMARCA,OPERATIVO,08:45 a 16:45,Carretera Fernando Belaunde Terry Altura del Km. 447.50 ,2025
LORETO,ALTO AMAZONAS,YURIMAGUAS,AG ALTO AMAZONAS,OPERATIVO,08:45 a 16:45,Calle Mariscal Castilla N° 411,2025
SAN MARTIN,MOYOBAMBA ,MOYOBAMBA,ORA HOSPITAL MOYOBAMBA (MINSA),OPERATIVO,08:45 a 16:30,Jirón Grau cuadra 4,2025
SAN MARTIN,MOYOBAMBA ,MOYOBAMBA,AG MOYOBAMBA,OPERATIVO,08:45 a 16:45,Jirón Dos de Mayo Mz. 1530 Lt. 14 (837),2025
SAN MARTIN,HUALLAGA,SAPOSOA,AG HUALLAGA,OPERATIVO,08:45 a 16:45,Jirón Lima N° 591,2025
SAN MARTIN,LAMAS,LAMAS,AG LAMAS,OPERATIVO,08:45 a 16:45,Jirón San Martín N° 984,2025
SAN MARTIN,MARISCAL CACERES,JUANJUI,AG MARISCAL CACERES,OPERATIVO,08:45 a 16:45,Jirón Eduardo Peña Meza N° 772 ,2025
SAN MARTIN,RIOJA,RIOJA,OR RIOJA,OPERATIVO,08:45 a 16:45,Jirón Angaiza N° 530,2025
SAN MARTIN,SAN MARTIN ,TARAPOTO,OR TARAPOTO,OPERATIVO,08:45 a 16:45,Jirón Jiménez Pimentel N° 280 ,2025
SAN MARTIN,BELLAVISTA,BELLAVISTA,AG BELLAVISTA,OPERATIVO,08:45 a 16:45,Jirón Huallaga - Iquitos Mz. 7 Lt. 27 - A.  1er. Piso,2025
SAN MARTIN,PICOTA,PICOTA,AG PICOTA,OPERATIVO,08:45 a 16:45,"Jirón Simón Bolívar, cuadra 4",2025
SAN MARTIN,EL DORADO ,SAN JOSE DE SISA,AG EL DORADO,OPERATIVO,08:45 a 16:45,Jirón Comercio N° 610,2025
LORETO,DATEM DEL MARAÑON,BARRANCA,ORA SAN LORENZO - NUCLEO BASE (MINSA),OPERATIVO,08:45 a 16:30,Barrio Daniel Alcides Carrión S/N - Barrio Huacachina,2025
SAN MARTIN,SAN MARTIN ,LA BANDA DE SHILCAYO,AG LA BANDA DE SHILCAYO,OPERATIVO,08:45 a 16:45,Jirón Yurimaguas N° 340,2025
SAN MARTIN,MARISCAL CACERES,JUANJUI,ORA HOSPITAL JUANJUI (MINSA),OPERATIVO,08:45 a 16:30,Jirón Arica N° 205,2025
SAN MARTIN,RIOJA,RIOJA,ORA HOSPITAL DE RIOJA (MINSA),OPERATIVO,08:45 a 16:30,Jirón Túpac Amaru S/N,2025
LORETO,ALTO AMAZONAS,LAGUNAS,AG LAGUNAS,OPERATIVO,08:45 a 16:45,Jirón FITZCARRALD C-9,2025
SAN MARTIN,SAN MARTIN,MORALES,PANP MORALES,OPERATIVO,08:45 a 16:45,Jirón Tarapoto N° 116 Plaza de Armas,2025
LORETO,ALTO AMAZONAS,YURIMAGUAS,ORA HOSPITAL SANTA GEMA YURIMAGUAS (MINSA),OPERATIVO,08:45 a 16:30,CALLE HUALLAGA  C-4,2025
LORETO,MAYNAS,PUNCHANA,"ORA HOSPITAL REGIONAL DE LORETO ""FELIPE ARRIOLA IGLESIAS""",OPERATIVO,08:45 a 16:30,Avenida 28 de Julio S/N,2025
LORETO,MAYNAS,IQUITOS,"ORA HOSPITAL IQUITOS ""CESAR GARAYAR GARCIA""",OPERATIVO,08:45 a 16:30,Calle Cornejo Portugal 1710,2025
LORETO,MAYNAS,BELÉN,OR BELEN,OPERATIVO,08:45 a 16:45,Calle Miraflores S/N P. J. 09 de Octubre,2025
LORETO,MAYNAS,IQUITOS,OR IQUITOS,OPERATIVO,08:45 a 16:45,Jirón Próspero Nº 201,2025
LORETO,LORETO,NAUTA,PAP NAUTA,OPERATIVO,08:45 a 16:45,Cal. Manuel Pacaya N° 570 centro cívico,2025
LORETO,REQUENA,REQUENA,PAP REQUENA,OPERATIVO,08:45 a 16:45,Calle San Antonio S/N Anexo Hotel Municipal,2025
LORETO,MARISCAL RAMON CASTILLA,RAMON CASTILLA,PAP MARISCAL RAMON CASTILLA - CABALLOCOCHA,OPERATIVO,08:45 a 16:45,Calle Ayacucho Mz. 22 Lt. 4 C con Amazonas S/N - Local Municipal,2025
LORETO,MAYNAS,SAN JUAN BAUTISTA,OR SAN JUAN BAUTISTA,OPERATIVO,08:45 a 16:45,Avenida Abelardo Quiñones Nº 2371 Km. 2.5 ,2025
LORETO,MARISCAL RAMON CASTILLA,YAVARI,PAP YAVARI,OPERATIVO,08:45 a 16:45,Calle Nueva Jerusalen S/N Local Municipal,2025
LORETO,PUTUMAYO,PUTUMAYO,PAP PUTUMAYO,OPERATIVO,08:45 a 16:45,Calle Arequipa S/N,2025
LORETO,MAYNAS,PUNCHANA,PAP PUNCHANA,OPERATIVO,08:45 a 16:45,"Calle Cusco S/N, cuadra 5, esquina con Trujillo.",2025
LORETO,REQUENA,REQUENA,ORA REQUENA,OPERATIVO,08:45 a 16:30,Calle Mártires del Petroléo S/N - Malecon Grau,2025
LORETO,MARISCAL RAMON CASTILLA,RAMON CASTILLA,ORA CABALLOCOCHA,OPERATIVO,08:45 a 16:30,Calle Progreso N° 425,2025
LORETO,MAYNAS,PUNCHANA,MAC - LORETO,OPERATIVO,08:30 a 16:30,Avenida La Marina Nº  1338,2025
LORETO,MAYNAS,IQUITOS,AGENTE RENIEC - OR IQUITOS,OPERATIVO,08:45 a 16:45,Jirón Próspero Nº 201,2025
LORETO,PUTUMAYO,TENIENTE MANUEL CLAVERO,PAP SOPLIN VARGAS,OPERATIVO,08:45 a 16:45,Plaza de armas S/N,2025
LORETO,MARISCAL RAMON CASTILLA,SANTA ROSA DE LORETO,PAP SANTA ROSA DE LORETO ,DESPLAZAMIENTO,08:45 a 16:45,Calle mi Perú S/N,2025
ANCASH,SANTA,CHIMBOTE,OR SANTA,OPERATIVO,08:45 a 16:45,Jirón Enrique Palacios Nº 504-506 esquina con Jr. Ladislao Espinar Nº 401,2025
ANCASH,SANTA,CHIMBOTE,AGENTE RENIEC - MEGA PLAZA CHIMBOTE,OPERATIVO,08:45 a 16:45," Mz. B Lt. 1-A-1-A2 Sector Parque Gran Chavín, Centro Comercial Megaplaza Chimbote",2025
ANCASH,SANTA,CHIMBOTE,MAC - ANCASH,OPERATIVO,08:30 a 16:30," Mz. B Lt. 1-A-1-A2 Sector Parque Gran Chavín, Centro Comercial Megaplaza Chimbote",2025
ANCASH,SANTA,NUEVO CHIMBOTE,AG NUEVO CHIMBOTE,OPERATIVO,08:45 a 16:45, Mz. 74-75 Lt. 1 del Centro Cívico de la Municipalidad Distrital de Nuevo Chimbote,2025
ANCASH,HUARAZ,HUARAZ,AG HUARAZ,OPERATIVO,08:45 a 16:45,"Jirón Agustin Loly N° 756, Mz. 29A Lt. 27, Barrio La Soledad Alta, intersección con Jr. Agustin Mejía",2025
ANCASH,HUAYLAS,CARAZ,AG HUAYLAS,OPERATIVO,08:45 a 16:45,Jirón Raimondi N° 215,2025
ANCASH,HUARI,HUARI,AG HUARI,OPERATIVO,08:45 a 16:45,Jirón Libertad Mz. P2 Lt. 003,2025
ANCASH,POMABAMBA,POMABAMBA,AG POMABAMBA,OPERATIVO,08:45 a 16:45,Jirón Huaraz Nº 369,2025
ANCASH,SIHUAS,SIHUAS,AG SIHUAS,OPERATIVO,08:45 a 16:45,"Jirón Gomes Arias 106, Barrio Pingullo Alto",2025
ANCASH,PALLASCA,PAMPAS,AG PAMPAS,OPERATIVO,08:45 a 16:45,Calle Plaza de Armas S/N - Municipalidad Distrital de Pampas - 1er piso,2025
ANCASH,CASMA,CASMA,PAP CASMA,OPERATIVO,08:45 a 16:45, Sector Hijuela Mz. C Lt. 13 del Centro Cívico de la Municipalidad Provincial de Casma,2025
ANCASH,HUARMEY,HUARMEY,PAP HUARMEY,OPERATIVO,08:45 a 16:45, 1er. Pabellón S/N del Centro Cívico de la Municipalidad Provincial de Huarmey,2025
ANCASH,RECUAY,RECUAY,PAP RECUAY,OPERATIVO,08:45 a 16:45,Calle Plaza de Armas Nº 180 Municipalidad Distrital de Recuay,2025
ANCASH,CARHUAZ,CARHUAZ,PAP CARHUAZ,OPERATIVO,08:45 a 16:45,Avenida La Merced Nº 1006,2025
ANCASH,YUNGAY,YUNGAY,PAP YUNGAY,OPERATIVO,08:45 a 16:45,Avenida Arias Grazziani Lt. 1-2 Centro Cívico de la Municipalidad Provincial de Yungay,2025
ANCASH,CARLOS FERMIN FITZCARRALD,SAN LUIS,PAP CARLOS FERMÍN FITZCARRALD,OPERATIVO,08:45 a 16:45,Avenida Ramón Castilla N° 320 - 1er. piso Centro Cívico de la Municipalidad Provincial de C. F. Fitzcarrald,2025
ANCASH,MARISCAL LUZURIAGA,PISCOBAMBA,PAP MARISCAL LUZURIAGA,OPERATIVO,08:45 a 16:45,"Jirón San Pablo S/N, Centro Cívico de la Municipalidad Provincial de Mariscal Luzuriaga",2025
ANCASH,SANTA,CHIMBOTE,ORA HOSPITAL LA CALETA (Chimbote),OPERATIVO,08:45 a 16:30,Avenida Malecon Grau S/N,2025
ANCASH,SANTA,CHIMBOTE,ORA HOSPITAL ESSALUD III CHIMBOTE,OPERATIVO,08:45 a 16:30,Avenida Circunvalación Nº 119 Urb. Laderas del Norte,2025
ANCASH,SANTA,NUEVO CHIMBOTE,ORA HOSPITAL ELEAZAR GUZMÁN BARRÓN (Nuevo Chimbote),OPERATIVO,08:45 a 16:30,"Avenida Brasil S/N, Urb. Santa Cristina (Hospital Regional Eleazar Guzmán Barrón puerta de Emergencia)",2025
ANCASH,HUARAZ,HUARAZ,ORA HOSPITAL VÍCTOR RAMOS GUARDIA (Huaraz),OPERATIVO,08:45 a 16:30,"Avenida Mariscal Luzuriaga cdra. 01, cruce con Jr. Pedro Villón cdra. 10",2025
ANCASH,HUAYLAS,CARAZ,ORA HOSPITAL DE APOYO CARAZ,OPERATIVO,08:45 a 16:30,Avenida 9 de Octubre S/N,2025
ANCASH,HUARI,HUARI,ORA HOSPITAL DE APOYO HUARI,OPERATIVO,08:45 a 16:30,Avenida Circunvalación Baja S/N,2025
ANCASH,CORONGO,CORONGO,PANP CORONGO,DESPLAZAMIENTO,08:45 a 16:45,"Jirón Grau N° 206, primer piso de la Municipalidad Provincial de Corongo",2025
ANCASH,PALLASCA,CABANA,PANP PALLASCA,DESPLAZAMIENTO,08:45 a 16:45,"Avenida Plaza de Armas N° 103, primer piso de la Municipalidad Provincial de Pallasca",2025
ANCASH,AIJA,AIJA,PANP AIJA,DESPLAZAMIENTO,08:45 a 16:45,"Jirón Gavino Uribe S/N Plaza de Armas, 1er piso de la Municipalidad Provincial de Aija",2025
ANCASH,BOLOGNESI,CHIQUIAN,PANP BOLOGNESI,DESPLAZAMIENTO,08:45 a 16:45,"Jirón Tacna 320, primer piso del Centro Cívico de la Municipalidad Distrital de Chiquian",2025
ANCASH,YUNGAY,YANAMA,AG YANAMA,DESPLAZAMIENTO,08:45 a 16:45,Jirón Yungay S/N cdra. 03,2025
ANCASH,MARISCAL LUZURIAGA,LLUMPA,PANP LLUMPA,DESPLAZAMIENTO,08:45 a 16:45, Plaza de Armas S/N,2025
ANCASH,ASUNCION,CHACAS,PANP ASUNCIÓN,DESPLAZAMIENTO,08:45 a 16:45,Jirón Coliseo de Chacas S/N,2025
ANCASH,HUARI,CHAVIN DE HUANTAR,PANP CHAVÍN DE HUANTAR,DESPLAZAMIENTO,08:45 a 16:45,"Jirón San Martin S/N, 1er piso del Centro Cívico de la Municipalidad Distrital de Chavin de Huantar",2025
ANCASH,HUARI,SAN MARCOS,PANP SAN MARCOS ,DESPLAZAMIENTO,08:45 a 16:45,"Jirón Progreso 332, Plaza de Armas de San Marcos",2025
ANCASH,HUACAYBAMBA,HUACAYBAMBA,PANP HUACAYBAMBA,DESPLAZAMIENTO,08:45 a 16:45,"Avenida El Ejercito S/N Barrio San Pedro, 1er piso Municipalidad Provincial de Huacaybamba",2025
ANCASH,ANTONIO RAIMONDI,LLAMELLIN,PANP ANTONIO RAIMONDI,DESPLAZAMIENTO,08:45 a 16:45,Jirón Simón Bolívar N° 229,2025
ANCASH,HUARI,UCO,PANP UCO,DESPLAZAMIENTO,08:45 a 16:45,"Jirón Nicolas de Piérola S/N Plaza de Armas, 1er piso de la Municipalidad Distrital de Uco",2025
JUNIN,HUANCAYO,EL TAMBO,OR HUANCAYO,OPERATIVO,08:45 a 16:45,AVENIDA MARISCAL CASTILLA Nº 1801,2025
JUNIN,TARMA,TARMA,OR TARMA,OPERATIVO,08:45 a 16:45,JIRÓN AREQUIPA Nº 939,2025
JUNIN,CHANCHAMAYO,LA MERCED,OR CHANCHAMAYO,OPERATIVO,08:45 a 16:45,PROLONGACIÓN TARMA Nº 242,2025
JUNIN,SATIPO,PANGOA,PAP PANGOA,OPERATIVO,08:45 a 16:45,CALLE 07 DE JUNIO Nº 641 PLAZA PRINCIPAL CENTRO CIVICO,2025
JUNIN,SATIPO,MAZAMARI,PAP MAZAMARI,OPERATIVO,08:45 a 16:45,AVENIDA SAN JUAN N° 377,2025
JUNIN,CONCEPCION,CONCEPCIÓN,PAP CONCEPCIÓN,OPERATIVO,08:45 a 16:45,JIRÓN RICARDO PALMA S/N MERCADO MODELO INTERIOR 1 ,2025
JUNIN,JAUJA,JAUJA,PAP JAUJA,OPERATIVO,08:45 a 16:45,JIRÓN SUCRE N° 889,2025
JUNIN,JUNIN,JUNIN,PAP JUNIN,OPERATIVO,08:45 a 16:45,JIRÓN SIMÓN BOLIVAR N° 820,2025
JUNIN,YAULI,SANTA ROSA DE SACCO,PAP YAULI,OPERATIVO,08:45 a 16:45,AVENIDA MIGUEL GRAU N° 309,2025
JUNIN,SATIPO,SATIPO,PAP SATIPO,OPERATIVO,08:45 a 16:45,AVENIDA MICAELA BASTIDAS 747 - INT. 1A - CENTRO CIVICO,2025
JUNIN,CHUPACA,CHUPACA,PAP CHUPACA,OPERATIVO,08:45 a 16:45,JIRÓN GRAU N° 195 - CENTRO CÍVICO,2025
JUNIN,CHANCHAMAYO,PICHANAQUI,PAP PICHANAQUI,OPERATIVO,08:45 a 16:45,JIRÓN INDEPENDENCIA S/N COLISEO MUNICIPAL,2025
JUNIN,HUANCAYO,HUANCAYO,"ORA REGIONAL DOCENTE MATERNO INFANTIL ""EL CARMEN""",OPERATIVO,08:45 a 16:30,JIRÓN PUNO Nº 911,2025
JUNIN,TARMA,TARMA,ORA DE APOYO FELIX MAYORCA SOTO,OPERATIVO,08:45 a 16:30,AVENIDA PACHECO Nº 362,2025
JUNIN,JAUJA ,JAUJA ,ORA HOSPITAL DOMINGO OLAVEGOYA,OPERATIVO,08:45 a 16:30,JIRÓN SAN MARTÍN Nº 1153 URB. OLAVEGOYA ,2025
JUNIN,SATIPO,SATIPO,ORA DE APOYO MANUEL HIGA ARAKAKI,OPERATIVO,08:45 a 16:30,CALLE DANIEL ALCIDES CARRIÓN Nº 398,2025
JUNIN,CHANCHAMAYO ,PICHANAQUI,ORA HOSPITAL DE APOYO PICHANAQUI,OPERATIVO,08:45 a 16:30,AVENIDA SAN MARTÍN S/N PICHANAKI,2025
JUNIN,HUANCAYO,HUANCAYO,ORA LA LIBERTAD,OPERATIVO,08:45 a 16:30,AV. ALAMEDA S/N. COOP. SANTA ISABEL ,2025
JUNIN,CHANCHAMAYO,LA MERCED,ORA HOSPITAL REGIONAL DOCENTE DE MEDICINA TROPICAL DR. JULIO DEMARINI CARO,OPERATIVO,08:45 a 16:30,AVENIDA DANIEL A. CARRION S/N AV. PAMPA DEL CARMEN S/N,2025
JUNIN,HUANCAYO,EL TAMBO,ORA HOSPITAL NACIONAL RAMIRO PRIALE,OPERATIVO,08:45 a 16:30,AVENIDA INDEPENDENCIA Nº 266,2025
JUNIN,SATIPO,PANGOA,ORA HOSPITAL DE PANGOA,OPERATIVO,08:45 a 16:30,AVENIDA LA CULTURA S/N,2025
JUNIN,HUANCAYO,CHILCA,ORA CHILCA,OPERATIVO,08:45 a 16:30,JIRÓN HUMBOLT Nº 900,2025
JUNIN,HUANCAYO,HUANCAYO,MAC - JUNIN,OPERATIVO,08:30 a 16:30,AVENIDA FERROCARRIL N° 146 - 150 - CENTRO COMERCIAL MALL PLAZA,2025
JUNIN,HUANCAYO,EL TAMBO,AGENTE RENIEC - OR HUANCAYO,OPERATIVO,08:45 a 16:45,AVENIDA MARISCAL CASTILLA Nº 1801,2025
AYACUCHO,HUAMANGA,AYACUCHO,"ORA HOSPITAL REGIONAL DE AYACUCHO ""MIGUEL ANGEL MARISCAL LLERENA"" (MINSA)",OPERATIVO,08:45 a 16:45,Jirón Daniel Alcides Carrión S/N - 2da cuadra.,2025
AYACUCHO,LA MAR,AYNA,PAP AYNA -SAN FRANCISCO,OPERATIVO,08:45 a 16:45,Avenida 28 de Julio S/N San Francisco,2025
AYACUCHO,HUAMANGA,AYACUCHO,OR HUAMANGA,OPERATIVO,08:45 a 16:45,"Jirón San Martin Nº 473, 475, 477 y 477A",2025
AYACUCHO,CANGALLO,CANGALLO,PAP CANGALLO,OPERATIVO,08:45 a 16:45,Jirón Maria Parado de Bellido Nº 205,2025
AYACUCHO,HUANTA,HUANTA,AG HUANTA,OPERATIVO,08:45 a 16:45,Jirón Ayacucho N° 305,2025
AYACUCHO,LA MAR,SAN MIGUEL,PAP LA MAR,OPERATIVO,08:45 a 16:45,Jirón Maria Parado de Bellido S/N ,2025
AYACUCHO,VICTOR FAJARDO,HUANCAPI,PAP VICTOR FAJARDO,OPERATIVO,08:45 a 16:45, Plaza Principal Nº 127,2025
AYACUCHO,HUANCA SANCOS,SANCOS,PAP HUANCASANCOS,OPERATIVO,08:45 a 16:45,Avenida Progreso S/N Consejo Provincial de Huanca Sancos,2025
AYACUCHO,VILCAS HUAMAN,VILCAS HUAMAN,PAP VILCASHUAMAN,OPERATIVO,08:45 a 16:45,Avenida Los Incas Nº 222,2025
AYACUCHO,SUCRE,QUEROBAMBA,PAP SUCRE,OPERATIVO,08:45 a 16:45,Jirón San Martin S/N  Plaza de Armas Consejo Provincial de Sucre,2025
AYACUCHO,HUANTA,HUANTA,"ORA HOSPITAL DE APOYO HUANTA ""DANIEL ALCIDES CARRION"" (MINSA)",OPERATIVO,08:45 a 16:45,Avenida Mariscal Castilla Nº 628,2025
AYACUCHO,LA MAR,SAN MIGUEL,ORA SAN MIGUEL (MINSA),DESPLAZAMIENTO,08:45 a 16:45,Avenida Ramon Castilla s/n,2025
AYACUCHO,CANGALLO,CANGALLO,ORA HOSPITAL DE APOYO CANGALLO (MINSA),OPERATIVO,08:45 a 16:45,Jirón Santa Rosa N° 110,2025
CUSCO,LA CONVENCION,PICHARI,PAP PICHARI,OPERATIVO,08:45 a 16:45,Avenida BRASIL S/N,2025
APURIMAC,CHINCHEROS,CHINCHEROS,PAP CHINCHEROS,OPERATIVO,08:45 a 16:45,Jirón COTABAMBAS N° 121,2025
AYACUCHO,LA MAR,SAMUGARI,PAP SAMUGARI -PALMAPAMPA,OPERATIVO,08:45 a 16:45,Jirón Los Laureles S/N – Palmapampa Distrital de Samugari,2025
AYACUCHO,LA MAR,TAMBO,ORA TAMBO (MINSA),OPERATIVO,08:45 a 16:45,Jirón Lima s/n,2025
AYACUCHO,HUAMANGA,JESUS NAZARENO,ORA HOSPITAL DE APOYO JESUS NAZARENO (MINSA),OPERATIVO,08:45 a 16:45,Jirón Ciro Alegría Nº 547,2025
APURIMAC,ANDAHUAYLAS,TALAVERA,OR ANDAHUAYLAS,OPERATIVO,08:45 a 16:45,Jirón Amauta N° 311,2025
APURIMAC,CHINCHEROS,ANCCO HUALLO,ORA  CENTRO DE SALUD URIPA  (MINSA),OPERATIVO,08:45 a 16:45,Avenida  Túpac Amaru S/N – URIPA,2025
APURIMAC,ANDAHUAYLAS,ANDAHUAYLAS,ORA HOSPITAL REGIONAL DOCENTE  HUGO PESCE PESCETTO ANDAHUAYLAS (MINSA),OPERATIVO,08:45 a 16:45,Avenida Hugo Pesce Pesceto S/N,2025
AYACUCHO,HUANTA,SIVIA,ORA HOSPITAL DE APOYO DE SIVIA (MINSA),DESPLAZAMIENTO,08:45 a 16:45,Jirón Gervacio Santillana S/N,2025
CUSCO,LA CONVENCION,KIMBIRI,ORA CENTRO DE SALUD SAN JUAN DE KIMBIRI (MINSA),DESPLAZAMIENTO,08:45 a 16:45,Avenida Aeropuerto S/N,2025
CUSCO,LA CONVENCION,PICHARI,ORA HOSPITAL DE APOYO PICHARI (MINSA),OPERATIVO,08:45 a 16:45,Jirón Amazonas s/n,2025
APURIMAC,CHINCHEROS,CHINCHEROS,ORA HOSPITAL DE APOYO CHINCHEROS (MINSA),OPERATIVO,08:45 a 16:45,Avenida Fernando Belaunde Terry S/N,2025
AYACUCHO,CANGALLO,LOS MOROCHUCOS,ORA PAMPA CANGALLO (MINSA),OPERATIVO,08:45 a 16:45,Avenida María Arguedas S/N,2025
AYACUCHO,HUAMANGA,SAN JUAN BAUTISTA,ORA SAN JUAN BAUTISTA,DESPLAZAMIENTO,08:45 a 16:45,AV. MALVINAS S/N,2025
AYACUCHO,LA MAR,AYNA,ORA HOSPITAL DE APOYO AYNA SAN FRANCISCO,DESPLAZAMIENTO,08:45 a 16:45,AV. HUANTA S/N,2025
AYACUCHO,HUAMANGA,AYACUCHO,MAC AYACUCHO,OPERATIVO,08:30 a 16:30,AV. JAVIER PEREZ DE CUELLAR S/N,2025
AREQUIPA,AREQUIPA,AREQUIPA,ORA HOSPITAL REGIONAL HONORIO DELGADO ESPINOZA (MINSA),OPERATIVO,08:45 a 16:30,Avenida Daniel Alcides Carrión N° 505,2025
TACNA,TACNA,TACNA,ORA TACNA (MINSA),OPERATIVO,08:45 a 16:30,Calle Blondel S/N,2025
AREQUIPA,AREQUIPA,AREQUIPA,OR AREQUIPA,OPERATIVO,08:45 a 16:45,Calle San Juan de Dios N° 122 y Santo Domingo N° 101,2025
AREQUIPA,CAYLLOMA,CHIVAY,PAP CAYLLOMA,OPERATIVO,08:45 a 16:45,Calle Siglo XX S/N,2025
AREQUIPA,CAMANA,CAMANA,AG CAMANA,OPERATIVO,08:45 a 16:45,Avenida Mariscal Castilla N° 221,2025
AREQUIPA,CARAVELI,CARAVELÍ,PAP CARAVELI,DESPLAZAMIENTO,08:45 a 16:45,Jirón Bolivar S/N,2025
AREQUIPA,CASTILLA,APLAO,PAP CASTILLA,OPERATIVO,08:45 a 16:45,Calle Progreso S/N,2025
AREQUIPA,CONDESUYOS,CHUQUIBAMBA,PAP CONDESUYOS,OPERATIVO,08:45 a 16:45,Avenida Alameda S/N - Los Tres Errantes,2025
AREQUIPA,ISLAY,MOLLENDO,AG ISLAY,OPERATIVO,08:45 a 16:45,Jiron Arequipa Nº 261 ,2025
AREQUIPA,LA UNION,COTAHUASI,PAP LA UNION,OPERATIVO,08:45 a 16:45,Calle Centenario N° 202 - Cotahuasi,2025
MOQUEGUA,MARISCAL NIETO,MOQUEGUA,ORA HOSPITAL REGIONAL MOQUEGUA (MINSA),OPERATIVO,08:45 a 16:30,Avenida Simón Bolívar N° 505,2025
MOQUEGUA,MARISCAL NIETO,SAN ANTONIO,AG MARISCAL NIETO,OPERATIVO,08:45 a 16:45,Avenida Central Mz D-4 Lt. 1,2025
MOQUEGUA,ILO,ILO,AG ILO,OPERATIVO,08:45 a 16:45,Jirón Ayacucho N° 529,2025
AREQUIPA,CAYLLOMA,MAJES,AG MAJES,OPERATIVO,08:45 a 16:45,Avenida Arequipa S/N - Tienda 06 del Estadio Almirante Miguel Grau - Pedregal,2025
AREQUIPA,AREQUIPA,CAYMA,AG CAYMA,OPERATIVO,08:45 a 16:45,Avenida Ramón Castilla S/N - Estadio La Tomilla,2025
TACNA,TACNA,TACNA,OR TACNA,OPERATIVO,08:45 a 16:45,Calle Deustua Nº 173,2025
AREQUIPA,AREQUIPA,AREQUIPA,ORA HOSPITAL III GOYENECHE (MINSA),OPERATIVO,08:45 a 14:00  -  15:00 a 16:30 (atención cama por cama),Avenida Goyeneche N° 100,2025
AREQUIPA,CAMANA,CAMANA,ORA HOSPITAL DE CAMANA (MINSA),OPERATIVO,08:45 a 16:30,Avenida Lima 550,2025
AREQUIPA,AREQUIPA,PAUCARPATA,MAC - AREQUIPA,OPERATIVO,08:30 a 16:30,Avenida Porongoche N° 500 Paucarpata - Centro Comercial Mall Aventura ,2025
AREQUIPA,CAYLLOMA,MAJES,ORA HOSPITAL CENTRAL DE MAJES- ANGEL GABRIEL CHURA GALLEGOS (MINSA),OPERATIVO,08:45 a 16:30, Asentamiento B1 lote 1 Irrig. Majes,2025
MOQUEGUA,MARISCAL NIETO,MOQUEGUA,MAC - MOQUEGUA,OPERATIVO,08:30 a 16:30,"Avenida Circunvalación 1B Sub lote 1-A, Moquegua",2025
AREQUIPA,AREQUIPA,AREQUIPA,PAP PASEO CENTRAL,OPERATIVO,08:45 a 16:45,Calle Arturo Ibañez S/N,2025
AREQUIPA,AREQUIPA,CERRO COLORADO,C.S. MARITZA CAMPOS DIAZ (MINSA),OPERATIVO,08:45 a 16:30,Calle Yavari S/N,2025
AREQUIPA,AREQUIPA,PAUCARPATA,HOSPITAL EDMUNDO ESCOMEL (ESSALUD),OPERATIVO,08:45 a 16:30,Avenida EL Cayro S/N,2025
AREQUIPA,AREQUIPA,AREQUIPA,HOSPITAL CARLOS ALBERTO SEGUIN ESCOBEDO (ESSALUD),OPERATIVO,08:45 a 16:30,Calle Peral S/N,2025
AREQUIPA,AREQUIPA,YANAHUARA,ORA HOSPITAL III YANAHUARA (ESSALUD),OPERATIVO,08:45 a 16:30,Avenida Zamácola S/N,2025
AREQUIPA,AREQUIPA,AREQUIPA,AGENTE RENIEC - OR AREQUIPA,OPERATIVO,08:45 a 16:45,Calle San Juan de Dios N° 122 y Santo Domingo N° 101,2025
CUSCO,CUSCO,SANTIAGO,ORA ANTONIO LORENA DEL CUSCO (MINSA),OPERATIVO,08:45 a 16:30,Calle Carlos Ugarte S/N Urb. Primavera Cuartel Agustín Gamarra,2025
CUSCO,CUSCO,WANCHAQ,ORA HOSPITAL NACIONAL ADOLFO GUEVARA VELASCO (ESSALUD),OPERATIVO,08:45 a 16:30,Avenida Ancelmo Alvarez S/N,2025
APURIMAC,ABANCAY,ABANCAY,OR ABANCAY,OPERATIVO,08:45 a 16:45,Avenida La Victoria Nº 214,2025
APURIMAC,AYMARAES,CHALHUANCA,PANP AYMARAES,DESPLAZAMIENTO,08:45 a 16:45, Plaza de Armas S/N (Gobernatura De Chalhuanca),2025
APURIMAC,ANTABAMBA,ANTABAMBA,PANP ANTABAMBA,DESPLAZAMIENTO,08:45 a 16:45, Plaza de Armas S / N,2025
APURIMAC,COTABAMBAS,TAMBOBAMBA,PAP TAMBOBAMBA,OPERATIVO,08:45 a 16:45,Avenida Perú - Plaza de Armas S/N - 3er Piso,2025
APURIMAC,GRAU,CHUQUIBAMBILLA,PANP GRAU,DESPLAZAMIENTO,08:45 a 16:45, Plaza de Armas S / N,2025
CUSCO,CUSCO,CUSCO,OR CUSCO,OPERATIVO,08:45 a 16:45,Avenida El Sol N° 272,2025
CUSCO,ACOMAYO,ACOMAYO,PANP ACOMAYO,DESPLAZAMIENTO,08:45 a 16:45, Plaza de Armas S/N,2025
CUSCO,ANTA,ANTA ,PAP ANTA,OPERATIVO,08:45 a 16:45,"Jirón Jaquijahuana  S / N, Izcuchaca",2025
CUSCO,CALCA,CALCA,AG CALCA,OPERATIVO,08:45 a 16:45, Plaza de Armas S/N,2025
CUSCO,CANAS,YANAOCA,PAP CANAS,OPERATIVO,08:45 a 16:45, Plaza de Armas S/N,2025
CUSCO,CANCHIS,SICUANI,AG CANCHIS,OPERATIVO,08:45 a 16:45,Avenida Túpac Amaru N° 163,2025
CUSCO,CHUMBIVILCAS,SANTO TOMAS,PAP CHUMBIVILCAS,OPERATIVO,08:45 a 16:45,Avenida Perú S / N (Ruedo de Toros),2025
CUSCO,ESPINAR,ESPINAR,PAP ESPINAR,OPERATIVO,08:45 a 16:45,Calle Teatro S/N  ,2025
CUSCO,LA CONVENCION,SANTA ANA,AG LA CONVENCION,OPERATIVO,08:45 a 16:45,Avenida Grau Nº 238,2025
CUSCO,PARURO,PARURO,PANP PARURO,DESPLAZAMIENTO,08:45 a 16:45, Plaza de Armas S/N,2025
CUSCO,PAUCARTAMBO,PAUCARTAMBO,PAP PAUCARTAMBO - JR9,OPERATIVO,08:45 a 16:45,Jirón Enrique Yabar S/N,2025
CUSCO,QUISPICANCHI,URCOS,PAP QUISPICANCHI,OPERATIVO,08:45 a 16:45,Jirón Huáscar N° 181,2025
CUSCO,URUBAMBA,URUBAMBA,PAP URUBAMBA,OPERATIVO,08:45 a 16:45,Avenida Conchatupa S/N,2025
MADRE DE DIOS,TAHUAMANU,IBERIA,AG IBERIA,OPERATIVO,08:45 a 16:45,Avenida Máximo Rodríguez N° 124 Plaza de Armas,2025
APURIMAC,ABANCAY,ABANCAY,ORA HOSPITAL REGIONAL GUILLERMO DIAZ DE LA VEGA (MINSA),OPERATIVO,08:45 a 16:30,Avenida Daniel Alcides Carrión S/N,2025
MADRE DE DIOS,TAMBOPATA,TAMBOPATA,OR TAMBOPATA,OPERATIVO,08:45 a 16:45,Jirón Lambayeque N° 159,2025
MADRE DE DIOS,MANU,MANU,PANP MANU,DESPLAZAMIENTO,08:45 a 16:45,Avenida Esperanza S/N - Local Municipal,2025
CUSCO,ACOMAYO,POMACANCHI,AG POMACANCHI,DESPLAZAMIENTO,08:45 a 16:45, Plaza de Armas S/N,2025
CUSCO,CUSCO,CUSCO,ORA HOSPITAL DE APOYO DEPARTAMENTAL CUSCO (MINSA),OPERATIVO,08:45 a 16:30,Avenida La Cultura S/N,2025
CUSCO,CANCHIS,SICUANI,ORA SICUANI (MINSA),OPERATIVO,08:45 a 16:30,Avenida Manuel Callo Zevallos N° 519 - Hospital MINSA Sicuani,2025
MADRE DE DIOS,TAMBOPATA,TAMBOPATA,ORA SANTA ROSA (MINSA),DESPLAZAMIENTO,08:45 a 16:30,Jirón Cajamarca N° 171,2025
CUSCO,LA CONVENCION,SANTA ANA,ORA QUILLABAMBA (MINSA),OPERATIVO,08:45 a 16:30,Avenida General Gamarra S/N - Hospital Quillabamba,2025
CUSCO,ESPINAR,ESPINAR,ORA ESPINAR (MINSA),OPERATIVO,08:45 a 16:30,Calle Domingo Huarca Cruz S/N Barrio Túpac Amaru  - Hospital Espinar,2025
MADRE DE DIOS,TAHUAMANU,IBERIA,ORA SAN MARTIN DE PORRES DE IBERIA (MINSA),OPERATIVO,08:45 a 16:30,Calle Mocopata S/N,2025
APURIMAC,COTABAMBAS,TAMBOBAMBA,ORA TAMBOBAMBA (MINSA),OPERATIVO,08:45 a 16:30, Hospital Tambobamba,2025
APURIMAC,COTABAMBAS,HAQUIRA,PAP HAQUIRA,DESPLAZAMIENTO,08:45 a 16:45, Plaza de armas S/N-Haquira,2025
CUSCO,CHUMBIVILCAS,SANTO TOMAS,ORA SANTO TOMAS (MINSA),DESPLAZAMIENTO,08:45 a 16:30,Calle  Andres Avelino Caceres - Hospital Santo Tomas  ,2025
CUSCO,CHUMBIVILCAS,VELILLE,PANP VELILLE,DESPLAZAMIENTO,08:45 a 16:45, Plaza de Armas - Municipalidad Distrital Velille,2025
CUSCO,CALCA,YANATILE,PANP YANATILE,DESPLAZAMIENTO,08:45 a 16:45, Plaza de Armas - Municipalidad Distrital Yanatile,2025
APURIMAC,ABANCAY,CURAHUASI,PANP CURAHUASI,DESPLAZAMIENTO,08:45 a 16:45, Coliseo Cerrado - Municipalidad de Curahuasi,2025
CUSCO,CUSCO,SANTIAGO,AGENCIA SANTIAGO,OPERATIVO,08:15 a 16:15,Calle Giraldo Ruiz Caro S/N,2025
CUSCO,CUSCO,WANCHAQ,MAC - CUSCO,OPERATIVO,08:30 a 16:30,Avenida Collasuyo 2964 - Real Plaza Cusco,2025
MADRE DE DIOS,TAMBOPATA,INAMBARI,AG INAMBARI,DESPLAZAMIENTO,08:45 a 16:45, Plaza de Armas - Municipalidad Provincial de Inambari,2025
CUSCO,CUSCO,CUSCO,AGENTE RENIEC - OR CUSCO,OPERATIVO,08:45 a 16:45,Avenida El Sol N° 272,2025
CUSCO,CUSCO,SANTIAGO,ORA BELEMPAMPA (MINSA),OPERATIVO,08:45 a 13:00,Plazoleta Belen S/N,2025
LIMA,LIMA ,JESUS MARIA,ORA HOSPITAL NACIONAL EDGARDO REBAGLIATI MARTINS (ESSALUD),OPERATIVO,08:45 a 16:30,Avenida SALAVERRY CDRA. 13 - PUERTA 6,2025
CALLAO,CALLAO,BELLAVISTA,ORA NAC. DANIEL A. CARRIÓN (MINSA),OPERATIVO,08:45 a 16:30,Avenida Guardia Chalaca Nº 2176 - Bellavista,2025
LIMA,LIMA,SAN JUAN DE LURIGANCHO,ORA HOSPITAL SAN JUAN DE LURIGANCHO (MINSA),OPERATIVO,08:45 a 16:30,Avenida Canto Grande S/N - Altura del paradero 10,2025
LIMA,LIMA,EL AGUSTINO,ORA HOSPITAL NACIONAL HIPOLITO UNANUE (MINSA),OPERATIVO,08:45 a 16:30,Avenida Cesar Vallejo Nº 1390 ,2025
LIMA,LIMA,LIMA,ORA INSTITUTO NACIONAL MATERNO PERINATAL (MINSA),OPERATIVO,08:45 a 16:30,Jirón Miroquesada Nº 941 - Lima,2025
CALLAO,CALLAO,VENTANILLA,OR VENTANILLA,OPERATIVO,08:45 a 16:45,Avenida Pachacutec N° 225 - Sector B - Grupo Residencial B1 - Mz. F1 ,2025
LIMA,LIMA,SAN BORJA,OR SAN BORJA,OPERATIVO,08:45 a 16:45,Avenida San Luis N° 1673 Urb. Jacaranda II,2025
LIMA,LIMA,LIMA,OR QUILCA,OPERATIVO,08:45 a 16:45,Jirón Quilca Nº 501 y 525 ,2025
LIMA,LIMA,LIMA,OR ANCASH,OPERATIVO,08:45 a 16:45,Jirón Ancash Nº 336-340 y 344 (Frente a la Plazuela San Francisco) - Lima,2025
LIMA,LIMA,VILLA MARÍA DEL TRIUNFO,ORA DANIEL ALCIDES CARRION (MINSA),OPERATIVO,08:45 a 16:30,Avenida Pachacutec N° 3470 - Pasando el Terminal Pesquero.,2025
CALLAO,CALLAO,BELLAVISTA,MAC - CALLAO,OPERATIVO,"L - V  08:30 a 18:00 
SAB.8:30 a 13:00",Avenida Oscar R. Benavides N° 3866 - Centro Comercial Mall Aventura Plaza,2025
LIMA,LIMA,LIMA,OR LIMA,OPERATIVO,08:45 a 16:45,Jirón Nicolás de Piérola N 545,2025
LIMA,LIMA,ATE,OR ATE - Complejo Deportivo Ollantaytambo,OPERATIVO,08:45 a 16:45,Av. Alfonso Ugarte s/n  Complejo Deportivo Ollantaytambo,2025
LIMA,LIMA,ATE,OR ATE - Mac Express de Puruchuco,OPERATIVO,"08:45 a 13:00 
 14:00 a 16:45 ",Av. Javier Pardo Este N° 8680  Mac Express - Agencia Municipal Real Plaza de Puruchuco.,2025
LIMA,LIMA,LURIN,OR LURIN,OPERATIVO,08:45 a 16:45,"MZ B, Lote 5 Asociación de Vivienda Familiar Centinela - Lurin",2025
LIMA,LIMA,MIRAFLORES,OR MIRAFLORES,OPERATIVO,08:45 a 16:45,Avenida Ernesto Diez Canseco N° 230,2025
LIMA,LIMA,PUENTE PIEDRA,OR PUENTE PIEDRA,OPERATIVO,08:45 a 16:45,Jirón Ricardo Palma Nº 241,2025
LIMA,LIMA,SAN JUAN DE LURIGANCHO,OR SAN JUAN DE LURIGANCHO,OPERATIVO,08:45 a 16:45,Avenida Las Flores Lote 1 Mz. G Urb. Canto Grande Unidad 7,2025
LIMA,LIMA,SAN JUAN DE MIRAFLORES,OR SAN JUAN DE MIRAFLORES,OPERATIVO,08:45 a 16:45,Avenida Guillermo Billinghurst  N° 767 – 769 Mz. F Lote 18 Urb. SJM Parcela D,2025
LIMA,LIMA,SAN MARTIN DE PORRES,OR SAN MARTIN DE PORRES,OPERATIVO,08:45 a 16:45,Avenida Eduardo de Habich Nº 590 - 592 con Pedro Paulet N° 589,2025
LIMA,CAJATAMBO,CAJATAMBO,AG CAJATAMBO,OPERATIVO,08:45 a 16:45,Jirón Bolognesi S/N - Comisiones de Regantes -Frente plaza de Armas,2025
LIMA,CANTA,CANTA,AG CANTA,OPERATIVO,08:45 a 16:45,Jirón Independencia Nº 308 Municipio (Plaza de Armas),2025
LIMA,CAÑETE,SAN VICENTE DE CAÑETE,AG CAÑETE,OPERATIVO,08:45 a 16:45,Avenida Los Libertadores Mz. D-3 Lote 4 Urbanización Tercer Mundo,2025
LIMA,HUAURA,HUACHO,AG HUACHO,OPERATIVO,08:45 a 16:45,Avenida Grau Nº 295,2025
LIMA,HUAROCHIRI,MATUCANA,AG MATUCANA,OPERATIVO,08:45 a 16:45,Jirón Tacna 626  - Centro Civico,2025
LIMA,YAUYOS,YAUYOS,AG YAUYOS,OPERATIVO,08:45 a 16:45,Plaza Plaza Constitución Nº 110,2025
LIMA,HUARAL,HUARAL,AG HUARAL,OPERATIVO,08:45 a 16:45,Pasaje el Palmo esquina con Calle Huaquilla (DEMUNA HUARAL),2025
LIMA,BARRANCA,BARRANCA,OR BARRANCA,OPERATIVO,08:45 a 16:45,Avenida Independencia N° 674 - 676 - 678,2025
LIMA,OYON,OYON,AG OYON,OPERATIVO,08:45 a 16:45,Jirón Unión 216,2025
LIMA,LIMA,LURIGANCHO,OR CHOSICA,OPERATIVO,08:45 a 16:45,Jirón Chucuito Nº 248 ,2025
LIMA,LIMA,JESUS MARIA,OR JESUS MARIA,OPERATIVO,08:45 a 16:45,Jirón Talara N° 130-132-134 y 136 Jesús Maria,2025
LIMA,LIMA,CIENEGUILLA,OR CIENEGUILLA,OPERATIVO,08:45 a 16:45,"Avenida San Martin Lote 15, Zona ""D"" Manzana ""D"" Centro Poblado Tambo Viejo",2025
LIMA,LIMA,SANTA ANITA,OR SANTA ANITA,OPERATIVO,08:45 a 16:45,"Avenida Los Eucaliptos Nº 947, Urbanización Universal",2025
LIMA,LIMA,INDEPENDENCIA,OR INDEPENDENCIA,OPERATIVO,08:45 a 16:45,Calle Los Andes Nº 486 Urb. Industrial Panamericana Norte,2025
CALLAO,CALLAO,VENTANILLA,MAC - VENTANILLA,OPERATIVO,"L - V  08:30 a 18:00 
SAB.8:30 a 13:00",Avenida La Playa S/N altura la Urb. Zona Comercial frente a la Plaza Cívica ,2025
LIMA,LIMA,JESUS MARIA,AG 06 DE AGOSTO,OPERATIVO,08:45 a 16:45,Avenida 06 de Agosto N° 856,2025
LIMA,LIMA,SAN MARTIN DE PORRES,ORA NACIONAL CAYETANO HEREDIA (MINSA),OPERATIVO,08:45 a 16:30,Jirón Honorio Delgado N° 262 - Urb. Ingeniería / Obstetricia,2025
LIMA,HUAURA,HUACHO,ORA HOSPITAL GENERAL DE HUACHO (MINSA),OPERATIVO,08:45 a 16:30,Avenida Jose Arnaldo Arambulo La Rosa N° 251,2025
LIMA,LIMA,VILLA EL SALVADOR,OR VILLA EL SALVADOR,OPERATIVO,08:45 a 16:45,"Av. Pastor Sevilla, Sector 6,Grupo 3A, Mz. B, Lote 24",2025
CALLAO,CALLAO,CALLAO,OR CALLAO,OPERATIVO,08:45 a 16:45,Avenida Dos de Mayo N° 440 - 446,2025
LIMA,LIMA,EL AGUSTINO,MAC - LIMA ESTE,OPERATIVO,"L - V  08:30 a 18:00 
SAB.8:30 a 13:00",Avenida Carretera Central 111 Mall Aventura Santa Anita Nivel 2,2025
CALLAO,CALLAO,CARMEN DE LA LEGUA REYNOSO,ORA HOSPITAL SAN JOSE (MINSA),OPERATIVO,08:45 a 16:30,Jirón Las Magnolias 475 Carmen de la Legua-Reynoso,2025
CALLAO,CALLAO,VENTANILLA,ORA HOSPITAL DE VENTANILLA (MINSA),OPERATIVO,08:45 a 16:30,Avenida Pedro Beltran S/N Ventanilla - Hospital de Ventanilla,2025
LIMA,CAÑETE,SAN LUIS,ORA HOSPITAL REZOLA (MINSA),OPERATIVO,08:45 a 16:30,Calle Distrito de San Luis S/N,2025
LIMA,BARRANCA,BARRANCA,ORA HOSPITAL DE BARRANCA (MINSA),OPERATIVO,08:45 a 16:30,Avenida Nicolás de Piérola Nº 210 -224,2025
LIMA,HUARAL,HUARAL,ORA HOSPITAL SAN JUAN BAUTISTA HUARAL (MINSA),OPERATIVO,08:45 a 16:30,Calle Tacna Nº 120 Urb. San Juan I,2025
LIMA,LIMA ,COMAS,ORA HOSPITAL NACIONAL SERGIO E. BERNALES (MINSA),OPERATIVO,08:45 a 16:30,"Avenida Túpac Amaru N° 8000, Collique, Comas.",2025
LIMA,LIMA,LIMA,ORA NACIONAL DOS DE MAYO (MINSA),OPERATIVO,08:45 a 16:30,Avenida Parque Historia De La Medicina Peruana S/N Altura Cuadra 13 Av Grau,2025
LIMA,LIMA,ATE ,ORA HOSPITAL DE HUAYCAN (MINSA),OPERATIVO,08:45 a 16:30,Avenida José C.Mariátegui S/N Zona B - A.H.Huaycán S/N Ate Lima Lima,2025
LIMA,LIMA,SAN JUAN DE MIRAFLORES,MAC - LIMA SUR,OPERATIVO,"L - V  08:30 a 18:00 
SAB.8:30 a 13:00",Avenida Circunvalación 1583- San Juan de Miraflores,2025
LIMA,LIMA,COMAS,MAC - LIMA NORTE,OPERATIVO,"L - V  08:30 a 18:00 
SAB.8:30 a 13:00",Avenida Los Angeles N° 602 2do piso - Cc Mall Plaza ,2025
LIMA,LIMA,JESUS MARIA,AGENTE RENIEC - OR JESUS MARIA ( 3.0),OPERATIVO,08:45 a 16:45,Jirón Talara N° 130,2025
LIMA,LIMA,MIRAFLORES,AGENTE RENIEC - OR MIRAFLORES ( 3.0),OPERATIVO,08:45 a 16:45,Avenida Diez Canseco N° 230,2025
LIMA,LIMA,INDEPENDENCIA,AGENTE RENIEC - OR INDEPENDENCIA (3.0),OPERATIVO,08:45 a 16:45,Calle Los Andes Nº 486 Urb. Industrial Panamericana Norte,2025
LIMA,LIMA,SANTA ANITA,ORA HOSP. JORGE VOTO BERNALES (ESSALUD),OPERATIVO,08:45 a 16:30,"Carretera CARRETERA CENTRAL KM. 3,5 - SANTA ANITA",2025
LIMA,LIMA,LIMA,HOSP. NAC DOC MADRE Y NIÑO  SAN BARTOLOME (MINSA),OPERATIVO,08:45 a 16:30,Avenida ALFONSO UGARTE 825 - LIMA,2025
LIMA,LIMA,CHORRILLOS,CMI VIRGEN DEL CARMEN  (MINSA),OPERATIVO PARCIAL,08:45 a 16:30,Avenida LEOPOLDO ARIAS 200 FRENTE AL COLISEO MARISCAL CACERES,2025
LIMA,LIMA,PUENTE PIEDRA,ORA HOSPITAL PUENTE PIEDRA (MINSA),OPERATIVO,08:45 a 16:30,Avenida SAENZ PEÑA S/N KM 30,2025
LIMA,HUARAL,CHANCAY,AG CHANCAY,OPERATIVO,08:45 a 16:45,Avenida 1ro de mayo s/n cdra 03,2025
LIMA,LIMA,PUEBLO LIBRE,ORA HOSPITAL SANTA ROSA,OPERATIVO,08:45 a 16:30,Avenida Bolivar Crda. 8 Pueblo Libre ,2025
LIMA,LIMA,INDEPENDENCIA,ORA  CMI TAHUANTINSUYO BAJO,OPERATIVO,08:45 a 16:30,Avenida Chinchaysullo cdra 4 Independencia,2025
LIMA,LIMA,SURQUILLO,AG. INSTITUTO NACIONAL DE ENFERMEDADES NEOPLASICAS,OPERATIVO,08:45 a 16:45,Av. Angamos Este 2520 - Surquillo (puerta emergencia del INEN),2025
LIMA,LIMA,SAN MARTIN DE PORRES,AGENTE RENIEC - OR SAN MARTIN DE PORRES (3.0),OPERATIVO,08:45 a 16:45,Av. Eduardo de Habich 592,2025
LIMA,LIMA,SAN JUAN DE MIRAFLORES,AGENTE RENIEC - MALL  DEL SUR (3.0),OPERATIVO,08:45 a 16:45,"Av. Los Lirios s/n, altura de  puente Atocongo",2025
LIMA,LIMA,CHORRILLOS,AGENTE RENIEC - PLAZA LIMA SUR (3.0),OPERATIVO,08:45 a 16:45,"Av. Paseo de la Republica s/n, Urb. Matellini",2025
LIMA,LIMA,LIMA,AGENTE RENIEC - OR LIMA (3.0),OPERATIVO,08:45 a 16:45,Av. Nicolas de Pierola 545,2025
LIMA,LIMA,LIMA,AGENTE RENIEC - AGENCIA ANCASH (3.0),OPERATIVO,08:45 a 16:45,Jr. Ancash 336-340 Cercado,2025
LIMA,BARRANCA,BARRANCA,AGENTE RENIEC - OR BARRANCA (3.0),OPERATIVO,08:45 a 16:45,Av. Prolongacion Independencia 250,2025
LIMA,LIMA,LIMA,ORA HOSPITAL NACIONAL ARZOBISPO LOAYZA,OPERATIVO,08:45 a 16:30,Av. Alfonso Ugarte N° 848,2025
LIMA,LIMA,VILLA EL SALVADOR,ORA HOSPITAL EMERGENCIA VILLA EL SALVADOR,OPERATIVO,08:45 a 16:30,Avenida  Pastor Sevilla cruce Av. 200 millas VES,2025
LIMA,LIMA,SANTIAGO DE SURCO,AGENTE RENIEC - JOCKEY PLAZA ( 3.0),OPERATIVO,08:45 a 16:45,Av. Javier Prado Este 4200 (Centro Financiero del Centro Comercial),2025
LIMA,LIMA,VENTANILLA,AGENTE RENIEC MAC VENTANILLA,OPERATIVO,08:45 a 16:45,"Av. La Playa s/n  Urb. Zona Comercial, frentE A la plaza Civica",2025
LIMA,LIMA,SURQUILLO,AGENTE RENIEC - OPEN PLAZA ( 3.0),OPERATIVO,08:45 a 16:45,Av. Angamos N° 1805 cruce con Av. Tomas Marsano),2025
PUNO,PUNO,PUNO,ORA MANUEL NUÑEZ BUTRON,OPERATIVO,08:45 a 16:45,El Sol N° 1022,2025
PUNO,PUNO,PUNO,ORA HOSPITAL BASE III (PUNO) - RED ASISTENCIAL PUNO,OPERATIVO,08:45 a 16:45,Francisco Cáceres Jara Nº 600,2025
PUNO,SAN ROMAN,JULIACA,ORA CARLOS MONGE MEDRANO,OPERATIVO,08:45 a 16:45,Carretera a Huancane Km 2,2025
PUNO,EL COLLAO ,ILAVE ,ORA ILAVE,OPERATIVO,08:45 a 16:45,Atahualpa Nº 825,2025
PUNO,SAN ROMAN,JULIACA,ORA HOSPITAL BASE III JULIACA - ESSALUD - RED ASISTENCIAL JULIACA,OPERATIVO,08:45 a 16:45,José Santos Chocano S/N - La Capilla,2025
PUNO,PUNO,PUNO,OR PUNO,OPERATIVO,08:45 a 16:45,Arequipa N° 1143 - 1145 Barrio Victoria,2025
PUNO,AZANGARO,AZANGARO,PAP AZANGARO,OPERATIVO,08:45 a 16:45,Azangaro N° 160  (Palacio Municipal),2025
PUNO,CARABAYA,MACUSANI,PAP CARABAYA,OPERATIVO,08:45 a 16:45,Raimondi N° 116,2025
PUNO,CHUCUITO,JULI,PAP CHUCUITO,OPERATIVO,08:45 a 16:45,Ilave 235 - Mercado Central Municipio,2025
PUNO,HUANCANE,HUANCANE,PAP HUANCANE,OPERATIVO,08:45 a 16:45,Moquegua N° 104 - Barrio Progreso,2025
PUNO,LAMPA,LAMPA,PAP LAMPA,OPERATIVO,08:45 a 16:45,Alfonso Ugarte N° 343,2025
PUNO,MELGAR,AYAVIRI,PAP MELGAR,OPERATIVO,08:45 a 16:45,Jorge Chavez N°  550,2025
PUNO,SANDIA,SANDIA,PAP SANDIA,OPERATIVO,08:45 a 16:45,Juliaca S/N - Mercado Central Sandia,2025
PUNO,SAN ROMAN,JULIACA,AG SAN ROMAN,OPERATIVO,08:45 a 16:45,Brascesco N° 181 ,2025
PUNO,YUNGUYO,YUNGUYO,PAP YUNGUYO,OPERATIVO,08:45 a 16:45,Grau Nº 240,2025
PUNO,SAN ANTONIO DE PUTINA,PUTINA,PAP PUTINA,OPERATIVO,08:45 a 16:45,Plaza de Armas S/N (Palacio Municipal),2025
PUNO,EL COLLAO,ILAVE,PAP EL COLLAO,OPERATIVO,08:45 a 16:45,Bolognesi S/N - Coliseo Cubierto Ilave Oficina N° 02,2025
PUNO,MOHO,MOHO,PAP MOHO,DESPLAZAMIENTO,08:45 a 16:45,Circunvalación S/N Terminal Terrestre,2025
PUNO,AZANGARO,AZANGARO,ORA CARLOS CORNEJO ROSELLO,OPERATIVO,08:45 a 16:45,Francisco Bolognesi N° 557,2025
PUNO,CHUCUITO,JULI,ORA JULI,OPERATIVO,08:45 a 16:45,Panamericana S/N,2025
PUNO,HUANCANE,HUANCANE,ORA HOSPITAL LUCIO ALDAZABAL PAUCA,OPERATIVO,08:45 a 16:45,Santa Cruz S/N,2025
PUNO,MELGAR,AYAVIRI,ORA SAN JUAN DE DIOS (AYAVIRI),OPERATIVO,08:45 a 16:45,Progreso S/N,2025
PUNO,SAN ROMAN,JULIACA,ORA CENTRO DE SALUD CLAS SANTA ADRIANA,OPERATIVO,08:45 a 16:45,Pachacutec S/N,2025
PUNO,SAN ROMAN,SAN MIGUEL,PAP SAN MIGUEL - JR11,OPERATIVO,08:45 a 16:45,Palacio Municipal S/N,2025
PUNO,CHUCUITO,DESAGUADERO,PAP DESAGUADERO,OPERATIVO,08:45 a 16:45,28 de Julio N° 305 - Desaguadero,2025
PUNO,PUNO,ACORA,PAP ACORA,OPERATIVO,08:45 a 16:45,Plaza de Armas (Palacio Municipal),2025
PUNO,SAN ROMAN,JULIACA,MAC PUNO,OPERATIVO,08:45 a 16:45,San Martin lote 07,2025
PUNO,CARABAYA,CRUCERO,PANP CRUCERO,DESPLAZAMIENTO,08:45 a 16:45,Plaza de Armas S/N,2025
ICA,ICA,ICA,ORA REGIONAL DE ICA (MINSA),OPERATIVO,08:45 a 16:30,Avenida Huacachina S/N,2025
AYACUCHO,LUCANAS,PUQUIO,AG LUCANAS,OPERATIVO,08:45 a 16:45,Jirón San Pedro  Nº 216,2025
AYACUCHO,PARINACOCHAS,CORACORA,AG PARINACOCHAS,OPERATIVO,08:45 a 16:45,Jirón Bolognesi N° 419 Plaza de Armas,2025
ICA,ICA,PARCONA,PAP PARCONA,OPERATIVO,08:45 a 16:45,Avenida Jhon F. Kennedy N° 500 con Calle Lima S/N (Costado del Palacio Municipal),2025
ICA,ICA,ICA,OR ICA,OPERATIVO,08:45 a 16:45,Avenida San Martin N° 1366 Mz. M-02 Lt. 035. Urb. San Isidro ,2025
ICA,CHINCHA,CHINCHA ALTA,AG CHINCHA,OPERATIVO,08:45 a 16:45,Calle Los Angeles N° 300,2025
ICA,NASCA,NASCA,AG NASCA,OPERATIVO,08:45 a 16:45,Calle Fermin del Castillo N° 270,2025
ICA,PISCO,PISCO,AG PISCO,OPERATIVO,08:45 a 16:45,Calle San Juan de Dios N° 288,2025
ICA,PALPA,PALPA,AG PALPA,OPERATIVO,08:45 a 16:45,Calle Portal de Escribanos Nº 145,2025
AYACUCHO,LUCANAS,CABANA,PAP CABANA ,DESPLAZAMIENTO,08:45 a 16:45,Jirón Jorge Chavez N° 272 ,2025
AYACUCHO,LUCANAS,PUQUIO,ORA FELIPE HUAMAN POMA DE AYALA (MINSA),OPERATIVO,08:45 a 16:30,Avenida Arnaldo Alvarado S/N ,2025
AYACUCHO,PARINACOCHAS,CORACORA,ORA HOSPITAL DE APOYO DE CORACORA (MINSA),OPERATIVO,08:45 a 16:30,Avenida La Cultura S/N,2025
ICA,ICA,ICA,ORA SANTA MARIA DEL SOCORRO (MINSA),OPERATIVO,08:45 a 16:30,Calle Castrovirreyna N° 759,2025
ICA,PISCO,PISCO,ORA SAN JUAN DE DIOS (MINSA),OPERATIVO,08:45 a 16:30,Avenida Fermín Tanguis S/N (Altura del Fundo Alto de la Luna),2025
ICA,CHINCHA,CHINCHA ALTA,ORA SAN JOSE DE CHINCHA (MINSA),OPERATIVO,08:45 a 16:30,Avenida Abelardo Alva Maurtua Nº 600,2025
AYACUCHO,LUCANAS,LARAMATE,PANP LARAMATE,DESPLAZAMIENTO,08:45 a 16:45,Jirón Ica S/N,2025
ICA,NASCA,NASCA,ORA HOSPITAL DE APOYO DE NASCA (MINSA),OPERATIVO,08:45 a 16:30,Calle Callao S/N - 5ta Cuadra,2025
ICA,ICA,ICA,ORA AUGUSTO HERNANDEZ MENDOZA (ESSALUD),OPERATIVO,08:45 a 16:30,Calle José Matias Manzanilla S/N,2025
ICA,NASCA,MARCONA,PAP MARCONA,OPERATIVO,08:45 a 16:45,Calle Andres Avelino Caceres S/N,2025
ICA,ICA,ICA,MAC - ICA,OPERATIVO,08:30 a 17:00,Avenida Los Maestros S/N C.C. Mega Plaza Segundo Piso,2025
ICA,ICA,ICA,AGENTE RENIEC  - MEGA PLAZA ICA,OPERATIVO,08:45 a 16:45,Avenida Los Maestros S/N C.C. Mega Plaza Segundo Piso,2025
AYACUCHO,PAUCAR DES SARA SARA,PAUZA,PAP PAUCAR DEL SARA SARA,OPERATIVO,08:45 a 16:45,Jirón Miguel de Cervantes N° 455 (Palacio Municipal),2025
UCAYALI,CORONEL PORTILLO,CALLERIA,ORA HOSPITAL REGIONAL DE PUCALLPA (MINSA),OPERATIVO,08:45 a 16:30,Jirón Luis Escavino N° 317,2025
HUANUCO,PUERTO INCA,PUERTO INCA,PAP PUERTO INCA,OPERATIVO,08:45 a 16:45,Jirón Vulcano S/N,2025
UCAYALI,CORONEL PORTILLO,YARINACOCHA,ORA HOSPITAL AMAZÓNICO - YARINACOCHA (MINSA),OPERATIVO,08:45 a 16:30,Jirón Aguaytia N° 605,2025
LORETO,UCAYALI,CONTAMANA,PAP CONTAMANA,OPERATIVO,08:45 a 16:45,Calle Nuevo Loreto Mz.38C  Lt.5B,2025
UCAYALI,PADRE ABAD,IRAZOLA ,AG IRAZOLA ,OPERATIVO,08:45 a 16:45,Calle Progreso S/N ,2025
UCAYALI,CORONEL PORTILLO,CALLERIA,OR PUCALLPA,OPERATIVO,08:45 a 16:45,"Jirón 09 de Diciembre N° 378 y Tacna Nº 891 Mz. 07 Lt. Acumulado 1-B, independiente.",2025
UCAYALI,PADRE ABAD,PADRE ABAD,PAP PADRE ABAD,OPERATIVO,08:45 a 16:45,Avenida Grau Nº 214,2025
UCAYALI,ATALAYA,RAIMONDI,PAP ATALAYA,OPERATIVO,08:45 a 16:45,Jirón Rioja Nº 659,2025
UCAYALI,PURUS,PURUS,PAP PURUS,OPERATIVO,08:45 a 16:45,Avenida Purus S/N,2025
UCAYALI,ATALAYA,TAHUANIA,PAP TAHUANIA,OPERATIVO,08:45 a 16:45,Jirón 7 de Junio  S/N,2025
UCAYALI,CORONEL PORTILLO,YARINACOCHA,MAC - UCAYALI,OPERATIVO,08:30 a 16:30,Avenida Centenario 1642 (2do piso) Centro Comercial Real Plaza,2025
HUANCAVELICA,HUANCAVELICA,IZCUCHACA,PAP IZCUCHACA,OPERATIVO,08:45 a 16:45,Avenida Ferrocarril  S/N ,2025
HUANCAVELICA,ACOBAMBA,PAUCARA,PAP PAUCARA,OPERATIVO,08:45 a 16:45, Plaza Mayor S/N,2025
HUANCAVELICA,HUANCAVELICA,HUANCAVELICA,ORA HOSPITAL REGIONAL ZACARIAS CORREA VALDIVIA (MINSA),OPERATIVO,08:45 a 16:30,Avenida Andrés Avelino Cáceres S/N - Barrio Yananaco,2025
HUANCAVELICA,HUANCAVELICA,HUANDO,ORA HUANDO (MINSA),OPERATIVO,08:45 a 16:30,Calle Cementerio s/n,2025
HUANCAVELICA,HUANCAVELICA,ASCENSIÓN,ORA HOSPITAL II HUANCAVELICA (ESSALUD),OPERATIVO,08:45 a 16:30,Avenida Teresa de Jurnet S/N,2025
HUANCAVELICA,HUANCAVELICA,HUANCAVELICA,OR HUANCAVELICA,OPERATIVO,08:45 a 16:45,"Avenida San Cristóbal Nº 384, 386 y 388",2025
HUANCAVELICA,ACOBAMBA,ACOBAMBA,OR ACOBAMBA,OPERATIVO,08:45 a 16:45,Jirón Dos De Mayo N° 459,2025
HUANCAVELICA,ANGARAES,LIRCAY,OR ANGARAES,OPERATIVO,08:45 a 16:45,Avenida Centenario S/N - Barrio de Pueblo Nuevo - Dentro del Centro Civico,2025
HUANCAVELICA,CASTROVIRREYNA,CASTROVIRREYNA,OR CASTROVIRREYNA,OPERATIVO,08:45 a 16:45,Avenida Los Libertadores S/N,2025
HUANCAVELICA,TAYACAJA,PAMPAS,OR TAYACAJA,OPERATIVO,08:45 a 16:45,Jirón Manco Capac S/N con Jirón Alfonso Ugarte Cordova y Necochea - Coliseo Multiuso,2025
HUANCAVELICA,HUAYTARA,HUAYTARA,OR HUAYTARA,OPERATIVO,08:45 a 16:45,Calle 24 de Junio S/N - 2do piso Centro Cívico ,2025
HUANCAVELICA,CHURCAMPA,CHURCAMPA,OR CHURCAMPA,OPERATIVO,08:45 a 16:45,Jirón Real N° 255,2025
HUANCAVELICA,TAYACAJA,PAMPAS,ORA HOSPITAL DE PAMPAS (MINSA),OPERATIVO,08:45 a 16:30,Jirón Bolívar S/N ,2025
HUANCAVELICA,ANGARAES,LIRCAY,ORA LIRCAY (MINSA),DESPLAZAMIENTO,08:45 a 16:30,Avenida Esmeralda S/N,2025
HUANCAVELICA,TAYACAJA,SURCUBAMBA,AG SURCUBAMBA,OPERATIVO,08:45 a 16:45,Calle Alfonso Ugarte S/N,2025
HUANCAVELICA,TAYACAJA,COLCABAMBA,AG COLCABAMBA,OPERATIVO,08:45 a 16:45,Avenida Centenario S/N,2025
HUANCAVELICA,HUANCAVELICA,YAULI,ORA YAULI (MINSA),OPERATIVO,08:45 a 16:30,Avenida Jorge Chávez S/N,2025
HUANCAVELICA,ACOBAMBA,PAUCARA,ORA PAUCARA (MINSA),OPERATIVO,08:45 a 16:30,Calle Lircay s/n,2025
HUANCAVELICA,CHURCAMPA,CHURCAMPA,ORA CHURCAMPA (MINSA),DESPLAZAMIENTO,08:45 a 16:30,Calle Ricardo Palma N° 535 (Instalaciones del Centro de Salud),2025
PASCO,PASCO,YANACANCHA,ORA DR. DANIEL ALCIDES CARRION GARCIA (MINSA),OPERATIVO,08:45 a 16:30,Avenida Los Incas S/N Urb. San Juan,2025
PASCO,OXAPAMPA,PUERTO BERMUDEZ,PAP PUERTO BERMÚDEZ,OPERATIVO,08:45 a 16:45,Avenida Remigio Morales Bermúdez S/N,2025
PASCO,PASCO,HUARIACA,PAP HUARIACA,OPERATIVO,08:45 a 16:45,Jirón 28 de Julio Nº 129,2025
HUANUCO,HUANUCO,HUANUCO,ORA HOSPITAL REGIONAL HERMILIO VALDIZAN (MINSA),OPERATIVO,08:45 a 16:30,Jirón Hermilio Valdizan Nº 950,2025
PASCO,PASCO,PAUCARTAMBO,PAP PAUCARTAMBO,OPERATIVO,08:45 a 16:45, Plaza 28 de Julio S/N,2025
HUANUCO,HUANUCO,HUANUCO,OR HUANUCO,OPERATIVO,08:45 a 16:45,Jirón 28 de Julio N° 825,2025
HUANUCO,AMBO,AMBO,PAP AMBO,OPERATIVO,08:45 a 16:45,"Jirón 28 de Julio 697, Centro Cívico",2025
HUANUCO,DOS DE MAYO,LA UNION,PAP DOS DE MAYO,OPERATIVO,08:45 a 16:45,Jirón Lourdes N° 221,2025
HUANUCO,HUAMALIES,LLATA,PAP HUAMALIES,OPERATIVO,08:45 a 16:45,Jirón Huánuco N° 242,2025
HUANUCO,MARAÑON,HUACRACHUCO,PAP MARAÑON,OPERATIVO,08:45 a 16:45,Avenida 28 De Julio N° 602 ,2025
HUANUCO,LEONCIO PRADO,RUPA-RUPA,PAP LEONCIO PRADO,OPERATIVO,08:45 a 16:45,Jirón Chiclayo N° 585,2025
HUANUCO,PACHITEA,PANAO,PAP PACHITEA,OPERATIVO,08:45 a 16:45,Jirón Espinar N° 121,2025
HUANUCO,LAURICOCHA,JESÚS,PAP LAURICOCHA,OPERATIVO,08:45 a 16:45,Jirón Cristobal Colon S/N,2025
HUANUCO,YAROWILCA,CHAVINILLO,PAP YAROWILCA,OPERATIVO,08:45 a 16:45,Jirón Virgen de Fátima S/N,2025
PASCO,PASCO,CHAUPIMARCA,ORA HOSPITAL II PASCO (ESSALUD),OPERATIVO,08:45 a 16:30, Barrio La Esperanza - Casa de Piedra,2025
HUANUCO,PACHITEA,PANAO,ORA PANAO (MINSA),OPERATIVO,08:45 a 16:30,Jirón Grau Nº 193,2025
HUANUCO,LEONCIO PRADO,RUPA-RUPA,ORA HOSPITAL TINGO MARIA (MINSA),OPERATIVO,08:45 a 16:30,Av. Ucayali Nº 114 ,2025
HUANUCO,LEONCIO PRADO,JOSÉ CRESPO Y CASTILLO,ORA AUCAYACU (MINSA),OPERATIVO,08:45 a 16:30,Jirón Grau S/N cuadra 4,2025
HUANUCO,HUAMALIES,LLATA,ORA LLATA (MINSA),DESPLAZAMIENTO,08:45 a 16:30,Jr. 28 de Julio Nº 216,2025
HUANUCO,DOS DE MAYO,LA UNION,ORA LA UNION (MINSA),OPERATIVO,08:45 a 16:30,Jirón Dos de Mayo N° 185,2025
HUANUCO,LEONCIO PRADO,JOSÉ CRESPO Y CASTILLO,PAP JOSE CRESPO Y CASTILLO,OPERATIVO,08:45 a 16:45,Jirón Maria Parado de Bellido S/N Cuadra 4,2025
HUANUCO,LAURICOCHA,BAÑOS,AG BAÑOS,OPERATIVO,08:45 a 16:45, Plaza de Armas S/N,2025
PASCO,PASCO,YANACANCHA,AG PASCO,OPERATIVO,08:45 a 16:45," Centro Comercial ""Sector Dos de San Juan Pampa Edif. 4 Tienda 3 San Juan-Yanacancha",2025
PASCO,DANIEL ALCIDES CARRION,YANAHUANCA,PAP DANIEL ALCIDES CARRIÓN,OPERATIVO,08:45 a 16:45,Jirón Jorge Chavez S/N Plaza Principal,2025
PASCO,OXAPAMPA,OXAPAMPA,PAP OXAPAMPA,OPERATIVO,08:45 a 16:45,Jirón Huancabamba S/N Mz. 162 Estadio Municipal Oxapampa,2025
SAN MARTIN,TOCACHE,UCHIZA,AG UCHIZA,OPERATIVO,08:45 a 16:45,Avenida Atahualpa N° 920,2025
PASCO,OXAPAMPA,PALCAZÚ,AG PALCAZU,OPERATIVO,08:45 a 16:45,Avenida Juan Santos Atahualpa Mz. U Lt. 01,2025
SAN MARTIN,TOCACHE,TOCACHE,PAP TOCACHE,OPERATIVO,08:45 a 16:45,Jirón San Juan Cdra 7 S/N Centro Cívico,2025
HUANUCO,HUANUCO,CHINCHAO,ORA ACOMAYO (MINSA),OPERATIVO,08:45 a 16:30,Pasaje Iguarizo S/N Mz. 6 Lt. 02,2025
SAN MARTIN,TOCACHE,TOCACHE,ORA HOSPITAL DE TOCACHE (MINSA),OPERATIVO,08:45 a 16:30,Jirón Ricardo Palma N° 550,2025
HUANUCO,HUANUCO,SANTA MARIA DEL VALLE,ORA SANTA MARIA DEL VALLE (MINSA),DESPLAZAMIENTO,08:45 a 16:30,Jirón Libertad  S/N Intersección Carretera Central ,2025
HUANUCO,HUANUCO ,AMARILIS ,ORA CARLOS SHOWING FERRARI (MINSA),OPERATIVO,08:45 a 16:30,Jirón Micaela Bastidas S/N Paucarbamba ,2025
PASCO,OXAPAMPA,OXAPAMPA,ORA HOSPITAL ERNESTO GERMAN GUZMAN GONZALES (MINSA),OPERATIVO,08:45 a 16:30,Jirón Eduardo Loechle S/N - Chontabamba,2025
HUANUCO,HUANUCO,HUANUCO,MAC - HUÁNUCO,OPERATIVO,08:30 a 16:30,"Jirón Independencia N° 1601, Centro Comercial Real Plaza, Primer Piso",2025
HUANUCO,PACHITEA,UMARI,ORA TAMBILLO UMARI (MINSA),DESPLAZAMIENTO,08:45 a 16:30,Carretera Huanuco - Panao Km 37,2025
HUANUCO,YAROWILCA,CHAVINILLO,ORA CHAVINILLO (MINSA),DESPLAZAMIENTO,08:45 a 16:30,Avenida San Juan N° 102,2025
PASCO,OXAPAMPA,CONSTITUCIÓN,AG CONSTITUCION,OPERATIVO,08:45 a 16:45,Avenida Fernando Belaunde S/N 4ta Etapa del Distrito de Constitución,2025
AMAZONAS,CHACHAPOYAS,CHACHAPOYAS,OR CHACHAPOYAS,OPERATIVO,08:45 a 16:45,Jirón Ortiz Arrieta 1135- 1137,2025
AMAZONAS,BAGUA,BAGUA,PAP BAGUA,OPERATIVO,08:45 a 16:45,Jirón Los Cedros Nº 263,2025
AMAZONAS,BONGARA,JAZAN,AG BONGARA,OPERATIVO,08:45 a 16:45,Avenida Marginal  Nº 100 -Pedro Ruíz,2025
AMAZONAS,LUYA ,LUYA ,AG LUYA,OPERATIVO PARCIAL,08:45 a 16:45,Jirón Diego Mori Zuta N° 447,2025
AMAZONAS,RODRIGUEZ DE MENDOZA,SAN NICOLÁS,AG RODRIGUEZ DE MENDOZA,OPERATIVO,08:45 a 16:45,Jr. Blas Valera N° 409,2025
AMAZONAS,CONDORCANQUI,NIEVA,PAP CONDORCANQUI,OPERATIVO,08:45 a 16:45,Calle Gonzalo puerta S/N,2025
AMAZONAS,UTCUBAMBA,BAGUA GRANDE,PAP UTCUBAMBA,OPERATIVO,08:45 a 16:45,Jirón Simón Bolivar N° 545,2025
CAJAMARCA,JAEN,JAEN,OR JAEN,OPERATIVO,08:45 a 16:45,Calle Mariscal Ureta Nº 915,2025
CAJAMARCA,SAN IGNACIO,SAN IGNACIO,PAP SAN IGNACIO,OPERATIVO,08:45 a 16:45,Pasaje Santa Rosa 107 - 109 - cuadra 1,2025
AMAZONAS,BAGUA,IMAZA,OR IMAZA,OPERATIVO ,08:45 a 16:45,Avenida Awajun 751 Centro Poblado Chiriaco,2025
AMAZONAS,CHACHAPOYAS,CHACHAPOYAS,ORA HOSPITAL REGIONAL VIRGEN DE FATIMA (MINSA),OPERATIVO,08:45 a 16:30,Pasaje Daniel Alcides Carrión N° 035,2025
AMAZONAS,BAGUA,BAGUA,ORA HOSPITAL DE APOYO GUSTAVO LANATTA LUJAN (MINSA),OPERATIVO,08:45 a 16:30,Avenida Héroes de Cenepa N°980,2025
CAJAMARCA,JAEN,JAEN,ORA HOSPITAL GENERAL DE JAEN (MINSA),OPERATIVO,08:45 a 16:30,Prolongación Huamantanga s/n,2025
AMAZONAS,BAGUA,IMAZA,ORA CHIRIACO (MINSA),OPERATIVO,08:45 a 16:30,Calle Junin S/N,2025
AMAZONAS,UTCUBAMBA,BAGUA GRANDE,ORA HOSPITAL DE APOYO SANTIAGO APOSTOL DE UTCUBAMBA (MINSA),OPERATIVO,08:45 a 16:30,Jirón San Felipe Santiago N°111,2025
CAJAMARCA,SAN IGNACIO,SAN IGNACIO,ORA SAN IGNACIO (MINSA),OPERATIVO,08:45 a 16:30,"Avenida Abelardo Quiñones S/N, Sector Santiago",2025
AMAZONAS,BONGARA,FLORIDA,ORA POMACOCHAS (MINSA),OPERATIVO ,08:45 a 16:30,Jirón Pomacochas S/N ,2025
AMAZONAS,CONDORCANQUI,NIEVA,ORA SANTA MARIA DE NIEVA (MINSA),OPERATIVO,08:45 a 16:30,Jirón Javier Pérez de Cuellar S/N Mz. N Lt. 03 Asent.Humano Héctor Peas Tsegkuan,2025
AMAZONAS,UTCUBAMBA,LONYA GRANDE,ORA LONYA GRANDE (MINSA),OPERATIVO ,08:45 a 16:30,Jirón Alto Amazonas 340,2025
AMAZONAS,CONDORCANQUI,RIO SANTIAGO,ORA GALILEA (MINSA),OPERATIVO,08:45 a 16:30,Jirón La Amistad S/N,2025
CAJAMARCA,JAEN,PUCARA,PAP PUCARA,OPERATIVO PARCIAL,08:45 a 16:45,Jiron Lindo 548,2025
LAMBAYEQUE,CHICLAYO,CHICLAYO,ORA HOSPITAL REGIONAL DOCENTE LAS MERCEDES (MINSA),OPERATIVO,08:45 a 16:30 ,Avenida Luis Gonzáles  Nº 635,2026
LAMBAYEQUE,CHICLAYO,CHICLAYO,ORA HOSPITAL ALMANZOR AGUINAGA ASENJO (ESSALUD),OPERATIVO,08:45 a 16:30,Plaza Plaza de la Seguridad Social S/N,2026
PIURA,SULLANA,SULLANA,ORA HOSPITAL DE APOYO II-SULLANA (MINSA),OPERATIVO,08:45 a 16:30,Avenida Santa Rosa S/N,2026
CAJAMARCA,CUTERVO,CUTERVO,PAP CUTERVO,OPERATIVO,08:45 a 16:45,Jirón Comercio N° 1105-1107 Mz. 203 Lt. 14-Urb. Los Jardines ,2026
CAJAMARCA,CHOTA,CHOTA,OR CHOTA,OPERATIVO,08:45 a 16:45,Jirón 30 de Agosto N° 848,2026
CAJAMARCA,SANTA CRUZ,SANTA CRUZ,PAP SANTA CRUZ,OPERATIVO,08:45 a 16:45,Jirón Domingo Negrón Nº 399,2026
LAMBAYEQUE,CHICLAYO,JOSE LEONARDO ORTIZ,OR JOSÉ LEONARDO ORTIZ,OPERATIVO,08:45 a 16:45,Calle Cacique Cinto Nº 317 Urb. Latina,2026
LAMBAYEQUE,CHICLAYO,CHICLAYO,OR CHICLAYO,OPERATIVO,08:45 a 16:45,Avenida Balta N° 680 y esquina con Av. Elias Aguirre,2026
LAMBAYEQUE,FERREÑAFE,FERREÑAFE,PAP FERREÑAFE,OPERATIVO,08:45 a 16:45,Calle Tres Marías Nº 717 – B,2026
LAMBAYEQUE,LAMBAYEQUE,LAMBAYEQUE,PAP LAMBAYEQUE,OPERATIVO,08:45 a 16:45,Avenida Huamachuco N° 342,2026
CAJAMARCA,CUTERVO,CUTERVO,ORA SANTA MARIA DE CUTERVO (MINSA),OPERATIVO,08:45 a 16:30,Jirón Ica S/N,2026
CAJAMARCA,CHOTA,CHOTA,ORA HOSPITAL DE APOYO CHOTA - JOSE SOTO CADENILLAS (MINSA),OPERATIVO,08:45 a 16:30,Jirón Ezequiel Montoya Nª 718,2026
PIURA,PIURA,PIURA,OR PIURA,OPERATIVO,07:45 a 19:45,Calle Libertad Nº 568,2026
PIURA,AYABACA,AYABACA,PAP AYABACA,OPERATIVO,08:45 a 16:45,Calle Bolognesi N° 181,2026
PIURA,HUANCABAMBA,HUANCABAMBA,PAP HUANCABAMBA,OPERATIVO,08:45 a 16:45, Complejo Terminal Terrestre S/N - Stand 14,2026
PIURA,MORROPON,CHULUCANAS,AG CHULUCANAS,OPERATIVO,08:45 a 16:45,Calle Cuzco N° 202,2026
PIURA,PAITA,PAITA,PAP PAITA,OPERATIVO,08:45 a 16:45,Jirón San Martin S/N Plaza de Armas - Municipalidad de Paita,2026
PIURA,SULLANA,SULLANA,OR SULLANA,OPERATIVO,08:45 a 16:45,Calle Leoncio Prado Nº 517 ,2026
PIURA,TALARA,PARIÑAS,AG TALARA,OPERATIVO,08:45 a 16:45,Zona ex cementerio Mz c Lt 8 - Talara,2026
PIURA,SECHURA,SECHURA,PAP SECHURA,OPERATIVO,08:45 a 16:45,Calle Dos de Mayo Nº 618 - Plaza de Armas - Municipalidad de Sechura,2026
PIURA,PIURA,TAMBO GRANDE,PAP TAMBOGRANDE,OPERATIVO,08:45 a 16:45,Jirón Piura 375,2026
PIURA,PIURA,PIURA,MAC - PIURA,OPERATIVO, Viernes 08:30 a 16:30 y sabado 08:30 a 12:30,Avenida Sanchez Cerro con Vice Centro Comercial Real Plaza,2026
PIURA,PAITA,PAITA,ORA HOSPITAL LAS MERCEDES-PAITA (MINSA),OPERATIVO,08:45 a 16:30, Zona Industrial Sector II Mz. H Lt. 1 Jr. Los Pescadores S/N ,2026
TUMBES,TUMBES,TUMBES,OR TUMBES,OPERATIVO,08:45 a 16:45,Avenida Tumbes Norte  Nº 550,2026
TUMBES,CONTRALMIRANTE VILLAR,ZORRITOS,PANP CONTRALMIRANTE VILLAR - ZORRITOS,DESPLAZAMIENTO, SOLO LOS JUEVES 08:45 a 16:45,Avenida Grau Nº 305,2026
TUMBES,ZARUMILLA,ZARUMILLA,PAP ZARUMILLA,OPERATIVO,08:45 a 16:45,Avenida El Ejérrcito Nº 105 - Interior Biblioteca Municipal,2026
LAMBAYEQUE,LAMBAYEQUE,OLMOS,PANP OLMOS,DESPLAZAMIENTO ,SOLO MIERCOLES Y JUEVES 08:45 a 16:45,Avenida A. B. Leguía/Calle Alfonso Ugarte,2026
PIURA,PIURA,TAMBO GRANDE,ORA TAMBO GRANDE (MINSA),OPERATIVO,08:45 a 16:30,"Avenida Froilan Alama,, AA.HH.Froilan Alama",2026
LAMBAYEQUE,LAMBAYEQUE,LAMBAYEQUE,ORA HOSPITAL PROVINCIAL DOCENTE BELEN-LAMBAYEQUE (MINSA),OPERATIVO,08:45 a 16:30,Avenida Ramón Castilla Nº 597,2026
TUMBES,TUMBES,TUMBES,ORA HOSPITAL REGIONAL JOSE ALFREDO MENDOZA OLAVARRIA JAMO II-2 (MINSA),OPERATIVO,08:45 a 16:30,Avenida 24 de Julio Nº 565 ,2026
PIURA,PIURA,CATACAOS,ORA CENTRO DE SALUD MATERNO INFANTIL-CATACAOS (MINSA),OPERATIVO,08:45 a 16:30,Avenida Cayetano Heredia 1108 - Catacos,2026
PIURA,PIURA,VEINTISEIS DE OCTUBRE,ORA HOSPITAL DE LA AMISTAD PERU - COREA SANTA ROSA II-2 (MINSA),OPERATIVO,08:45 a 16:30,Avenida Prolongación Av. Grau/Av. Chulucanas ,2026
LAMBAYEQUE,CHICLAYO,CHICLAYO,ORA HOSPITAL REGIONAL LAMBAYEQUE (MINSA),OPERATIVO,08:45 a 16:30,Avenida Intersección de Carretera Panamerica Norte y Vía de Evitamiento S/N,2026
PIURA,MORROPON,CHULUCANAS,ORA HOSPITAL DE APOYO CHULUCANAS (MINSA),OPERATIVO,08:45 a 16:30,Calle Daniel alcides carrion S/N Asent .H. vate manrique,2026
LAMBAYEQUE,CHICLAYO,CHICLAYO,AGENTE RENIEC - OR CHICLAYO,OPERATIVO,08:45 a 16:45,Avenida Balta N° 680 y esquina con Av. Elias Aguirre,2026
PIURA,PIURA,PIURA,AGENTE RENIEC - OR PIURA,OPERATIVO,08:45 a 16:45,Calle Libertad Nº 568,2026
PIURA,AYABACA,FRIAS,OR FRIAS,OPERATIVO,08:45 a 16:45,Calle Lima 235 - interior Municipalidad Distrital de Frias,2026
LA LIBERTAD,TRUJILLO,TRUJILLO,ORA REGIONAL DOCENTE DE TRUJILLO (MINSA),OPERATIVO,08:45 a 13:00 - 14:00 a 16:30,Avenida Mansiche Nº 795,2026
CAJAMARCA,CAJAMARCA,CAJAMARCA,ORA REGIONAL CAJAMARCA (MINSA),OPERATIVO,08:45 a 16:30,Jirón Larry Jhonson S/N Cdra. 8,2026
LA LIBERTAD,TRUJILLO,TRUJILLO,ORA HOSPITAL BELEN DE TRUJILLO (MINSA),OPERATIVO,08:45 a 16:30,Calle Bolívar Nº 350,2026
CAJAMARCA,CAJAMARCA,CAJAMARCA,OR CAJAMARCA,OPERATIVO,8:45  A 16:45,Jirón Del Comercio Nº 633,2026
CAJAMARCA,CAJABAMBA,CAJABAMBA,PAP CAJABAMBA,OPERATIVO,08:45 a 16:45,Jirón Miguel Grau Nº 224-226-228 Mz. 31 Lt. 2 ,2026
CAJAMARCA,CELENDIN,CELENDÍN,PAP CELENDIN,OPERATIVO,08:45 a 16:45,Jirón Pardo N° 610,2026
CAJAMARCA,CONTUMAZA,CONTUMAZÁ,PAP CONTUMAZA,OPERATIVO,08:45 a 13:00 - 14:00 a 16:45 ,Jirón Miguel Grau Nº 212,2026
CAJAMARCA,HUALGAYOC,BAMBAMARCA,PAP HUALGAYOC,OPERATIVO,08:45 a 16:45,Jirón 07 de Junio Nº 470,2026
CAJAMARCA,SAN MIGUEL,SAN MIGUEL,PAP SAN MIGUEL,OPERATIVO,08:45 a 13:00 - 14:00 a 16:45 ,Jirón Bolognesi N° 364,2026
CAJAMARCA,SAN MARCOS,PEDRO GÁLVEZ,PAP SAN MARCOS,OPERATIVO,08:45 a 16:45,Jirón Alfonso Ugarte N° 325 (Mz. 46 Lt. 17 Centro Poblado San Marcos).,2026
CAJAMARCA,SAN PABLO,SAN PABLO,PAP SAN PABLO,OPERATIVO,08:45 a 13:00 - 14:00 a 16:45 ,Jirón Plaza de Armas S/N,2026
LA LIBERTAD,TRUJILLO,VICTOR LARCO HERRERA,OR TRUJILLO II,OPERATIVO,8:45  A 16:45,Avenida Víctor Larco N° 1096. Urb. Vista Alegre,2026
LA LIBERTAD,PATAZ,PARCOY,OR PARCOY,OPERATIVO,08:45 a 13:00 - 14:00 a 16:45 ,Jirón San Martín N° 859,2026
LA LIBERTAD,TRUJILLO,TRUJILLO,OR TRUJILLO ,OPERATIVO,8:45  A 16:45,Avenida Pablo Casals Mz. A Lt. 6 Urb. Los Cedros,2026
LA LIBERTAD,BOLIVAR,BOLÍVAR,PAP BOLIVAR,OPERATIVO,08:45 a 13:00 - 14:00 a 16:45 ,Jirón Bolivar S/N - Mz. 20 Lt. 8,2026
LA LIBERTAD,SANCHEZ CARRION,HUAMACHUCO,AG SANCHEZ CARRION,OPERATIVO,8:45  A 16:45,Jirón Alfonso Ugarte N° 567,2026
LA LIBERTAD,OTUZCO,OTUZCO,AG OTUZCO,OPERATIVO,08:45 a 16:45,Pasaje Elías Armas Castillo Lt. 5-E1 Mz. 28,2026
LA LIBERTAD,PACASMAYO,SAN PEDRO DE LLOC,AG PACASMAYO,OPERATIVO,08:45 a 16:45,Jirón Alianza Nº 524,2026
LA LIBERTAD,PATAZ,TAYABAMBA,PAP PATAZ,OPERATIVO,08:45 a 13:00 - 14:00 a 16:45 ,Jirón Sucre 337 1er Piso Centro Civico,2026
LA LIBERTAD,SANTIAGO DE CHUCO,SANTIAGO DE CHUCO,PAP SANTIAGO DE CHUCO,OPERATIVO,08:45 a 13:00 - 14:00 a 16:45 ,Calle Luis de La Puente Uceda  Nº 1120,2026
LA LIBERTAD,ASCOPE,ASCOPE,PAP ASCOPE,OPERATIVO,08:45 a 16:45,"Calle Miguel Grau N° 879, Ascope - 1er Piso",2026
LA LIBERTAD,CHEPEN,CHEPEN,PAP CHEPEN,OPERATIVO,08:45 a 16:45,Calle Manuel Seoane  N° 136. Chepen,2026
LA LIBERTAD,GRAN CHIMU,CASCAS,PAP GRAN CHIMU,OPERATIVO,08:45 a 13:00 - 14:00 a 16:45 ,Jr. San Martin S/N ,2026
LA LIBERTAD,VIRU,VIRU,PAP VIRU,OPERATIVO,08:45 a 16:45,  Mz. A Lt. N° 08 Urb. Las Palmeras,2026
CAJAMARCA,HUALGAYOC,BAMBAMARCA,ORA BAMBAMARCA - TITO VILLAR CABEZAS (MINSA),OPERATIVO,08:45 a 13:00 - 14:00 a 16:30,Barrio Amazonas - Bambamarca,2026
CAJAMARCA,CELENDIN,CELENDÍN,ORA DE APOYO CELENDIN (MINSA),OPERATIVO,08:45 a 13:00 - 14:00 a 16:30 ,Avenida Túpac Amaru Cdra. 4,2026
CAJAMARCA,CAJABAMBA,CAJABAMBA,ORA HOSPITAL NUESTRA SEÑORA DEL ROSARIO (MINSA),OPERATIVO,08:45 a 13:00 - 14:00 a 16:30,Caserio Parubamba,2026
CAJAMARCA,SAN MARCOS,PEDRO GÁLVEZ,ORA SAN MARCOS (MINSA),OPERATIVO,08:45 a 13:00 - 14:00 a 16:30,Avenida 28 de Julio S/N Cdra.2,2026
LA LIBERTAD,TRUJILLO,EL PORVENIR,OR EL PORVENIR,OPERATIVO,8:45  A 16:45,Jirón Gabriel Aguilar Nº 1657. 2do piso.,2026
LA LIBERTAD,TRUJILLO,ALTO TRUJILLO,OR ALTO TRUJILLO,OPERATIVO,8:45  A 16:45, Barrio 3 Mz T Lt. 2,2026
CAJAMARCA,CAJAMARCA,CAJAMARCA,ORA SIMON BOLIVAR (MINSA),OPERATIVO,08:45 a 16:30,Avenida Mario Urteaga N° 500,2026
LA LIBERTAD,PACASMAYO,GUADALUPE,ORA DE APOYO TOMÁS LAFORA (MINSA),OPERATIVO,08:45 a 13:00 - 14:00 a 16:30,Calle La Victoria S/N,2026
CAJAMARCA,CAJAMARCA,LOS BAÑOS DEL INCA,ORA BAÑOS DEL INCA (MINSA),OPERATIVO,08:45 a 13:00 - 14:00 a 16:30,Jirón Pachacútec N° 489,2026
LA LIBERTAD,TRUJILLO,LA ESPERANZA,ORA DISTRITAL JERUSALEN (MINSA),OPERATIVO,08:45 a 13:00 - 14:00 a 16:30 ,Pasaje 1 Barrio 3 Mz. 20 Lt. 02 Sector Jerusalén,2026
LA LIBERTAD,PATAZ,CHILLIA,AG CHILLIA,OPERATIVO,08:45 a 13:00 - 14:00 a 16:45 ,Jirón Miraflores S/N,2026
LA LIBERTAD,SANTIAGO DE CHUCO,SANTIAGO DE CHUCO,ORA DE APOYO CESAR ABRAHAM VALLEJO MENDOZA (MINSA),OPERATIVO,08:45 a 13:00 - 14:00 a 16:30 ,Calle Gustavo Pinillo S/N - Barrio San Cristobal,2026
LA LIBERTAD,CHEPEN,CHEPEN,ORA DE APOYO CHEPEN (MINSA),DESPLAZAMIENTO,08:45 a 13:00 - 14:00 a 16:30 ,Avenida 28 de Julio S/N,2026
LA LIBERTAD,SANCHEZ CARRION,HUAMACHUCO,ORA DE APOYO LEONCIO PRADO (MINSA),OPERATIVO,08:45 a 13:00 - 14:00 a 16:30 ,Avenida 10 de Julio N° 209,2026
LA LIBERTAD,OTUZCO,OTUZCO,ORA DE APOYO OTUZCO ELPIDIO BEROVIDES PEREZ (MINSA),OPERATIVO,08:45 a 13:00 - 14:00 a 16:30 ,Calle Progreso N° 385,2026
LA LIBERTAD,ASCOPE,PAIJAN,ORA PAIJAN (MINSA),DESPLAZAMIENTO,08:45 a 13:00 - 14:00 a 16:30 ,Carretera Vía Panamericana S/N Sector Manco Capac,2026
CAJAMARCA,CAJAMARCA,CAJAMARCA,MAC - CAJAMARCA,OPERATIVO,08:30 a 16:30,Avenida Via De Evitamiento. Jr. El Mutuy y Av. La Cantuta - Cajamarca - Centro Comercial Real Plaza 2do. Piso,2026
LA LIBERTAD,VIRU,VIRU,ORA PROVINCIAL DE VIRÚ (MINSA),OPERATIVO,08:45 a 13:00 - 14:00 a 16:30,Calle Sucre Nº 799,2026
LA LIBERTAD,TRUJILLO,TRUJILLO,ORA HOSPITAL VÍCTOR LAZARTE ECHEGARAY (ESSALUD),OPERATIVO,08:45 a 13:00 - 14:00 a 16:30 ,Avenida Prolongación Unión 1375,2026
CAJAMARCA,CONTUMAZA,CHILETE,PANP CHILETE,OPERATIVO,08:45 a 13:00 - 14:00 a 16:45 ,Jr. Arequipa N° 330,2026
LA LIBERTAD,JULCAN,JULCAN,PAP JULCAN,OPERATIVO,08:45 a 13:00 - 14:00 a 16:45 ,"Avenida 28 de Julio N° 201, Centro Cívico",2026
LA LIBERTAD,TRUJILLO,TRUJILLO,AGENTE RENIEC - OR TRUJILLO,OPERATIVO,08:45 a 16:45,Avenida Pablo Casals Mz. A Lt. 6 Urb. Los Cedros,2026
SAN MARTIN,SAN MARTIN,TARAPOTO,ORA HOSPITAL TARAPOTO (MINSA),OPERATIVO,08:45 a 16:30,Jirón Angel Delgado Morey Nº 503,2026
LORETO,DATEM DEL MARAÑON,BARRANCA,PAP DATEM DEL MARAÑON,OPERATIVO,08:45 a 16:45,Calle Tigre Mz. 31 Lt. 08 - San Lorenzo,2026
SAN MARTIN,RIOJA,NUEVA CAJAMARCA,AG NUEVA CAJAMARCA,OPERATIVO,08:45 a 16:45,Carretera Fernando Belaunde Terry Altura del Km. 447.50 ,2026
LORETO,ALTO AMAZONAS,YURIMAGUAS,AG ALTO AMAZONAS,OPERATIVO,08:45 a 16:45,Calle Mariscal Castilla N° 411,2026
SAN MARTIN,MOYOBAMBA ,MOYOBAMBA,ORA HOSPITAL MOYOBAMBA (MINSA),OPERATIVO,08:45 a 16:30,Jirón Grau cuadra 4,2026
SAN MARTIN,MOYOBAMBA ,MOYOBAMBA,AG MOYOBAMBA,OPERATIVO,08:45 a 16:45,Jirón Dos de Mayo Mz. 1530 Lt. 14 (837),2026
SAN MARTIN,HUALLAGA,SAPOSOA,AG HUALLAGA,OPERATIVO,08:45 a 16:45,Jirón Lima N° 591,2026
SAN MARTIN,LAMAS,LAMAS,AG LAMAS,OPERATIVO,08:45 a 16:45,Jirón San Martín N° 984,2026
SAN MARTIN,MARISCAL CACERES,JUANJUI,AG MARISCAL CACERES,OPERATIVO,08:45 a 16:45,Jirón Eduardo Peña Meza N° 772 ,2026
SAN MARTIN,RIOJA,RIOJA,OR RIOJA,OPERATIVO,08:45 a 16:45,Jirón Angaiza N° 530,2026
SAN MARTIN,SAN MARTIN ,TARAPOTO,OR TARAPOTO,OPERATIVO,08:45 a 16:45,Jirón Jiménez Pimentel N° 280 ,2026
SAN MARTIN,BELLAVISTA,BELLAVISTA,AG BELLAVISTA,OPERATIVO,08:45 a 16:45,Jirón Huallaga - Iquitos Mz. 7 Lt. 27 - A.  1er. Piso,2026
SAN MARTIN,PICOTA,PICOTA,AG PICOTA,OPERATIVO,08:45 a 16:45,"Jirón Simón Bolívar, cuadra 4",2026
LORETO,DATEM DEL MARAÑON,BARRANCA,ORA SAN LORENZO - NUCLEO BASE (MINSA),OPERATIVO,08:45 a 16:30,Barrio Daniel Alcides Carrión S/N - Barrio Huacachina,2026
SAN MARTIN,SAN MARTIN ,LA BANDA DE SHILCAYO,AG LA BANDA DE SHILCAYO,OPERATIVO,08:45 a 16:45,Jirón Yurimaguas N° 340,2026
SAN MARTIN,MARISCAL CACERES,JUANJUI,ORA HOSPITAL JUANJUI (MINSA),OPERATIVO,08:45 a 16:30,Jirón Arica N° 205,2026
SAN MARTIN,RIOJA,RIOJA,ORA HOSPITAL DE RIOJA (MINSA),OPERATIVO,08:45 a 16:30,Jirón Túpac Amaru S/N,2026
SAN MARTIN,SAN MARTIN,MORALES,PANP MORALES,OPERATIVO,08:45 a 16:45,Jirón Tarapoto N° 116 Plaza de Armas,2026
LORETO,ALTO AMAZONAS,YURIMAGUAS,ORA HOSPITAL SANTA GEMA YURIMAGUAS (MINSA),OPERATIVO,08:45 a 16:30,CALLE HUALLAGA  C-4,2026
LORETO,MAYNAS,PUNCHANA,"ORA HOSPITAL REGIONAL DE LORETO ""FELIPE ARRIOLA IGLESIAS""",OPERATIVO,08:45 a 16:30,Avenida 28 de Julio S/N,2026
LORETO,MAYNAS,IQUITOS,"ORA HOSPITAL IQUITOS ""CESAR GARAYAR GARCIA""",OPERATIVO,08:45 a 16:30,Calle Cornejo Portugal 1710,2026
LORETO,MAYNAS,BELÉN,OR BELEN,OPERATIVO,08:45 a 16:45,Calle Miraflores S/N P. J. 09 de Octubre,2026
LORETO,MAYNAS,IQUITOS,OR IQUITOS,OPERATIVO,07:00 a 19:00,Jirón Próspero Nº 201,2026
LORETO,LORETO,NAUTA,PAP NAUTA,OPERATIVO,08:45 a 16:45,Cal. Manuel Pacaya N° 570 centro cívico,2026
LORETO,REQUENA,REQUENA,PAP REQUENA,OPERATIVO,08:45 a 16:45,Calle San Antonio S/N Anexo Hotel Municipal,2026
LORETO,MARISCAL RAMON CASTILLA,RAMON CASTILLA,PAP MARISCAL RAMON CASTILLA - CABALLOCOCHA,OPERATIVO,08:45 a 16:45,Calle Ayacucho Mz. 22 Lt. 4 C con Amazonas S/N - Local Municipal,2026
LORETO,MAYNAS,SAN JUAN BAUTISTA,OR SAN JUAN BAUTISTA,OPERATIVO,08:45 a 16:45,Avenida Abelardo Quiñones Nº 2371 Km. 2.5 ,2026
LORETO,MARISCAL RAMON CASTILLA,YAVARI,PAP YAVARI,OPERATIVO,08:45 a 16:45,Calle Nueva Jerusalen S/N Local Municipal,2026
LORETO,PUTUMAYO,PUTUMAYO,PAP PUTUMAYO,OPERATIVO,08:45 a 16:45,Calle Arequipa S/N,2026
LORETO,MAYNAS,PUNCHANA,PAP PUNCHANA,OPERATIVO,08:45 a 16:45,"Calle Cusco S/N, cuadra 5, esquina con Trujillo.",2026
LORETO,REQUENA,REQUENA,ORA REQUENA,OPERATIVO,08:45 a 16:30,Calle Mártires del Petroléo S/N - Malecon Grau,2026
LORETO,MARISCAL RAMON CASTILLA,RAMON CASTILLA,ORA CABALLOCOCHA,OPERATIVO,08:45 a 16:30,Calle Progreso N° 425,2026
LORETO,MAYNAS,PUNCHANA,MAC - LORETO,OPERATIVO,08:30 a 16:30,Avenida La Marina Nº  1338,2026
LORETO,MAYNAS,IQUITOS,AGENTE RENIEC - OR IQUITOS,OPERATIVO,08:45 a 16:45,Jirón Próspero Nº 201,2026
LORETO,PUTUMAYO,TENIENTE MANUEL CLAVERO,PAP SOPLIN VARGAS,OPERATIVO,08:45 a 16:45,Plaza de armas S/N,2026
LORETO,MARISCAL RAMON CASTILLA,SANTA ROSA DE LORETO,PAP SANTA ROSA DE LORETO ,OPERATIVO,08:45 a 16:45,Calle mi Perú S/N,2026
ANCASH,SANTA,CHIMBOTE,OR SANTA,OPERATIVO,08:45 a 16:45,Jirón Enrique Palacios Nº 504-506 esquina con Jr. Ladislao Espinar Nº 401,2026
ANCASH,SANTA,CHIMBOTE,AGENTE RENIEC - MEGA PLAZA CHIMBOTE,OPERATIVO,08:45 a 16:45," Mz. B Lt. 1-A-1-A2 Sector Parque Gran Chavín, Centro Comercial Megaplaza Chimbote",2026
ANCASH,SANTA,CHIMBOTE,MAC - ANCASH,OPERATIVO,08:30 a 16:30," Mz. B Lt. 1-A-1-A2 Sector Parque Gran Chavín, Centro Comercial Megaplaza Chimbote",2026
ANCASH,SANTA,NUEVO CHIMBOTE,AG NUEVO CHIMBOTE,OPERATIVO,08:45 a 16:45, Mz. 74-75 Lt. 1 del Centro Cívico de la Municipalidad Distrital de Nuevo Chimbote,2026
ANCASH,HUARAZ,HUARAZ,AG HUARAZ,OPERATIVO,08:45 a 16:45,"Jirón Agustin Loly N° 756, Mz. 29A Lt. 27, Barrio La Soledad Alta, intersección con Jr. Agustin Mejía",2026
ANCASH,HUAYLAS,CARAZ,AG HUAYLAS,OPERATIVO,08:45 a 16:45,Jirón Raimondi N° 215,2026
ANCASH,HUARI,HUARI,AG HUARI,OPERATIVO,08:45 a 16:45,Jirón Libertad Mz. P2 Lt. 003,2026
ANCASH,POMABAMBA,POMABAMBA,AG POMABAMBA,OPERATIVO,08:45 a 16:45,Jirón Huaraz Nº 369,2026
ANCASH,SIHUAS,SIHUAS,AG SIHUAS,OPERATIVO,08:45 a 16:45,"Jirón Gomes Arias 106, Barrio Pingullo Alto",2026
ANCASH,PALLASCA,PAMPAS,AG PAMPAS,OPERATIVO,08:45 a 16:45,Calle Plaza de Armas S/N - Municipalidad Distrital de Pampas - 1er piso,2026
ANCASH,CASMA,CASMA,PAP CASMA,OPERATIVO,08:45 a 16:45, Sector Hijuela Mz. C Lt. 13 del Centro Cívico de la Municipalidad Provincial de Casma,2026
ANCASH,HUARMEY,HUARMEY,PAP HUARMEY,OPERATIVO,08:45 a 16:45, 1er. Pabellón S/N del Centro Cívico de la Municipalidad Provincial de Huarmey,2026
ANCASH,RECUAY,RECUAY,PAP RECUAY,OPERATIVO,08:45 a 16:45,Calle Plaza de Armas Nº 180 Municipalidad Distrital de Recuay,2026
ANCASH,CARHUAZ,CARHUAZ,PAP CARHUAZ,OPERATIVO,08:45 a 16:45,Avenida La Merced Nº 1006,2026
ANCASH,YUNGAY,YUNGAY,PAP YUNGAY,OPERATIVO,08:45 a 16:45,Avenida Arias Grazziani Lt. 1-2 Centro Cívico de la Municipalidad Provincial de Yungay,2026
ANCASH,CARLOS FERMIN FITZCARRALD,SAN LUIS,PAP CARLOS FERMÍN FITZCARRALD,OPERATIVO,08:45 a 16:45,Avenida Ramón Castilla N° 320 - 1er. piso Centro Cívico de la Municipalidad Provincial de C. F. Fitzcarrald,2026
ANCASH,MARISCAL LUZURIAGA,PISCOBAMBA,PAP MARISCAL LUZURIAGA,OPERATIVO,08:45 a 16:45,"Jirón San Pablo S/N, Centro Cívico de la Municipalidad Provincial de Mariscal Luzuriaga",2026
ANCASH,SANTA,CHIMBOTE,ORA HOSPITAL LA CALETA (Chimbote),OPERATIVO,08:45 a 16:30,Avenida Malecon Grau S/N,2026
ANCASH,SANTA,CHIMBOTE,ORA HOSPITAL ESSALUD III CHIMBOTE,OPERATIVO,08:45 a 16:30,Avenida Circunvalación Nº 119 Urb. Laderas del Norte,2026
ANCASH,SANTA,NUEVO CHIMBOTE,ORA HOSPITAL ELEAZAR GUZMÁN BARRÓN (Nuevo Chimbote),OPERATIVO,08:45 a 16:30,"Avenida Brasil S/N, Urb. Santa Cristina (Hospital Regional Eleazar Guzmán Barrón puerta de Emergencia)",2026
ANCASH,HUARAZ,HUARAZ,ORA HOSPITAL VÍCTOR RAMOS GUARDIA (Huaraz),OPERATIVO,08:45 a 16:30,"Avenida Mariscal Luzuriaga cdra. 01, cruce con Jr. Pedro Villón cdra. 10",2026
ANCASH,HUAYLAS,CARAZ,ORA HOSPITAL DE APOYO CARAZ,OPERATIVO,08:45 a 16:30,Avenida 9 de Octubre S/N,2026
ANCASH,HUARI,HUARI,ORA HOSPITAL DE APOYO HUARI,OPERATIVO,08:45 a 16:30,Avenida Circunvalación Baja S/N,2026
ANCASH,CORONGO,CORONGO,PANP CORONGO,DESPLAZAMIENTO,08:45 a 16:45,"Jirón Grau N° 206, primer piso de la Municipalidad Provincial de Corongo",2026
ANCASH,PALLASCA,CABANA,PANP PALLASCA,DESPLAZAMIENTO,08:45 a 16:45,"Avenida Plaza de Armas N° 103, primer piso de la Municipalidad Provincial de Pallasca",2026
ANCASH,AIJA,AIJA,PANP AIJA,DESPLAZAMIENTO,08:45 a 16:45,"Jirón Gavino Uribe S/N Plaza de Armas, 1er piso de la Municipalidad Provincial de Aija",2026
ANCASH,BOLOGNESI,CHIQUIAN,PANP BOLOGNESI,DESPLAZAMIENTO,08:45 a 16:45,"Jirón Tacna 320, primer piso del Centro Cívico de la Municipalidad Distrital de Chiquian",2026
ANCASH,YUNGAY,YANAMA,AG YANAMA,DESPLAZAMIENTO,08:45 a 16:45,Jirón Yungay S/N cdra. 03,2026
ANCASH,MARISCAL LUZURIAGA,LLUMPA,PANP LLUMPA,DESPLAZAMIENTO,08:45 a 16:45, Plaza de Armas S/N,2026
ANCASH,ASUNCION,CHACAS,PANP ASUNCIÓN,DESPLAZAMIENTO,08:45 a 16:45,Jirón Coliseo de Chacas S/N,2026
ANCASH,HUARI,CHAVIN DE HUANTAR,PANP CHAVÍN DE HUANTAR,DESPLAZAMIENTO,08:45 a 16:45,"Jirón San Martin S/N, 1er piso del Centro Cívico de la Municipalidad Distrital de Chavin de Huantar",2026
ANCASH,HUARI,SAN MARCOS,PANP SAN MARCOS ,DESPLAZAMIENTO,08:45 a 16:45,"Jirón Progreso 332, Plaza de Armas de San Marcos",2026
ANCASH,HUACAYBAMBA,HUACAYBAMBA,PANP HUACAYBAMBA,DESPLAZAMIENTO,08:45 a 16:45,"Avenida El Ejercito S/N Barrio San Pedro, 1er piso Municipalidad Provincial de Huacaybamba",2026
ANCASH,ANTONIO RAIMONDI,LLAMELLIN,PANP ANTONIO RAIMONDI,DESPLAZAMIENTO,08:45 a 16:45,Jirón Simón Bolívar N° 229,2026
ANCASH,HUARI,UCO,PANP UCO,DESPLAZAMIENTO,08:45 a 16:45,"Jirón Nicolas de Piérola S/N Plaza de Armas, 1er piso de la Municipalidad Distrital de Uco",2026
JUNIN,HUANCAYO,EL TAMBO,OR HUANCAYO,OPERATIVO,08:45 a 16:45,AVENIDA MARISCAL CASTILLA Nº 1801,2026
JUNIN,TARMA,TARMA,OR TARMA,OPERATIVO,08:45 a 16:45,JIRÓN AREQUIPA Nº 939,2026
JUNIN,CHANCHAMAYO,LA MERCED,OR CHANCHAMAYO,OPERATIVO,08:45 a 16:45,PROLONGACIÓN TARMA Nº 242,2026
JUNIN,SATIPO,PANGOA,PAP PANGOA,OPERATIVO,08:45 a 16:45,CALLE 07 DE JUNIO Nº 641 PLAZA PRINCIPAL CENTRO CIVICO,2026
JUNIN,SATIPO,MAZAMARI,PAP MAZAMARI,OPERATIVO,08:45 a 16:45,AVENIDA SAN JUAN N° 377,2026
JUNIN,CONCEPCION,CONCEPCIÓN,PAP CONCEPCIÓN,OPERATIVO,08:45 a 16:45,JIRÓN RICARDO PALMA S/N MERCADO MODELO INTERIOR 1 ,2026
JUNIN,JAUJA,JAUJA,PAP JAUJA,OPERATIVO,08:45 a 16:45,JIRÓN SUCRE N° 889,2026
JUNIN,JUNIN,JUNIN,PAP JUNIN,OPERATIVO,08:45 a 16:45,JIRÓN SIMÓN BOLIVAR N° 820,2026
JUNIN,YAULI,SANTA ROSA DE SACCO,PAP YAULI,OPERATIVO,08:45 a 16:45,AVENIDA MIGUEL GRAU N° 309,2026
JUNIN,SATIPO,SATIPO,PAP SATIPO,OPERATIVO,08:45 a 16:45,AVENIDA MICAELA BASTIDAS 747 - INT. 1A - CENTRO CIVICO,2026
JUNIN,CHUPACA,CHUPACA,PAP CHUPACA,OPERATIVO,08:45 a 16:45,JIRÓN GRAU N° 195 - CENTRO CÍVICO,2026
JUNIN,CHANCHAMAYO,PICHANAQUI,PAP PICHANAQUI,OPERATIVO,08:45 a 16:45,JIRÓN INDEPENDENCIA S/N PALACIO MUNICIPAL,2026
JUNIN,HUANCAYO,HUANCAYO,"ORA REGIONAL DOCENTE MATERNO INFANTIL ""EL CARMEN""",OPERATIVO,08:45 a 16:30,JIRÓN PUNO Nº 911,2026
JUNIN,TARMA,TARMA,ORA DE APOYO FELIX MAYORCA SOTO,OPERATIVO,08:45 a 16:30,AVENIDA PACHECO Nº 362,2026
JUNIN,JAUJA ,JAUJA ,ORA HOSPITAL DOMINGO OLAVEGOYA,OPERATIVO,08:45 a 16:30,JIRÓN SAN MARTÍN Nº 1153 URB. OLAVEGOYA ,2026
JUNIN,SATIPO,SATIPO,ORA DE APOYO MANUEL HIGA ARAKAKI,OPERATIVO,08:45 a 16:30,CALLE DANIEL ALCIDES CARRIÓN Nº 398,2026
JUNIN,CHANCHAMAYO ,PICHANAQUI,ORA HOSPITAL DE APOYO PICHANAQUI,OPERATIVO,08:45 a 16:30,AVENIDA SAN MARTÍN S/N PICHANAKI,2026
JUNIN,HUANCAYO,HUANCAYO,ORA LA LIBERTAD,OPERATIVO,08:45 a 16:30,AV. ALAMEDA S/N. COOP. SANTA ISABEL ,2026
JUNIN,CHANCHAMAYO,LA MERCED,ORA HOSPITAL REGIONAL DOCENTE DE MEDICINA TROPICAL DR. JULIO DEMARINI CARO,OPERATIVO,08:45 a 16:30,AVENIDA DANIEL A. CARRION S/N AV. PAMPA DEL CARMEN S/N,2026
JUNIN,HUANCAYO,EL TAMBO,ORA HOSPITAL NACIONAL RAMIRO PRIALE,OPERATIVO,08:45 a 16:30,AVENIDA INDEPENDENCIA Nº 266,2026
JUNIN,SATIPO,PANGOA,ORA HOSPITAL DE PANGOA,OPERATIVO,08:45 a 16:30,AVENIDA PANGOA S/N,2026
JUNIN,HUANCAYO,CHILCA,ORA CHILCA,OPERATIVO,08:45 a 16:30,JIRÓN HUMBOLT Nº 900,2026
JUNIN,HUANCAYO,HUANCAYO,MAC - JUNIN,OPERATIVO,08:30 a 16:30,AVENIDA FERROCARRIL N° 146 - 150 - CENTRO COMERCIAL MALL PLAZA,2026
JUNIN,HUANCAYO,EL TAMBO,AGENTE RENIEC - OR HUANCAYO,OPERATIVO,08:45 a 16:45,AVENIDA MARISCAL CASTILLA Nº 1801,2026
AYACUCHO,HUAMANGA,AYACUCHO,"ORA HOSPITAL REGIONAL DE AYACUCHO ""MIGUEL ANGEL MARISCAL LLERENA"" (MINSA)",OPERATIVO,08:45 a 16:45,Jirón Daniel Alcides Carrión S/N - 2da cuadra.,2026
AYACUCHO,LA MAR,AYNA,PAP AYNA -SAN FRANCISCO,OPERATIVO,08:45 a 16:45,Avenida 28 de Julio S/N San Francisco,2026
AYACUCHO,HUAMANGA,AYACUCHO,OR HUAMANGA,OPERATIVO,08:45 a 16:45,"Jirón San Martin Nº 473, 475, 477 y 477A",2026
AYACUCHO,CANGALLO,CANGALLO,PAP CANGALLO,OPERATIVO,08:45 a 16:45,Jirón Maria Parado de Bellido Nº 205,2026
AYACUCHO,HUANTA,HUANTA,AG HUANTA,OPERATIVO,08:45 a 16:45,Jirón Ayacucho N° 305,2026
AYACUCHO,LA MAR,SAN MIGUEL,PAP LA MAR,OPERATIVO,08:45 a 16:45,Jirón Maria Parado de Bellido S/N ,2026
AYACUCHO,VICTOR FAJARDO,HUANCAPI,PAP VICTOR FAJARDO,OPERATIVO,08:45 a 16:45, Plaza Principal Nº 127,2026
AYACUCHO,HUANCA SANCOS,SANCOS,PAP HUANCASANCOS,OPERATIVO,08:45 a 16:45,Avenida Progreso S/N Consejo Provincial de Huanca Sancos,2026
AYACUCHO,VILCAS HUAMAN,VILCAS HUAMAN,PAP VILCASHUAMAN,OPERATIVO,08:45 a 16:45,Avenida Los Incas Nº 222,2026
AYACUCHO,SUCRE,QUEROBAMBA,PAP SUCRE,OPERATIVO,08:45 a 16:45,Jirón San Martin S/N  Plaza de Armas Consejo Provincial de Sucre,2026
AYACUCHO,HUANTA,HUANTA,"ORA HOSPITAL DE APOYO HUANTA ""DANIEL ALCIDES CARRION"" (MINSA)",OPERATIVO,08:45 a 16:45,Avenida Mariscal Castilla Nº 628,2026
AYACUCHO,LA MAR,SAN MIGUEL,ORA SAN MIGUEL (MINSA),DESPLAZAMIENTO,08:45 a 16:45,Avenida Ramon Castilla s/n,2026
AYACUCHO,CANGALLO,CANGALLO,ORA HOSPITAL DE APOYO CANGALLO (MINSA),OPERATIVO,08:45 a 16:45,Jirón Santa Rosa N° 110,2026
CUSCO,LA CONVENCION,PICHARI,PAP PICHARI,OPERATIVO,08:45 a 16:45,Avenida BRASIL S/N,2026
APURIMAC,CHINCHEROS,CHINCHEROS,PAP CHINCHEROS,OPERATIVO,08:45 a 16:45,Jirón COTABAMBAS N° 121,2026
AYACUCHO,LA MAR,SAMUGARI,PAP SAMUGARI -PALMAPAMPA,OPERATIVO,08:45 a 16:45,Jirón Los Laureles S/N – Palmapampa Distrital de Samugari,2026
AYACUCHO,LA MAR,TAMBO,ORA TAMBO (MINSA),OPERATIVO,08:45 a 16:45,Jirón Lima s/n,2026
AYACUCHO,HUAMANGA,JESUS NAZARENO,ORA HOSPITAL DE APOYO JESUS NAZARENO (MINSA),OPERATIVO,08:45 a 16:45,Jirón Ciro Alegría Nº 547,2026
APURIMAC,ANDAHUAYLAS,TALAVERA,OR ANDAHUAYLAS,OPERATIVO,08:45 a 16:45,Jirón Amauta N° 311,2026
APURIMAC,CHINCHEROS,ANCCO HUALLO,ORA  CENTRO DE SALUD URIPA  (MINSA),OPERATIVO,08:45 a 16:45,Avenida  Túpac Amaru S/N – URIPA,2026
APURIMAC,ANDAHUAYLAS,ANDAHUAYLAS,ORA HOSPITAL REGIONAL DOCENTE  HUGO PESCE PESCETTO ANDAHUAYLAS (MINSA),OPERATIVO,08:45 a 16:45,Avenida Hugo Pesce Pesceto S/N,2026
AYACUCHO,HUANTA,SIVIA,ORA HOSPITAL DE APOYO DE SIVIA (MINSA),DESPLAZAMIENTO,08:45 a 16:45,Jirón Gervacio Santillana S/N,2026
CUSCO,LA CONVENCION,KIMBIRI,ORA CENTRO DE SALUD SAN JUAN DE KIMBIRI (MINSA),DESPLAZAMIENTO,08:45 a 16:45,Avenida Aeropuerto S/N,2026
CUSCO,LA CONVENCION,PICHARI,ORA HOSPITAL DE APOYO PICHARI (MINSA),OPERATIVO,08:45 a 16:45,Jirón Amazonas s/n,2026
APURIMAC,CHINCHEROS,CHINCHEROS,ORA HOSPITAL DE APOYO CHINCHEROS (MINSA),OPERATIVO,08:45 a 16:45,Avenida Fernando Belaunde Terry S/N,2026
AYACUCHO,CANGALLO,LOS MOROCHUCOS,ORA PAMPA CANGALLO (MINSA),OPERATIVO,08:45 a 16:45,Avenida María Arguedas S/N,2026
AYACUCHO,HUAMANGA,SAN JUAN BAUTISTA,ORA SAN JUAN BAUTISTA,DESPLAZAMIENTO,08:45 a 16:45,AV. MALVINAS S/N,2026
AYACUCHO,LA MAR,AYNA,ORA HOSPITAL DE APOYO AYNA SAN FRANCISCO,DESPLAZAMIENTO,08:45 a 16:45,AV. HUANTA S/N,2026
AYACUCHO,HUAMANGA,AYACUCHO,MAC AYACUCHO,OPERATIVO,08:30 a 16:30,AV. JAVIER PEREZ DE CUELLAR S/N,2026
AREQUIPA,AREQUIPA,AREQUIPA,ORA HOSPITAL REGIONAL HONORIO DELGADO ESPINOZA (MINSA),OPERATIVO,08:45 a 16:30,Avenida Daniel Alcides Carrión N° 505,2026
TACNA,TACNA,TACNA,ORA TACNA (MINSA),OPERATIVO,08:45 a 16:30,Calle Blondel S/N,2026
AREQUIPA,AREQUIPA,AREQUIPA,OR AREQUIPA,OPERATIVO,08:45 a 16:30,Calle San Juan de Dios N° 122 y Santo Domingo N° 101,2026
AREQUIPA,CAYLLOMA,CHIVAY,PAP CAYLLOMA,OPERATIVO,08:45 a 16:30,Calle Siglo XX S/N,2026
AREQUIPA,CAMANA,CAMANA,AG CAMANA,OPERATIVO,08:45 a 16:45,Avenida Mariscal Castilla N° 221,2026
AREQUIPA,CARAVELI,CARAVELÍ,PAP CARAVELI,DESPLAZAMIENTO,08:45 a 16:45,Jirón Bolivar S/N,2026
AREQUIPA,CASTILLA,APLAO,PAP CASTILLA,OPERATIVO,08:45 a 16:45,Calle Progreso S/N,2026
AREQUIPA,CONDESUYOS,CHUQUIBAMBA,PAP CONDESUYOS,OPERATIVO,08:45 a 16:45,Avenida Alameda S/N - Los Tres Errantes,2026
AREQUIPA,ISLAY,MOLLENDO,AG ISLAY,OPERATIVO,08:45 a 16:45,Jiron Arequipa Nº 261 ,2026
AREQUIPA,LA UNION,COTAHUASI,PAP LA UNION,OPERATIVO,08:45 a 16:45,Calle Centenario N° 202 - Cotahuasi,2026
MOQUEGUA,MARISCAL NIETO,MOQUEGUA,ORA HOSPITAL REGIONAL MOQUEGUA (MINSA),OPERATIVO,08:45 a 16:30,Avenida Simón Bolívar N° 505,2026
MOQUEGUA,MARISCAL NIETO,SAN ANTONIO,AG MARISCAL NIETO,OPERATIVO,08:45 a 16:45,Avenida Central Mz D-4 Lt. 1,2026
MOQUEGUA,ILO,ILO,AG ILO,OPERATIVO,08:45 a 16:45,Jirón Ayacucho N° 529,2026
AREQUIPA,CAYLLOMA,MAJES,AG MAJES,OPERATIVO,08:45 a 16:45,Avenida Arequipa S/N - Tienda 06 del Estadio Almirante Miguel Grau - Pedregal,2026
AREQUIPA,AREQUIPA,CAYMA,AG CAYMA,OPERATIVO,08:45 a 16:45,Avenida Ramón Castilla S/N - Estadio La Tomilla,2026
TACNA,TACNA,TACNA,OR TACNA,OPERATIVO,08:45 a 16:45,Calle Deustua Nº 173,2026
AREQUIPA,AREQUIPA,AREQUIPA,ORA HOSPITAL III GOYENECHE (MINSA),OPERATIVO,08:45 a 16:30,Avenida Goyeneche N° 100,2026
AREQUIPA,CAMANA,CAMANA,ORA HOSPITAL DE CAMANA (MINSA),OPERATIVO,08:45 a 16:30,Avenida Lima 550,2026
AREQUIPA,AREQUIPA,PAUCARPATA,MAC - AREQUIPA,OPERATIVO,08:30 a 16:30,Avenida Porongoche N° 500 Paucarpata - Centro Comercial Mall Aventura ,2026
AREQUIPA,CAYLLOMA,MAJES,ORA HOSPITAL CENTRAL DE MAJES- ANGEL GABRIEL CHURA GALLEGOS (MINSA),OPERATIVO,08:45 a 16:30, Asentamiento B1 lote 1 Irrig. Majes,2026
MOQUEGUA,MARISCAL NIETO,MOQUEGUA,MAC - MOQUEGUA,OPERATIVO,08:30 a 16:30,"Avenida Circunvalación 1B Sub lote 1-A, Moquegua",2026
AREQUIPA,AREQUIPA,AREQUIPA,PAP PASEO CENTRAL,OPERATIVO,08:45 a 16:45,Calle Arturo Ibañez S/N,2026
AREQUIPA,AREQUIPA,CERRO COLORADO,C.S. MARITZA CAMPOS DIAZ (MINSA),OPERATIVO,08:45 a 16:30,Calle Yavari S/N,2026
AREQUIPA,AREQUIPA,PAUCARPATA,HOSPITAL EDMUNDO ESCOMEL (ESSALUD),OPERATIVO,08:45 a 16:30,Avenida EL Cayro S/N,2026
AREQUIPA,AREQUIPA,AREQUIPA,HOSPITAL CARLOS ALBERTO SEGUIN ESCOBEDO (ESSALUD),OPERATIVO,08:45 a 16:30,Calle Peral S/N,2026
AREQUIPA,AREQUIPA,YANAHUARA,ORA HOSPITAL III YANAHUARA (ESSALUD),OPERATIVO,08:45 a 16:30,Avenida Zamácola S/N,2026
AREQUIPA,AREQUIPA,AREQUIPA,AGENTE RENIEC - OR AREQUIPA,OPERATIVO,08:45 a 16:45,Calle San Juan de Dios N° 122 y Santo Domingo N° 101,2026
CUSCO,CUSCO,SANTIAGO,ORA ANTONIO LORENA DEL CUSCO (MINSA),OPERATIVO,08:45 a 16:30,Calle Carlos Ugarte S/N Urb. Primavera Cuartel Agustín Gamarra,2026
CUSCO,CUSCO,WANCHAQ,ORA HOSPITAL NACIONAL ADOLFO GUEVARA VELASCO (ESSALUD),OPERATIVO,08:45 a 16:30,Avenida Ancelmo Alvarez S/N,2026
APURIMAC,ABANCAY,ABANCAY,OR ABANCAY,OPERATIVO,08:45 a 16:45,Avenida La Victoria Nº 214,2026
APURIMAC,AYMARAES,CHALHUANCA,PANP AYMARAES,OPERATIVO,08:45 a 16:45, Plaza de Armas S/N (Gobernatura De Chalhuanca),2026
APURIMAC,ANTABAMBA,ANTABAMBA,PANP ANTABAMBA,OPERATIVO,08:45 a 16:45, Plaza de Armas S / N,2026
APURIMAC,COTABAMBAS,TAMBOBAMBA,PAP TAMBOBAMBA,OPERATIVO,08:45 a 16:45,Avenida Perú - Plaza de Armas S/N - 3er Piso,2026
APURIMAC,GRAU,CHUQUIBAMBILLA,PANP GRAU,OPERATIVO,08:45 a 16:45, Plaza de Armas S / N,2026
CUSCO,CUSCO,CUSCO,OR CUSCO,OPERATIVO,08:45 a 16:45,Avenida El Sol N° 272,2026
CUSCO,ACOMAYO,ACOMAYO,PANP ACOMAYO,DESPLAZAMIENTO,08:45 a 16:45, Plaza de Armas S/N,2026
CUSCO,ANTA,ANTA ,PAP ANTA,OPERATIVO,08:45 a 16:45,"Jirón Jaquijahuana  S / N, Izcuchaca",2026
CUSCO,CALCA,CALCA,AG CALCA,OPERATIVO,08:45 a 16:45, Plaza de Armas S/N,2026
CUSCO,CANAS,YANAOCA,PAP CANAS,OPERATIVO,08:45 a 16:45, Plaza de Armas S/N,2026
CUSCO,CANCHIS,SICUANI,AG CANCHIS,OPERATIVO,08:45 a 16:45,Avenida Túpac Amaru N° 163,2026
CUSCO,CHUMBIVILCAS,SANTO TOMAS,PAP CHUMBIVILCAS,OPERATIVO,08:45 a 16:45,Avenida Perú S / N (Ruedo de Toros),2026
CUSCO,ESPINAR,ESPINAR,PAP ESPINAR,OPERATIVO,08:45 a 16:45,Calle Teatro S/N  ,2026
CUSCO,LA CONVENCION,SANTA ANA,AG LA CONVENCION,OPERATIVO,08:45 a 16:45,Avenida Grau Nº 238,2026
CUSCO,PARURO,PARURO,PANP PARURO,DESPLAZAMIENTO,08:45 a 16:45, Plaza de Armas S/N,2026
CUSCO,PAUCARTAMBO,PAUCARTAMBO,PAP PAUCARTAMBO - JR9,OPERATIVO,08:45 a 16:45,Jirón Enrique Yabar S/N,2026
CUSCO,QUISPICANCHI,URCOS,PAP QUISPICANCHI,OPERATIVO,08:45 a 16:45,Jirón Huáscar N° 181,2026
CUSCO,URUBAMBA,URUBAMBA,PAP URUBAMBA,OPERATIVO,08:45 a 16:45,Avenida Conchatupa S/N,2026
MADRE DE DIOS,TAHUAMANU,IBERIA,AG IBERIA,OPERATIVO,08:45 a 16:45,Avenida Máximo Rodríguez N° 124 Plaza de Armas,2026
APURIMAC,ABANCAY,ABANCAY,ORA HOSPITAL REGIONAL GUILLERMO DIAZ DE LA VEGA (MINSA),OPERATIVO,08:45 a 16:30,Avenida Daniel Alcides Carrión S/N,2026
MADRE DE DIOS,TAMBOPATA,TAMBOPATA,OR TAMBOPATA,OPERATIVO,08:45 a 16:45,Jirón Lambayeque N° 159,2026
MADRE DE DIOS,MANU,MANU,PANP MANU,OPERATIVO,08:45 a 16:45,Avenida Esperanza S/N - Local Municipal,2026
CUSCO,ACOMAYO,POMACANCHI,AG POMACANCHI,DESPLAZAMIENTO,08:45 a 16:45, Plaza de Armas S/N,2026
CUSCO,CUSCO,CUSCO,ORA HOSPITAL DE APOYO DEPARTAMENTAL CUSCO (MINSA),OPERATIVO,08:45 a 16:30,Avenida La Cultura S/N,2026
CUSCO,CANCHIS,SICUANI,ORA SICUANI (MINSA),OPERATIVO,08:45 a 16:30,Avenida Manuel Callo Zevallos N° 519 - Hospital MINSA Sicuani,2026
MADRE DE DIOS,TAMBOPATA,TAMBOPATA,ORA SANTA ROSA (MINSA),OPERATIVO,08:45 a 16:30,Jirón Cajamarca N° 171,2026
CUSCO,LA CONVENCION,SANTA ANA,ORA QUILLABAMBA (MINSA),OPERATIVO,08:45 a 16:30,Avenida General Gamarra S/N - Hospital Quillabamba,2026
CUSCO,ESPINAR,ESPINAR,ORA ESPINAR (MINSA),OPERATIVO,08:45 a 16:30,Calle Domingo Huarca Cruz S/N Barrio Túpac Amaru  - Hospital Espinar,2026
MADRE DE DIOS,TAHUAMANU,IBERIA,ORA SAN MARTIN DE PORRES DE IBERIA (MINSA),OPERATIVO,08:45 a 16:30,Calle Mocopata S/N,2026
APURIMAC,COTABAMBAS,TAMBOBAMBA,ORA TAMBOBAMBA (MINSA),DESPLAZAMIENTO,08:45 a 16:30, Hospital Tambobamba,2026
APURIMAC,COTABAMBAS,HAQUIRA,PAP HAQUIRA,OPERATIVO,08:45 a 16:45, Plaza de armas S/N-Haquira,2026
CUSCO,CHUMBIVILCAS,SANTO TOMAS,ORA SANTO TOMAS (MINSA),DESPLAZAMIENTO,08:45 a 16:30,Calle  Andres Avelino Caceres - Hospital Santo Tomas  ,2026
CUSCO,CHUMBIVILCAS,VELILLE,PANP VELILLE,OPERATIVO,08:45 a 16:45, Plaza de Armas - Municipalidad Distrital Velille,2026
CUSCO,CALCA,YANATILE,PANP YANATILE,OPERATIVO,08:45 a 16:45, Plaza de Armas - Municipalidad Distrital Yanatile,2026
APURIMAC,ABANCAY,CURAHUASI,PANP CURAHUASI,OPERATIVO,08:45 a 16:45, Coliseo Cerrado - Municipalidad de Curahuasi,2026
CUSCO,CUSCO,SANTIAGO,AGENCIA SANTIAGO,OPERATIVO,08:45 a 16:45,Calle Giraldo Ruiz Caro S/N,2026
CUSCO,CUSCO,WANCHAQ,MAC - CUSCO,OPERATIVO,08:30 a 16:30,Avenida Collasuyo 2964 - Real Plaza Cusco,2026
MADRE DE DIOS,TAMBOPATA,INAMBARI,AG INAMBARI,DESPLAZAMIENTO,08:45 a 16:45, Plaza de Armas - Municipalidad Provincial de Inambari,2026
CUSCO,CUSCO,CUSCO,AGENTE RENIEC - OR CUSCO,OPERATIVO,08:45 a 16:45,Avenida El Sol N° 272,2026
CUSCO,CUSCO,SANTIAGO,ORA BELEMPAMPA (MINSA),DESPLAZAMIENTO,08:45 a 13:00,Plazoleta Belen S/N,2026
LIMA,LIMA ,JESUS MARIA,ORA HOSPITAL NACIONAL EDGARDO REBAGLIATI MARTINS (ESSALUD),OPERATIVO,08:45 a 16:30,Avenida SALAVERRY CDRA. 13 - PUERTA 6,2026
CALLAO,CALLAO,BELLAVISTA,ORA NAC. DANIEL A. CARRIÓN (MINSA),OPERATIVO,08:45 a 16:30,Avenida Guardia Chalaca Nº 2176 - Bellavista,2026
LIMA,LIMA,SAN JUAN DE LURIGANCHO,ORA HOSPITAL SAN JUAN DE LURIGANCHO (MINSA),OPERATIVO,08:45 a 16:30,Avenida Canto Grande S/N - Altura del paradero 10,2026
LIMA,LIMA,EL AGUSTINO,ORA HOSPITAL NACIONAL HIPOLITO UNANUE (MINSA),OPERATIVO,08:45 a 16:30,Avenida Cesar Vallejo Nº 1390 ,2026
LIMA,LIMA,LIMA,ORA INSTITUTO NACIONAL MATERNO PERINATAL (MINSA),OPERATIVO,08:45 a 16:30,Jirón Miroquesada Nº 941 - Lima,2026
CALLAO,CALLAO,VENTANILLA,OR VENTANILLA,OPERATIVO,08:45 a 16:45,Avenida Pachacutec N° 225 - Sector B - Grupo Residencial B1 - Mz. F1 ,2026
LIMA,LIMA,SAN BORJA,OR SAN BORJA,OPERATIVO,08:45 a 16:45,Avenida San Luis N° 1673 Urb. Jacaranda II,2026
LIMA,LIMA,LIMA,OR QUILCA,OPERATIVO,08:45 a 16:45,Jirón Quilca Nº 501 y 525 ,2026
LIMA,LIMA,LIMA,OR ANCASH,OPERATIVO,08:45 a 16:45,Jirón Ancash Nº 336-340 y 344 (Frente a la Plazuela San Francisco) - Lima,2026
LIMA,LIMA,VILLA MARÍA DEL TRIUNFO,ORA CMI DANIEL ALCIDES CARRION (MINSA),OPERATIVO,08:45 a 16:30,Avenida Pachacutec N° 3470 - Pasando el Terminal Pesquero.,2026
CALLAO,CALLAO,BELLAVISTA,MAC - CALLAO,OPERATIVO,"L - V  08:30 a 18:00 
SAB.8:30 a 13:00",Avenida Oscar R. Benavides N° 3866 - Centro Comercial Mall Aventura Plaza,2026
LIMA,LIMA,LIMA,OR LIMA,OPERATIVO,08:45 a 16:45,Jirón Nicolás de Piérola N 545,2026
LIMA,LIMA,ATE,OR ATE - Complejo Deportivo Ollantaytambo,OPERATIVO,08:45 a 16:45,Av. Alfonso Ugarte s/n  Complejo Deportivo Ollantaytambo,2026
LIMA,LIMA,ATE,OR ATE - Mac Express de Puruchuco,OPERATIVO,"08:45 a 13:00 
 14:00 a 16:45 ",Av. Javier Pardo Este N° 8680  Mac Express - Agencia Municipal Real Plaza de Puruchuco.,2026
LIMA,LIMA,LURIN,OR LURIN,OPERATIVO,08:45 a 16:45,"MZ B, Lote 5 Asociación de Vivienda Familiar Centinela - Lurin",2026
LIMA,LIMA,MIRAFLORES,OR MIRAFLORES,OPERATIVO,08:45 a 16:45,Avenida Ernesto Diez Canseco N° 230,2026
LIMA,LIMA,PUENTE PIEDRA,OR PUENTE PIEDRA,OPERATIVO,08:45 a 16:45,Jirón Ricardo Palma Nº 241,2026
LIMA,LIMA,SAN JUAN DE LURIGANCHO,OR SAN JUAN DE LURIGANCHO,OPERATIVO,08:45 a 16:45,Avenida Las Flores Lote 1 Mz. G Urb. Canto Grande Unidad 7,2026
LIMA,LIMA,SAN JUAN DE MIRAFLORES,OR SAN JUAN DE MIRAFLORES,OPERATIVO,08:45 a 16:45,Avenida Guillermo Billinghurst  N° 767 – 769 Mz. F Lote 18 Urb. SJM Parcela D,2026
LIMA,LIMA,SAN MARTIN DE PORRES,OR SAN MARTIN DE PORRES,OPERATIVO,08:45 a 16:45,Avenida Eduardo de Habich Nº 590 - 592 con Pedro Paulet N° 589,2026
LIMA,CAJATAMBO,CAJATAMBO,AG CAJATAMBO,OPERATIVO,08:45 a 16:45,Jirón Bolognesi S/N - Comisiones de Regantes -Frente plaza de Armas,2026
LIMA,CANTA,CANTA,AG CANTA,OPERATIVO,08:45 a 16:45,Jirón Independencia Nº 308 Municipio (Plaza de Armas),2026
LIMA,CAÑETE,SAN VICENTE DE CAÑETE,AG CAÑETE,OPERATIVO,08:45 a 16:45,Avenida Los Libertadores Mz. D-3 Lote 4 Urbanización Tercer Mundo,2026
LIMA,HUAURA,HUACHO,AG HUACHO,OPERATIVO,08:45 a 16:45,Avenida Grau Nº 295,2026
LIMA,HUAROCHIRI,MATUCANA,AG MATUCANA,OPERATIVO,08:45 a 16:45,Jirón Tacna 626  - Centro Civico,2026
LIMA,YAUYOS,YAUYOS,AG YAUYOS,OPERATIVO,08:45 a 16:45,Plaza Plaza Constitución Nº 110,2026
LIMA,HUARAL,HUARAL,AG HUARAL,OPERATIVO,08:45 a 16:45,Pasaje el Palmo esquina con Calle Huaquilla (DEMUNA HUARAL),2026
LIMA,BARRANCA,BARRANCA,OR BARRANCA,OPERATIVO,08:45 a 16:45,Avenida Independencia N° 674 - 676 - 678,2026
LIMA,OYON,OYON,AG OYON,OPERATIVO,08:45 a 16:45,Jirón Unión 216,2026
LIMA,LIMA,LURIGANCHO,OR CHOSICA,OPERATIVO,08:45 a 16:45,Jirón Chucuito Nº 248 ,2026
LIMA,LIMA,JESUS MARIA,OR JESUS MARIA,OPERATIVO,08:45 a 16:45,Jirón Talara N° 130-132-134 y 136 Jesús Maria,2026
LIMA,LIMA,CIENEGUILLA,OR CIENEGUILLA,OPERATIVO,08:45 a 16:45,"Avenida San Martin Lote 15, Zona ""D"" Manzana ""D"" Centro Poblado Tambo Viejo",2026
LIMA,LIMA,SANTA ANITA,OR SANTA ANITA,OPERATIVO,08:45 a 16:45,"Avenida Los Eucaliptos Nº 947, Urbanización Universal",2026
LIMA,LIMA,INDEPENDENCIA,OR INDEPENDENCIA,OPERATIVO,08:45 a 16:45,Calle Los Andes Nº 486 Urb. Industrial Panamericana Norte,2026
CALLAO,CALLAO,VENTANILLA,MAC - VENTANILLA,OPERATIVO,"L - V  08:30 a 18:00 
SAB.8:30 a 13:00",Avenida La Playa S/N altura la Urb. Zona Comercial frente a la Plaza Cívica ,2026
LIMA,LIMA,JESUS MARIA,AG 06 DE AGOSTO,OPERATIVO,08:45 a 16:45,Avenida 06 de Agosto N° 856,2026
LIMA,LIMA,SAN MARTIN DE PORRES,ORA NACIONAL CAYETANO HEREDIA (MINSA),OPERATIVO,08:45 a 16:30,Jirón Honorio Delgado N° 262 - Urb. Ingeniería / Obstetricia,2026
LIMA,HUAURA,HUACHO,ORA HOSPITAL GENERAL DE HUACHO (MINSA),OPERATIVO,08:45 a 16:30,Avenida Jose Arnaldo Arambulo La Rosa N° 251,2026
LIMA,LIMA,VILLA EL SALVADOR,OR VILLA EL SALVADOR,OPERATIVO,08:45 a 16:45,"Av. Pastor Sevilla, Sector 6,Grupo 3A, Mz. B, Lote 24",2026
CALLAO,CALLAO,CALLAO,OR CALLAO,OPERATIVO,08:45 a 16:45,Avenida Dos de Mayo N° 440 - 446,2026
LIMA,LIMA,EL AGUSTINO,MAC - LIMA ESTE,OPERATIVO,"L - V  08:30 a 18:00 
SAB.8:30 a 13:00",Avenida Carretera Central 111 Mall Aventura Santa Anita Nivel 2,2026
CALLAO,CALLAO,CARMEN DE LA LEGUA REYNOSO,ORA HOSPITAL SAN JOSE (MINSA),OPERATIVO,08:45 a 16:30,Jirón Las Magnolias 475 Carmen de la Legua-Reynoso,2026
CALLAO,CALLAO,VENTANILLA,ORA HOSPITAL DE VENTANILLA (MINSA),OPERATIVO,08:45 a 16:30,Avenida Pedro Beltran S/N Ventanilla - Hospital de Ventanilla,2026
LIMA,CAÑETE,SAN LUIS,ORA HOSPITAL REZOLA (MINSA),OPERATIVO,08:45 a 16:30,Fundo Don Luis Mz. B Lt. 1 Distrito San Luis - Hosp. Regional Rezola de Cañete,2026
LIMA,BARRANCA,BARRANCA,ORA HOSPITAL DE BARRANCA (MINSA),OPERATIVO,08:45 a 16:30,Avenida Nicolás de Piérola Nº 210 -224,2026
LIMA,HUARAL,HUARAL,ORA HOSPITAL SAN JUAN BAUTISTA HUARAL (MINSA),OPERATIVO,08:45 a 16:30,Calle Tacna Nº 120 Urb. San Juan I,2026
LIMA,LIMA ,COMAS,ORA HOSPITAL NACIONAL SERGIO E. BERNALES (MINSA),OPERATIVO,08:45 a 16:30,"Avenida Túpac Amaru N° 8000, Collique, Comas.",2026
LIMA,LIMA,LIMA,ORA NACIONAL DOS DE MAYO (MINSA),OPERATIVO,08:45 a 16:30,Avenida Parque Historia De La Medicina Peruana S/N Altura Cuadra 13 Av Grau,2026
LIMA,LIMA,ATE ,ORA HOSPITAL DE HUAYCAN (MINSA),OPERATIVO,08:45 a 16:30,Avenida José C.Mariátegui S/N Zona B - A.H.Huaycán S/N Ate Lima Lima,2026
LIMA,LIMA,SAN JUAN DE MIRAFLORES,MAC - LIMA SUR,OPERATIVO,"L - V  08:30 a 18:00 
SAB.8:30 a 13:00",Avenida Circunvalación 1583- San Juan de Miraflores,2026
LIMA,LIMA,COMAS,MAC - LIMA NORTE,OPERATIVO,"L - V  08:30 a 18:00 
SAB.8:30 a 13:00",Avenida Los Angeles N° 602 2do piso - Cc Mall Plaza ,2026
LIMA,LIMA,JESUS MARIA,AGENTE RENIEC - OR JESUS MARIA ( 3.0),OPERATIVO,08:45 a 16:45,Jirón Talara N° 130,2026
LIMA,LIMA,MIRAFLORES,AGENTE RENIEC - OR MIRAFLORES ( 3.0),OPERATIVO,08:45 a 16:45,Avenida Diez Canseco N° 230,2026
LIMA,LIMA,INDEPENDENCIA,AGENTE RENIEC - OR INDEPENDENCIA (3.0),OPERATIVO,08:45 a 16:45,Calle Los Andes Nº 486 Urb. Industrial Panamericana Norte,2026
LIMA,LIMA,SANTA ANITA,ORA HOSP. JORGE VOTO BERNALES (ESSALUD),OPERATIVO,08:45 a 16:30,"Carretera CARRETERA CENTRAL KM. 3,5 - SANTA ANITA",2026
LIMA,LIMA,LIMA,HOSP. NAC DOC MADRE Y NIÑO  SAN BARTOLOME (MINSA),OPERATIVO,08:45 a 16:30,Avenida ALFONSO UGARTE 825 - LIMA,2026
LIMA,LIMA,CHORRILLOS,CMI VIRGEN DEL CARMEN  (MINSA),OPERATIVO PARCIAL,08:45 a 16:30,Avenida LEOPOLDO ARIAS 200 FRENTE AL COLISEO MARISCAL CACERES,2026
LIMA,LIMA,PUENTE PIEDRA,ORA HOSPITAL PUENTE PIEDRA (MINSA),OPERATIVO,08:45 a 16:30,Avenida SAENZ PEÑA S/N KM 30,2026
LIMA,HUARAL,CHANCAY,AG CHANCAY,OPERATIVO,08:45 a 16:45,Avenida 1ro de mayo s/n cdra 03,2026
LIMA,LIMA,PUEBLO LIBRE,ORA HOSPITAL SANTA ROSA,OPERATIVO,08:45 a 16:30,Avenida Bolivar Crda. 8 Pueblo Libre ,2026
LIMA,LIMA,INDEPENDENCIA,ORA  CMI TAHUANTINSUYO BAJO,OPERATIVO,08:45 a 16:30,Avenida Chinchaysullo cdra 4 Independencia,2026
LIMA,LIMA,SURQUILLO,AG. INSTITUTO NACIONAL DE ENFERMEDADES NEOPLASICAS,OPERATIVO,08:45 a 16:45,Av. Angamos Este 2520 - Surquillo (puerta emergencia del INEN),2026
LIMA,LIMA,SAN MARTIN DE PORRES,AGENTE RENIEC - OR SAN MARTIN DE PORRES (3.0),OPERATIVO,08:45 a 16:45,Av. Eduardo de Habich 592,2026
LIMA,LIMA,SAN JUAN DE MIRAFLORES,AGENTE RENIEC - MALL  DEL SUR (3.0),OPERATIVO,08:45 a 16:45,"Av. Los Lirios s/n, altura de  puente Atocongo",2026
LIMA,LIMA,CHORRILLOS,AGENTE RENIEC - PLAZA LIMA SUR (3.0),OPERATIVO,08:45 a 16:45,"Av. Paseo de la Republica s/n, Urb. Matellini",2026
LIMA,LIMA,LIMA,AGENTE RENIEC - OR LIMA (3.0),OPERATIVO,08:45 a 16:45,Av. Nicolas de Pierola 545,2026
LIMA,LIMA,LIMA,AGENTE RENIEC - MAC CALLAO (3.0),OPERATIVO,08:45 a 16:45,Avenida Oscar R. Benavides N° 3866 - Centro Comercial Mall Aventura Plaza,2026
LIMA,BARRANCA,BARRANCA,AGENTE RENIEC - OR BARRANCA (3.0),OPERATIVO,08:45 a 16:45,Av. Prolongacion Independencia 250,2026
LIMA,LIMA,LIMA,ORA HOSPITAL NACIONAL ARZOBISPO LOAYZA,OPERATIVO,08:45 a 16:30,Av. Alfonso Ugarte N° 848,2026
LIMA,LIMA,VILLA EL SALVADOR,ORA HOSPITAL EMERGENCIA VILLA EL SALVADOR,OPERATIVO,08:45 a 16:30,Avenida  Pastor Sevilla cruce Av. 200 millas VES,2026
LIMA,LIMA,SANTIAGO DE SURCO,AGENTE RENIEC - JOCKEY PLAZA ( 3.0),OPERATIVO,08:45 a 16:45,Av. Javier Prado Este 4200 (Centro Financiero del Centro Comercial),2026
LIMA,LIMA,VENTANILLA,AGENTE RENIEC MAC VENTANILLA,OPERATIVO,08:45 a 16:45,"Av. La Playa s/n  Urb. Zona Comercial, frentE A la plaza Civica",2026
LIMA,LIMA,SURQUILLO,AGENTE RENIEC - OPEN PLAZA ( 3.0),OPERATIVO,08:45 a 16:45,Av. Angamos N° 1805 cruce con Av. Tomas Marsano),2026
PUNO,PUNO,PUNO,ORA MANUEL NUÑEZ BUTRON,OPERATIVO,08:45 a 16:45,El Sol N° 1022,2026
PUNO,PUNO,PUNO,ORA HOSPITAL BASE III (PUNO) - RED ASISTENCIAL PUNO,OPERATIVO,08:45 a 16:45,Francisco Cáceres Jara Nº 600,2026
PUNO,SAN ROMAN,JULIACA,ORA CARLOS MONGE MEDRANO,OPERATIVO,08:45 a 16:45,Carretera a Huancane Km 2,2026
PUNO,EL COLLAO ,ILAVE ,ORA ILAVE,DESPLAZAMIENTO,08:45 a 12:00,Atahualpa Nº 825,2026
PUNO,SAN ROMAN,JULIACA,ORA HOSPITAL BASE III JULIACA - ESSALUD - RED ASISTENCIAL JULIACA,OPERATIVO,08:45 a 16:45,José Santos Chocano S/N - La Capilla,2026
PUNO,PUNO,PUNO,OR PUNO,OPERATIVO,08:45 a 16:45,Arequipa N° 1143 - 1145 Barrio Victoria,2026
PUNO,AZANGARO,AZANGARO,PAP AZANGARO,OPERATIVO,08:45 a 16:45,Azangaro N° 160  (Palacio Municipal),2026
PUNO,CARABAYA,MACUSANI,PAP CARABAYA,OPERATIVO,08:45 a 16:45,Raimondi N° 116,2026
PUNO,CHUCUITO,JULI,PAP CHUCUITO,OPERATIVO,08:45 a 16:45,Ilave 235 - Mercado Central Municipio,2026
PUNO,HUANCANE,HUANCANE,PAP HUANCANE,OPERATIVO,08:45 a 16:45,Moquegua N° 104 - Barrio Progreso,2026
PUNO,LAMPA,LAMPA,PAP LAMPA,OPERATIVO,08:45 a 16:45,Alfonso Ugarte N° 343,2026
PUNO,MELGAR,AYAVIRI,PAP MELGAR,OPERATIVO,08:45 a 16:45,Jorge Chavez N°  550,2026
PUNO,SANDIA,SANDIA,PAP SANDIA,OPERATIVO,08:45 a 16:45,Juliaca S/N - Mercado Central Sandia,2026
PUNO,SAN ROMAN,JULIACA,AG SAN ROMAN,OPERATIVO,08:45 a 16:45,Brascesco N° 181 ,2026
PUNO,YUNGUYO,YUNGUYO,PAP YUNGUYO,OPERATIVO,08:45 a 16:45,Grau Nº 240,2026
PUNO,SAN ANTONIO DE PUTINA,PUTINA,PAP PUTINA,OPERATIVO,08:45 a 16:45,Plaza de Armas S/N (Palacio Municipal),2026
PUNO,EL COLLAO,ILAVE,PAP EL COLLAO,OPERATIVO,08:45 a 16:45,Bolognesi S/N - Coliseo Cubierto Ilave Oficina N° 02,2026
PUNO,MOHO,MOHO,PAP MOHO,DESPLAZAMIENTO,08:15 a 16:45,Circunvalación S/N Terminal Terrestre,2026
PUNO,AZANGARO,AZANGARO,ORA CARLOS CORNEJO ROSELLO,OPERATIVO,08:45 a 16:45,Francisco Bolognesi N° 557,2026
PUNO,CHUCUITO,JULI,ORA JULI,OPERATIVO,08:45 a 16:45,Panamericana S/N,2026
PUNO,HUANCANE,HUANCANE,ORA HOSPITAL LUCIO ALDAZABAL PAUCA,OPERATIVO,08:45 a 16:45,Santa Cruz S/N,2026
PUNO,MELGAR,AYAVIRI,ORA SAN JUAN DE DIOS (AYAVIRI),OPERATIVO,08:45 a 16:45,Progreso S/N,2026
PUNO,SAN ROMAN,JULIACA,ORA CENTRO DE SALUD CLAS SANTA ADRIANA,OPERATIVO,08:45 a 16:45,Pachacutec S/N,2026
PUNO,SANDIA,SANDIA,ORA HOSPITAL SANDIA,OPERATIVO,08:45 a 12:00,Arica N° 448,2026
PUNO,SAN ROMAN,SAN MIGUEL,PAP SAN MIGUEL - JR11,OPERATIVO,08:45 a 16:45,Palacio Municipal S/N,2026
PUNO,CHUCUITO,DESAGUADERO,PAP DESAGUADERO,DESPLAZAMIENTO,08:45 a 16:45,28 de Julio N° 305 - Desaguadero,2026
PUNO,PUNO,ACORA,PAP ACORA,OPERATIVO,08:45 a 16:45,Plaza de Armas (Palacio Municipal),2026
PUNO,SAN ROMAN,JULIACA,MAC PUNO,OPERATIVO,08:30 a 16:45,San Martin lote 07,2026
PUNO,CARABAYA,CRUCERO,PAP CRUCERO,OPERATIVO,08:45 a 16:45,Plaza de Armas S/N,2026
ICA,ICA,ICA,ORA REGIONAL DE ICA (MINSA),OPERATIVO,08:45 a 16:30,Avenida Huacachina S/N,2026
AYACUCHO,LUCANAS,PUQUIO,AG LUCANAS,OPERATIVO,08:45 a 16:45,Jirón San Pedro  Nº 216,2026
AYACUCHO,PARINACOCHAS,CORACORA,AG PARINACOCHAS,OPERATIVO,08:45 a 16:45,Jirón Bolognesi N° 419 Plaza de Armas,2026
ICA,ICA,PARCONA,PAP PARCONA,OPERATIVO,08:45 a 16:45,Avenida Jhon F. Kennedy N° 500 con Calle Lima S/N (Costado del Palacio Municipal),2026
ICA,ICA,ICA,OR ICA,OPERATIVO,07:45 a 19:45,Avenida San Martin N° 1366 Mz. M-02 Lt. 035. Urb. San Isidro ,2026
ICA,CHINCHA,CHINCHA ALTA,AG CHINCHA,OPERATIVO,08:45 a 16:45,Calle Los Angeles N° 300,2026
ICA,NASCA,NASCA,AG NASCA,OPERATIVO,08:45 a 16:45,Calle Fermin del Castillo N° 270,2026
ICA,PISCO,PISCO,AG PISCO,OPERATIVO,08:45 a 16:45,Calle San Juan de Dios N° 288,2026
ICA,PALPA,PALPA,AG PALPA,OPERATIVO,08:45 a 16:45,Calle Portal de Escribanos Nº 145,2026
AYACUCHO,LUCANAS,CABANA,PAP CABANA ,DESPLAZAMIENTO,08:45 a 16:45,Jirón Jorge Chavez N° 272 ,2026
AYACUCHO,LUCANAS,PUQUIO,ORA FELIPE HUAMAN POMA DE AYALA (MINSA),OPERATIVO,08:45 a 16:30,Avenida Arnaldo Alvarado S/N ,2026
AYACUCHO,PARINACOCHAS,CORACORA,ORA HOSPITAL DE APOYO DE CORACORA (MINSA),OPERATIVO,08:45 a 16:30,Avenida La Cultura S/N,2026
ICA,ICA,ICA,ORA SANTA MARIA DEL SOCORRO (MINSA),OPERATIVO,08:45 a 16:30,Calle Castrovirreyna N° 759,2026
ICA,PISCO,PISCO,ORA SAN JUAN DE DIOS (MINSA),OPERATIVO,08:45 a 16:30,Avenida Fermín Tanguis S/N (Altura del Fundo Alto de la Luna),2026
ICA,CHINCHA,CHINCHA ALTA,ORA SAN JOSE DE CHINCHA (MINSA),OPERATIVO,08:45 a 16:30,Avenida Abelardo Alva Maurtua Nº 600,2026
AYACUCHO,LUCANAS,LARAMATE,PANP LARAMATE,DESPLAZAMIENTO,08:45 a 16:45,Jirón Ica S/N,2026
ICA,NASCA,NASCA,ORA HOSPITAL DE APOYO DE NASCA (MINSA),OPERATIVO,08:45 a 16:30,Calle Callao S/N - 5ta Cuadra,2026
ICA,ICA,ICA,ORA AUGUSTO HERNANDEZ MENDOZA (ESSALUD),OPERATIVO,08:45 a 16:30,Calle José Matias Manzanilla S/N,2026
ICA,NASCA,MARCONA,PAP MARCONA,OPERATIVO,08:00 a 16:45,Calle Andres Avelino Caceres S/N,2026
ICA,ICA,ICA,MAC - ICA,OPERATIVO,08:30 a 17:00,Avenida Los Maestros S/N C.C. Mega Plaza Segundo Piso,2026
ICA,ICA,ICA,AGENTE RENIEC  - MEGA PLAZA ICA,OPERATIVO,08:45 a 16:45,Avenida Los Maestros S/N C.C. Mega Plaza Segundo Piso,2026
AYACUCHO,PAUCAR DES SARA SARA,PAUZA,PAP PAUCAR DEL SARA SARA,OPERATIVO,08:00 a 16:45,Jirón Miguel de Cervantes N° 455 (Palacio Municipal),2026
UCAYALI,CORONEL PORTILLO,CALLERIA,ORA HOSPITAL REGIONAL DE PUCALLPA (MINSA),OPERATIVO,08:45 a 16:30,Jirón Luis Escavino N° 317,2026
HUANUCO,PUERTO INCA,PUERTO INCA,PAP PUERTO INCA,OPERATIVO,08:45 a 16:45,Jirón Vulcano S/N,2026
UCAYALI,CORONEL PORTILLO,YARINACOCHA,ORA HOSPITAL AMAZÓNICO - YARINACOCHA (MINSA),OPERATIVO,08:45 a 16:30,Jirón Aguaytia N° 605,2026
UCAYALI,PADRE ABAD,PADRE ABAD,ORA AGUAYTÍA,OPERATIVO,08:45 a 16:30,VICTOR PINEDO / PALMERAS Mz. 152A JUNTA VECINAL PAMPAYURAC,2026
LORETO,UCAYALI,CONTAMANA,PAP CONTAMANA,OPERATIVO,08:45 a 16:45,Calle Nuevo Loreto Mz.38C  Lt.5B,2026
UCAYALI,PADRE ABAD,IRAZOLA ,AG IRAZOLA ,OPERATIVO,08:45 a 16:45,Calle Progreso S/N ,2026
UCAYALI,CORONEL PORTILLO,CALLERIA,OR PUCALLPA,OPERATIVO,08:45 a 16:45,"Jirón 09 de Diciembre N° 378 y Tacna Nº 891 Mz. 07 Lt. Acumulado 1-B, independiente.",2026
UCAYALI,PADRE ABAD,PADRE ABAD,PAP PADRE ABAD,OPERATIVO,08:45 a 16:45,Avenida Grau Nº 214,2026
UCAYALI,ATALAYA,RAIMONDI,PAP ATALAYA,OPERATIVO,08:45 a 16:45,Jirón Rioja Nº 659,2026
UCAYALI,PURUS,PURUS,PAP PURUS,OPERATIVO,08:45 a 16:45,Avenida Purus S/N,2026
UCAYALI,ATALAYA,TAHUANIA,PAP TAHUANIA,OPERATIVO,08:45 a 16:45,Jirón 7 de Junio  S/N,2026
UCAYALI,CORONEL PORTILLO,YARINACOCHA,MAC - UCAYALI,OPERATIVO,08:30 a 16:30,Avenida Centenario 1642 (2do piso) Centro Comercial Real Plaza,2026
HUANCAVELICA,HUANCAVELICA,IZCUCHACA,PAP IZCUCHACA,OPERATIVO,08:45 a 16:45,Avenida Ferrocarril  S/N ,2026
HUANCAVELICA,ACOBAMBA,PAUCARA,PAP PAUCARA,OPERATIVO,08:45 a 16:45, Plaza Mayor S/N,2026
HUANCAVELICA,HUANCAVELICA,HUANCAVELICA,ORA HOSPITAL REGIONAL ZACARIAS CORREA VALDIVIA (MINSA),OPERATIVO,08:45 a 16:30,Avenida Andrés Avelino Cáceres S/N - Barrio Yananaco,2026
HUANCAVELICA,HUANCAVELICA,HUANDO,ORA HUANDO (MINSA),OPERATIVO,08:45 a 16:30,Calle Cementerio s/n,2026
HUANCAVELICA,HUANCAVELICA,ASCENSIÓN,ORA HOSPITAL II HUANCAVELICA (ESSALUD),OPERATIVO,08:45 a 16:30,Avenida Teresa de Jurnet S/N,2026
HUANCAVELICA,HUANCAVELICA,HUANCAVELICA,OR HUANCAVELICA,OPERATIVO,08:45 a 16:45,"Avenida San Cristóbal Nº 384, 386 y 388",2026
HUANCAVELICA,ACOBAMBA,ACOBAMBA,OR ACOBAMBA,OPERATIVO,08:45 a 16:45,Jirón Dos De Mayo N° 459,2026
HUANCAVELICA,ANGARAES,LIRCAY,OR ANGARAES,OPERATIVO,08:45 a 16:45,Avenida Centenario S/N - Barrio de Pueblo Nuevo - Dentro del Centro Civico,2026
HUANCAVELICA,CASTROVIRREYNA,CASTROVIRREYNA,OR CASTROVIRREYNA,OPERATIVO,08:45 a 16:45,Avenida Los Libertadores S/N,2026
HUANCAVELICA,TAYACAJA,PAMPAS,OR TAYACAJA,OPERATIVO,08:45 a 16:45,Jirón Manco Capac S/N con Jirón Alfonso Ugarte Cordova y Necochea - Coliseo Multiuso,2026
HUANCAVELICA,HUAYTARA,HUAYTARA,OR HUAYTARA,OPERATIVO,08:45 a 16:45,Calle 24 de Junio S/N - 2do piso Centro Cívico ,2026
HUANCAVELICA,CHURCAMPA,CHURCAMPA,OR CHURCAMPA,OPERATIVO,08:45 a 16:45,Jirón Real N° 255,2026
HUANCAVELICA,TAYACAJA,PAMPAS,ORA HOSPITAL DE PAMPAS (MINSA),OPERATIVO,08:45 a 16:30,Jirón Bolívar S/N ,2026
HUANCAVELICA,ANGARAES,LIRCAY,ORA LIRCAY (MINSA),DESPLAZAMIENTO,08:45 a 16:30,Avenida Esmeralda S/N,2026
HUANCAVELICA,TAYACAJA,SURCUBAMBA,AG SURCUBAMBA,OPERATIVO,08:45 a 16:45,Calle Alfonso Ugarte S/N,2026
HUANCAVELICA,TAYACAJA,COLCABAMBA,AG COLCABAMBA,OPERATIVO,08:45 a 16:45,Avenida Centenario S/N,2026
HUANCAVELICA,HUANCAVELICA,YAULI,ORA YAULI (MINSA),OPERATIVO,08:45 a 16:30,Avenida Jorge Chávez S/N,2026
HUANCAVELICA,ACOBAMBA,PAUCARA,ORA PAUCARA (MINSA),OPERATIVO,08:45 a 16:30,Calle Lircay s/n,2026
HUANCAVELICA,CHURCAMPA,CHURCAMPA,ORA CHURCAMPA (MINSA),DESPLAZAMIENTO,08:45 a 16:30,Calle Ricardo Palma N° 535 (Instalaciones del Centro de Salud),2026
PASCO,PASCO,YANACANCHA,ORA DR. DANIEL ALCIDES CARRION GARCIA (MINSA),OPERATIVO,08:45 a 16:30,Avenida Los Incas S/N Urb. San Juan,2026
PASCO,OXAPAMPA,PUERTO BERMUDEZ,PAP PUERTO BERMÚDEZ,OPERATIVO,08:45 a 16:45,Avenida Remigio Morales Bermúdez S/N,2026
HUANUCO,HUANUCO,HUANUCO,ORA HOSPITAL REGIONAL HERMILIO VALDIZAN (MINSA),OPERATIVO,08:45 a 16:30,Jirón Hermilio Valdizan Nº 950,2026
PASCO,PASCO,PAUCARTAMBO,PAP PAUCARTAMBO,OPERATIVO,08:45 a 16:45, Plaza 28 de Julio S/N,2026
HUANUCO,HUANUCO,HUANUCO,OR HUANUCO,OPERATIVO,08:45 a 16:45,Jirón 28 de Julio N° 825,2026
HUANUCO,AMBO,AMBO,PAP AMBO,OPERATIVO,08:45 a 16:45,"Jirón 28 de Julio 697, Centro Cívico",2026
HUANUCO,DOS DE MAYO,LA UNION,PAP DOS DE MAYO,OPERATIVO,08:45 a 16:45,Jirón Lourdes N° 221,2026
HUANUCO,HUAMALIES,LLATA,PAP HUAMALIES,OPERATIVO,08:45 a 16:45,Jirón Huánuco N° 242,2026
HUANUCO,MARAÑON,HUACRACHUCO,PAP MARAÑON,OPERATIVO,08:45 a 16:45,Avenida 28 De Julio N° 602 ,2026
HUANUCO,LEONCIO PRADO,RUPA-RUPA,PAP LEONCIO PRADO,OPERATIVO,08:45 a 16:45,Jirón Chiclayo N° 585,2026
HUANUCO,PACHITEA,PANAO,PAP PACHITEA,OPERATIVO,08:45 a 16:45,Jirón Espinar N° 121,2026
HUANUCO,LAURICOCHA,JESÚS,PAP LAURICOCHA,OPERATIVO,08:45 a 16:45,Jirón Cristobal Colon S/N,2026
HUANUCO,YAROWILCA,CHAVINILLO,PAP YAROWILCA,OPERATIVO,08:45 a 16:45,Jirón Virgen de Fátima S/N,2026
PASCO,PASCO,CHAUPIMARCA,ORA HOSPITAL II PASCO (ESSALUD),OPERATIVO,08:45 a 16:30, Barrio La Esperanza - Casa de Piedra,2026
HUANUCO,PACHITEA,PANAO,ORA PANAO (MINSA),OPERATIVO,08:45 a 16:30,Jirón Grau Nº 193,2026
HUANUCO,LEONCIO PRADO,RUPA-RUPA,ORA HOSPITAL TINGO MARIA (MINSA),OPERATIVO,08:45 a 16:30,Av. Ucayali Nº 114 ,2026
HUANUCO,LEONCIO PRADO,JOSÉ CRESPO Y CASTILLO,ORA AUCAYACU (MINSA),OPERATIVO,08:45 a 16:30,Jirón Grau S/N cuadra 4,2026
HUANUCO,HUAMALIES,LLATA,ORA LLATA (MINSA),DESPLAZAMIENTO,08:45 a 16:30,Jr. 28 de Julio Nº 216,2026
HUANUCO,DOS DE MAYO,LA UNION,ORA LA UNION (MINSA),DESPLAZAMIENTO,08:45 a 16:30,Jirón Dos de Mayo N° 185,2026
HUANUCO,LEONCIO PRADO,JOSÉ CRESPO Y CASTILLO,PAP JOSE CRESPO Y CASTILLO,OPERATIVO,08:45 a 16:45,Jirón Maria Parado de Bellido S/N Cuadra 4,2026
HUANUCO,LAURICOCHA,BAÑOS,AG BAÑOS,OPERATIVO PARCIAL,08:45 a 16:45, Plaza de Armas S/N,2026
PASCO,PASCO,YANACANCHA,AG PASCO,OPERATIVO,08:45 a 16:45," Centro Comercial ""Sector Dos de San Juan Pampa Edif. 4 Tienda 3 San Juan-Yanacancha",2026
PASCO,DANIEL ALCIDES CARRION,YANAHUANCA,PAP DANIEL ALCIDES CARRIÓN,OPERATIVO,08:45 a 16:45,Jirón Jorge Chavez S/N Plaza Principal,2026
PASCO,OXAPAMPA,OXAPAMPA,PAP OXAPAMPA,OPERATIVO,08:45 a 16:45,Jirón Huancabamba S/N Mz. 162 Estadio Municipal Oxapampa,2026
SAN MARTIN,TOCACHE,UCHIZA,AG UCHIZA,OPERATIVO,08:45 a 16:45,Avenida Atahualpa N° 920,2026
PASCO,OXAPAMPA,PALCAZÚ,AG PALCAZU,OPERATIVO,08:45 a 16:45,Avenida Juan Santos Atahualpa Mz. U Lt. 01,2026
SAN MARTIN,TOCACHE,TOCACHE,PAP TOCACHE,OPERATIVO,08:45 a 16:45,Jirón San Juan Cdra 7 S/N Centro Cívico,2026
HUANUCO,HUANUCO,CHINCHAO,ORA ACOMAYO (MINSA),OPERATIVO,08:45 a 16:30,Pasaje Iguarizo S/N Mz. 6 Lt. 02,2026
SAN MARTIN,TOCACHE,TOCACHE,ORA HOSPITAL DE TOCACHE (MINSA),OPERATIVO,08:45 a 16:30,Jirón Ricardo Palma N° 550,2026
HUANUCO,HUANUCO,SANTA MARIA DEL VALLE,ORA SANTA MARIA DEL VALLE (MINSA),DESPLAZAMIENTO,08:45 a 16:30,Jirón Libertad  S/N Intersección Carretera Central ,2026
HUANUCO,HUANUCO ,AMARILIS ,ORA CARLOS SHOWING FERRARI (MINSA),OPERATIVO,08:45 a 16:30,Jirón Micaela Bastidas S/N Paucarbamba ,2026
PASCO,OXAPAMPA,OXAPAMPA,ORA HOSPITAL ERNESTO GERMAN GUZMAN GONZALES (MINSA),OPERATIVO,08:45 a 16:30,Jirón Eduardo Loechle S/N - Chontabamba,2026
HUANUCO,HUANUCO,HUANUCO,MAC - HUÁNUCO,OPERATIVO,08:30 a 16:30,"Jirón Independencia N° 1601, Centro Comercial Real Plaza, Primer Piso",2026
HUANUCO,PACHITEA,UMARI,ORA TAMBILLO UMARI (MINSA),DESPLAZAMIENTO,08:45 a 16:30,Carretera Huanuco - Panao Km 37,2026
HUANUCO,YAROWILCA,CHAVINILLO,ORA CHAVINILLO (MINSA),DESPLAZAMIENTO,08:45 a 16:30,Avenida San Juan N° 102,2026
PASCO,OXAPAMPA,CONSTITUCIÓN,AG CONSTITUCION,OPERATIVO,08:45 a 16:45,Avenida Fernando Belaunde S/N 4ta Etapa del Distrito de Constitución,2026
AMAZONAS,CHACHAPOYAS,CHACHAPOYAS,OR CHACHAPOYAS,OPERATIVO,08:45 a 16:45,Jirón Ortiz Arrieta 1135- 1137,2026
AMAZONAS,BAGUA,BAGUA,PAP BAGUA,OPERATIVO,08:45 a 16:45,Jirón Los Cedros Nº 263,2026
AMAZONAS,BONGARA,JAZAN,AG BONGARA,OPERATIVO,08:45 a 16:45,Avenida Marginal  Nº 100 -Pedro Ruíz,2026
AMAZONAS,LUYA ,LUYA ,AG LUYA,OPERATIVO PARCIAL,08:45 a 16:45,Jirón Diego Mori Zuta N° 447,2026
AMAZONAS,RODRIGUEZ DE MENDOZA,SAN NICOLÁS,AG RODRIGUEZ DE MENDOZA,OPERATIVO PARCIAL,08:45 a 16:45,Jr. Blas Valera N° 409,2026
AMAZONAS,CONDORCANQUI,NIEVA,PAP CONDORCANQUI,OPERATIVO,08:45 a 16:45,Calle Gonzalo puerta S/N,2026
AMAZONAS,UTCUBAMBA,BAGUA GRANDE,PAP UTCUBAMBA,OPERATIVO,08:45 a 16:45,Jirón Simón Bolivar N° 545,2026
CAJAMARCA,JAEN,JAEN,OR JAEN,OPERATIVO,08:45 a 16:45,Calle Mariscal Ureta Nº 915,2026
CAJAMARCA,SAN IGNACIO,SAN IGNACIO,PAP SAN IGNACIO,OPERATIVO,08:45 a 16:45,Pasaje Santa Rosa 107 - 109 - cuadra 1,2026
AMAZONAS,BAGUA,IMAZA,OR IMAZA,OPERATIVO ,08:45 a 16:45,Avenida Awajun 751 Centro Poblado Chiriaco,2026
AMAZONAS,CHACHAPOYAS,CHACHAPOYAS,ORA HOSPITAL REGIONAL VIRGEN DE FATIMA (MINSA),OPERATIVO,08:45 a 16:30,Pasaje Daniel Alcides Carrión N° 035,2026
AMAZONAS,BAGUA,BAGUA,ORA HOSPITAL DE APOYO GUSTAVO LANATTA LUJAN (MINSA),OPERATIVO,08:45 a 16:30,Avenida Héroes de Cenepa N°980,2026
CAJAMARCA,JAEN,JAEN,ORA HOSPITAL GENERAL DE JAEN (MINSA),OPERATIVO,08:45 a 16:30,Prolongación Huamantanga s/n,2026
AMAZONAS,BAGUA,IMAZA,ORA CHIRIACO (MINSA),OPERATIVO,08:45 a 16:30,Calle Junin S/N,2026
AMAZONAS,UTCUBAMBA,BAGUA GRANDE,ORA HOSPITAL DE APOYO SANTIAGO APOSTOL DE UTCUBAMBA (MINSA),OPERATIVO,08:45 a 16:30,Jirón San Felipe Santiago N°111,2026
CAJAMARCA,SAN IGNACIO,SAN IGNACIO,ORA SAN IGNACIO (MINSA),OPERATIVO,08:45 a 16:30,"Avenida Abelardo Quiñones S/N, Sector Santiago",2026
AMAZONAS,BONGARA,FLORIDA,ORA POMACOCHAS (MINSA),OPERATIVO ,08:45 a 16:30,Jirón Pomacochas S/N ,2026
AMAZONAS,CONDORCANQUI,NIEVA,ORA SANTA MARIA DE NIEVA (MINSA),OPERATIVO,08:45 a 16:30,Jirón Javier Pérez de Cuellar S/N Mz. N Lt. 03 Asent.Humano Héctor Peas Tsegkuan,2026
AMAZONAS,UTCUBAMBA,LONYA GRANDE,ORA LONYA GRANDE (MINSA),OPERATIVO ,08:45 a 16:30,Jirón Alto Amazonas 340,2026
AMAZONAS,CONDORCANQUI,RIO SANTIAGO,ORA GALILEA (MINSA),OPERATIVO,08:45 a 16:30,Jirón La Amistad S/N,2026
CAJAMARCA,JAEN,PUCARA,PAP PUCARA,OPERATIVO,08:45 a 16:45,Jiron Lindo 548,2026
